query_id,query,n_exact_gt,product_id,product_title,esci_label,type,pred_rank,precision,recall,f1,latency_ms
2,!qscreen fence without holes,10,B0019Y6TTC,Garden Creations JB4710 Extendable Instant Fence,E,TP,1,0.8,0.8,0.8,29619.17
2,!qscreen fence without holes,10,B018JYCD80,"Zippity Outdoor Products ZP19001 No Dig Madison Vinyl Picket Fence, White, 30"" x 56"" (1 Box, 2 Panels), 1 x Pack of 2",E,TP,2,0.8,0.8,0.8,29619.17
2,!qscreen fence without holes,10,B07DHX8YH2,"Zippity Outdoor Products ZP19026 Lightweight Portable Vinyl Picket Fence Kit w/Metal Base(42"" H x 92"" W), White",E,TP,3,0.8,0.8,0.8,29619.17
2,!qscreen fence without holes,10,B07R6P8TK8,"Amgo 4' x 50' Black Fence Privacy Screen Windscreen,with Bindings & Grommets, Heavy Duty for Commercial and Residential, 90% Blockage, Cable Zip Ties Included, (Available for Custom Sizes)",E,TP,4,0.8,0.8,0.8,29619.17
2,!qscreen fence without holes,10,B001OJXVKW,Windscreen4less Heavy Duty Privacy Screen Fence in Color Solid Black 6' x 50' Brass Grommets 150 GSM - Customized,E,TP,5,0.8,0.8,0.8,29619.17
2,!qscreen fence without holes,10,B07MFP4PPQ,"Sunnyglade 6 feet x 50 feet Privacy Screen Fence Heavy Duty Fencing Mesh Shade Net Cover for Wall Garden Yard Backyard (6 ft X 50 ft, Green)",E,TP,6,0.8,0.8,0.8,29619.17
2,!qscreen fence without holes,10,B018JYCBWI,"Zippity Outdoor Products ZP19008 Wilmington Vinyl Privacy Screen, 36"" x 48"" White , 2- Pack",I,FP,7,0.8,0.8,0.8,29619.17
2,!qscreen fence without holes,10,B08NG85RHL,Orgrimmar Green 6’x50’ Fence Privacy Screen Heavy Duty Garden Fence Mesh Shade Net Cover for Outdoor Wall Porch Patio Backyard Balcony,E,TP,8,0.8,0.8,0.8,29619.17
2,!qscreen fence without holes,10,B07TVHBMZS,"DearHouse Artificial Ivy Privacy Fence Screen, 98.4x59in Artificial Hedges Fence and Faux Ivy Vine Leaf Decoration for Outdoor Garden Decor",I,FP,9,0.8,0.8,0.8,29619.17
2,!qscreen fence without holes,10,B07R3TNQDM,"Amgo 6' x 50' Black Fence Privacy Screen Windscreen,with Bindings & Grommets, Heavy Duty for Commercial and Residential, 90% Blockage, Cable Zip Ties Included, (Available for Custom Sizes)",E,TP,10,0.8,0.8,0.8,29619.17
2,!qscreen fence without holes,10,B077Z8Z8D8,"DAP INC 18741 Platinum 16OZ Patch Filler, 16.0 Fl Oz, White",E,FN,,0.8,0.8,0.8,29619.17
2,!qscreen fence without holes,10,B01EYHHO2G,"Zippity Outdoor Products ZP19014 Premium Vinyl Privacy Screen, 48""W x 48""H (Unassembled), White",E,FN,,0.8,0.8,0.8,29619.17
12,#1 black natural hair dye without ammonia or peroxide,22,B07B9Y13C6,Indus Valley Damage Free Permanent Gel Hair Color (Black 1.0),E,TP,1,0.7727,0.7727,0.7727,14546.19
12,#1 black natural hair dye without ammonia or peroxide,22,B0046NEYB8,"SoftSheen-Carson Dark & Natural Hair Color for Men 5 Minutes, Natural Looking Gray Coverage for Up To 6 Weeks, Shampoo-in Permanent Hair Dye, Jet Black, Ammonia Free, Natural Black",E,TP,2,0.7727,0.7727,0.7727,14546.19
12,#1 black natural hair dye without ammonia or peroxide,22,B078WS99YM,"naturcolor Haircolor Hair Dye - Burdock, 4 Fl Oz (4N)",E,TP,3,0.7727,0.7727,0.7727,14546.19
12,#1 black natural hair dye without ammonia or peroxide,22,B07CCDV8TJ,"Herb Speedy PPD Free Hair Dye, Ammonia Free Hair Color Dark Brown Contains Sun Protection Odorless No more Eye and/or Scalp Irritations From Coloring For Sensitive Scalp",E,TP,4,0.7727,0.7727,0.7727,14546.19
12,#1 black natural hair dye without ammonia or peroxide,22,B001E0VWRA,"Naturtint Permanent Hair Color 3N Dark Chestnut Brown (Pack of 6), Ammonia Free, Vegan, Cruelty Free, up to 100% Gray Coverage, Long Lasting Results",E,TP,5,0.7727,0.7727,0.7727,14546.19
12,#1 black natural hair dye without ammonia or peroxide,22,B001E95GKU,"Clairol Nice‘n Easy Perfect 10 Permanent Hair Dye, 2 Black Hair Color, 2 Count",S,FP,6,0.7727,0.7727,0.7727,14546.19
12,#1 black natural hair dye without ammonia or peroxide,22,B07DG84Z8R,"Permanent Hair Color by Revlon, Permanent Hair Dye, Colorsilk with 100% Gray Coverage, Ammonia-Free, Keratin and Amino Acids, 11 Soft Black, 4.4 Oz (Pack of 3)",E,TP,7,0.7727,0.7727,0.7727,14546.19
12,#1 black natural hair dye without ammonia or peroxide,22,B0001TQCSO,"Naturtint Permanent Hair Color 5N Light Chestnut Brown (Pack of 1), Ammonia Free, Vegan, Cruelty Free, up to 100% Gray Coverage, Long Lasting Results",S,FP,8,0.7727,0.7727,0.7727,14546.19
12,#1 black natural hair dye without ammonia or peroxide,22,B0798QYSCW,Nisha Natural Henna Based Hair Color (Natural Black) 10GM Pack of 10,E,TP,9,0.7727,0.7727,0.7727,14546.19
12,#1 black natural hair dye without ammonia or peroxide,22,B001E5ED30,"Clairol Natural Instincts Semi-Permanent Hair Dye for Men, M19 Black Hair Color, 3 Count",E,TP,10,0.7727,0.7727,0.7727,14546.19
12,#1 black natural hair dye without ammonia or peroxide,22,B000H5HY7A,"Herbatint Permanent Haircolor Gel, 5N Light Chestnut (5N) 4.56 Fl Oz",E,TP,11,0.7727,0.7727,0.7727,14546.19
12,#1 black natural hair dye without ammonia or peroxide,22,B07C4QR12V,"Herb Speedy PPD Free Hair Dye, Ammonia Free Hair Color Natural Black Contains Sun Protection Odorless No more Eye and/or Scalp Irritations From Coloring For Sensitive Scalp",E,TP,12,0.7727,0.7727,0.7727,14546.19
12,#1 black natural hair dye without ammonia or peroxide,22,B003CJJD22,"Naturcolor Haircolor Hair Dye - Sagebrush Brown, 4 Fl Oz (6N)",E,TP,13,0.7727,0.7727,0.7727,14546.19
12,#1 black natural hair dye without ammonia or peroxide,22,B00BP8OQ4W,"Garnier Olia Ammonia-Free Brilliant Color Oil-Rich Permanent Hair Color, 6.0 Light Brown (Pack of 1) Brown Hair Dye (Packaging May Vary)",S,FP,14,0.7727,0.7727,0.7727,14546.19
12,#1 black natural hair dye without ammonia or peroxide,22,B078WSD1NW,"naturcolor Haircolor Hair Dye - Light Burdock, 4 Ounce (5N)",E,TP,15,0.7727,0.7727,0.7727,14546.19
12,#1 black natural hair dye without ammonia or peroxide,22,B00014HDT6,"Herbal Care Herbatint Permanent Haircolor Gel Ounce, Chestnut, 4.56 Fl Oz",S,FP,16,0.7727,0.7727,0.7727,14546.19
12,#1 black natural hair dye without ammonia or peroxide,22,B01LTHLDAS,"REVLON Colorsilk Beautiful Color Permanent Hair Color with 3D Gel Technology & Keratin, 100% Gray Coverage Hair Dye, 12 Natural Blue Black",E,TP,17,0.7727,0.7727,0.7727,14546.19
12,#1 black natural hair dye without ammonia or peroxide,22,B07L1PCSXT,"Clairol Natural Instincts Semi-Permanent Hair Dye, 2 Black Hair Color, 3 Count",E,TP,18,0.7727,0.7727,0.7727,14546.19
12,#1 black natural hair dye without ammonia or peroxide,22,B07YDZQDK1,"Revlon Total Color Permanent Hair Color, Clean and Vegan, 100% Gray Coverage Hair Dye, 30 Darkest Brown, 3.5 oz",S,FP,19,0.7727,0.7727,0.7727,14546.19
12,#1 black natural hair dye without ammonia or peroxide,22,B000GWJ43G,"Herbatint Permanent Haircolor Gel, 1N Black, 4.56 Ounce",E,TP,20,0.7727,0.7727,0.7727,14546.19
12,#1 black natural hair dye without ammonia or peroxide,22,B0856TD2Z2,"Herb Speedy PPD Free Hair Dye, Ammonia Free Hair Color Soft Black Contains Sun Protection Odorless No more Eye and/or Scalp Irritations From Coloring For Sensitive Scalp",E,TP,21,0.7727,0.7727,0.7727,14546.19
12,#1 black natural hair dye without ammonia or peroxide,22,B016R952BO,"ONC NATURALCOLORS (1N Black) 4 fl. oz. (120 mL) Healthier Permanent Hair Dye with Certified Organic Ingredients, Ammonia Free, Vegan Friendly, 100% Gray Coverage",E,TP,22,0.7727,0.7727,0.7727,14546.19
12,#1 black natural hair dye without ammonia or peroxide,22,B00F2LGCRC,"Wella Color Charm Demi Permanent Hair Color3N Dark Natural Brown, 2 Ounce (Pack of 1)",E,FN,,0.7727,0.7727,0.7727,14546.19
12,#1 black natural hair dye without ammonia or peroxide,22,B01I000RA4,Zenia Pure Natural Henna Powder Hair Dye Color 100 grams (3.5oz),E,FN,,0.7727,0.7727,0.7727,14546.19
12,#1 black natural hair dye without ammonia or peroxide,22,B0086XL9DK,"Hair Color For All by Discovery Naturals | Natural Hair Dye For Men & Women I 100% Natural & Chemical-Free Pure Hair & Beard Color, Midnight Natural Black",E,FN,,0.7727,0.7727,0.7727,14546.19
12,#1 black natural hair dye without ammonia or peroxide,22,B07SBTDXV4,"Clairol Professional Beautiful Advanced Gray Solutions 1a Midnight Black, 3 oz",E,FN,,0.7727,0.7727,0.7727,14546.19
12,#1 black natural hair dye without ammonia or peroxide,22,B07D9P7S14,"L'Oreal Paris Excellence Creme Permanent Hair Color, 3 Natural Black, 100 percent Gray Coverage Hair Dye, Pack of 2",E,FN,,0.7727,0.7727,0.7727,14546.19
13,#1 rated resveratrol supplement without tea leaves,33,B07NLMLB84,Resveratrol 1400mg 120 Capsules High Potency Trans-Resveratrol with Powerful Antioxidents Acai Grapeseed Green Tea Supports Cellular and Cardiovascular Health Anti-Aging,E,TP,1,0.8788,0.8788,0.8788,14251.7
13,#1 rated resveratrol supplement without tea leaves,33,B0015ZUSBA,Jarrow Formulas Resveratrol 100 mg - 60 Veggie Caps - Resveratrol + Vitamin C - Antioxidant & Cardiovascular Support - 60 Servings,E,TP,2,0.8788,0.8788,0.8788,14251.7
13,#1 rated resveratrol supplement without tea leaves,33,B08V1FLW6B,"NMN + Trans-Resveratrol 99% Purity+ Black Pepper 1100mg, for Max Absorption, Powerful Antioxidant & Anti-Aging Supplements for Heart, Immune & Skin Health (60 Capsules (Pack of 1))",E,TP,3,0.8788,0.8788,0.8788,14251.7
13,#1 rated resveratrol supplement without tea leaves,33,B083F5WC2P,ProHealth Longevity 1000 mg Trans Resveratrol Plus 420 mg Certified Organic Polyphenol Complex That Improves Absorption up to 1544%,E,TP,4,0.8788,0.8788,0.8788,14251.7
13,#1 rated resveratrol supplement without tea leaves,33,B00820C5CQ,ResVitale Resveratrol - Bordeaux Berry 30 Chews,E,TP,5,0.8788,0.8788,0.8788,14251.7
13,#1 rated resveratrol supplement without tea leaves,33,B07DQZSZGK,"Amazon Brand - Revly Trans-Resveratrol, 250 mg, 60 Capsules, 2 Month Supply, Vegan",E,TP,6,0.8788,0.8788,0.8788,14251.7
13,#1 rated resveratrol supplement without tea leaves,33,B08GYJD3D3,"NAOMI Organic Trans Resveratrol Supplement 250mg with Quercetin, Anti Aging Supplement for Cardiovascular Health, Anti Inflammatory and Brain Booster Supplement, 60 Veggie Capsules",E,TP,7,0.8788,0.8788,0.8788,14251.7
13,#1 rated resveratrol supplement without tea leaves,33,B08WYPXKLD,Resveratrol and NMN 1500mg Blend - Ultra High Purity and 3rd Party Tested - with Trimethylglycine for Important Methylation Factors - Optimal NMN Supplement and NAD Supplement - 90 Capsules,E,TP,8,0.8788,0.8788,0.8788,14251.7
13,#1 rated resveratrol supplement without tea leaves,33,B07Y8XPLK1,"Resveratrol Supplement 1200 mg Antioxidant Complex - Highly Potent Natural Trans-Resveratrol Pills for Anti-Aging, Cardiovascular Support, Immune System and Brain Function, for Men Women, 90 Capsules",E,TP,9,0.8788,0.8788,0.8788,14251.7
13,#1 rated resveratrol supplement without tea leaves,33,B07B1247Q6,"ResVitale Resveratrol 500mg - Anti Aging Skin Care Antioxidants Supplement for Heart Health & Daily Immune Support - Natural Trans Resveratrol Supplement with Grape Extract & Quercetin, 60 Veggie Caps",E,TP,10,0.8788,0.8788,0.8788,14251.7
13,#1 rated resveratrol supplement without tea leaves,33,B003G94KN0,"Resveratrol 500 Complex Red Wine Extract Natural Antioxidant Supplement for Cardiovascular & Immune System Health, 120 Capsules",E,TP,11,0.8788,0.8788,0.8788,14251.7
13,#1 rated resveratrol supplement without tea leaves,33,B01GS6Q300,"Resveratrol Supplement - Extra Strength 1400mg Formula for Healthy Aging, Immune Support & Heart Health - 60 Vegan Capsules with Trans-Resveratrol, Green Tea Leaf, Acai Berry & Grape Seed Extract",I,FP,12,0.8788,0.8788,0.8788,14251.7
13,#1 rated resveratrol supplement without tea leaves,33,B074HDY5SG,Genex Resveratrol 1500mg Per Serving- Max Strength - Antioxidant Supplement Extract | Trans-Resveratrol Works Well with NMN Nicotinamide Mononucleotide Made in a GMP Facility 30-Day Supply,E,TP,13,0.8788,0.8788,0.8788,14251.7
13,#1 rated resveratrol supplement without tea leaves,33,B01E1VJTU0,MAAC10 - Trans Resveratrol 500mg Supplement (Micronized Pharmaceutical Grade 99% Pure Trans-Resveratrol Extract + BioPerine for Superior Absorption) (2X 250mg Capsules 60ct),E,TP,14,0.8788,0.8788,0.8788,14251.7
13,#1 rated resveratrol supplement without tea leaves,33,B002WC8178,"Reserveage, Resveratrol 500 mg, Antioxidant Supplement for Heart and Cellular Health, Supports Healthy Aging, Paleo, Keto, 60 Capsules",E,TP,15,0.8788,0.8788,0.8788,14251.7
13,#1 rated resveratrol supplement without tea leaves,33,B07N95VS9T,"Resveratrol 1600mg per serving of Organic Trans-Resveratrol & Potent Antioxidants, Pure Extra Strength Complex, Anti-Aging, Radiant Skin, Blood Sugar and Immunity Support- 45 Day Supply",E,TP,16,0.8788,0.8788,0.8788,14251.7
13,#1 rated resveratrol supplement without tea leaves,33,B002G75WZI,"NOW Supplements, Natural Resveratrol 200 mg with Red Wine Extract, 120 Veg Capsules",E,TP,17,0.8788,0.8788,0.8788,14251.7
13,#1 rated resveratrol supplement without tea leaves,33,B07CVPPL64,"Life Extension Optimized Resveratrol, 60 Vegetarian Capsules",E,TP,18,0.8788,0.8788,0.8788,14251.7
13,#1 rated resveratrol supplement without tea leaves,33,B08P3SZLXF,"Adora Organics Resveratrol 1600mg - Antioxidents Quercetin Trans-Resveratrol 180 Capsules. Supports Healthy Aging and Promotes Immune, Blood Sugar and Joint Support",E,TP,19,0.8788,0.8788,0.8788,14251.7
13,#1 rated resveratrol supplement without tea leaves,33,B013GVCD6I,"Zhou Resveratrol Supplement | Healthy Aging, Immune System & Heart Health Support | Powerful Antioxidant Benefits | 30 Servings, 60 Veg Caps",E,TP,20,0.8788,0.8788,0.8788,14251.7
13,#1 rated resveratrol supplement without tea leaves,33,B00AQ4JYLG,Puritan's Pride Resveratrol 100 mg / 120 Softgels,E,TP,21,0.8788,0.8788,0.8788,14251.7
13,#1 rated resveratrol supplement without tea leaves,33,B015QGG0GK,"Pure Resveratrol - 2000mg - Strongest, Most Effective Blend on Amazon - 90 Capsules - Order Risk Free",E,TP,22,0.8788,0.8788,0.8788,14251.7
13,#1 rated resveratrol supplement without tea leaves,33,B00LPW9X32,"BRI Nutrition Resveratrol Maximum Strength Veggie Capsules Supplement, 60 Count",I,FP,23,0.8788,0.8788,0.8788,14251.7
13,#1 rated resveratrol supplement without tea leaves,33,B01N3746GJ,"RESVERATROL1450 - 90day Supply, 1450mg per Serving of Potent Antioxidants & Trans-Resveratrol, Promotes Anti-Aging, Cardiovascular Support, Maximum Benefits (1bottle)",C,FP,24,0.8788,0.8788,0.8788,14251.7
13,#1 rated resveratrol supplement without tea leaves,33,B08N2XFKX9,"Optimal Resveratrol Supplement - 1200mg Antioxidants & Trans-Resveratrol - Promotes Anti-Aging, Cardiovascular Support, Radiant Skin, Immune Defense, Enhances Blood Sugar, & Joint Health – 60 CT",E,TP,25,0.8788,0.8788,0.8788,14251.7
13,#1 rated resveratrol supplement without tea leaves,33,B088JTCWCQ,"RESVERATROL (Most Potent) Natural Antioxidant Supplement, Piperine Enhanced. Anti-Aging, Boosts Immune System, Cardiovascular Health, 100% Vegan, 1200mg, Highest Absorption Trans-Resveratrol",E,TP,26,0.8788,0.8788,0.8788,14251.7
13,#1 rated resveratrol supplement without tea leaves,33,B083H3NJDK,Sylan Trans Resveratrol 1000mg 180 Capsules Antioxidant Anti Aging Supplement Supports Heart Health Natural Weight Loss Joint Support Brain Function & Immune System Health Veggie Non-GMO Made in USA,E,TP,27,0.8788,0.8788,0.8788,14251.7
13,#1 rated resveratrol supplement without tea leaves,33,B0812F3JGG,"Trans-Resveratrol Powder with Natural Vitamin E, 5 Ounce, Premium Resveratrol Supplement and Resveratrol Complex, Super Antioxidant for Cardiovascular & Immune System Support, Vegan Friendly",E,TP,28,0.8788,0.8788,0.8788,14251.7
13,#1 rated resveratrol supplement without tea leaves,33,B08WJMN5PP,Resveratrol 1200mg - Premium Resveratrol Supplement - Antioxidants Supplement - Trans Resveratrol - 60 Capsules,E,TP,29,0.8788,0.8788,0.8788,14251.7
13,#1 rated resveratrol supplement without tea leaves,33,B07R634S5D,Ultra High Purity Resveratrol Capsules - 98% Trans-Resveratrol - Highly Purified and Highly Bioavailable - 60 Caps Reservatrol Supplement,E,TP,30,0.8788,0.8788,0.8788,14251.7
13,#1 rated resveratrol supplement without tea leaves,33,B08J1ZDJTY,Genex 99% Trans Resveratrol Capsules 1000mg Serving Pure Micronized Pharmaceutical Grade Trans-Resveratrol Made in a GMP & NSF Certified Facility,E,TP,31,0.8788,0.8788,0.8788,14251.7
13,#1 rated resveratrol supplement without tea leaves,33,B078WZGZ51,Resveratrol & Polyphenol Complex 1450 mg 180 Vegetarian Caps (Non-GMO & Gluten Free) + Vitamin C - Supports Cardiovascular Health and Healthy Immune Function*,S,FP,32,0.8788,0.8788,0.8788,14251.7
13,#1 rated resveratrol supplement without tea leaves,33,B01CG9GCCW,Resveratrol 500mg 180 Capsules - Nutrissence - 90 Servings of 1000mg or 60 Servings of 1500mg,E,TP,33,0.8788,0.8788,0.8788,14251.7
13,#1 rated resveratrol supplement without tea leaves,33,B005JAT50C,"Garden of Life Heart Resveratrol Supplement, Raw Whole Food Antioxidant Formula for Heart Health, 60 Count",E,FN,,0.8788,0.8788,0.8788,14251.7
13,#1 rated resveratrol supplement without tea leaves,33,B08HVQ71X1,"Nutrica Life Trans Resveratrol Supplement 500mg Potent Anti Aging Formula, Powerful Antioxidant for Heart & Cellular Health, Anti-Inflammatory & Brain Booster Supplements with Bioperine, 60 Vegan Caps",E,FN,,0.8788,0.8788,0.8788,14251.7
13,#1 rated resveratrol supplement without tea leaves,33,B01N3LZY3O,"Resveratrol Supplement - Potent 1400mg Formula with Trans Resveratrol, Quercetin, Grape Seed, Green Tea, Acai and Red Wine Extract - 60 Veggie Capsules",E,FN,,0.8788,0.8788,0.8788,14251.7
13,#1 rated resveratrol supplement without tea leaves,33,B01CD3UVAK,"100% Natural Resveratrol - 1000mg Per Serving Max Strength (180 Capsules) Antioxidant Supplement, Trans-Resveratrol Pills for Heart Health & Pure Weight Loss, Trans Resveratrol for Anti-Aging",E,FN,,0.8788,0.8788,0.8788,14251.7
17,#10 envelopes self seal,16,B001MBK5UG,"Staples Easy Close No. 10 Security-Tint Envelopes, 4-1/8 x 9-1/2 inches, Box of 100",E,TP,1,1.0,1.0,1.0,12761.57
17,#10 envelopes self seal,16,B00V5DGIL6,"Amazon Basics #10 Security Tinted Business Envelopes, Moisture Sealed, 4 1/8-Inch x 9 1/2 Inch - Pack of 500",E,TP,2,1.0,1.0,1.0,12761.57
17,#10 envelopes self seal,16,B01D0OANU4,"#10 Security Tinted Self-Seal Envelopes - No Window - EnveGuard, Size 4-1/8 X 9-1/2 Inches - White - 24 LB - 100 Count (34100)",E,TP,3,1.0,1.0,1.0,12761.57
17,#10 envelopes self seal,16,B000N4C1LO,"Mead #10 Envelopes, Press-It Seal-It, White, 50/Box (75024)",E,TP,4,1.0,1.0,1.0,12761.57
17,#10 envelopes self seal,16,B0186D2JGK,"Top Flight PSTF10NWT #10 Envelopes, Strip & Seal, Security Tinted, White Paper, 24 lb, 500 Count",E,TP,5,1.0,1.0,1.0,12761.57
17,#10 envelopes self seal,16,B07R4TGNCF,Mailing Envelopes Self Seal - #10 Security White Letter Businesses Envelopes -100 Peel and Seal Tinted Windowless # 10 Envelope - Printer Friendly - Self Stick Bulk Envelops,E,TP,6,1.0,1.0,1.0,12761.57
17,#10 envelopes self seal,16,B06XDRJ316,"#10 Double Window Envelopes - 550 Per Box - SELF SEAL - Security Envelopes - Designed for Business Statements, QuickBooks Invoices, and Legal Documents - Peel & Seal - 4 1/8"" x 9 1/2"" - 24 LB",E,TP,7,1.0,1.0,1.0,12761.57
17,#10 envelopes self seal,16,B000T9MP5U,"Mead No.10 Envelopes, Security, Press-it Seal-it, 4-1/8"" X 9-1/2"", White, 45 Per Box (75026)",E,TP,8,1.0,1.0,1.0,12761.57
17,#10 envelopes self seal,16,B016V06OYS,"#10 Security Self-Seal Envelopes, Windowless Design, Premium Security Tint Pattern, Ultra Strong Quick-Seal Closure - EnveGuard - Size 4-1/8 x 9-1/2 Inches - White - 24 LB - 500 Count (34010)",E,TP,9,1.0,1.0,1.0,12761.57
17,#10 envelopes self seal,16,B075HBY7DY,"Ohuhu 500#10 Envelopes SELF SEAL Business Envelope Windowless Design, Security Tint Pattern for Secure Mailing, Invoices, Statements & Legal Document, 4-1/8 x 9-1/2 Inches",E,TP,10,1.0,1.0,1.0,12761.57
17,#10 envelopes self seal,16,B07CXXVXLC,"Number 10 White Envelopes, Self-Seal, Security Tinted Envelope, no Moisture Required - Windowless - Ideal for Home, Office Secure Mailing - Quick-Seal Closure - 4-1/8 x 9-1/2 Inches - (100)",E,TP,11,1.0,1.0,1.0,12761.57
17,#10 envelopes self seal,16,B078S5ZL5D,500 Self Seal Security Mailing Envelopes - #10 White Letter Businesses Envelopes -500 Peel and Seal Tinted Windowless # 10 Envelope - Printer Friendly - Self Stick Bulk Envelops,E,TP,12,1.0,1.0,1.0,12761.57
17,#10 envelopes self seal,16,B005JZT1ZG,"Office Depot Clean Seal(TM) Security Envelopes, 10 (4 1/8in. x 9 1/2in.), White, Box of 250, 77148",E,TP,13,1.0,1.0,1.0,12761.57
17,#10 envelopes self seal,16,B07C28VWVN,"Office Deed 500 #10 Self Seal Double Window Security Envelopes-Designed for Business Statements, Quickbooks Invoices, and Return Envelopes 4 1/8 X 9 ½’’",E,TP,14,1.0,1.0,1.0,12761.57
17,#10 envelopes self seal,16,B07FK9PCZB,"Quality Park #10 Self-Seal Security Envelopes, Security Tint and Pattern, Redi-Strip Closure, 24-lb White Wove, 4-1/8"" x 9-1/2"", 100/Box (QUA69117)",E,TP,15,1.0,1.0,1.0,12761.57
17,#10 envelopes self seal,16,B06VVLD2GL,"Amazon Basics #10 Security-Tinted Self-Seal Business Letter Envelopes, Peel & Seal Closure - 500-Pack, White",E,TP,16,1.0,1.0,1.0,12761.57
18,#10 envelopes without security tint,11,B08G14MTVW,"Xxcxpark 120 PCS #10 Self Seal Kraft 4-1/8 x 9-1/2 inches Security Envelopes, Windowless Invisible Envelopes Super Strong Quick Seal Envelopes Security Tint Pattern Secure Mailing",S,FP,1,0.1818,0.1818,0.1818,13725.73
18,#10 envelopes without security tint,11,B08P2FWYKG,"Quality Park #10 Self-Seal Security Envelopes, Security Tint and Pattern, Redi-Strip Closure, 24-lb White Wove, 4-1/8"" x 9-1/2"", 100/Box (QUA69117), 1 Pack",I,FP,2,0.1818,0.1818,0.1818,13725.73
18,#10 envelopes without security tint,11,B07GJCSF8Z,"ValBox 500 Count #10 Security Self-Seal Envelopes Windowless Design Security Tint Pattern for Secure Mailing 4-1/8x9-1/2"" ,White Business Envelopes",S,FP,3,0.1818,0.1818,0.1818,13725.73
18,#10 envelopes without security tint,11,B01D0OANU4,"#10 Security Tinted Self-Seal Envelopes - No Window - EnveGuard, Size 4-1/8 X 9-1/2 Inches - White - 24 LB - 100 Count (34100)",S,FP,4,0.1818,0.1818,0.1818,13725.73
18,#10 envelopes without security tint,11,B01N175R8R,500 No. 10 Self Seal Security Envelopes - 10 Envelopes Self Seal Designed for Secure Mailing - Security Tinted with Printer Friendly Design - Number 10 Size 4 1/8 x 9 ½ Inch - Pack of 500,S,FP,5,0.1818,0.1818,0.1818,13725.73
18,#10 envelopes without security tint,11,B085WJMWC9,"#10 Security Self-Seal Envelopes, No.10 Windowless Bussiness Envelopes, Security Tinted with Printer Friendly Design - Size 4-1/8 x 9-1/2 Inch - White - 24 LB - 500 Count",E,TP,6,0.1818,0.1818,0.1818,13725.73
18,#10 envelopes without security tint,11,B007YX2KB8,"BAZIC Self Seal White Envelope 4 1/8"" x 9 1/2"" #10, No Window Mailing Envelopes, Peel & Seal Mailer for Business Invoice Check (40/Pack), 1-Pack",E,TP,7,0.1818,0.1818,0.1818,13725.73
18,#10 envelopes without security tint,11,B000T9MP5U,"Mead No.10 Envelopes, Security, Press-it Seal-it, 4-1/8"" X 9-1/2"", White, 45 Per Box (75026)",S,FP,8,0.1818,0.1818,0.1818,13725.73
18,#10 envelopes without security tint,11,B078S5ZL5D,500 Self Seal Security Mailing Envelopes - #10 White Letter Businesses Envelopes -500 Peel and Seal Tinted Windowless # 10 Envelope - Printer Friendly - Self Stick Bulk Envelops,I,FP,9,0.1818,0.1818,0.1818,13725.73
18,#10 envelopes without security tint,11,B00V5DGIL6,"Amazon Basics #10 Security Tinted Business Envelopes, Moisture Sealed, 4 1/8-Inch x 9 1/2 Inch - Pack of 500",S,FP,10,0.1818,0.1818,0.1818,13725.73
18,#10 envelopes without security tint,11,B06VVLD2GL,"Amazon Basics #10 Security-Tinted Self-Seal Business Letter Envelopes, Peel & Seal Closure - 500-Pack, White",S,FP,11,0.1818,0.1818,0.1818,13725.73
18,#10 envelopes without security tint,11,B015773LQK,"500#10 Single Left Window SELF Seal Security Envelopes - Super Strong Quick-Seal Self Sealing Closure, Security Tinted, Size 4-1/8 x 9-1/2 Inches, 24 LB - 500 Count (35210)",E,FN,,0.1818,0.1818,0.1818,13725.73
18,#10 envelopes without security tint,11,B01FWMM738,"EnDoc 10x13 Open End Self Seal Envelopes - Bright White 28lb Heavyweight Paper 10 x 13 Inches Envelope for Home, Mailing Documents, Office, Business, Legal or School - 35 Pack",E,FN,,0.1818,0.1818,0.1818,13725.73
18,#10 envelopes without security tint,11,B000DT87J4,"Quality Park Redi-Strip Catalog Envelopes, 10"" x 13"", Brown Kraft, Box of 100",E,FN,,0.1818,0.1818,0.1818,13725.73
18,#10 envelopes without security tint,11,B08NW4LRQC,"Quality Park #10 Self-Seal Security Envelopes, Security Tint and Pattern, Redi-Strip Closure, 24-lb White Wove, 4-1/8"" x 9-1/2"", 100/Box (QUA69117), 1 Pack",E,FN,,0.1818,0.1818,0.1818,13725.73
18,#10 envelopes without security tint,11,B06Y3SQG57,500 No. 10 Security Envelopes - Gummed Flap - Tamper Proof Design - Security Tinted with Printer Friendly Design - Number 10 Size 4 1/8 x 9 ½ Inch - Pack of 500,E,FN,,0.1818,0.1818,0.1818,13725.73
18,#10 envelopes without security tint,11,B07PX9X51C,"ValBox 10x13 Self Seal Catalog Envelopes 150 Packs Large White Envelopes with Peel and Seal Flap for Mailing, Organizing and Storage",E,FN,,0.1818,0.1818,0.1818,13725.73
18,#10 envelopes without security tint,11,B074M9XL6R,"500#10 Security White Envelopes - GUMMED Seal, Windowless Design, Premium Security Tint Pattern for Secure Mailing - Size 4-1/8 x 9-1/2 Inches - White - 24 LB - 500 Count (34020)",E,FN,,0.1818,0.1818,0.1818,13725.73
18,#10 envelopes without security tint,11,B07RP3F2LW,"BAZIC Security Self Seal Envelope 4 1/8"" x 9 1/2"" #10, No Window Tint Pattern Mailing Envelopes, Peel & Seal, Office Checks Invoices (30/Pack), 1-Pack",E,FN,,0.1818,0.1818,0.1818,13725.73
18,#10 envelopes without security tint,11,B07R4TGNCF,Mailing Envelopes Self Seal - #10 Security White Letter Businesses Envelopes -100 Peel and Seal Tinted Windowless # 10 Envelope - Printer Friendly - Self Stick Bulk Envelops,E,FN,,0.1818,0.1818,0.1818,13725.73
19,#10 standard no tint no window not self seal,6,B01D0OANU4,"#10 Security Tinted Self-Seal Envelopes - No Window - EnveGuard, Size 4-1/8 X 9-1/2 Inches - White - 24 LB - 100 Count (34100)",E,TP,1,0.6667,0.6667,0.6667,12535.85
19,#10 standard no tint no window not self seal,6,B06VVLD2GL,"Amazon Basics #10 Security-Tinted Self-Seal Business Letter Envelopes, Peel & Seal Closure - 500-Pack, White",E,TP,2,0.6667,0.6667,0.6667,12535.85
19,#10 standard no tint no window not self seal,6,B01N175R8R,500 No. 10 Self Seal Security Envelopes - 10 Envelopes Self Seal Designed for Secure Mailing - Security Tinted with Printer Friendly Design - Number 10 Size 4 1/8 x 9 ½ Inch - Pack of 500,E,TP,3,0.6667,0.6667,0.6667,12535.85
19,#10 standard no tint no window not self seal,6,B016V06OYS,"#10 Security Self-Seal Envelopes, Windowless Design, Premium Security Tint Pattern, Ultra Strong Quick-Seal Closure - EnveGuard - Size 4-1/8 x 9-1/2 Inches - White - 24 LB - 500 Count (34010)",I,FP,4,0.6667,0.6667,0.6667,12535.85
19,#10 standard no tint no window not self seal,6,B08G14MTVW,"Xxcxpark 120 PCS #10 Self Seal Kraft 4-1/8 x 9-1/2 inches Security Envelopes, Windowless Invisible Envelopes Super Strong Quick Seal Envelopes Security Tint Pattern Secure Mailing",S,FP,5,0.6667,0.6667,0.6667,12535.85
19,#10 standard no tint no window not self seal,6,B078HHGY2L,CheckSimple Personalized #10 Self-Seal Standard Mailing Envelopes - (500 Envelopes) Custom Non-Window,E,TP,6,0.6667,0.6667,0.6667,12535.85
19,#10 standard no tint no window not self seal,6,B07PDNRRMC,"500#8 Double Window Self Seal Security Envelopes - for Business Checks, QuickBooks & Quicken Checks, Size 3 5/8 x 8 11/16 Inches - Checks Fit Perfectly - Not for Invoices, 500 Count(30180)",E,FN,,0.6667,0.6667,0.6667,12535.85
19,#10 standard no tint no window not self seal,6,B08CK95JS3,"ValBox 500 Count #10 Double Window Envelopes 4-1/8x9-1/2"" Self Seal Security Envelopes for QuickBooks Invoices, Business Statements and Legal Documents",E,FN,,0.6667,0.6667,0.6667,12535.85
27,#2 pencils,15,B004X4KRW0,"Dixon No. 2 Yellow Pencils, Wood-Cased, Black Core, #2 HB Soft, 12-Count (14402)",E,TP,1,0.9333,0.9333,0.9333,13854.37
27,#2 pencils,15,B07FV9P5D1,"Wood-Cased #2 HB Pencils, Yellow, Pre-sharpened, 16 Packs of 12-Count, 192 pencils in box by Madisi",E,TP,2,0.9333,0.9333,0.9333,13854.37
27,#2 pencils,15,B001G9G6XY,"TICONDEROGA My First Pencils, Wood-Cased #2 HB Soft, Pre-Sharpened with Eraser, Includes Bonus Sharpener, Yellow, 4-Pack (33309)",E,TP,3,0.9333,0.9333,0.9333,13854.37
27,#2 pencils,15,B006CSPZK4,"Pre-Sharpened Pencil, 2, Yellow Barrel, 30/Pack - DIX13830",E,TP,4,0.9333,0.9333,0.9333,13854.37
27,#2 pencils,15,B00125Q75Y,"TICONDEROGA Pencils, Wood-Cased, Unsharpened, Graphite #2 HB Soft, Yellow, 96-Pack (13872)",E,TP,5,0.9333,0.9333,0.9333,13854.37
27,#2 pencils,15,B07NW9N6W5,"Wood-Cased #2 HB Pencils, Yellow, Pre-sharpened, Class Pack, 576 pencils in box by Madisi",E,TP,6,0.9333,0.9333,0.9333,13854.37
27,#2 pencils,15,B07ZGDX5MT,"Wood-Cased #2 HB Pencils, Yellow, Pre-sharpened, Class Pack, 1000 pencils",E,TP,7,0.9333,0.9333,0.9333,13854.37
27,#2 pencils,15,B071JM699P,"Amazon Basics Woodcased #2 Pencils, Pre-sharpened, HB Lead - Box of 150, Bulk Box",E,TP,8,0.9333,0.9333,0.9333,13854.37
27,#2 pencils,15,B07ZGD1SL3,"Wood-Cased #2 HB Pencils, Yellow, Pre-sharpened, Class Pack, 320 pencils",E,TP,9,0.9333,0.9333,0.9333,13854.37
27,#2 pencils,15,B082CLHSPD,"Rarlan Wood-Cased #2 HB Pencils, Pre-sharpened, 200 Count Classpack",E,TP,10,0.9333,0.9333,0.9333,13854.37
27,#2 pencils,15,B07D34ZQ7J,#2 HB Pencils - Wood Cased Yellow Pencils - Pre-sharpened - Box of 144 by Cezan,E,TP,11,0.9333,0.9333,0.9333,13854.37
27,#2 pencils,15,B00SAI7NRM,Rose Art DDR64 #2 HB Lead USA Gold Standard Yellow Pencils 24 Pack,E,TP,12,0.9333,0.9333,0.9333,13854.37
27,#2 pencils,15,B000JEAAP2,"Ticonderoga Pencils, Wood-Cased Graphite #2 HB Soft, Pre-Sharpened, Yellow, 12 Count (X13806)",E,TP,13,0.9333,0.9333,0.9333,13854.37
27,#2 pencils,15,B07T8K1HJG,"Ticonderoga Neon Pencils, #2 Pre-Sharpened Wood Pencils with Erasers, 18-Count, 13018",E,TP,14,0.9333,0.9333,0.9333,13854.37
27,#2 pencils,15,B075DXXT56,Pile Driver Remote Control Poop Car With Spinning and Farting Action,I,FP,15,0.9333,0.9333,0.9333,13854.37
27,#2 pencils,15,B004X4KRPM,"Ticonderoga Pencils, Wood-Cased, Graphite #2 HB Soft, Black, 24-Pack (13926)",E,FN,,0.9333,0.9333,0.9333,13854.37
34,#4 pads without wings,26,B01IAI9UZ4,"Always Ultra Thin Pads without Wings, Long Super 20 ea (Pack of 3)",E,TP,1,0.7692,0.7692,0.7692,14031.35
34,#4 pads without wings,26,B01IAI9WNO,"Always Ultra Thin Pads without Wings, Long Super 20 ea (Pack of 4)",E,TP,2,0.7692,0.7692,0.7692,14031.35
34,#4 pads without wings,26,B0029NYQME,"Always Ultra Thin Regular Without Wings, Unscented Pads, Multicolor, 22 Count (Pack of 4)",E,TP,3,0.7692,0.7692,0.7692,14031.35
34,#4 pads without wings,26,B000GCNB6C,"Always Maxi Feminine Pads for Women, Regular Absorbency, 24 Count, No Wings, Unscented (24 Count)",E,TP,4,0.7692,0.7692,0.7692,14031.35
34,#4 pads without wings,26,B01IAI6SD6,Always Maxi Pads Long Super without Wings 22 ea (Pack of 2),E,TP,5,0.7692,0.7692,0.7692,14031.35
34,#4 pads without wings,26,B01KL1DOTG,"ALWAYS Ultra Thin Size 2 Super Pads Without Wings Unscented, 40 Count",E,TP,6,0.7692,0.7692,0.7692,14031.35
34,#4 pads without wings,26,B001E6KHAW,"Always Maxi Feminine Pads without Wings, Long/Super, Unscented, 22 Count",E,TP,7,0.7692,0.7692,0.7692,14031.35
34,#4 pads without wings,26,B000T9TI5A,"ALWAYS Maxi Size 2 Super Pads Without Wings Unscented, 22 Count",I,FP,8,0.7692,0.7692,0.7692,14031.35
34,#4 pads without wings,26,B0052RF17S,"Always Pads, Ultra Thin, Without Wings, Regular 22 Pads",E,TP,9,0.7692,0.7692,0.7692,14031.35
34,#4 pads without wings,26,B00OJPBESO,Always Ultra Thin Super Long Pads Without Wings - 20 Count (2 Pack),E,TP,10,0.7692,0.7692,0.7692,14031.35
34,#4 pads without wings,26,B001G7QSGQ,"Always Ultra Thin Pads for Women, Size 1 Regular Absorbency Without Wings Unscented, 44 Count - Pack of 3 (132 Count Total)",I,FP,11,0.7692,0.7692,0.7692,14031.35
34,#4 pads without wings,26,B00MTT1UI6,"ALWAYS Ultra Thin Size 1 Regular Pads Without Wings Unscented, 44 Count",I,FP,12,0.7692,0.7692,0.7692,14031.35
34,#4 pads without wings,26,B00N26564O,"Always Ultra Thin Regular Without Wings, Unscented Pads 44 Count",E,TP,13,0.7692,0.7692,0.7692,14031.35
34,#4 pads without wings,26,B01IAIA95O,"Always Ultra Thin Pads Without Wings, Unscented, Long Super 40 ea (Pack of 4)",E,TP,14,0.7692,0.7692,0.7692,14031.35
34,#4 pads without wings,26,B00BYFV9OG,"Always Ultra Thin Pads Without Wings, Unscented, Long Super 40 ea",E,TP,15,0.7692,0.7692,0.7692,14031.35
34,#4 pads without wings,26,B0001KOCHG,"Always Ultra Thin Long Super Pads, 20-Count",S,FP,16,0.7692,0.7692,0.7692,14031.35
34,#4 pads without wings,26,B00XQEOTMC,"ALWAYS Ultra Thin Size 2 Super Pads Without Wings Unscented, 40 Count, Pack of 3",E,TP,17,0.7692,0.7692,0.7692,14031.35
34,#4 pads without wings,26,B001G7QUZU,"Always Maxi Size 4 Overnight Pads for Women, Without Wings, Unscented, 28 Count - Pack of 3 (84 Count Total)",E,TP,18,0.7692,0.7692,0.7692,14031.35
34,#4 pads without wings,26,B0039NMC6K,"Always Maxi Size 2 Super Pads for Women, Without Wings, Unscented, 42 Count - Pack of 3 (126 Count Total)",E,TP,19,0.7692,0.7692,0.7692,14031.35
34,#4 pads without wings,26,B00IVNCCRM,"Always Maxi Pads without Wings, Unscented, Regular Pack of 2",E,TP,20,0.7692,0.7692,0.7692,14031.35
34,#4 pads without wings,26,B01IZ5EYJO,"Always Ultra Thin Pads for Women, Size 1 Regular Absorbency Without Wings Unscented, 44 Count - Pack of 3 (132 Count Total)",E,TP,21,0.7692,0.7692,0.7692,14031.35
34,#4 pads without wings,26,B07BNTBPQX,Rael Organic Cotton Sanitary Pads - Certified Organic Cotton Large Pads 1 Pack and Overnight Pads 1 Pack,S,FP,22,0.7692,0.7692,0.7692,14031.35
34,#4 pads without wings,26,B00U10BON6,"Stayfree Ultra Thin Regular Pads with Wings, 18 Count",S,FP,23,0.7692,0.7692,0.7692,14031.35
34,#4 pads without wings,26,B000FFFGX6,"U by Kotex Security Maxi Feminine Pads, Overnight Absorbency, Unscented, 112 Count (4 Packs of 28) (Packaging May Vary)",E,TP,24,0.7692,0.7692,0.7692,14031.35
34,#4 pads without wings,26,B006R6U9SY,"U by Kotex Security Ultra Thin Feminine Pads, Heavy Absorbency, Unscented, 56 Count",E,TP,25,0.7692,0.7692,0.7692,14031.35
34,#4 pads without wings,26,B000FFBMRK,"U by Kotex Security Ultra Thin Feminine Pads, Regular Absorbency, Unscented, 176 Count (4 Packs of 44) (Packaging May Vary)",E,TP,26,0.7692,0.7692,0.7692,14031.35
34,#4 pads without wings,26,B08CMJNSR8,"Rael Organic Incontinence Pads Ultimate - Organic Bladder Control and Postpartum Pads, 4-Layer Core with Leak Guard Technology (20 Count)",E,FN,,0.7692,0.7692,0.7692,14031.35
34,#4 pads without wings,26,B007X4SZZI,Always Infinity Pads - Heavy Flow without Wings Unscented,E,FN,,0.7692,0.7692,0.7692,14031.35
34,#4 pads without wings,26,B00LTK2S7S,"Always Discreet Incontinence and Postpartum Liners, Very Light Absorbency, Long Length, 132 Count, Packaging may vary",E,FN,,0.7692,0.7692,0.7692,14031.35
34,#4 pads without wings,26,B01IULAZ5K,"Always Infinity Feminine Pads for Women, Size 2, 96 Count, Heavy Absorbency, Unscented (32 Count, Pack of 3-96 Count Total)",E,FN,,0.7692,0.7692,0.7692,14031.35
34,#4 pads without wings,26,B005OICT84,"Stayfree Maxi Pads for Women, Super - 66 Count",E,FN,,0.7692,0.7692,0.7692,14031.35
34,#4 pads without wings,26,B08518TBQH,"Seventh Generation Ultra Thin Pads, Super Long, 40Count",E,FN,,0.7692,0.7692,0.7692,14031.35
36,#5 machine screws,1,B000FN5TD0,"Stainless Steel Machine Screw, Plain Finish, Flat Head, Phillips Drive, 1/4"" Length, #5-40 Threads (Pack of 100)",E,TP,1,1.0,1.0,1.0,12152.84
37,#5 orb to not fitting,7,B07V27X9SB,EVIL ENERGY AN6 6AN Flare to 6AN ORB Male O-ring Boss Fuel Pump Rail Adapter Fitting Aluminum Black Pack of 2,E,TP,1,0.5714,0.5714,0.5714,12330.08
37,#5 orb to not fitting,7,B07HXKQWBJ,BLACK 10AN AN-10 to M18x1.5 NPT Male Thread Straight Aluminum Fitting Adapter,E,TP,2,0.5714,0.5714,0.5714,12330.08
37,#5 orb to not fitting,7,B07HY5ZJZ5,BLACK 6AN AN-6 to M14x1.5 NPT Male Thread Straight Aluminum Fitting Adapter,I,FP,3,0.5714,0.5714,0.5714,12330.08
37,#5 orb to not fitting,7,B01MXOIVFC,EVIL ENERGY 6AN 90 Degree Swivel Hose End Fitting for braided fuel line Aluminum Alloy Black&Red,I,FP,4,0.5714,0.5714,0.5714,12330.08
37,#5 orb to not fitting,7,B078Z4CV2J,ICT Billet -6AN Flare to 6 Oring ORB Male Fuel Pump Rail Adapter Fitting Flare Hose Plumbing Oil Straight Thread Regulator Port Fluid End Black Anodized F06AN060R,E,TP,5,0.5714,0.5714,0.5714,12330.08
37,#5 orb to not fitting,7,B08LPC9JTB,2 Pieces 6 AN ORB Male to 5/16 SAE Quick-Disconnect Female Fuel Pump Adapter Push-On EFI Fitting Aluminum O-ring,E,TP,6,0.5714,0.5714,0.5714,12330.08
37,#5 orb to not fitting,7,B089F8HBFQ,"EVIL ENERGY 6AN Male to 5/16"" Straight Push Hose Barb Fittings Adapter EFI Fitting Aluminum",I,FP,7,0.5714,0.5714,0.5714,12330.08
37,#5 orb to not fitting,7,B07TPT23S7,"6AN Flare to 3/8 Hose Barb Fuel Line Fitting Adapter Aluminum 6 AN Male to 3/8"" Push-on Barbed Pipe Connector Black",E,FN,,0.5714,0.5714,0.5714,12330.08
37,#5 orb to not fitting,7,B07FKB255M,"EVIL ENERGY 6AN Male To 5/16"" SAE Quick Disconnect Male Push On EFI Fitting Adapter Aluminum",E,FN,,0.5714,0.5714,0.5714,12330.08
37,#5 orb to not fitting,7,B07F3WH1KZ,EVIL ENERGY 10AN 90 Degree Push Lock Hose Fitting End Black,E,FN,,0.5714,0.5714,0.5714,12330.08
42,#8 merchandising tags without string,18,B0089P54UE,"SmartSign ""Pack of 1000 Large Garment Tags"" | 1.75"" x 2.875""",E,TP,1,0.7778,0.7778,0.7778,14199.5
42,#8 merchandising tags without string,18,B07F9QS5C4,"FEMELI Unstrung Marking Tags,1.75 x 1.1 Inches Price Tags,1000 Pcs White Merchandise Tags for Sale",S,FP,2,0.7778,0.7778,0.7778,14199.5
42,#8 merchandising tags without string,18,B077XBR4RZ,"Price Tags Without String, 1000pcs Smooth Surface White Tags Marking Merchandise Unstrung Tags Small Label Hang Tags for Pricing Gift Jewelry Clothing Yard Sale Garage Supplies 1.75 x 1.093 inch",E,TP,3,0.7778,0.7778,0.7778,14199.5
42,#8 merchandising tags without string,18,B0776SL6WV,"1000 PCS Price Tags, Clothes Size Tags Coupon Tags Making Tag Store Tags Clothing Tags, 1.94"" X 1.38"" with Exquisite Box Package",E,TP,4,0.7778,0.7778,0.7778,14199.5
42,#8 merchandising tags without string,18,B07RHJ2T8C,"FEMELI Unstrung Marking Tags,2000 Pcs Price Tags,1.75 x 1.1 Inches,White Merchandise Tags for Sale",E,TP,5,0.7778,0.7778,0.7778,14199.5
42,#8 merchandising tags without string,18,B003H8WOPQ,"Avery Unstrung Shipping Tags, 11.5 pt. Stock, 4-3/4"" x 2-3/8"", 1,000 Manila Hang Tags (12305)",E,TP,6,0.7778,0.7778,0.7778,14199.5
42,#8 merchandising tags without string,18,B00SSCGE6Q,"Avery Textured White Scallop Round Paper Tags, 2-1/2-Inch Without Strings, Laser/Inkjet, Print-to-The-Edge, 90 Tags per Package (80511)",E,TP,7,0.7778,0.7778,0.7778,14199.5
42,#8 merchandising tags without string,18,B07VDRNXL5,"900 Pcs Price Tags, Clothes Size Tags Coupon Tags Making Tag White Store Tags Clothing Tags, 1.77 X 1.38 Inches",E,TP,8,0.7778,0.7778,0.7778,14199.5
42,#8 merchandising tags without string,18,B0089P7DVW,"SmartSign Blank Manila Shipping Tags with Fiber Patch | 7 1/4"" x 3 5/8"" Cardstock, Pack of 100",E,TP,9,0.7778,0.7778,0.7778,14199.5
42,#8 merchandising tags without string,18,B00485MJG6,"Avery Unstrung Shipping Tags, 11.5 pt. Stock, 2-3/4"" x 1-3/8"", 1,000 Manila Hang Tags (12301)",E,TP,10,0.7778,0.7778,0.7778,14199.5
42,#8 merchandising tags without string,18,B0776MTTSC,"Price Tags,Clothes Tags,Clothing Tags,Merchandise Marking Tags,White Paper Price Tag Labels,Box of 1000",E,TP,11,0.7778,0.7778,0.7778,14199.5
42,#8 merchandising tags without string,18,B016QRMEWM,"Amram Marking Tags, Unstrung Scalloped 1.75-in x 1.1-in, White, 1,000 Tags",C,FP,12,0.7778,0.7778,0.7778,14199.5
42,#8 merchandising tags without string,18,B08RDMP8FH,"1000 Pieces Price Tags and Hang Tag String, Marking Tags Unstrung Coupon Tags Store Tags Clothing Tags and Nylon String Snap Lock Pin Loop Fastener Hook Ties for Clothes Retail Store (White)",I,FP,13,0.7778,0.7778,0.7778,14199.5
42,#8 merchandising tags without string,18,B07DN7DGLB,"Gift Tags - 1000-Pack Kraft Paper Tags, Merchandise Tags, Writable Tags, Mini Tags, Craft Hang Labels, Name Price Size Labels, for Wedding, Birthday, Party Favor, Kraft Brown, 0.95 x 1.75 inches",E,TP,14,0.7778,0.7778,0.7778,14199.5
42,#8 merchandising tags without string,18,B00A7FB0XO,"Large (1.75"" X 2.875"") White Blank Merchandise Tag. Case of 2,000 Tags.",E,TP,15,0.7778,0.7778,0.7778,14199.5
42,#8 merchandising tags without string,18,B00I0EU22Y,"Merchandise Tags #8, White, Scalloped, Hole (no Strings), 2 7/8 x 1 3/4, Box of 1000",E,TP,16,0.7778,0.7778,0.7778,14199.5
42,#8 merchandising tags without string,18,B0089P07G0,"SmartSign""White Merchandise Tags with Long String"" Easy to Attach, 1.75"" x 2.875"" | Pack of 1000",S,FP,17,0.7778,0.7778,0.7778,14199.5
42,#8 merchandising tags without string,18,B0089P2BR8,"SmartSign Dark Green Tags | 13pt Cardstock Tag, 2.375"" x 4.75"", Pack of 1000",E,TP,18,0.7778,0.7778,0.7778,14199.5
42,#8 merchandising tags without string,18,B01MSJPRSX,"White Marking Tags Price Tags Price Labels Display Tags with Hanging String, 500 Pack (35 x 22 mm)",E,FN,,0.7778,0.7778,0.7778,14199.5
42,#8 merchandising tags without string,18,B081GZHD9C,"500 Pack Jewelry Tags with String by Ummeral, Premium Writable Sales Tags White Marking Tags for Jewelry Small Items, Sale Price Tags Display Labels - 1.37 x 0.86 Inches",E,FN,,0.7778,0.7778,0.7778,14199.5
42,#8 merchandising tags without string,18,B083P2TLNZ,"SmartSign Blank Manila Shipping Tags with Wire, Size #5 | 13pt Cardstock Tags, 4 3/4"" x 2 3/8"", Pack of 100",E,FN,,0.7778,0.7778,0.7778,14199.5
42,#8 merchandising tags without string,18,B07Y1PZQ93,"Marking Tags Price Tags Writable Blank Price Labels Display Tags with Elastic Hanging String, Kraft (300 Packs, 1.02 x 0.47 Inch)",E,FN,,0.7778,0.7778,0.7778,14199.5
52,#metoo not you,1,152615580X,"Me, not you: The trouble with mainstream feminism",E,TP,1,1.0,1.0,1.0,11079.41
60,$1 first addition charizard not fake,8,B01M4QJIJF,Pokemon - Charizard (11/108) - XY Evolutions - Reverse Holo,E,TP,1,0.5,0.5,0.5,12777.83
60,$1 first addition charizard not fake,8,B01M234I19,Pokemon TCG - 5 Card EX / GX / Mega EX Lot.,S,FP,2,0.5,0.5,0.5,12777.83
60,$1 first addition charizard not fake,8,B0062DPBSU,Pokemon - Cubone (50) - Jungle,E,TP,3,0.5,0.5,0.5,12777.83
60,$1 first addition charizard not fake,8,B01M3XE6XZ,Pokemon - Mega-Charizard-EX (101/108) - XY Evolutions - Holo,S,FP,4,0.5,0.5,0.5,12777.83
60,$1 first addition charizard not fake,8,B07349NM1N,Charizard GX Box Premium Collection,E,TP,5,0.5,0.5,0.5,12777.83
60,$1 first addition charizard not fake,8,B01M4QJUOL,Pokemon - Charizard (11/108) - XY Evolutions - Holo,C,FP,6,0.5,0.5,0.5,12777.83
60,$1 first addition charizard not fake,8,B07CMMSKN7,Pokémon 1st/2nd Generation from 1999! Pack of 50 Cards Guaranteed Holographics and first editions!! No more then 6 energy cards in each lot unless requesting more! Product ID: 792759981470,I,FP,7,0.5,0.5,0.5,12777.83
60,$1 first addition charizard not fake,8,B0829FT44S,"50+ Official Pokemon Cards Binder Collection Booster Box with 5 Foils in Any Combination and at Least 1 Rarity, GX, EX, FA, Tag Team, Or Secret Rare, with Cards Like Charizard and Detective Pikachu",E,TP,8,0.5,0.5,0.5,12777.83
60,$1 first addition charizard not fake,8,B07DP6CZQV,"Golden Groundhog TCG Deck Box Bundled with 100 Assorted Pokemon Cards (1 GX, EX, or V (170 HP or Higher) Ultra Rare, 2 Rares, 2 Holographics, 90 Common/Uncommons, and 5 Energy Cards)",E,FN,,0.5,0.5,0.5,12777.83
60,$1 first addition charizard not fake,8,B0062DPC5W,Pokemon - Exeggcute (52) - Jungle,E,FN,,0.5,0.5,0.5,12777.83
60,$1 first addition charizard not fake,8,B07R59DJLQ,"Golden Groundhog TCG Deck Box Bundled with 100 Assorted Pokemon Cards (1 GX, Rares, Holos, and 45 Bonus Energy Cards)",E,FN,,0.5,0.5,0.5,12777.83
60,$1 first addition charizard not fake,8,B07YQN19Y5,Pokemon TCG/Marshadow & MachampTag Team GX (RR) / Tag All Stars (SM12a-067) / Japanese Single Card,E,FN,,0.5,0.5,0.5,12777.83
67,$10 credit not given on purchase on prime day,1,B07HJD9FVV,$200 Visa Gift Card (plus $6.95 Purchase Fee),I,FP,1,0.0,0.0,0.0,12228.64
67,$10 credit not given on purchase on prime day,1,B072F9T6VX,Amazon.com Gift Card in a Gold Reveal,E,FN,,0.0,0.0,0.0,12228.64
72,$100 things that are not electronics,6,B083FT6DZJ,Ross-Simons 1.00 ct. t.w. Bezel-Set Diamond Station Necklace in 18kt Gold Over Sterling. 16 inches,I,FP,1,0.0,0.0,0.0,12415.12
72,$100 things that are not electronics,6,B07JL7NP3P,Birkenstock Betula Licensed Mia Soft White Birko-Flor EU 39 (US Women's 8-8.5) Narrow,I,FP,2,0.0,0.0,0.0,12415.12
72,$100 things that are not electronics,6,B07D1TJ8MW,Prestige Cat Trees 130012-Neutral Main Coon Cat Tower Cat Tree,I,FP,3,0.0,0.0,0.0,12415.12
72,$100 things that are not electronics,6,B07BRC947W,"Laura Ashley Jewelry Organizer, Necklace & Earring Holder & Display Stand",I,FP,4,0.0,0.0,0.0,12415.12
72,$100 things that are not electronics,6,B07MWJDF5Y,Treble Clef Music Stationery Paper - 80 Sheets,I,FP,5,0.0,0.0,0.0,12415.12
72,$100 things that are not electronics,6,1454923814,When Grandma Gives You a Lemon Tree,I,FP,6,0.0,0.0,0.0,12415.12
72,$100 things that are not electronics,6,B00TREI0JI,"Apple iPad Air 2, 16 GB, Gold, (Renewed)",E,FN,,0.0,0.0,0.0,12415.12
72,$100 things that are not electronics,6,B07NSX2ZBS,"FindKey Key Finder, Wireless Key RF Locator Item Anti-Lost Tag Alarm Reminder Tracker Remote Finder,1 RF Transmitter 4 Receivers,Phone Pets Keychain Wallet Luggage Pet Cat Dog Tracking Tracker",E,FN,,0.0,0.0,0.0,12415.12
72,$100 things that are not electronics,6,B07XG6Y847,"AirPods Case, Full Protective Silicone AirPods Accessories Cover Compatible with Apple AirPods 1&2 Wireless and Wired Charging Case(Front LED Visible),Sea",E,FN,,0.0,0.0,0.0,12415.12
72,$100 things that are not electronics,6,B07QYLTT7X,"[2Pack] Tensea Compatible with Galaxy Watch Active Case 40mm, Soft TPU Bumper Full Around Screen Protector Cover for Samsung Galaxy Watch Active 40mm, 2 Packs (Clear)",E,FN,,0.0,0.0,0.0,12415.12
72,$100 things that are not electronics,6,B083S3ZXDF,"Potaroma Electric Flopping Fish 10.5"", Moving Cat Kicker Fish Toy, Floppy Fish Toy for Small Dogs Wiggle Fish Catnip Toys, Motion Kitten Toy Plush Interactive Cat Toys for Exercise, Mice Animal Toys",E,FN,,0.0,0.0,0.0,12415.12
72,$100 things that are not electronics,6,B073R68TSH,"Car Phone Holder Mount, Beam Electronics Phone Car Air Vent Mount Holder Cradle Compatible for iPhone 12 11 Pro Max XS XS XR X 8+ 7+ SE 6s 6+ 5s 4 Samsung Galaxy S4-S10 LG Nexus Nokia",E,FN,,0.0,0.0,0.0,12415.12
80,$150 laptop not previews,12,B07RF1XD36,"Acer Aspire 5 Slim Laptop, 15.6 inches Full HD IPS Display, AMD Ryzen 3 3200U, Vega 3 Graphics, 4GB DDR4, 128GB SSD, Backlit Keyboard, Windows 10 in S Mode, A515-43-R19L, Silver",E,TP,1,0.8333,0.8333,0.8333,12814.88
80,$150 laptop not previews,12,B07WJVPGYP,"HP EliteBook 840 G3 Laptop 14"" HD Display, Intel Core i5-6300U 2.4Ghz, 256GB SSD, 16GB DDR4 RAM, Webcam, WiFi, Windows 10 Pro (Renewed)",E,TP,2,0.8333,0.8333,0.8333,12814.88
80,$150 laptop not previews,12,B0869L1326,"ASUS VivoBook 15 Thin and Light Laptop, 15.6” FHD Display, Intel i3-1005G1 CPU, 8GB RAM, 128GB SSD, Backlit Keyboard, Fingerprint, Windows 10 Home in S Mode, Slate Gray, F512JA-AS34",E,TP,3,0.8333,0.8333,0.8333,12814.88
80,$150 laptop not previews,12,B01LZORCUR,"(Refurbished) Apple MacBook Air MD760LL/A 13.3-Inch Laptop (Intel Core i5 Dual-Core 1.3GHz up to 2.6GHz, 4GB RAM, 128GB SSD, Wi-Fi, Bluetooth 4.0)",S,FP,4,0.8333,0.8333,0.8333,12814.88
80,$150 laptop not previews,12,B07BZF4MYM,"(Renewed) Apple MacBook Air MJVM2LL/A 11.6 Inch Laptop (Intel Core i5 Dual-Core 1.6GHz up to 2.7GHz, 4GB RAM, 128GB SSD, Wi-Fi, Bluetooth 4.0, Integrated Intel HD Graphics 6000, Mac OS)",E,TP,5,0.8333,0.8333,0.8333,12814.88
80,$150 laptop not previews,12,B07B9JTHKL,"Apple MacBook Air MJVE2LL/A 13.3-Inch Laptop Intel Core i5 1.6GHz, 256GB Flash Drive, 8GB DDR3 Memory, OS X Yosemite (2015 VERSION) (Renewed)",E,TP,6,0.8333,0.8333,0.8333,12814.88
80,$150 laptop not previews,12,B078WH4KPY,"Apple MacBook Air 13-inch Laptop 1.6GHz Core i5, MJVE2LL/A, 4GB RAM, 256GB SSD (Renewed)",S,FP,7,0.8333,0.8333,0.8333,12814.88
80,$150 laptop not previews,12,B07GCRHS5V,"Dell Latitude E7470 14in Laptop, Core i5-6300U 2.4GHz, 8GB Ram, 256GB SSD, Windows 10 Pro 64bit (Renewed)",E,TP,8,0.8333,0.8333,0.8333,12814.88
80,$150 laptop not previews,12,B07WMDV7CW,"HP Stream 14-Inch Laptop, Intel Celeron N4000, 4 GB RAM, 64 GB eMMC, Windows 10 Home in S Mode (14-cb159nr, Jet Black)",E,TP,9,0.8333,0.8333,0.8333,12814.88
80,$150 laptop not previews,12,B07N6S4SY1,"ASUS VivoBook L203MA Ultra-Thin Laptop, Intel Celeron N4000 Processor, 4GB LPDDR4, 64GB eMMC, 11.6” HD, USB-C, Windows 10 in S Mode (Switchable to Pro), L203MA-DS04, One Year of Microsoft Office 365",E,TP,10,0.8333,0.8333,0.8333,12814.88
80,$150 laptop not previews,12,B07KNLVRJ2,"HP 2019 14"" Laptop - Intel Core i3 - 8GB Memory - 128GB Solid State Drive - Ash Silver Keyboard Frame (14-CF0014DX)",E,TP,11,0.8333,0.8333,0.8333,12814.88
80,$150 laptop not previews,12,B084SKWC89,"HP Stream 14-inch Laptop, Intel Celeron N4000, 4 GB RAM, 64 GB eMMC, Windows 10 Home in S Mode with Office 365 Personal for 1 Year (14-cb185nr, Royal Blue)",E,TP,12,0.8333,0.8333,0.8333,12814.88
80,$150 laptop not previews,12,B08TBQYTDY,"HP 2020 15.6 inches HD LED Display, Intel Pentium Gold 6405U, 4GB DDR4 RAM 500GB HDD, Windows 10 - Scarlet Red (Renewed)",E,FN,,0.8333,0.8333,0.8333,12814.88
80,$150 laptop not previews,12,B07CB2GTH2,"HP Chromebook 11 G4 11.6 Inch Laptop (Intel N2840 Dual-Core, 2GB RAM, 16GB Flash SSD, Chrome OS), Black (Renewed)",E,FN,,0.8333,0.8333,0.8333,12814.88
99,$44red ' phone without having to pay production,2,B084D89DBF,Moto G Power | 3-Day Battery1 | Unlocked | Made for US by Motorola | 4/64GB | 16MP Camera | 2020 | Black,E,TP,1,0.5,0.5,0.5,12292.11
99,$44red ' phone without having to pay production,2,B08CFSZLQ4,Google Pixel 4a - New Unlocked Android Smartphone - 128 GB of Storage - Up to 24 Hour Battery - Just Black,I,FP,2,0.5,0.5,0.5,12292.11
99,$44red ' phone without having to pay production,2,B06XH46MWW,"NETGEAR Cable Modem CM500 - Compatible with All Cable Providers Including Xfinity by Comcast, Spectrum, Cox | for Cable Plans Up to 400Mbps | DOCSIS 3.0",E,FN,,0.5,0.5,0.5,12292.11
100,$5 items,11,B01595UVUY,Cheesehead Top Hat,I,FP,1,0.0909,0.0909,0.0909,12559.48
100,$5 items,11,B07R3JM2QX,"Egnaro Silicone Rings Mens, Breathable Mens Rubber Wedding Bands for Crossfit Workout,8mm Wide - 2.5mm Thick",I,FP,2,0.0909,0.0909,0.0909,12559.48
100,$5 items,11,B07PFGMG5F,Achiou Balaclava Face Mask UV Protection for Men Women Sun Hood Tactical Lightweight Ski Motorcycle Running Riding Black,I,FP,3,0.0909,0.0909,0.0909,12559.48
100,$5 items,11,B07WBV9HSX,"SCOVEE Mini USB Cable Type A to Mini B Charger Cord for PS3 Controller,MP3 Players,Dash Cam,Canon Camera,SatNav,Garmin Nuvi GPS,Playstation-3,USB Mini-B Charging Cable Compatible for GoPro Hero 3+ 3ft",I,FP,4,0.0909,0.0909,0.0909,12559.48
100,$5 items,11,B00D1G8XA4,"BIC Comfort 3 Hybrid Men's Disposable Razor, 3 Blades, 6 Cartridges and 1 Handle, Black, For a Close and Comfortable Shave",E,TP,5,0.0909,0.0909,0.0909,12559.48
100,$5 items,11,B075RSN7Y4,"io tags Pet ID Tags, Personalized Dog Tags and Cat Tags, Custom Engraved, Easy to Read, Cute Glitter Paw Pet Tag (Pink)",I,FP,6,0.0909,0.0909,0.0909,12559.48
100,$5 items,11,B08Q81CVK3,"SANJINFON 2Pcs Mini Screwdriver Set, Short Sewing Machine Repair Tools, Portable Word Cross Radish Head Screwdrivers Handle Tools for Repair Sewing Machine Screw Driver DIY Sewing Tool (2 Pieces)",I,FP,7,0.0909,0.0909,0.0909,12559.48
100,$5 items,11,B0722LDCXP,"WRIGLEY'S Spearmint Chewing Gum, 15 pieces (10 packs)",I,FP,8,0.0909,0.0909,0.0909,12559.48
100,$5 items,11,B0095P3GRU,Yellow Handkerchief,I,FP,9,0.0909,0.0909,0.0909,12559.48
100,$5 items,11,B07MF1JFM4,"Estes B6-4 Engine Pack (3-Each), Brown",I,FP,10,0.0909,0.0909,0.0909,12559.48
100,$5 items,11,B00O869QUC,"Amazon Basics 8 Pack AAA High-Performance Alkaline Batteries, 10-Year Shelf Life, Easy to Open Value Pack",I,FP,11,0.0909,0.0909,0.0909,12559.48
100,$5 items,11,B07QC4WTNC,ASURION 4 Year Kitchen Protection Plan $20-29.99,E,FN,,0.0909,0.0909,0.0909,12559.48
100,$5 items,11,B01M1NQ1CE,Amazon eGift Card - Amazon Smile_Logo,E,FN,,0.0909,0.0909,0.0909,12559.48
100,$5 items,11,B0787GLBMV,"Schick Hydro Silk Touch-Up Multipurpose Exfoliating Dermaplaning Tool, Eyebrow Razor, and Facial Razor with Precision Cover, 3 Count (Packaging May Vary)",E,FN,,0.0909,0.0909,0.0909,12559.48
100,$5 items,11,B07HY9DC4N,"Summer's Eve Cleansing Cloths, Blissful Escape, 16 Count",E,FN,,0.0909,0.0909,0.0909,12559.48
100,$5 items,11,B092Z1NHRN,"10 Pack Kitchen Cloth, Microfiber Dish Towels Washcloths, Super Absorbent Coral Velvet Dishtowels, Premium Cleaning Cloths,Non-Stick Oil Quick Dry Dish Towels, Soft Tea Towels, Table Cleaning Cloths.",E,FN,,0.0909,0.0909,0.0909,12559.48
100,$5 items,11,B0054LHI5A,"Burt's Bees Lip Balm Stocking Stuffer, Moisturizing Lip Care Holiday Gift, 100% Natural, Original Beeswax with Vitamin E & Peppermint Oil (4 Pack)",E,FN,,0.0909,0.0909,0.0909,12559.48
100,$5 items,11,B07DZYGDS3,"Gillette Fusion5 Razors for Men, 1 Gillette Razor, 4 Razor Blade Refills, Lubrastrip for a More Comfortable Shave",E,FN,,0.0909,0.0909,0.0909,12559.48
100,$5 items,11,B07M77RB97,"BIC Flex 5 Hybrid Men's 5-Blade Disposable Razor, 1 Handle and 6 Cartridges , Black , 7 Piece Set",E,FN,,0.0909,0.0909,0.0909,12559.48
100,$5 items,11,B07Z11X58J,"Acer Aspire 5 Slim Laptop, 15.6"" Full HD IPS Display, AMD Ryzen 7 3700U, RX Vega 10 Graphics, 8GB DDR4, 512GB SSD, Backlit Keyboard, Windows 10 Home, A515-43-R6DE",E,FN,,0.0909,0.0909,0.0909,12559.48
100,$5 items,11,B01MXHNNUM,"Burt's Bees Eye Makeup Remover Pads, 35 Count",E,FN,,0.0909,0.0909,0.0909,12559.48
101,$50 gifts for men,31,1726244822,Looks 24 Feels 18 Acts 8 That Makes Me 50: Blank Lined Journal Notebook Planner - 50th Birthday Gifts For Men 50th Birthday Gifts For Women,I,FP,1,0.5484,0.5484,0.5484,14167.48
101,$50 gifts for men,31,B0014DZW0U,"The Unemployed Philosophers Guild Great Drinkers Shot Glasses, Red/Blue/Yellow/Purple/Green/Grey (6-Piece)",I,FP,2,0.5484,0.5484,0.5484,14167.48
101,$50 gifts for men,31,B07P9SZHDN,"Shiny Jewelers USA Mens ICED Out Offset Trap House Hip HOP Pendant Box, Rope Cuban Chain Necklace (Cuban Chain Gold)",I,FP,3,0.5484,0.5484,0.5484,14167.48
101,$50 gifts for men,31,B08JHV66N1,"Hammer Multi Tool 12 in 1 Hammer Camping Gear Survival Tool Christmas Birthday Gift for Men, DIY Handyman, Father/Dad, Husband, Boyfriend, Him, Women",E,TP,4,0.5484,0.5484,0.5484,14167.48
101,$50 gifts for men,31,B01FT72NOO,Gran Turismo Sport - PlayStation 4,I,FP,5,0.5484,0.5484,0.5484,14167.48
101,$50 gifts for men,31,B07J2Q8L2F,TESLYAR Natural Walnut Wood Phone Docking Station Hooks Key Holder Wallet Stand Watch Organizer Men Husband Anniversary Birthday Nightstand Purse Father Graduation Male Idea Gadgets Solid,E,TP,6,0.5484,0.5484,0.5484,14167.48
101,$50 gifts for men,31,B078N1DBY9,"Upgraded Beard Grooming Kit w/Beard Conditioner,Beard Oil,Beard Balm,Beard Brush,Beard Shampoo/Wash,Beard Comb,Beard Scissors,Storage Bag,Beard E-Book,Beard Growth Care Gifts for Men",E,TP,7,0.5484,0.5484,0.5484,14167.48
101,$50 gifts for men,31,B00BR48E9M,"English Laundry Signature Eau de Parfum, 3.4 Fl Oz",I,FP,8,0.5484,0.5484,0.5484,14167.48
101,$50 gifts for men,31,B084SQ8P2P,1971 50th Birthday Gifts Men Women | Birthday Gift for Man Woman turning 50 | Funny 50 th Party Supplies Decorations Ideas | Fifty Year Old Bday Coffee Mug | 50 Years Gag Office Cups Presents Mens,E,TP,9,0.5484,0.5484,0.5484,14167.48
101,$50 gifts for men,31,B07SH13HCK,Fifty The Ultimate F Word - 50th Birthday Gifts for Women and Men - Funny Bday Gift Idea for Mom Dad Husband Wife - 50 Year Old Funny 11 oz Tea Cup Coffee Mug,E,TP,10,0.5484,0.5484,0.5484,14167.48
101,$50 gifts for men,31,B00I5T7CSG,Schrade SCHA6L Large M.A.G.I.C. Assisted Opening Liner Lock Folding Knife,I,FP,11,0.5484,0.5484,0.5484,14167.48
101,$50 gifts for men,31,B095K98Q21,"Vintage 50th Birthday Gifts Baseball Caps, It Took 50 Years to Look This Good Adjustable Cotton Funny Embroidered Hats for Women Men",E,TP,12,0.5484,0.5484,0.5484,14167.48
101,$50 gifts for men,31,B0728B7CCG,"adidas Men's Adilette Comfort Slides, Black/Core White, 9",E,TP,13,0.5484,0.5484,0.5484,14167.48
101,$50 gifts for men,31,B094VCW7HP,50th Birthday Gift For Men - 1971 Birthday Beer Gifts 20 Ounce 2-Sided Beer Can Glass - Vintage 1971 for a 50 Year Old - Funny Decoration for His or Her 50th Birthday - Unique Anniversary Party Gift,E,TP,14,0.5484,0.5484,0.5484,14167.48
101,$50 gifts for men,31,B08VJK8XYN,Monocular Telescope 12x50 High Definition With Quick Smartphone Adapter&Tripod&Hand Strap Waterproof Night Vision Monoculars for Bird Watching Hunting,I,FP,15,0.5484,0.5484,0.5484,14167.48
101,$50 gifts for men,31,B07516MZ95,VINTAGE CANDY CO. 50TH BIRTHDAY RETRO CANDY GIFT BOX - 1971 Decade Nostalgic Childhood Candies - Fun Gag Gift Basket For Milestone FIFTIETH Birthday - PERFECT For Man Or Woman Turning 50 Years Old,I,FP,16,0.5484,0.5484,0.5484,14167.48
101,$50 gifts for men,31,B08RCKGKL2,"50th Birthday Gifts for Men, Funny 50 Year Old Gift Coffee Mug, 1971 50th Birthday Mugs for Him, Dad, Uncle, Brother, Husband, Grandpa, Friend, Coworker, Trump Mug 11 oz Tea Cup",E,TP,17,0.5484,0.5484,0.5484,14167.48
101,$50 gifts for men,31,B09722KXS8,"50th Birthday Gifts for Men - 1971 Old Fashion Whiskey Glass Gift Boxed Set - Funny Whiskey Gifts, Anniversary, Fathers Day, Retirement Gifts for 50 Year Old Men, Grandfather, Dad, Husband, Friends",E,TP,18,0.5484,0.5484,0.5484,14167.48
101,$50 gifts for men,31,B08R8SW1NM,"50th Birthday Gifts For Men, Women - 1971 50th Birthday Decorations For Men, Women - Gifts for Women Turning 50 - 50 Year Old Gifts For Men, Dad, Mom, Husband, Wife, Friends - 20 Oz Tumbler",E,TP,19,0.5484,0.5484,0.5484,14167.48
101,$50 gifts for men,31,B000E39SOM,Movado Men's 605023 Juro Stainless-Steel Watch,I,FP,20,0.5484,0.5484,0.5484,14167.48
101,$50 gifts for men,31,B0078EPRVS,Lowe's $50 Gift Card,E,TP,21,0.5484,0.5484,0.5484,14167.48
101,$50 gifts for men,31,B07VC6GXYT,TESLYAR Wood Phone Docking Station Ash Key Holder Wallet Stand Watch Organizer Men Husband Wife Anniversary Dad Birthday Nightstand Purse Father Graduation Male Idea Gadgets (Brown),E,TP,22,0.5484,0.5484,0.5484,14167.48
101,$50 gifts for men,31,B08VD4S34Z,Greatingreat 1971 Old Time Information 50th Birthday Gifts for Women Men - 1971 Vintage 15 oz Stemless Wine Glass - 50 Year Old Birthday Party Decorations - Fifty Class Reunion Ideas,E,TP,23,0.5484,0.5484,0.5484,14167.48
101,$50 gifts for men,31,B07P2V51TJ,Funny 50 Years Old Joke T-Shirt 50th Birthday Gag Gift Idea T-Shirt,I,FP,24,0.5484,0.5484,0.5484,14167.48
101,$50 gifts for men,31,B0000DJAVK,"Nature Made Men's Multivitamin 50+ Tablets, 90 Count for Daily Nutritional Support",I,FP,25,0.5484,0.5484,0.5484,14167.48
101,$50 gifts for men,31,B07PBPBVRY,"Mens I am 50, 49 plus one funny 50th birthday 1967 T-shirt",I,FP,26,0.5484,0.5484,0.5484,14167.48
101,$50 gifts for men,31,B07PH417T1,Funny 50th Birthday Shirt B-Day Gift Saying Age 50 Year Joke,E,TP,27,0.5484,0.5484,0.5484,14167.48
101,$50 gifts for men,31,B098MGNSSS,50th Birthday Gifts for Men Him Funny Gag 50 Year Old Gift Ideas for Mens Happy 50th Years Gift for Man Party Decorations Men's Turning 50 Dad Husband Presents Vintage 1971 Whiskey Glass 9.5oz,I,FP,28,0.5484,0.5484,0.5484,14167.48
101,$50 gifts for men,31,B08P1F6TW6,"50th Birthday Gifts for Men, Vintage 1971 Whiskey Glass and Stones Funny 50 Birthday Gift for Dad Husband Brother, 50th Anniversary Present Ideas for Him, 50 Year Old Bday Decorations 12OZ",E,TP,29,0.5484,0.5484,0.5484,14167.48
101,$50 gifts for men,31,B099QTHYQC,Vintage 1971 50th Birthday Shirt Limited Edition 50 Year Old T-Shirt,E,TP,30,0.5484,0.5484,0.5484,14167.48
101,$50 gifts for men,31,B07KWLHSN3,"50th Birthday Gift, Took Me 50 Years - 50 Year Old T-Shirt T-Shirt",I,FP,31,0.5484,0.5484,0.5484,14167.48
101,$50 gifts for men,31,B08HVM5XMS,Vintage 1971 Etched 16oz Glass Beer Mug - 50th Birthday Aged to Perfection - 50 years old gifts,E,FN,,0.5484,0.5484,0.5484,14167.48
101,$50 gifts for men,31,B08FBCBMXF,"50th Birthday Gifts for Women and Men - Funny Toilet Gag Gift - Happy 1970 Bday Gift Ideas, Turning Fifty and 50 Year Old Party Decorations Supplies for Him and Her - 2 Rolls",E,FN,,0.5484,0.5484,0.5484,14167.48
101,$50 gifts for men,31,B07ZL13WZP,"joey 50th Birthday Gift Trump Mug,11 Ounces, Funny Donald Trump Gag Coffee Mugs,1971 50 Year Old Birthday Gifts for Him, Friend, Dad, Brother, Husband, Grandpa, Coworker",E,FN,,0.5484,0.5484,0.5484,14167.48
101,$50 gifts for men,31,B07Y1C853J,50th Birthday Gifts for Men - 1971 16 oz Black Tumbler - 50th Birthday Decorations for Men - Birthday Gifts for 50 Year Old Man Dad Grandpa - Funny 50th Birthday Idea Presents for Men - 50 Gift Ideas,E,FN,,0.5484,0.5484,0.5484,14167.48
101,$50 gifts for men,31,B06ZY43PDR,Amazon.com Gift Card in a Birthday Pop-Up Box,E,FN,,0.5484,0.5484,0.5484,14167.48
101,$50 gifts for men,31,B01DWH11L4,VIKTOR JURGEN Neck Massage Pillow Shiatsu Deep Kneading Shoulder Back and Foot Massager with Heat-Relaxation Gifts for Women/Men/Dad/Mom,E,FN,,0.5484,0.5484,0.5484,14167.48
101,$50 gifts for men,31,B08RC71GYV,Old Fashioned Glasses-1971-Vintage 1971 old time information 10.25oz Whiskey Rocks Glass -50th Birthday Aged to Perfection - 50 years old gifts Bourbon Scotch Lowball Old Fashioned-1PCS,E,FN,,0.5484,0.5484,0.5484,14167.48
101,$50 gifts for men,31,B07PPMTGV1,Oldometer 49-50 Shirt 50th Birthday Gift Shirt Men Women T-Shirt,E,FN,,0.5484,0.5484,0.5484,14167.48
101,$50 gifts for men,31,B085B3Z85C,Gift for 50 Year Old: Classic Rock 1971 50th Birthday T-Shirt,E,FN,,0.5484,0.5484,0.5484,14167.48
101,$50 gifts for men,31,B07V6X6MG6,"Gifts for Men Dad Husband, Survival Gear and Equipment 12 in 1, Survival Kit, Fishing Hunting Christmas Birthday Gift Ideas for Him Teen Boy Boyfriend Cool Gadgets Stuff, Emergency Camping Accessories",E,FN,,0.5484,0.5484,0.5484,14167.48
101,$50 gifts for men,31,B0921F3JTF,"Old Lives Matter Beer Glass - Funny Retirement or Birthday Gifts for Men - Unique Gag Gifts for Dad, Grandpa, Old Man, or Senior Citizen",E,FN,,0.5484,0.5484,0.5484,14167.48
101,$50 gifts for men,31,B07RD9W7KJ,"Lava Rock Bracelet Mens Gifts - Natural Tiger Eye Black Lava Rock Stone Mens Anxiety Bracelets, Adjustable Aromatherapy Essential Oil Diffuser Healing Bracelet Gifts for Men Boyfriend Gifts",E,FN,,0.5484,0.5484,0.5484,14167.48
101,$50 gifts for men,31,B082M1F272,49 + One Middle Finger 50th Birthday Gifts for Men Women Beer Glass – Funny 50 Year Old Presents - 16 oz Pint Glasses Party Decorations Supplies - Craft Beers Gift Ideas for Dad Mom Husband Wife 50 th,E,FN,,0.5484,0.5484,0.5484,14167.48
101,$50 gifts for men,31,B08VW7SB78,"Muscle Massage Gun - TYIAUS Percussion Massager Gun Deep Tissue with 30 Adjustable Speeds and 6 Heads, Portable Body Muscle Massager for Office Gym Home Post-Workout Recovery",E,FN,,0.5484,0.5484,0.5484,14167.48
108,$90 iphone not chage,4,B071YMZ4LD,"USB Charger, Anker Elite Dual Port 24W Wall Charger, PowerPort 2 with PowerIQ and Foldable Plug, for iPhone 11/Xs/XS Max/XR/X/8/7/6/Plus, iPad Pro/Air 2/Mini 3/Mini 4, Samsung S4/S5, and More",I,FP,1,0.25,0.25,0.25,11587.79
108,$90 iphone not chage,4,B07Q2SJNZ5,"iPhone Charger, DAZHWA 3pack 6ft Phone Charger Nylon Braided Lightning Cable Cell Phone Fast Charger Cable Cord USB Cable Compatible iPhone 13/12 /11 Pro Max/XS/XR/X/8/7/6S/6 /iPad More",C,FP,2,0.25,0.25,0.25,11587.79
108,$90 iphone not chage,4,B08GYBPTPG,Apple MFi Certified iPhone Charger Apple Lightning Cable iPhone Charger Cable USB Lightning Cable Wire for iPhone 11 Pro MAX X XS XR 8 7 6 Plus SE iPad iPod car Cord Fast Accessories Chargers Cable,I,FP,3,0.25,0.25,0.25,11587.79
108,$90 iphone not chage,4,B07QVL8ZXW,"iPhone Charger, YOKERSU Nylon Braided Lightning Cable Fast Charging 2Pack 6ft Data Sync Transfer Cord 2 Port Plug Wall Charger(ETL Listed)Compatible with iPhone 13 12 11 Pro Max XS XR X 8 7 Plus iPad",E,TP,4,0.25,0.25,0.25,11587.79
108,$90 iphone not chage,4,B08ZNGYVCG,"iPhone Charger,ZUQIETA 3Pack (Apple MFi Certified) Lightning Cable Data Sync Charging Cords with 3Pack USB Wall Charger Travel Plug Adapter Compatible iPhone 12 Pro/11 Pro/Xs/XR/X/8/8Plus and More",E,FN,,0.25,0.25,0.25,11587.79
108,$90 iphone not chage,4,B07P6Y7954,"(Refurbished) Apple iPhone XR, US Version, 64GB, Black - Unlocked",E,FN,,0.25,0.25,0.25,11587.79
108,$90 iphone not chage,4,B07WPWX689,PopSockets: PopGrip with Swappable Top for Phones and Tablets - Leopard of The Night,E,FN,,0.25,0.25,0.25,11587.79
109,$not without hoodie,6,B08F2XSXNV,"Marvel Boy's Incredible Hulk Pullover Character Hoodie with Kangaroo Pocket, Green, Size 4T",E,TP,1,0.3333,0.3333,0.3333,12077.55
109,$not without hoodie,6,B07PZ93W61,Dog Lover Saying A House Is Not Home Without Paw Prints Pullover Hoodie,I,FP,2,0.3333,0.3333,0.3333,12077.55
109,$not without hoodie,6,B07LBVF9S3,Without Music Life Would B Flat Hoodie - Funny Music Pullover Hoodie,I,FP,3,0.3333,0.3333,0.3333,12077.55
109,$not without hoodie,6,B00JOYXTLA,Go All Out Large Black Adult Without Music Life Would B Flat Funny Music Lovers Sweatshirt Hoodie,E,TP,4,0.3333,0.3333,0.3333,12077.55
109,$not without hoodie,6,B07XJ87LYM,"Hoodteez There's a 99% Chance That I Don't Care Hooded Sweatshirt, L Black",I,FP,5,0.3333,0.3333,0.3333,12077.55
109,$not without hoodie,6,B08NYCR34Z,Funny In My Defense I Was Left Unsupervised T-Shirt Danger Pullover Hoodie,S,FP,6,0.3333,0.3333,0.3333,12077.55
109,$not without hoodie,6,B01N3WBAL6,Stealth My Rights Don't End Feeling Begin NRA Gun AR15 2nd Medium,E,FN,,0.3333,0.3333,0.3333,12077.55
109,$not without hoodie,6,B07VQNLHPS,"Chaos World Men's Novelty Hoodie Realistic 3D Print Pullover Unisex Casual Sweatshirt(4XL,Colorful Smoke)",E,FN,,0.3333,0.3333,0.3333,12077.55
109,$not without hoodie,6,B08QF1XT5W,Boys Novelty Hoodies Sweatshirts 13-16 Years Geometic 3D Print Pullover Hoodie Long Sleeve Hoody Sweatshirt without Fleece,E,FN,,0.3333,0.3333,0.3333,12077.55
109,$not without hoodie,6,B01N7HWGM2,"Global Blank Lightweight Zip Up Hoodies Men Extra Soft Fleece Hooded Sweatshirt Forest ,Moss,Large",E,FN,,0.3333,0.3333,0.3333,12077.55
111,%100 silicone not clear,13,B07SVFKNVV,"Gorilla Grip Heat Resistant Silicone Oven Mitts Set, Soft Quilted Lining, Extra Long, Waterproof Flexible Gloves for Cooking and BBQ, Kitchen Mitt Potholders, Easy Clean, Set of 2, Black",I,FP,1,0.0769,0.0769,0.0769,13453.6
111,%100 silicone not clear,13,B08RMYL5YK,"Ocmoiy 60 Pcs Resin Mixing Cups Tools Kit, including 10 Pcs 100 ml Non-Stick Silicone Measuring Cups for Epoxy Resin and 50 Pcs Small Pouring Cups",E,TP,2,0.0769,0.0769,0.0769,13453.6
111,%100 silicone not clear,13,B07NJMS4YM,"Airpods Case, TOROTOP Silicone Air pod Case Cover Cute Protective Accessories Set with Bling Elephant Keychain/Ear Hook/Storage Box Compatible for Apple Airpods 1&2 Women Girls(Burgundy)",I,FP,3,0.0769,0.0769,0.0769,13453.6
111,%100 silicone not clear,13,B010LLNU1S,"Bekith 4 Pack 9"" Round Silicone Cake Pans - Silicone Molds for Baking, Quick Release Baking Pans for Layer Cake, Cheese Cake, Rainbow Cake and Chiffon Cake",I,FP,4,0.0769,0.0769,0.0769,13453.6
111,%100 silicone not clear,13,B00LFOV392,Light Blue Ribbon Awareness Silicone Bracelet 25 Pack,I,FP,5,0.0769,0.0769,0.0769,13453.6
111,%100 silicone not clear,13,B081MYC5KP,"Mulafnxal for Airpods Pro/for Airpods 3 Case, Cute 3D Funny Animal Cartoon Character Soft Silicone Air pods Pro Cover, Fun Cool Design Skin, Fashion Keychain Cases for Airpod 3 (Stand Green Dinosaur)",I,FP,6,0.0769,0.0769,0.0769,13453.6
111,%100 silicone not clear,13,B001JK5R0I,"Momentive Performance Materials GE284 2.8-Ounce Silicone II Premium Waterproof Kitchen and Bath Squeeze Tube, Clear",I,FP,7,0.0769,0.0769,0.0769,13453.6
111,%100 silicone not clear,13,B099N6V2H8,"Adorve Compatible with Apple Watch Band 45mm 44mm 42mm SE iWatch Series 7 6 5 4 3 2 1 for Women Men, Breathable Sport Silicone Replacement Strap, Blue White/White Black/Black Gray/Red Black, M/L",I,FP,8,0.0769,0.0769,0.0769,13453.6
111,%100 silicone not clear,13,B07HZBHB93,22below - Slim Can Flexible Soft Touch Silicone Insulated Cooler - Mint,I,FP,9,0.0769,0.0769,0.0769,13453.6
111,%100 silicone not clear,13,B0857B54F5,"Silicone Placemats for Crafts, Non-Slip Heat Resistant, Reusable Silicone Kids Mat for Refrigerator Drawers, Jewelry, Casting, Epoxy Resin, Glitter Slime, DIY Sheet, Pastry Dough Pad (2/Pack) Clear",I,FP,10,0.0769,0.0769,0.0769,13453.6
111,%100 silicone not clear,13,B077D5DCZK,"Oursunshine Travel Bottles, Leakproof Silicone Refillable Travel Containers, Squeezable Travel Tube Sets Cosmetic Toiletry Containers for Shampoo Lotion Soap, 3 FL OZ",I,FP,11,0.0769,0.0769,0.0769,13453.6
111,%100 silicone not clear,13,B06X6DZJJL,"Heavy Duty Silicone Bar Service Mat: (18"" x 12"") Food safe, Commercial Strength Bar & Restaurant Service Mat",I,FP,12,0.0769,0.0769,0.0769,13453.6
111,%100 silicone not clear,13,B0002ASD2K,Aqueon Aquarium Silicone Sealant Clear 3 Ounces,S,FP,13,0.0769,0.0769,0.0769,13453.6
111,%100 silicone not clear,13,B0000CBIHF,"GE 112 Silicone I Window and Door Caulk, 9.8 oz Cartridge, White",E,FN,,0.0769,0.0769,0.0769,13453.6
111,%100 silicone not clear,13,B086XGNF7N,Multipurpose 100% Silicone Sealant (8.4 fl oz) Clear Waterproof,E,FN,,0.0769,0.0769,0.0769,13453.6
111,%100 silicone not clear,13,B08D9SQ4N8,"SELSIL Aquarium Silicone Sealant Clear, High Elasticity, Safe for Fish, 100% Solvent Free, 100% Non-Toxic, Fresh and Saltwater, 10.14 Fl oz.(300 ml) Transparent (2)",E,FN,,0.0769,0.0769,0.0769,13453.6
111,%100 silicone not clear,13,B000BQWB5U,"Red Devil 0826 100% Silicone Sealant Architectural Grade, 9.8 oz., clear",E,FN,,0.0769,0.0769,0.0769,13453.6
111,%100 silicone not clear,13,B01KB89QVY,"SILA-SEAL Clear Professional Grade 100% RTV Silicone with reclosable Nozzle, (case of 12)",E,FN,,0.0769,0.0769,0.0769,13453.6
111,%100 silicone not clear,13,B0001FFLUI,"GE GE5040 Silicone II Kitchen Sealant, 10.1 oz Tube, Clear",E,FN,,0.0769,0.0769,0.0769,13453.6
111,%100 silicone not clear,13,B087JMPTJ5,"Edge Protector 100% Silicone, 3ft Baby Proofing Corners Clear Guards, Pre-Tape Adhesive Soft for Kids Safety, Child Table Cabinets Furniture Bumper",E,FN,,0.0769,0.0769,0.0769,13453.6
111,%100 silicone not clear,13,B000KE4PBQ,"Dap 00688 All-Purpose Adhesive Sealant, 100% Silicone, 2.8-Ounce Tube",E,FN,,0.0769,0.0769,0.0769,13453.6
111,%100 silicone not clear,13,B0000DI85V,"GE GE612 Silicone II Kitchen and Bath Tub and Tile Sealant, 10.1 oz Cartridge, Clear",E,FN,,0.0769,0.0769,0.0769,13453.6
111,%100 silicone not clear,13,B000BQWKCY,"GE Momentive Performance Materials GE286 Advanced Silicone 2 Kitchen & Bath Sealant, 2.8oz, Almond",E,FN,,0.0769,0.0769,0.0769,13453.6
111,%100 silicone not clear,13,B00ID8EDKY,J-B Weld 31310 All-Purpose RTV Silicone Sealant and Adhesive - 3 oz. - Clear,E,FN,,0.0769,0.0769,0.0769,13453.6
111,%100 silicone not clear,13,B0000AYC09,STAR BRITE Silicone Sealant Clear 2.8 OZ. (082102P),E,FN,,0.0769,0.0769,0.0769,13453.6
113,&#34;tortillas without interesterified soybean oil”,1,B07CT2GRV4,"BFree Gluten Free Variety Pack Seeded Brown Rolls and Seeded Brown Bread, 2 Packs Each, Vegan, Egg Free, Soy Free, Nut Free, Dairy Free",I,FP,1,0.0,0.0,0.0,12596.9
113,&#34;tortillas without interesterified soybean oil”,1,B0046XC528,"Nature Made Fish Oil 1000 mg, 250 Softgels Value Size, Fish Oil Omega 3 Supplement For Heart Health",E,FN,,0.0,0.0,0.0,12596.9
117,''i am here for a good time not a log time'' sticker,4,B07P8JCQHD,Here For A Good Time Not A Long Time T-Shirt,E,TP,1,0.5,0.5,0.5,12585.88
117,''i am here for a good time not a log time'' sticker,4,B07XB32LVP,Womens I'm Here For A Good Time Not A Long Time Funny Saying Gift V-Neck T-Shirt,I,FP,2,0.5,0.5,0.5,12585.88
117,''i am here for a good time not a log time'' sticker,4,B085SRSLQ6,Here For A Good Time Not A Long Time T-Shirt,I,FP,3,0.5,0.5,0.5,12585.88
117,''i am here for a good time not a log time'' sticker,4,B07TM79K73,Here For A Good Time Not A Long Time Funny Drinking T Shirt,E,TP,4,0.5,0.5,0.5,12585.88
117,''i am here for a good time not a log time'' sticker,4,B07PDSH13L,I Ain't Here for a Long Time I'm Here for a Good Time Tee T-Shirt,E,FN,,0.5,0.5,0.5,12585.88
117,''i am here for a good time not a log time'' sticker,4,B07NTKLTC5,I'm here for a good time not a long time t-shirt,E,FN,,0.5,0.5,0.5,12585.88
121,'32 qt storage bins without lids',6,B073PJ55SP,"Superio Storage Container Opaque, Clear with Blue Handles 32 Qt",E,TP,1,0.3333,0.3333,0.3333,12192.24
121,'32 qt storage bins without lids',6,B0914D1HF2,"Superio Storage Containers With Wheels (2 Pack), Stackable Large Storage Containers With Lids, Durable Latches (32 Qt)",C,FP,2,0.3333,0.3333,0.3333,12192.24
121,'32 qt storage bins without lids',6,B07X9Z91RK,"EAMAOTT Clear Plastic Storage Organizer Container Bins with Cutout Handles, Transparent Set of 4, BPA Free, Cabinet Storage Bins for Kitchen Food Pantry Refrigerator Bathroom, 11” x 8” x 6”",S,FP,3,0.3333,0.3333,0.3333,12192.24
121,'32 qt storage bins without lids',6,B06ZZYDF4P,"Homz Plastic Storage, Modular Stackable Storage Bins with Blue Latching Handles, 15.5 Quart, Clear, 4-Pack",S,FP,4,0.3333,0.3333,0.3333,12192.24
121,'32 qt storage bins without lids',6,B081W2V938,"Homz Latching Clear Storage, 31 Quart, Gray, 4 Count",E,TP,5,0.3333,0.3333,0.3333,12192.24
121,'32 qt storage bins without lids',6,B06ZZY2M92,"HOMZ 3470CLRDC.02 Plastic Underbed Storage, Stackable Storage Bins with Blue Latching Handles, 60 Quart, Clear, 2-Pack",S,FP,6,0.3333,0.3333,0.3333,12192.24
121,'32 qt storage bins without lids',6,B002BA5F52,"Sterilite 19849806 18 Quart/17 Liter Ultra Latch Box, Clear with a White Lid and Black Latches, 6-Pack",E,FN,,0.3333,0.3333,0.3333,12192.24
121,'32 qt storage bins without lids',6,B07PFLRXN4,"IRIS USA TB Pearl Plastic Storage Bin Tote Organizing Container with Durable Lid and Secure Latching Buckles, 19 Qt, 6 Count",E,FN,,0.3333,0.3333,0.3333,12192.24
121,'32 qt storage bins without lids',6,B081W3BS8P,"Homz 3441CLGRDC.02 Clear storage container with lid, 64 Quart (2 Pack), Grey, 2 Count",E,FN,,0.3333,0.3333,0.3333,12192.24
121,'32 qt storage bins without lids',6,B071CLN8DS,"Homz Plastic Storage, Modular Stackable Storage Bins with Blue Latching Handles,112 Quart, Clear, Stackable, 2-Pack",E,FN,,0.3333,0.3333,0.3333,12192.24
125,'but not the hippopotamus book,4,1442481919,"Boynton Gift Set: Special 30th Anniversary Edition!/The Going to Bed Book; Moo, Baa, La La La!; Opposites; But Not the Hippopotamus",S,FP,1,0.5,0.5,0.5,12721.3
125,'but not the hippopotamus book,4,068982663X,Boynton's Greatest Hits The Big Yellow Box: The Going-to-Bed Book; Horns to Toes; Opposites; But Not the Hippopotamus,S,FP,2,0.5,0.5,0.5,12721.3
125,'but not the hippopotamus book,4,0671449044,But Not the Hippopotamus (Boynton on Board),E,TP,3,0.5,0.5,0.5,12721.3
125,'but not the hippopotamus book,4,B003Q8VY1W,"Boynton's Greatest Hits: Volume II (The Going to Bed Book, Horns to Toes, Opposites, But Not the Hippopotamus)",E,TP,4,0.5,0.5,0.5,12721.3
125,'but not the hippopotamus book,4,149266247X,How to Catch a Mermaid,E,FN,,0.5,0.5,0.5,12721.3
125,'but not the hippopotamus book,4,1927271967,That's Not a Hippopotamus!,E,FN,,0.5,0.5,0.5,12721.3
127,'deliveries and packages not accepted' sign,1,B07L56H4C7,"Enjoyist Please Leave Deliveries and Packages Here Sign 12""x 8"" .04"" Aluminum Sign Rust Free Aluminum-UV Protected and Weatherproof",I,FP,1,0.0,0.0,0.0,11865.86
127,'deliveries and packages not accepted' sign,1,B07NHPY5WQ,"Name Plate for Door, Office, Wall, Customized and Personalized, Laser Engraved, 2-1/2"" x 8"", 18 Color Options, Laser Engraved, Classic Collection, USA Made by MY SIGN CENTER",E,FN,,0.0,0.0,0.0,11865.86
128,'do it with passion or not at all',13,B087X77J6Q,Do It With Passion Or Not At All,E,TP,1,1.0,1.0,1.0,12617.94
128,'do it with passion or not at all',13,B093QTF5GZ,Do It with Passion or Not at All,E,TP,2,1.0,1.0,1.0,12617.94
128,'do it with passion or not at all',13,B07NXWSMS1,Rustic Wood Magnet Inspirational Saying Laser Engraved Do it with Passion or Not at All (Brick Red),E,TP,3,1.0,1.0,1.0,12617.94
128,'do it with passion or not at all',13,B07S6JT2SP,Do it with passion or not at all - Basketball T-Shirt,E,TP,4,1.0,1.0,1.0,12617.94
128,'do it with passion or not at all',13,B0918DPXJN,Do It with Passion or Not at All,E,TP,5,1.0,1.0,1.0,12617.94
128,'do it with passion or not at all',13,B08CNQX9KW,Do It With Passion Or Not At All T-Shirt,E,TP,6,1.0,1.0,1.0,12617.94
128,'do it with passion or not at all',13,B08XZRD14K,Do It with Passion or Not at All,E,TP,7,1.0,1.0,1.0,12617.94
128,'do it with passion or not at all',13,B087X5XLPT,Do It With Passion Or Not At All,E,TP,8,1.0,1.0,1.0,12617.94
128,'do it with passion or not at all',13,B091TY6WKX,Do It with Passion or Not at All,E,TP,9,1.0,1.0,1.0,12617.94
128,'do it with passion or not at all',13,B091MPCC69,Do It with Passion or Not at All,E,TP,10,1.0,1.0,1.0,12617.94
128,'do it with passion or not at all',13,B01NA92L3W,JSC158 Do It with Passion Or Not at All Motivational Inspirational Poster | 18-Inches by 12-Inches | Premium 100lb Gloss Poster Paper,E,TP,11,1.0,1.0,1.0,12617.94
128,'do it with passion or not at all',13,B095TNQZJZ,Do It with Passion or Not at All,E,TP,12,1.0,1.0,1.0,12617.94
128,'do it with passion or not at all',13,B097CDDBB4,Do It with Passion or Not at All,E,TP,13,1.0,1.0,1.0,12617.94
131,'forget me not i' 2 piece framed print,3,B01N02VPQA,"Christian Wall Art Cross Decor - Religious Cross / Light of God Canvas Art 2 Piece Set - Decorative Split Artwork Picture, Spiritual Christian Decor Print for Home, Living Room, Bedroom, Office & Gift",I,FP,1,0.3333,0.3333,0.3333,12446.42
131,'forget me not i' 2 piece framed print,3,B08M35QVS9,Framed Foggy Forest Wall Art - Misty Pine Tree in Scenic Landscape Pictures Prints Decor for Living Room ( 8'' x 10'' x 2 Panels ),S,FP,2,0.3333,0.3333,0.3333,12446.42
131,'forget me not i' 2 piece framed print,3,B08M3NQ66S,Herb Plant Framed Wall Art – Set of 2 Beautiful Elegant Botanical Picture Prints with Wood Frame for Decor Trendy Dining Room or Bathroom(11'' x 14'' x 2 Panels),E,TP,3,0.3333,0.3333,0.3333,12446.42
131,'forget me not i' 2 piece framed print,3,B0746SS5MX,Robert Ward - I Wish You. - 11x14 Unframed Typography Book Page Print - Makes a Great Home Decor or Gift Under $15 for Book Lovers,E,FN,,0.3333,0.3333,0.3333,12446.42
131,'forget me not i' 2 piece framed print,3,B07WQZR89J,"Just Breathe Inspirational Quote Gold Foil Print ,Watercolor Abstract Landscape Art Painting Natural Forest Lake Cardstock Wall Art Poster For Living Room Home Decor (set of 3 , 8’’ x 10’’ ,Unframed)",E,FN,,0.3333,0.3333,0.3333,12446.42
133,'god is not great' by christopher hitchens,7,B08QNLWFJB,God Is Great: Bible Rebuttal to Christopher Hitchens,S,FP,1,0.7143,0.7143,0.7143,12313.14
133,'god is not great' by christopher hitchens,7,9124045705,Hitch 22 & God Is Not Great By Christopher Hitchens 2 Books Collection Set,S,FP,2,0.7143,0.7143,0.7143,12313.14
133,'god is not great' by christopher hitchens,7,B099NS8QV1,God Is Not Great,E,TP,3,0.7143,0.7143,0.7143,12313.14
133,'god is not great' by christopher hitchens,7,B07TP3ZM65,Summary of Christopher Hitchens’s God Is Not Great by Swift Reads,E,TP,4,0.7143,0.7143,0.7143,12313.14
133,'god is not great' by christopher hitchens,7,9123621575,"Christopher Hitchens 3 Books Collection Set - The Missionary Position,God Is Not Great,No One Left to Lie To",E,TP,5,0.7143,0.7143,0.7143,12313.14
133,'god is not great' by christopher hitchens,7,B00G3ZR1OO,God Is Not Great : How Religion Poisons Everything,E,TP,6,0.7143,0.7143,0.7143,12313.14
133,'god is not great' by christopher hitchens,7,B000Q66GA6,God Is Not Great: How Religion Poisons Everything,E,TP,7,0.7143,0.7143,0.7143,12313.14
133,'god is not great' by christopher hitchens,7,B08P3R4CKJ,Beyond Order: 12 More Rules for Life,E,FN,,0.7143,0.7143,0.7143,12313.14
133,'god is not great' by christopher hitchens,7,9123984163,"Christopher Hitchens Collection 3 Books Set (Mortality, God Is Not Great, Hitch 22)",E,FN,,0.7143,0.7143,0.7143,12313.14
136,'i'm tired' 'i'm not tired' tshirts,16,B07C84KQSS,"Mashed Clothing I'm So Tired & I'm Not Tired Unisex T-Shirt & White Bodysuit Matching Set (6M White Bodysuit, Adult Large, White)",E,TP,1,0.5625,0.5625,0.5625,13246.76
136,'i'm tired' 'i'm not tired' tshirts,16,B07G73678X,I'm Not Tired Kids Toddlers Funny Novelty T Shirt Pink Font,E,TP,2,0.5625,0.5625,0.5625,13246.76
136,'i'm tired' 'i'm not tired' tshirts,16,B095JT836Y,I Don't Stop When I'm Tired I Stop When I'm Done - Workout T-Shirt,S,FP,3,0.5625,0.5625,0.5625,13246.76
136,'i'm tired' 'i'm not tired' tshirts,16,B0158PLW12,"We Match! I'm So Tired & I'm Not Tired Matching Women's Baseball Scoop Neck T-Shirt & Child T-Shirt Set (5/6T T-Shirt, Women's Baseball T-Shirt Medium, Hot Pink)",E,TP,4,0.5625,0.5625,0.5625,13246.76
136,'i'm tired' 'i'm not tired' tshirts,16,B08LBSGXSJ,Womens I’m Tired of Waking Up and Not Being In Italy - Italian V-Neck T-Shirt,E,TP,5,0.5625,0.5625,0.5625,13246.76
136,'i'm tired' 'i'm not tired' tshirts,16,B07CZR5R9C,Logger - I Don't Stop When I'm Tired T-Shirt Men Gift,S,FP,6,0.5625,0.5625,0.5625,13246.76
136,'i'm tired' 'i'm not tired' tshirts,16,B08LBKRC7V,I’m Tired of Waking Up and Not Being In Maui Funny Hawaiian T-Shirt,S,FP,7,0.5625,0.5625,0.5625,13246.76
136,'i'm tired' 'i'm not tired' tshirts,16,B07V9TZ32J,Womens I'm A Caregiver I Don't Stop When I Am Tired Funny T-Shirt,S,FP,8,0.5625,0.5625,0.5625,13246.76
136,'i'm tired' 'i'm not tired' tshirts,16,B079KGQ1KW,I'm Not A Morning Person T Shirt Grunge Style Sleep In,S,FP,9,0.5625,0.5625,0.5625,13246.76
136,'i'm tired' 'i'm not tired' tshirts,16,B08YKDGFTN,I'm Tired Of Waking Up And Not Being In Hawaii Funny Hawaii T-Shirt,E,TP,10,0.5625,0.5625,0.5625,13246.76
136,'i'm tired' 'i'm not tired' tshirts,16,B08YJW1KQN,I'm Tired Of Waking Up And Not Being In Italy T-Shirt,E,TP,11,0.5625,0.5625,0.5625,13246.76
136,'i'm tired' 'i'm not tired' tshirts,16,B01DMA4TX8,I'm So Tired & I'm Not Tired Mommy and Me Matching Set Shirt Bodysuit Clothing Black,E,TP,12,0.5625,0.5625,0.5625,13246.76
136,'i'm tired' 'i'm not tired' tshirts,16,B07NSYPHZK,"I Am A Chef T Shirt, I Don't Stop When I'm Tired T Shirt",I,FP,13,0.5625,0.5625,0.5625,13246.76
136,'i'm tired' 'i'm not tired' tshirts,16,B0158P54FM,"We Match! I'm So Tired & I'm Not Tired Matching Women's Baseball Scoop Neck T-Shirt & Baby Bodysuit Set (12M Bodysuit, Women's Baseball T-Shirt Medium, Hot Pink)",S,FP,14,0.5625,0.5625,0.5625,13246.76
136,'i'm tired' 'i'm not tired' tshirts,16,B097PPHN29,"I'm tired not being in Canada, eh? Canadian Flag T-Shirt",E,TP,15,0.5625,0.5625,0.5625,13246.76
136,'i'm tired' 'i'm not tired' tshirts,16,B08BQFMZ7M,Toddler T-Shirt I'm Not Tired Cotton Boy & Girl Clothes Funny Graphic Tee Lavender Design Only 5 6T,E,TP,16,0.5625,0.5625,0.5625,13246.76
136,'i'm tired' 'i'm not tired' tshirts,16,B0981GRMYQ,I’m Tired of Waking Up and Not Being In Maui Vintage Hawaii T-Shirt,E,FN,,0.5625,0.5625,0.5625,13246.76
136,'i'm tired' 'i'm not tired' tshirts,16,B0925NH8P5,I'm Tired Of Waking Up And Not Being In Hawaii T-Shirt,E,FN,,0.5625,0.5625,0.5625,13246.76
136,'i'm tired' 'i'm not tired' tshirts,16,B091FMTL4P,I’m Tired of Waking Up and Not Being In Italy Premium T-Shirt,E,FN,,0.5625,0.5625,0.5625,13246.76
136,'i'm tired' 'i'm not tired' tshirts,16,B08X3SQKRM,I’m Tired of Waking Up and Not Being In Okinawa - Japanese T-Shirt,E,FN,,0.5625,0.5625,0.5625,13246.76
136,'i'm tired' 'i'm not tired' tshirts,16,B08PLG5SJ5,I’m Tired of Waking Up and Not Being In Ireland - Funny T-Shirt,E,FN,,0.5625,0.5625,0.5625,13246.76
136,'i'm tired' 'i'm not tired' tshirts,16,B08RZ7HF3L,I’m Tired of Waking Up and Not Being In Germany - German T-Shirt,E,FN,,0.5625,0.5625,0.5625,13246.76
136,'i'm tired' 'i'm not tired' tshirts,16,B08LBTBMVH,Womens I’m Tired of Waking Up and Not Being In Maui Funny Hawaiian V-Neck T-Shirt,E,FN,,0.5625,0.5625,0.5625,13246.76
158,"'vaccinated, because i'm not an idiot' t shirt",9,B07RNXR65M,Vaccinated Because I'm Not Stupid Pro Vax Anti T-Shirt,E,TP,1,0.8889,0.8889,0.8889,12667.52
158,"'vaccinated, because i'm not an idiot' t shirt",9,B0945MWZS4,Vaccinated Because I'm Not An Idiot -Funny Saying Vaccinated Raglan Baseball Tee,E,TP,2,0.8889,0.8889,0.8889,12667.52
158,"'vaccinated, because i'm not an idiot' t shirt",9,B0945B52K2,Vaccinated Because I'm Not An Idiot -Funny Saying Vaccinated Sweatshirt,E,TP,3,0.8889,0.8889,0.8889,12667.52
158,"'vaccinated, because i'm not an idiot' t shirt",9,B094WV6DYX,Fully Vaccinated Because I'm Not Stupid | Funny Vaccination T-Shirt,S,FP,4,0.8889,0.8889,0.8889,12667.52
158,"'vaccinated, because i'm not an idiot' t shirt",9,B0945KJ3MK,Vaccinated Because I'm Not An Idiot -Funny Saying Vaccinated T-Shirt,E,TP,5,0.8889,0.8889,0.8889,12667.52
158,"'vaccinated, because i'm not an idiot' t shirt",9,B08TV341SM,Vaccinated Because I'm Not Stupid Funny Pro Vaccine T-Shirt,E,TP,6,0.8889,0.8889,0.8889,12667.52
158,"'vaccinated, because i'm not an idiot' t shirt",9,B0945J8J8P,Vaccinated Because I'm Not An Idiot -Funny Saying Vaccinated Long Sleeve T-Shirt,E,TP,7,0.8889,0.8889,0.8889,12667.52
158,"'vaccinated, because i'm not an idiot' t shirt",9,B09457SYL4,Vaccinated Because I'm Not An Idiot -Funny Saying Vaccinated Tank Top,E,TP,8,0.8889,0.8889,0.8889,12667.52
158,"'vaccinated, because i'm not an idiot' t shirt",9,B0945CBH32,Womens Vaccinated Because I'm Not An Idiot -Funny Saying Vaccinated V-Neck T-Shirt,E,TP,9,0.8889,0.8889,0.8889,12667.52
158,"'vaccinated, because i'm not an idiot' t shirt",9,B08S8B8W2W,I'm Not Vaccinated | Medical Vaccine T-Shirt,E,FN,,0.8889,0.8889,0.8889,12667.52
159,'vitenzi sunglass full readers for women not bifocals',15,B0873B8DSJ,VITENZI Full Reader Sunglasses Vintage Readers for Reading Under the Venice Sun in Burgundy 2.50,E,TP,1,1.0,0.9333,0.9655,13563.1
159,'vitenzi sunglass full readers for women not bifocals',15,B08739PSJ9,VITENZI Full Reader Sunglasses Cat Eye Readers for Reading Under the Verona Sun in Tortoise 2.75,E,TP,2,1.0,0.9333,0.9655,13563.1
159,'vitenzi sunglass full readers for women not bifocals',15,B0873C1MX8,VITENZI Full Reader Sunglasses Retro Rectangle Readers for Reading Under The Trento Sun in Gray 2.50,E,TP,3,1.0,0.9333,0.9655,13563.1
159,'vitenzi sunglass full readers for women not bifocals',15,B0873B8ZL4,VITENZI Full Reader Sunglasses Square Readers for Reading Under the Carpi Sun in Turquoise 2.00,E,TP,4,1.0,0.9333,0.9655,13563.1
159,'vitenzi sunglass full readers for women not bifocals',15,B0873BH99W,VITENZI Full Reader Sunglasses Semi Rimless Browline Readers for Reading Under the Tivoli Sun in Matte Black 2.00,E,TP,5,1.0,0.9333,0.9655,13563.1
159,'vitenzi sunglass full readers for women not bifocals',15,B0873B7GP3,VITENZI Full Reader Sunglasses Classic Readers for Reading Under the Prato Sun in Black 2.25,E,TP,6,1.0,0.9333,0.9655,13563.1
159,'vitenzi sunglass full readers for women not bifocals',15,B08739TQNV,VITENZI Full Reader Sunglasses Cat Eye Readers for Reading Under the Florence Sun in Tortoise 2.75,E,TP,7,1.0,0.9333,0.9655,13563.1
159,'vitenzi sunglass full readers for women not bifocals',15,B0873B342T,VITENZI Full Reader Sunglasses Aviator Readers for Reading Under the Anzio Sun in Gunmetal 2.50,E,TP,8,1.0,0.9333,0.9655,13563.1
159,'vitenzi sunglass full readers for women not bifocals',15,B0873C3HRJ,VITENZI Full Reader Sunglasses Librarian Readers for Reading Under the Gela Sun in Black 1.75,E,TP,9,1.0,0.9333,0.9655,13563.1
159,'vitenzi sunglass full readers for women not bifocals',15,B0873BY37C,VITENZI Full Reader Sunglasses Retro Classic Readers for Reading Under the Turin Sun in Black 2.50,E,TP,10,1.0,0.9333,0.9655,13563.1
159,'vitenzi sunglass full readers for women not bifocals',15,B0873CCPF8,VITENZI Full Reader Sunglasses Oversized Cat Eye Readers for Reading Under the Barletta Sun in Champagne 1.75,E,TP,11,1.0,0.9333,0.9655,13563.1
159,'vitenzi sunglass full readers for women not bifocals',15,B08739LJT8,VITENZI Full Reader Sunglasses Classic Readers for Reading Under the Rimini Sun in Black 1.75,E,TP,12,1.0,0.9333,0.9655,13563.1
159,'vitenzi sunglass full readers for women not bifocals',15,B08739NDCZ,VITENZI Full Reader Sunglasses Vintage Readers for Reading Under the Lucca Sun in Burgundy 3.00,E,TP,13,1.0,0.9333,0.9655,13563.1
159,'vitenzi sunglass full readers for women not bifocals',15,B0873BJQG7,VITENZI Full Reader Sunglasses Oversized Readers for Reading Under the Ferrara Sun in Red 3.00,E,TP,14,1.0,0.9333,0.9655,13563.1
159,'vitenzi sunglass full readers for women not bifocals',15,B08MVYTBX7,"WEMOOTANTS Square Reader Sunglasses for Women Round Outdoor Reading Glasses Blue Light Blocking 1.00 1.25 1.50 1.75 2.00 2.25 2.50 2.75 3.00 3.50 4.00 (Transparent, 4.0)",E,FN,,1.0,0.9333,0.9655,13563.1
160,'why not me?' by mindy kaling,2,B00X690KZM,Why Not Me?,E,TP,1,0.5,0.5,0.5,11686.82
160,'why not me?' by mindy kaling,2,1645438805,Why Not Me?,I,FP,2,0.5,0.5,0.5,11686.82
160,'why not me?' by mindy kaling,2,1722123966,Mindy Kaling: A Biography,E,FN,,0.5,0.5,0.5,11686.82
164,(8 pack) for not samsung galaxy a71 5g case,12,B08933DQCY,"E-Began Case Compatible for Samsung Galaxy A71 5G with [Built-in Screen Protector] (Not Fit A71 5G UW Verizon), Full-Body Protective Shockproof Rugged Bumper Durable Case Cover -Clear",E,TP,1,0.6667,0.6667,0.6667,12645.33
164,(8 pack) for not samsung galaxy a71 5g case,12,B08FY2J25Q,Hapitek for Samsung Galaxy A71 5G case Shockproof Protective Hybrid Heavy Duty Tough 3 in 1 Rugged Case for Samsung Galaxy A71 5G 2020 [Not for Verizon A71 5G UW],S,FP,2,0.6667,0.6667,0.6667,12645.33
164,(8 pack) for not samsung galaxy a71 5g case,12,B08P2DPKSQ,"NZND Case for Samsung Galaxy A71 5G with Built-in Screen Protector, (Not Fit A71 5G UW Verizon) Full-Body Protective Shockproof Bumper Cover, Impact Resist Durable Case -Flower Design Plum Blossom",S,FP,3,0.6667,0.6667,0.6667,12645.33
164,(8 pack) for not samsung galaxy a71 5g case,12,B091YLLG6G,Compatible with Samsung Galaxy A71 5G Wallet Case Tempered Glass Screen Protector Zipper Leather Flip Cover Card Holder Stand Accessories Phone Cases for Glaxay A 71 G5 Gaxaly 71A S71 Women Men Brown,E,TP,4,0.6667,0.6667,0.6667,12645.33
164,(8 pack) for not samsung galaxy a71 5g case,12,B08SHFRN63,"NGB Samsung Galaxy A71 5G Case with Tempered Glass Screen Protector, Ring Holder (Not Fit A71 4G), Girls Women Liquid Bling Sparkle Flowing Floating Glitter Quicksand Soft Clear Cute Case -Blue/Purple",E,TP,5,0.6667,0.6667,0.6667,12645.33
164,(8 pack) for not samsung galaxy a71 5g case,12,B08BMR1YJQ,"E-Began Case Compatible for Samsung Galaxy A71 5G Case with Tempered Glass Screen Protector, [Not Fit A71 5G UW Verizon] Sparkle Glitter Liquid Quicksand, Girls Women Kids Cute Case -Aqua/Purple",E,TP,6,0.6667,0.6667,0.6667,12645.33
164,(8 pack) for not samsung galaxy a71 5g case,12,B08J3MZN2T,"Bnuoda Galaxy A71 5G Case, Heavy Duty Shockproof Cover Full-Body Armor Protective Defender Case for Samsung Galaxy A71 5G US Version NOT Compatible with The UW Version and International Version",I,FP,7,0.6667,0.6667,0.6667,12645.33
164,(8 pack) for not samsung galaxy a71 5g case,12,B08BJC5MZ2,"E-Began Case for Samsung Galaxy A71 5G with Tempered Glass Screen Protector (Full Coverage), Belt Clip Holster w/Kickstand Heavy Duty Armor Defender Shockproof Case [Not Fit A71 5G UW Verizon] -Camo",E,TP,8,0.6667,0.6667,0.6667,12645.33
164,(8 pack) for not samsung galaxy a71 5g case,12,B08BRC33RQ,Sucnakp for Galaxy A71 5G Case(Not Fit A71 5G UW Verizon) Samsung A71 5G Case with Screen Protector Protection Cell Phone Cover for Samsung Galaxy A71 5G（LT Dark Green）,E,TP,9,0.6667,0.6667,0.6667,12645.33
164,(8 pack) for not samsung galaxy a71 5g case,12,B08GLPWPM8,"Galaxy A71 5G Case, for Samsung Galaxy A71 5G Case, Thybx [Drop Protection] Full Body Shock Dust Absorbing Grip Plastic Bumper TPU 3-Layers Durable Solid Phone Sturdy Hard Cases Cover [Wine Red]",E,TP,10,0.6667,0.6667,0.6667,12645.33
164,(8 pack) for not samsung galaxy a71 5g case,12,B08HRB4NFK,"E-Began Case for Samsung Galaxy A71 5G with Tempered Glass Screen Protector, Magnetic Metal Built-in Diamond Ring Stand Holder, Full-Body Protective Case [Not Fit A71 5G UW Verizon] -Pink/Purple",S,FP,11,0.6667,0.6667,0.6667,12645.33
164,(8 pack) for not samsung galaxy a71 5g case,12,B08BCP1S22,"(8 Pack) for Samsung Galaxy A71 5G Case [NOT for Verizon A71 5G UW],Soft Silicone Gel Bumper Phone Case Shockproof Cover for Samsung A71 5G, Red, Light Pink, Yellow, deepPink,Green,Purple,Blue, Black",E,TP,12,0.6667,0.6667,0.6667,12645.33
164,(8 pack) for not samsung galaxy a71 5g case,12,B08MZ9S7D6,"NZND Case for Samsung Galaxy A71 5G with Tempered Glass Screen Protector [Not Fit A71 4G/A71 5G UW Verizon], Glitter Sparkle Bling Leather Shockproof Protective, Girls Women Kids Cute Case -Rose Gold",E,FN,,0.6667,0.6667,0.6667,12645.33
164,(8 pack) for not samsung galaxy a71 5g case,12,B08CSGN5RY,PBRO Case for Samsung Galaxy A71 5G Case [Not A71 5G UW Verizon] Cute Universe Case Dual Layer Hybrid Anti-Slip Sturdy Case Rugged Shockproof Case for Samsung Galaxy A71 5G-Black,E,FN,,0.6667,0.6667,0.6667,12645.33
164,(8 pack) for not samsung galaxy a71 5g case,12,B094XYSR64,"Jeylly for Samsung Galaxy A71 5G UW (Verizon) Case [Not Fit A71 4G/5G], Full Body 2 in 1 Soft TPU Bumper Anti Scratch Non Slip Colorful Oil Painting Watercolor Protective Girls Case Cover, Blue/Purple",E,FN,,0.6667,0.6667,0.6667,12645.33
164,(8 pack) for not samsung galaxy a71 5g case,12,B08MB4XN4M,"Banzn Case for Samsung Galaxy A71 5G, Premium Leather Slim Stylish Elegant Soft Grip Shockproof Anti-Scratch Protection Cover Cases for Samsung Galaxy A71 5G (6.7"") 2020 (Red)",E,FN,,0.6667,0.6667,0.6667,12645.33
165,"(8 pck, one without packaging ) umbra single",6,B01I58U4PE,"Umbra Sling Kitchen Sink Accessory, Single-Sided Sponge Holder, White",I,FP,1,0.5,0.5,0.5,11639.25
165,"(8 pck, one without packaging ) umbra single",6,B083MNL3G5,"Umbra 245977-104 Cappa 1-Inch Curtain Rod, Includes 2 Matching Finials, Brackets & Hardware, 120 to 180-Inches, Brass",E,TP,2,0.5,0.5,0.5,11639.25
165,"(8 pck, one without packaging ) umbra single",6,B00FB6N9GA,"Umbra Twilight Single Curtain Rod Set – Wrap Around Design is Ideal for Blackout or Room Darkening Panels, 28-48, Nickel",E,TP,3,0.5,0.5,0.5,11639.25
165,"(8 pck, one without packaging ) umbra single",6,B005M8YXEE,"Umbra Trigem Hanging Jewelry Organizer Tiered Tabletop Free Standing Necklace Holder Display, 3, Nickel/White",S,FP,4,0.5,0.5,0.5,11639.25
165,"(8 pck, one without packaging ) umbra single",6,B01ARNNQI2,Umbra Pillar Jewelry Stand/Jewelry Organizer Walnut and Black Metal Jewelry Stand With Drawer,I,FP,5,0.5,0.5,0.5,11639.25
165,"(8 pck, one without packaging ) umbra single",6,B00FB6NADW,"Umbra Twilight Single Curtain Rod Wrap Around Design for Blackout or Room Darkening Panels, 48-88"", Nickel",E,TP,6,0.5,0.5,0.5,11639.25
165,"(8 pck, one without packaging ) umbra single",6,B005M8YXEY,"Umbra Orchid Jewelry Hanging Tree Stand - Multi-Functional Necklace Metal Holder Display Organizer Rack With a Ring Dish Tray - Great For Organization - Can Be Used As Decor, Dining Room Centerpiece",E,FN,,0.5,0.5,0.5,11639.25
165,"(8 pck, one without packaging ) umbra single",6,B073V44H23,"Amazon Basics Tension Curtain Rod, Adjustable 78-108"" Width - Black, Classic Finial",E,FN,,0.5,0.5,0.5,11639.25
165,"(8 pck, one without packaging ) umbra single",6,B00FB6MHHW,"Umbra Cappa ¾” Adjustable Curtain Rod for Windows, 72 to 144-inches, Nickel",E,FN,,0.5,0.5,0.5,11639.25
174,(if you’re not in it for love) i’m outta here!,2,B00CMGLVIA,(If You're Not in It for Love) I'm Outta Here!,E,TP,1,0.5,0.5,0.5,12534.33
174,(if you’re not in it for love) i’m outta here!,2,B017MY5R8G,Just Pretend I'm Not Here Graphic Novelty Sarcastic Funny T Shirt XL Black,I,FP,2,0.5,0.5,0.5,12534.33
174,(if you’re not in it for love) i’m outta here!,2,B012XYJAZ6,A Word Boring People Use Graphic Novelty Sarcastic Funny T Shirt XL Black,E,FN,,0.5,0.5,0.5,12534.33
177,(p_num: integer not null i_num: integer not null,8,B07BHHV844,"HiLetgo 2pcs 1.3"" IIC I2C Serial 128x64 SSH1106 OLED LCD Display LCD Module for Arduino AVR PIC STM32",I,FP,1,0.0,0.0,0.0,12238.84
177,(p_num: integer not null i_num: integer not null,8,B07QWW8TQX,ITX Matx ATX Water Cooling Motherboard Test Bench Open Air Frame Computer Case Aluminum Bracket DIY Bare Frame Support Graphics Card,I,FP,2,0.0,0.0,0.0,12238.84
177,(p_num: integer not null i_num: integer not null,8,B0921VFJ2C,"NexiGo N960E 1080P 60FPS Webcam with Light, Software Included, Fast AutoFocus, Built-in Privacy Cover, USB Web Camera, Dual Stereo Microphone, for Zoom Meeting Skype Teams Twitch",I,FP,3,0.0,0.0,0.0,12238.84
177,(p_num: integer not null i_num: integer not null,8,B097SYT799,5 Pack (10FT) USB C Cable 2.4A Fast Charger USB Type c Cable for iPad Pro 2020 iPad Air 4 Samsung Galaxy S9 S8 Note 9 Note 8 Galaxy Note 20 10 S21 S20 S10 Plus Quick Data Cord,I,FP,4,0.0,0.0,0.0,12238.84
177,(p_num: integer not null i_num: integer not null,8,B084FSYNMD,"RUNMUS Gaming Headset for PS5, Xbox One, PC Headset with 7.1 Surround Sound, PS5 Headset with Noise Canceling Mic & LED Light, Compatible with New Xbox One, PC, PS5, PS4, Mac, Laptop",I,FP,5,0.0,0.0,0.0,12238.84
177,(p_num: integer not null i_num: integer not null,8,B087Z5NCWM,"Black Foldable Nursing Clipboard with Pen Holder, Medical Penlight (Blue) for Nurses with Pupil Gauge/Ruler, Reference Guides for Nursing Students – Lightweight Aluminum Construction, HIPAA Compliant",I,FP,6,0.0,0.0,0.0,12238.84
177,(p_num: integer not null i_num: integer not null,8,B092ZZLN8C,Blackmagic Design Micro Converter SDI to HDMI 3G with Power Supply Bundle with Knox Gear Nylon-Braided 4K High-Speed HDMI Cable (2 Items),I,FP,7,0.0,0.0,0.0,12238.84
177,(p_num: integer not null i_num: integer not null,8,B06ZZGXTTK,Sapphire 11265-07-20G Radeon Nitro+ Rx 580 4GB GDDR5 Dual HDMI/ DVI-D/ Dual DP with Backplate (UEFI) PCI-E Graphics Card,I,FP,8,0.0,0.0,0.0,12238.84
177,(p_num: integer not null i_num: integer not null,8,B00TP1UA00,Didax Educational Resources Unifix Cubes Set (100 Pack),E,FN,,0.0,0.0,0.0,12238.84
177,(p_num: integer not null i_num: integer not null,8,B0006L2XNK,"Greens First - Original - 30 Servings - Nutrient Rich-antioxidant Superfood, 49 Different Super Foods, Phytonutrient & Antioxidant, Revitalize, Gluten Free, Vegan & Non-GMO - 9.95 Ounce",E,FN,,0.0,0.0,0.0,12238.84
177,(p_num: integer not null i_num: integer not null,8,B01MTPCPLS,"MiraLAX Laxative Powder for Gentle Constipation Relief, #1 Dr. Recommended Brand, 45 Dose Polyethylene Glycol 3350, Stimulant-Free, Softens Stool",E,FN,,0.0,0.0,0.0,12238.84
177,(p_num: integer not null i_num: integer not null,8,B00U47FDP6,"Super Greens | #1 Green Superfood Powder | 100% USDA Organic Non-GMO Vegan Supplement | 20+ Whole Foods (Spirulina, Wheat Grass, Barley), Probiotics, Fiber & Enzymes (Original, 30 Servings)",E,FN,,0.0,0.0,0.0,12238.84
177,(p_num: integer not null i_num: integer not null,8,B0767LG3KK,"Your Super - Super Green Juice Powder - Immune Support, Increase Intake of Mixed Greens, Plant Based Superfood - Wheatgrass, Barley Grass, Baobab, Moringa, Chlorella, Spirulina Powder - 30 Servings",E,FN,,0.0,0.0,0.0,12238.84
177,(p_num: integer not null i_num: integer not null,8,B083JM99Q8,"Turmeric Curcumin Supplement with Ginger & Apple Cider Vinegar, BioPerine Black Pepper, Tumeric & Ginger, 95% Curcuminoids & Joint Supplement, Antioxidant Tumeric Supplements Capsules, Nature's Base",E,FN,,0.0,0.0,0.0,12238.84
177,(p_num: integer not null i_num: integer not null,8,B004TJD758,"Amazing Grass Greens Blend Antioxidant: Super Greens Powder with Spirulina, Beet Root Powder, Elderberry, Bilberry, Prebioitics & Probiotics, Sweet Berry, 30 Servings (Packaging May Vary)",E,FN,,0.0,0.0,0.0,12238.84
177,(p_num: integer not null i_num: integer not null,8,B000URL296,"Learning Resources MathLink Cubes - Set of 100 Cubes, Ages 5+, Develops Early Math Skills, STEM Based Learning, Math Cubes Manipulatives, Math Counter Cubes for Kids",E,FN,,0.0,0.0,0.0,12238.84
182,"(the scale does not lie, people do)",2,B091P5X7LB,Dr Younan Nowzaradan Dr Now Scale Doesnt Lie People Lie Women T-Shirt/Men Shirt/Hoodie/Sweatshirt,C,FP,1,0.5,0.5,0.5,12506.86
182,"(the scale does not lie, people do)",2,0997225211,"The Scale Does Not Lie, People Do",E,TP,2,0.5,0.5,0.5,12506.86
182,"(the scale does not lie, people do)",2,1623157730,Fresh Start Bariatric Cookbook: Healthy Recipes to Enjoy Favorite Foods After Weight-Loss Surgery,E,FN,,0.5,0.5,0.5,12506.86
184,(thermos funtainer without the handle on the lid) - 2 pack,11,B00L9GW24Q,Thermos Funtainer Replacement Straw 12 Ounce For Bottle Model Number F400 (Thermos Funtainer Without The Handle On The Lid) - 2 pack,E,TP,1,0.6364,0.6364,0.6364,13100.49
184,(thermos funtainer without the handle on the lid) - 2 pack,11,B07984546D,3-Pack of Thermos (TM) Food Jar 10 Ounce FUNtainer (TM) -Compatible Gaskets / O-Rings / Seals by Impresa Products - BPA-/Phthalate-/Latex-Free - Replacement for 10 Ounce Container,S,FP,2,0.6364,0.6364,0.6364,13100.49
184,(thermos funtainer without the handle on the lid) - 2 pack,11,B08QZFXVCW,"MAXSO 2 Pack Vacuum Insulated Food Jar Hot Food Containers for Lunch School Soup Thermos For Kids,Travel Food Flask Hot Cold (24oz,17oz) (Shinny Blue)",S,FP,3,0.6364,0.6364,0.6364,13100.49
184,(thermos funtainer without the handle on the lid) - 2 pack,11,B07X28981H,"THERMOS FUNTAINER 12 Ounce Stainless Steel Vacuum Insulated Kids Straw Bottle, Frozen 2",E,TP,4,0.6364,0.6364,0.6364,13100.49
184,(thermos funtainer without the handle on the lid) - 2 pack,11,B08VFCH7C9,"THERMOS FUNTAINER 16 Ounce Stainless Steel Vacuum Insulated Bottle with Wide Spout Lid, Black Matte",S,FP,5,0.6364,0.6364,0.6364,13100.49
184,(thermos funtainer without the handle on the lid) - 2 pack,11,B07Z9P9L9H,"Thermos FUNtainer Lunch Set Bottle and Food Jar for Kids BPA Free Dishwasher Safe, 2 PC (Blue, 2 PC Set)",E,TP,6,0.6364,0.6364,0.6364,13100.49
184,(thermos funtainer without the handle on the lid) - 2 pack,11,B00DAPQT3O,"THERMOS FUNTAINER 12 Ounce Stainless Steel Vacuum Insulated Kids Straw Bottle, Pink",I,FP,7,0.6364,0.6364,0.6364,13100.49
184,(thermos funtainer without the handle on the lid) - 2 pack,11,B08NCN1VZW,"THERMOS FUNTAINER 10 Ounce Stainless Steel Vacuum Insulated Kids Food Jar with Folding Spoon, Grey",E,TP,8,0.6364,0.6364,0.6364,13100.49
184,(thermos funtainer without the handle on the lid) - 2 pack,11,B00TZLTVUA,"Thermos THRF401RS6 Replacement Straw Set of 2, one size, Clear",E,TP,9,0.6364,0.6364,0.6364,13100.49
184,(thermos funtainer without the handle on the lid) - 2 pack,11,B01M7NHMC3,"THERMOS FUNTAINER 10 Ounce Stainless Steel Vacuum Insulated Kids Food Jar, Lime Green",E,TP,10,0.6364,0.6364,0.6364,13100.49
184,(thermos funtainer without the handle on the lid) - 2 pack,11,B083G4MZPK,"Thermoflask Double Wall Vacuum Insulated Stainless Steel Water Bottle 2-Pack, Midnight/Stone",E,TP,11,0.6364,0.6364,0.6364,13100.49
184,(thermos funtainer without the handle on the lid) - 2 pack,11,B00JFB2RA6,Thermos FBB500SS4 Vacuum Insulated 16 Ounce Compact Stainless Steel Beverage Bottle,E,FN,,0.6364,0.6364,0.6364,13100.49
184,(thermos funtainer without the handle on the lid) - 2 pack,11,B08MWH5LZM,"DOITOOL Bullet Shaped Thermos Bottle, Stainless Steel Water Bottle, Vacuum Insulated Thermos Cup for Camping Travelling",E,FN,,0.6364,0.6364,0.6364,13100.49
184,(thermos funtainer without the handle on the lid) - 2 pack,11,B08GG8YHMR,"BJPKPK Stainless Steel Thermo Bottle 17 Oz. Insulated Water Bottle, Thermo Bottles for hot and Cold Drinks up to 12 h Heat and 24 h Cold, Pink",E,FN,,0.6364,0.6364,0.6364,13100.49
184,(thermos funtainer without the handle on the lid) - 2 pack,11,B07DLHHSNJ,DuraFlask Explorer Double-Wall Vacuum Insulated Water Bottle (32oz) w/3 Thermal Optimizing Layers - Copper Dipped & 18/8 Stainless Steel Water Bottle Keeps Drinks & Food at Ideal Temperature Longer,E,FN,,0.6364,0.6364,0.6364,13100.49
185,(travel size) juillet has a gun perfume not a perfume,11,B07FHPMP9G,"Juliette Has A Gun Eau de Parfum Spray, Moscow Mule, 0.25 Fl Oz",E,TP,1,0.6364,0.6364,0.6364,12737.72
185,(travel size) juillet has a gun perfume not a perfume,11,B08KHCKCWX,"Juliette Has A Gun Musc Invisible Eau de Parfum, 3.3 fl. oz.",S,FP,2,0.6364,0.6364,0.6364,12737.72
185,(travel size) juillet has a gun perfume not a perfume,11,B012VFVMGC,"Juliette Has A Gun Another Oud Eau De Parfum, 3.3 Fl Oz",S,FP,3,0.6364,0.6364,0.6364,12737.72
185,(travel size) juillet has a gun perfume not a perfume,11,B01C7M4R02,"Juliette Has A Gun Vengeance Extreme Eau de Parfum Spray, 3.3 Fl Oz",E,TP,4,0.6364,0.6364,0.6364,12737.72
185,(travel size) juillet has a gun perfume not a perfume,11,B089KLC5J8,"Juliette Has A Gun Lipstick Fever Eau de Parfum, 1.7 fl. oz.",E,TP,5,0.6364,0.6364,0.6364,12737.72
185,(travel size) juillet has a gun perfume not a perfume,11,B00GHBIJJK,"Juliette Has A Gun Anyway Eau de Parfum Spray, 3.4 Fl Oz",S,FP,6,0.6364,0.6364,0.6364,12737.72
185,(travel size) juillet has a gun perfume not a perfume,11,B0151AF86E,"Juliette Has A Gun Miss Charming Eau de Parfum Spray, 3.3 Fl Oz",S,FP,7,0.6364,0.6364,0.6364,12737.72
185,(travel size) juillet has a gun perfume not a perfume,11,B0157V6USM,"Juliette Has A Gun Not A Perfume Eau de Parfum Spray, 3.3 Fl Oz",E,TP,8,0.6364,0.6364,0.6364,12737.72
185,(travel size) juillet has a gun perfume not a perfume,11,B07CD5T5QV,"Juliette Has A Gun Moscow Mule Eau De Parfum Spray, 3.3 Fl Oz",E,TP,9,0.6364,0.6364,0.6364,12737.72
185,(travel size) juillet has a gun perfume not a perfume,11,B0130MFX74,"Juliette Has A Gun Not A Perfume Eau de Parfum Spray, 1.7 Fl Oz",E,TP,10,0.6364,0.6364,0.6364,12737.72
185,(travel size) juillet has a gun perfume not a perfume,11,B07B3XQZ42,"Juliette Has a Gun Not A Perfume Eau de Parfum Spray, 0.25 Fl Oz",E,TP,11,0.6364,0.6364,0.6364,12737.72
185,(travel size) juillet has a gun perfume not a perfume,11,B01LXZ5W0L,"Juliette Has A Gun MMMM Eau de Parfum Spray, 1.7 Fl Oz",E,FN,,0.6364,0.6364,0.6364,12737.72
185,(travel size) juillet has a gun perfume not a perfume,11,B004JY1U9I,"TokyoMilk Dark Eau de Parfum | Daring, Provocative Perfume | Intoxicating, Alluring Fragrance Notes Form a Unique, Sensory Experience",E,FN,,0.6364,0.6364,0.6364,12737.72
185,(travel size) juillet has a gun perfume not a perfume,11,B001KYQBUI,"Garden Botanika Heart Eau De Parfum, 3.2 Fluid Ounce",E,FN,,0.6364,0.6364,0.6364,12737.72
185,(travel size) juillet has a gun perfume not a perfume,11,B00858E4B0,"Juliette Has A Gun Miss Charming Eau de Parfum Spray, 1.7 Fl Oz",E,FN,,0.6364,0.6364,0.6364,12737.72
194,* batteries not included,3,B08LK4VQFH,Curious Adventuresome Retro Kids Movie Pack Small Soldiers + Batteries Not Included & Explorers Fantasy Triple Feature,S,FP,1,0.6667,0.6667,0.6667,11666.81
194,* batteries not included,3,B00GDLKJ6U,*Batteries Not Included,E,TP,2,0.6667,0.6667,0.6667,11666.81
194,* batteries not included,3,0783232047,*Batteries Not Included,E,TP,3,0.6667,0.6667,0.6667,11666.81
194,* batteries not included,3,B097RYXBFT,"mafiti Electric Fly Swatter Fly Killer Bug Zapper Racket for Indoor and Outdoor 2AA Batteries not Included (2, Blue)",E,FN,,0.6667,0.6667,0.6667,11666.81
206,*smoke brisket not meth* shirt,34,B09495GY6L,Funny Men BBQ Smoke Brisket Not Meth Novelty Grilling T-Shirt,E,TP,1,0.8824,0.8824,0.8824,15501.83
206,*smoke brisket not meth* shirt,34,B08XQ182HX,Funny Smoke Brisket Not Meth Barbeque Meat Grilling BBQ T-Shirt,E,TP,2,0.8824,0.8824,0.8824,15501.83
206,*smoke brisket not meth* shirt,34,B07ZBDV8C8,Funny Pitmaster BBQ Grillmaster Gift Smoke Brisket Not Meth Tank Top,S,FP,3,0.8824,0.8824,0.8824,15501.83
206,*smoke brisket not meth* shirt,34,B08G4KGGSL,"Smoke Brisket not meth, funny Meat barbecue T-Shirt",E,TP,4,0.8824,0.8824,0.8824,15501.83
206,*smoke brisket not meth* shirt,34,B08NQXHMJ2,Grill Master Backyard Cookout Chef Smoke Brisket Not Meth Tank Top,S,FP,5,0.8824,0.8824,0.8824,15501.83
206,*smoke brisket not meth* shirt,34,B08FBJCNCN,"TeesPure Funny Vintage BBQ Meat Eaters Smoke Brisket Not Meth Shirt Short Sleeve Tee (Black, XL)",E,TP,6,0.8824,0.8824,0.8824,15501.83
206,*smoke brisket not meth* shirt,34,B0966B39T1,Funny Retro BBQ Smoking Meat Lover - Smoke Brisket Not Meth T-Shirt,E,TP,7,0.8824,0.8824,0.8824,15501.83
206,*smoke brisket not meth* shirt,34,B084CMHBR5,Smoke Brisket Not Meth T-Shirt Grilling Barbecue BBQ T-Shirt,E,TP,8,0.8824,0.8824,0.8824,15501.83
206,*smoke brisket not meth* shirt,34,B07NQG3PHH,"BBQ, Smoke Brisket Not Meth Funny Novelty Quote T-Shirt",E,TP,9,0.8824,0.8824,0.8824,15501.83
206,*smoke brisket not meth* shirt,34,B08P4BMQRX,Smoke Brisket Not Meth Funny Brisket Shirt BBQ Grilling T-Shirt,E,TP,10,0.8824,0.8824,0.8824,15501.83
206,*smoke brisket not meth* shirt,34,B08CTYVRMH,Smoke Brisket Not Meth Funny BBQ Barbeque Smoker Grill Gift Tank Top,S,FP,11,0.8824,0.8824,0.8824,15501.83
206,*smoke brisket not meth* shirt,34,B07WX5186S,Funny BBQ Grillmaster Gift - Smoke Brisket Not Meth Premium T-Shirt,E,TP,12,0.8824,0.8824,0.8824,15501.83
206,*smoke brisket not meth* shirt,34,B08Y5VWX29,Funny Barbeque Meat Grilling BBQ Smoke Brisket Not Meth Tank Top,E,TP,13,0.8824,0.8824,0.8824,15501.83
206,*smoke brisket not meth* shirt,34,B093R1RJ54,Smoke Meat Not Meth Grilled BBQ Dad Brisket Grilling T-Shirt,E,TP,14,0.8824,0.8824,0.8824,15501.83
206,*smoke brisket not meth* shirt,34,B08GR2VK13,Smoke Brisket Not Meth I Grillmaster Grill Barbecue Dad Gift T-Shirt,E,TP,15,0.8824,0.8824,0.8824,15501.83
206,*smoke brisket not meth* shirt,34,B08XPZ4XJG,Funny Barbeque Meat Grilling BBQ Smoke Brisket Not Meth T-Shirt,E,TP,16,0.8824,0.8824,0.8824,15501.83
206,*smoke brisket not meth* shirt,34,B09666RKQQ,Funny Retro BBQ Smoking Meat Lover - Smoke Brisket Not Meth T-Shirt,E,TP,17,0.8824,0.8824,0.8824,15501.83
206,*smoke brisket not meth* shirt,34,B08C2T96T8,"Casual T-Shirts - Funny Meat Eaters Smoke Brisket Not Meth - Crew Neck Short Sleeve Gifts, Black, S",E,TP,18,0.8824,0.8824,0.8824,15501.83
206,*smoke brisket not meth* shirt,34,B0829P2V81,"Smoke brisket, not Meth - Fun BBQ T-Shirt",E,TP,19,0.8824,0.8824,0.8824,15501.83
206,*smoke brisket not meth* shirt,34,B08D49L7XX,Vintage Smoke Brisket Not Meth Tee Funny Barbecue Grill T-Shirt,E,TP,20,0.8824,0.8824,0.8824,15501.83
206,*smoke brisket not meth* shirt,34,B093ZLZ382,BBQ Smoke Meat Not Meth Brisket Ribs Grey Vintage Distressed T-Shirt,S,FP,21,0.8824,0.8824,0.8824,15501.83
206,*smoke brisket not meth* shirt,34,B07ZLF2SLG,"Funny Meat eaters, Smoke Brisket not Meth - Men Womens T-Shirt",E,TP,22,0.8824,0.8824,0.8824,15501.83
206,*smoke brisket not meth* shirt,34,B08DJJXQ46,Smoke Brisket Not Meth Funny BBQ Grilling Master Vintage T-Shirt,E,TP,23,0.8824,0.8824,0.8824,15501.83
206,*smoke brisket not meth* shirt,34,B07ZBDCG4V,Funny Pitmaster BBQ Grillmaster Gift Smoke Brisket Not Meth T-Shirt,E,TP,24,0.8824,0.8824,0.8824,15501.83
206,*smoke brisket not meth* shirt,34,B08D7731Y4,Smoke Brisket Not Meth Funny BBQ Grill Grilling T-Shirt,E,TP,25,0.8824,0.8824,0.8824,15501.83
206,*smoke brisket not meth* shirt,34,B0826NSQW4,Womens Smoke Brisket Not Meth Smoking BBQ Cow Meat Smoker Gift V-Neck T-Shirt,E,TP,26,0.8824,0.8824,0.8824,15501.83
206,*smoke brisket not meth* shirt,34,B08P8N4MCM,Funny BBQ Shirt Smoke Brisket Not Meth Grilling Fathers Day T-Shirt,E,TP,27,0.8824,0.8824,0.8824,15501.83
206,*smoke brisket not meth* shirt,34,B08T7MLX3P,Vintage Smoke Brisket Not Meth Tank Top,E,TP,28,0.8824,0.8824,0.8824,15501.83
206,*smoke brisket not meth* shirt,34,B07YXPFGKB,BBQ Smoke Brisket Not Meth Funny Novelty Quote T-Shirt,E,TP,29,0.8824,0.8824,0.8824,15501.83
206,*smoke brisket not meth* shirt,34,B08D1KT7L2,Smoke Brisket Not Meth Vintage T-Shirt,E,TP,30,0.8824,0.8824,0.8824,15501.83
206,*smoke brisket not meth* shirt,34,B08CKPGGPK,Smoke Meat Brisket Not Meth Quote BBQ Gift Home Cook Dad Men T-Shirt,E,TP,31,0.8824,0.8824,0.8824,15501.83
206,*smoke brisket not meth* shirt,34,B08KHXGBTS,Smoke Brisket Not Meth Distressed Smoker Pork Grilling Steak T-Shirt,E,TP,32,0.8824,0.8824,0.8824,15501.83
206,*smoke brisket not meth* shirt,34,B08DM718TC,Smoke Brisket Not Meth - Funny BBQ Grilling Meat Gift T-Shirt,E,TP,33,0.8824,0.8824,0.8824,15501.83
206,*smoke brisket not meth* shirt,34,B07S4MBZTL,"BBQ, Smoke Brisket Not Meth Funny Novelty Quote T-Shirt",E,TP,34,0.8824,0.8824,0.8824,15501.83
206,*smoke brisket not meth* shirt,34,B081RP3QJZ,Funny BBQ Shirt Smoke Brisket Not Meth Novelty Grilling T-Shirt,E,FN,,0.8824,0.8824,0.8824,15501.83
206,*smoke brisket not meth* shirt,34,B08D8H2C23,Mens Vintage Smoke Meat Brisket Not Meth Quote BBQ Gift Home Cook T-Shirt,E,FN,,0.8824,0.8824,0.8824,15501.83
206,*smoke brisket not meth* shirt,34,B09176G4C6,Smoke Meat Not Meth Grilled BBQ Dad Brisket Grilling T-Shirt,E,FN,,0.8824,0.8824,0.8824,15501.83
206,*smoke brisket not meth* shirt,34,B09666PNK4,Funny Retro BBQ Smoking Meat Lover - Smoke Brisket Not Meth T-Shirt,E,FN,,0.8824,0.8824,0.8824,15501.83
207,+ 200 bifocal glasses without line for men,18,B07XG4VNFT,"Gaoye Progressive Multifocal Reading Glasses Blue Light Blocking for Women Men,No Line Multifocus Readers with Spring Hinge (Black-Purple, 200)",E,TP,1,0.6111,0.6111,0.6111,13714.7
207,+ 200 bifocal glasses without line for men,18,B07J2YV7QG,"Blue Light and Antifatigue Progressive Multifocal Reading Glasses Women Men Reader Bifocal Eyeglasses with Box (red, 2.5)",E,TP,2,0.6111,0.6111,0.6111,13714.7
207,+ 200 bifocal glasses without line for men,18,B0919KX1HK,Eyekepper 4-Pack Progressive Multifocus Reading Glasses Blue Light Blocking for Women Men No Line Multifocal Readers +2.00,E,TP,3,0.6111,0.6111,0.6111,13714.7
207,+ 200 bifocal glasses without line for men,18,B08C7J1R4G,Bifocal Reading Glasses Men Blue Light Blocking Computer Glasses Titanium Alloy Legs Reader Black 2.5x,E,TP,4,0.6111,0.6111,0.6111,13714.7
207,+ 200 bifocal glasses without line for men,18,B08K8CNCXH,"BFOCO Noline Bifocal Progressive Multifocus 3 Levels Vision Reading Glasses Blue Light Blocking(Grey Frame,+2.00)",E,TP,5,0.6111,0.6111,0.6111,13714.7
207,+ 200 bifocal glasses without line for men,18,B08BWXC4K8,"LifeArt Bifocal Reading Glasses, Transition Photochromic Dark Grey Sunglasses, Oval Frame, Computer Reading Glasses, Anti Glare (Tortoise, +0.00/+2.00 Magnification)",E,TP,6,0.6111,0.6111,0.6111,13714.7
207,+ 200 bifocal glasses without line for men,18,B08K8M4BBV,Rimless Bifocal Reading Glasses Blue Light Blocking Eyewear Anti Glare Filter UV,E,TP,7,0.6111,0.6111,0.6111,13714.7
207,+ 200 bifocal glasses without line for men,18,B07CQ793XR,proSPORT Bifocal 2 Pair Combo +2.00 Sporty Wraparound Full Black Frame with Nearly Invisible Smoke Lens Bifocal Line for Men and Women,I,FP,8,0.6111,0.6111,0.6111,13714.7
207,+ 200 bifocal glasses without line for men,18,B082YQHQ85,MWAH Multifocal Reading Glasses for Men Progressive Half Frame Titanium Alloy Blue Light Blocking Computer Reading Glasses No Line Multifocal Reading Glasses (Black 2.5 x),E,TP,9,0.6111,0.6111,0.6111,13714.7
207,+ 200 bifocal glasses without line for men,18,B08HPPWQRM,"Men's Bifocal Reading Glasses Business Sun Photochromic Lens Metal Frame 2020 Fashion Eyewear Presbyopia (Black, 0.00/+2.00 Magnification)",E,TP,10,0.6111,0.6111,0.6111,13714.7
207,+ 200 bifocal glasses without line for men,18,B07PRVVFVK,"LifeArt Bifocal Reading Glasses with Round Lenses, Blue Light Blocking Glasses for Women, Anti Glare, Reduce Eyestrain (Pinkfloral, +0.00/+2.00 Magnification)",I,FP,11,0.6111,0.6111,0.6111,13714.7
207,+ 200 bifocal glasses without line for men,18,B07X8ZFFWB,"Bifocal Reading Glasses UV400 Protection Lightweight Quality Sun Readers Fashion Outdoor Driving Eyeglass for Men Women, 2.0",E,TP,12,0.6111,0.6111,0.6111,13714.7
207,+ 200 bifocal glasses without line for men,18,B0895J42Z7,"MINCL/Mens Bifocal Reading Glasses Vintage Transition Photochromic Sunglasses Square Clear Magnification Presbyopia (Black, 0.00/+2.00 Magnification)",E,TP,13,0.6111,0.6111,0.6111,13714.7
207,+ 200 bifocal glasses without line for men,18,B08N11JVZK,"SIGVAN Progressive Multifocal Computer Glasses Women Men Blue Light Blocking Reading Glasses Spring Hinge Readers (2 Mix, 2.25)",S,FP,14,0.6111,0.6111,0.6111,13714.7
207,+ 200 bifocal glasses without line for men,18,B081JKMNFS,"Progressive Multifocus Reading Glasses for Men & Women, No Line Multifocal Readers Blue Light Blocking Reading Glasses, 100% UV Protection, Improved Sight, Black 2.0X",S,FP,15,0.6111,0.6111,0.6111,13714.7
207,+ 200 bifocal glasses without line for men,18,B08B5PDZZT,"Progressive Multifocus Reading Glasses Square Blue Light Blocking Computer Eyeglasses for Men and Women No Line Multifocal Readers with Spring Hinge, 200",S,FP,16,0.6111,0.6111,0.6111,13714.7
207,+ 200 bifocal glasses without line for men,18,B074CHWDMH,"Foster Grant Men's Braydon Multifocus Reading Glasses Rectangular, Gunmetal/Transparent, 54 mm + 2",S,FP,17,0.6111,0.6111,0.6111,13714.7
207,+ 200 bifocal glasses without line for men,18,B08R8BXS5V,FEISEDY Progressive Multifocus Reading Glasses Blue Light Blocking Anti EYE Strain Computer Eyeglasses B4015 （Transparent，200）,S,FP,18,0.6111,0.6111,0.6111,13714.7
207,+ 200 bifocal glasses without line for men,18,B01KJQ7ITU,"ThinOptics unisex adult Keychain Case + Reading Glasses, Black, 44 mm US",E,FN,,0.6111,0.6111,0.6111,13714.7
207,+ 200 bifocal glasses without line for men,18,B01MCW9SV0,"Foster Grant Men's Command Aviator Reading Glasses, Gunmetal/Transparent, 61 mm + 2",E,FN,,0.6111,0.6111,0.6111,13714.7
207,+ 200 bifocal glasses without line for men,18,B00LJOQO1A,Eyekepper 5-Pack Spring Hinges Vintage Reading Glasses Men Includes Sunshine Readers,E,FN,,0.6111,0.6111,0.6111,13714.7
207,+ 200 bifocal glasses without line for men,18,B07XD6PY6V,"3-Pack Bifocal Computer Reading Glasses Blue Light Blocking, Stylish Round Bifocal Readers Sunglasses Lightweight Comfort Quality Frames for Men Women, 3.0",E,FN,,0.6111,0.6111,0.6111,13714.7
207,+ 200 bifocal glasses without line for men,18,B01469HTIQ,Eyecedar Metal Half-Frame Reading Glasses Men 5-Pack Spring Hinges Stainless Steel Material Includes Sun Readers 2.00,E,FN,,0.6111,0.6111,0.6111,13714.7
207,+ 200 bifocal glasses without line for men,18,B07HK7F3F8,"4 Pairs Reading Glasses, Blue Light Blocking Glasses, Computer Reading Glasses for Women and Men, Fashion Rectangle Eyewear Frame(4 Colors, +2.50 Magnification)",E,FN,,0.6111,0.6111,0.6111,13714.7
207,+ 200 bifocal glasses without line for men,18,B06XDQX8P1,Progressive Trifocal Reading Glasses 1.00 Readers,E,FN,,0.6111,0.6111,0.6111,13714.7
212,+4x2 raised garden bed not fabric,14,B01KLUVBLU,"Giantex Raised Garden Bed Wood Planter Box Elevated Planting Container for Vegetable Flower Planter Raised Beds Outdoor Garden Bed for Backyard Patio Lawn Balcony Easy Assembly 97""x25""x10""",S,FP,1,0.3571,0.3571,0.3571,13907.04
212,+4x2 raised garden bed not fabric,14,B0085YFSEQ,"Lifetime 60069 Raised Garden Bed Kit, 4 by 4 Feet, Pack of 3",E,TP,2,0.3571,0.3571,0.3571,13907.04
212,+4x2 raised garden bed not fabric,14,B08T5Q4NXH,"Metal Raised Garden Bed Galvanized Planter Box for Vegetables, Flowers, Herbs, and Succulents (NO.1-Silver (Galvanized), 6x3x1ft)",S,FP,3,0.3571,0.3571,0.3571,13907.04
212,+4x2 raised garden bed not fabric,14,B07T499RHJ,"FOYUEE Galvanized Raised Garden Beds for Vegetables Large Metal Planter Box Steel Kit Flower Herb, 8x4x1ft",S,FP,4,0.3571,0.3571,0.3571,13907.04
212,+4x2 raised garden bed not fabric,14,B077XCFBF1,"Yaheetech Raised Garden Bed with Legs Vegetable/Flower/Herb Elevated Planter Box Gardening Standing Growing Bed Wooden for Backyard/Patio/Balcony/Outdoor/Indoor, Large Capacity 220lb",I,FP,5,0.3571,0.3571,0.3571,13907.04
212,+4x2 raised garden bed not fabric,14,B07DVTSC8Y,"Stratco Raised Garden Bed - 46"" L x 35"" W x 12"" H -Beige - Metal Construction for Easy Cleaning and Will not Twist or Rot",E,TP,6,0.3571,0.3571,0.3571,13907.04
212,+4x2 raised garden bed not fabric,14,B07T8HMV5S,zizin Galvanized Raised Garden Beds Metal Elevated Planter Box Steel Large Vegetable Flower Bed Kit (6 ×3 ×1 ft),E,TP,7,0.3571,0.3571,0.3571,13907.04
212,+4x2 raised garden bed not fabric,14,B07MFP57LB,"Cedar Raised Garden Bed Kit (48"" x 48"" x 12""), Weed Barrier Included - Unmatched Strength, Thicker Than All Other Elevated Planters - 100% Rot Resistant Cedar - Fast Assembly, No Tools Needed",E,TP,8,0.3571,0.3571,0.3571,13907.04
212,+4x2 raised garden bed not fabric,14,B08RN2Y6P7,GADI Raised Garden Bed Kit for Vegetables Flower Galvanized Metal Planter Boxs Designed for Easy DIY and Cleaning Not Twist Or Rot (Silver),S,FP,9,0.3571,0.3571,0.3571,13907.04
212,+4x2 raised garden bed not fabric,14,B078K4WFKL,"KING BIRD Raised Garden Bed 101""x 36""x 12"" 4 Installation Methods for DIY Galvanized Steel Metal Planter Kit Box Grey W/ 8pcs T-Types Tag & 2 Pairs of Gloves (Charcoal-Grey)",C,FP,10,0.3571,0.3571,0.3571,13907.04
212,+4x2 raised garden bed not fabric,14,B08QM9K227,"Land guard 6ft Metal Raised Garden Bed，2 Pcs Galvanized Planter Raised Beds Garden, Galvanized Raised Garden Beds for Vegetables………",S,FP,11,0.3571,0.3571,0.3571,13907.04
212,+4x2 raised garden bed not fabric,14,B08CS9MF3J,"Cedar Raised Garden Bed Kit - Fast Assembly, No Tools Needed - 1.5"" Thick Boards - (48"" x 48"" x 12"") - Naturally Rot-Resistant Wood – by Boldly Growing",S,FP,12,0.3571,0.3571,0.3571,13907.04
212,+4x2 raised garden bed not fabric,14,B0841HYXYC,LUCKYERMORE Raised Garden Bed Galvanized Planter Box Anti-Rust Coating Planting Vegetables Herbs and Flowers for Outdoor Use Cama de jardín,E,TP,13,0.3571,0.3571,0.3571,13907.04
212,+4x2 raised garden bed not fabric,14,B08PD9K7RQ,"zizin Raised Garden Beds Kit for Vegetables Flowers Outdoor Elevated Metal Planter Box Herb, 6x3x1ft",S,FP,14,0.3571,0.3571,0.3571,13907.04
212,+4x2 raised garden bed not fabric,14,B07RSXQV6G,FOYUEE Raised Planter Box with Legs Outdoor Elevated Garden Bed On Wheels for Vegetables Flower Herb Patio,E,FN,,0.3571,0.3571,0.3571,13907.04
212,+4x2 raised garden bed not fabric,14,B08NB362BF,"Ohuhu Landscape Fabric Weed Barrier Fabric, 3' x 50' Dual-Layer Premium 5oz Garden Landscaping Fabric, Durable & Heavy-Duty Weed Block Gardening Mat, Weed Control Ground Cover for Flower Bed, Mulch",E,FN,,0.3571,0.3571,0.3571,13907.04
212,+4x2 raised garden bed not fabric,14,B088TR19CK,Cedar Raised Garden Bed Kit – Elevated Ground Planter for Growing Fruit/Vegetables/Herbs – (47 x 47 x 11) inches – Natural Rot-Resistant Wood Beds Last 5+ Years Outdoors,E,FN,,0.3571,0.3571,0.3571,13907.04
212,+4x2 raised garden bed not fabric,14,B08HHJCS5B,"Hopestar 6Pcs (49.2"" x 27.6"") Greenhouse Hoops, Plant Support Garden Stakes, 6.9ft Long Steel Rust-Free Grow Tunnel with Plastic Coated Support Hoops Frame for Garden Fabric",E,FN,,0.3571,0.3571,0.3571,13907.04
212,+4x2 raised garden bed not fabric,14,B08PP1N312,"AOJIE 2 Pack Rectangle Raised Garden Planter Fabric Bed,Breathable Planting Container Plant Grow Bags,Non-Woven Aeration Fabric Pots for Flowers Vegetables Plants,2ft x 4ft",E,FN,,0.3571,0.3571,0.3571,13907.04
212,+4x2 raised garden bed not fabric,14,B07CM8FTQ4,"Fabric Raised Planting Bed, Garden Grow Bags Herb Flower Vegetable Plants Bed Rectangle Planter for Plants Flowers and Vegetables (3ft x 6ft)",E,FN,,0.3571,0.3571,0.3571,13907.04
212,+4x2 raised garden bed not fabric,14,B07CM9S5F8,"pannow Fabric Raised Planting Bed, Garden Grow Bags Herb Flower Vegetable Plants Bed Rectangle Planter for Plants Flowers and Vegetables (2ft x 4ft)",E,FN,,0.3571,0.3571,0.3571,13907.04
212,+4x2 raised garden bed not fabric,14,B08CNL44R4,EZ-GRO 2 ft X 4 ft Raised Garden Bed Just Right Size AeroFlow Proprietary Fabric Pot Grow Your OWN by Victory 8 Garden,E,FN,,0.3571,0.3571,0.3571,13907.04
212,+4x2 raised garden bed not fabric,14,B07CSKR7JH,"Fabric Raised Garden Bed, 4x2 Feet Rectangle Breathable Planting Container Grow Bag Planter Pot for Plants, Flowers, Vegetables (Black)",E,FN,,0.3571,0.3571,0.3571,13907.04
226,+outside weather station and not digital,12,B00T0K8MNI,"AcuRite VN1TXC 5-in-1 Weather Sensor with Rain Gauge, Wind Speed, Wind Direction, Temperature and Humidity",E,TP,1,0.1667,0.1667,0.1667,14339.59
226,+outside weather station and not digital,12,B00N1XCA9M,"AcuRite Iris (5-in-1) Indoor/Outdoor Wireless Weather Station for Indoor and Outdoor Temperature and Humidity, Wind Speed and Direction, and Rainfall with Digital Display (01512M)",S,FP,2,0.1667,0.1667,0.1667,14339.59
226,+outside weather station and not digital,12,B01N5TEHLI,Ambient Weather WS-2902C WiFi Smart Weather Station,S,FP,3,0.1667,0.1667,0.1667,14339.59
226,+outside weather station and not digital,12,B07DM63GQ2,Ambient Weather WS-1900A Osprey Solar Powered Wireless Professional Weather Station,E,TP,4,0.1667,0.1667,0.1667,14339.59
226,+outside weather station and not digital,12,B07WRV8DC1,"BALDR Color Display Digital Wireless Indoor/Outdoor Weather Station | Thermometer & Hygrometer - Displays Temperature, Humidity, and Barometer - Constant Backlight with Dimmer - Power Adapter Included",I,FP,5,0.1667,0.1667,0.1667,14339.59
226,+outside weather station and not digital,12,B01ALO500E,Taylor Precision Products Wireless Digital Indoor/Outdoor Weather Station,S,FP,6,0.1667,0.1667,0.1667,14339.59
226,+outside weather station and not digital,12,B08D6B1FBB,"Weather Station Wireless Indoor Outdoor Weather Stations with Atomic Clock, Large Display Digital Weather Forecast Station Moon Phase with Remote Sensors",S,FP,7,0.1667,0.1667,0.1667,14339.59
226,+outside weather station and not digital,12,B08P5QCJW9,"Wanap Weather Station, Wireless Weather Station Indoor Outdoor Thermometer Temperature and Humidity Weather, Digital Colorful Display Multifunctional Weather Forecast Hygrometer Barometer, Radio Clock",S,FP,8,0.1667,0.1667,0.1667,14339.59
226,+outside weather station and not digital,12,B0874BCPKS,"Geevon Weather Station Wireless Indoor Outdoor Thermometer, Color Large Display Weather Thermometer with Alert, Comfort Level, Barometric Pressure, Alarm Clock, Easy to Set and Tabletop Stand",S,FP,9,0.1667,0.1667,0.1667,14339.59
226,+outside weather station and not digital,12,B00MUOIQ8W,"La Crosse Technology 308-1414B-INT, Black 308-1414B Wireless Atomic Digital Color Forecast Station with Alerts",S,FP,10,0.1667,0.1667,0.1667,14339.59
226,+outside weather station and not digital,12,B085R9KBN1,"Newentor Weather Station Wireless Indoor Outdoor Multiple Sensors, Digital Atomic Clock Weather Thermometer, Temperature Humidity Monitor Forecast Weather Stations with Backlight",I,FP,11,0.1667,0.1667,0.1667,14339.59
226,+outside weather station and not digital,12,B088TL7M4Q,"Geevon Weather Station Wireless Indoor Outdoor Thermometer Multiple Sensors, Color LCD Display Digital Weather Thermometer with Atomic/Alarm Clock, Calendar and Adjustable Backlight",S,FP,12,0.1667,0.1667,0.1667,14339.59
226,+outside weather station and not digital,12,B091GD15HC,"White Weather Station Wireless Indoor Outdoor Sensors with Jumbo Display and Atomic Clock, Digital Color Forecast Station with Alerts,Temperature and Relative Humidity Detector",E,FN,,0.1667,0.1667,0.1667,14339.59
226,+outside weather station and not digital,12,B08HLX4NCQ,"Home Weather Stations Wireless Indoor Outdoor, Color Weather Forecast Station, Digital Wireless Weather Station Thermometer,Barometer,Temperature and Humidity Monitor Alerts",E,FN,,0.1667,0.1667,0.1667,14339.59
226,+outside weather station and not digital,12,B08WWV8TB7,SMARTRO Wireless Indoor Outdoor Thermometer Weather Station Color Large Display Room Hygrometer Temperature and Humidity Monitor,E,FN,,0.1667,0.1667,0.1667,14339.59
226,+outside weather station and not digital,12,B0015KIFKG,"AcuRite 75077A3M Self-Learning Forecast Wireless Weather Station with Large Display and Atomic Clock, Black",E,FN,,0.1667,0.1667,0.1667,14339.59
226,+outside weather station and not digital,12,B086KYCGVC,"BALDR Weather Station, Wireless Digital Indoor Outdoor Thermometer Hygrometer with Backlight LCD Display and External Sensor, Ideal for Weather Forecast Monitoring, Alarm Clock (Black)",E,FN,,0.1667,0.1667,0.1667,14339.59
226,+outside weather station and not digital,12,B07YY51WZB,"Govee Weather Station Wireless, Color LCD Display, Weather Forecast with Outdoor Sensor, Digital Temperature and Humidity Gauge with Alarm Clock, Backlight,Moon Phase, Snooze Mode",E,FN,,0.1667,0.1667,0.1667,14339.59
226,+outside weather station and not digital,12,B01LDFKEVA,"La Crosse Technology 308-1409BT-CBP Wireless Temperature Station, Black",E,FN,,0.1667,0.1667,0.1667,14339.59
226,+outside weather station and not digital,12,B07VWQBCF8,"BALDR Indoor & Outdoor Thermometer and Hygrometer with White Backlight, Digital Wireless Weather Station, Temperature Monitor & Humidity Gauge, Battery-Operated - White",E,FN,,0.1667,0.1667,0.1667,14339.59
226,+outside weather station and not digital,12,B085WXYD4N,Wittime 2022A Weather Station Wireless Temperature Sensor Outside Thermometer for Home Temperature Monitor Barometer Indoor Outdoor thermometers and Weather Instruments,E,FN,,0.1667,0.1667,0.1667,14339.59
226,+outside weather station and not digital,12,B000TUCK2W,La Crosse Technology TX29U-IT 915 MHz Wireless Temperature Sensor,E,FN,,0.1667,0.1667,0.1667,14339.59
229,+women red shoes without lacies,6,B077ZHCH3Q,"DailyShoes Women's Classic Flat Shoe Ballet Slip On Flats Ballerina Casual Walking Dress Shoes Round Toe Slip-on Red,sv,7",E,TP,1,0.5,0.5,0.5,11957.11
229,+women red shoes without lacies,6,B0863Q4P2P,Women Canvas Sneakers Low Top Walking Shoes Flat Fashion Shoes Slip on Tennis Shoes for Women Red,S,FP,2,0.5,0.5,0.5,11957.11
229,+women red shoes without lacies,6,B07QV85YN2,CAMEL CROWN Hiking Shoes Women Waterproof Non Slip Sneakers Low Top for Outdoor Trekking Walking Red 11,E,TP,3,0.5,0.5,0.5,11957.11
229,+women red shoes without lacies,6,B00V3QSVSI,"New Balance Women's 411 V2 Hook and Loop Walking Shoe, White, 8 M US",S,FP,4,0.5,0.5,0.5,11957.11
229,+women red shoes without lacies,6,B003UHULRW,"New Balance Women's 577 V1 Hook and Loop Walking Shoe, Black/Black, 9 W US",S,FP,5,0.5,0.5,0.5,11957.11
229,+women red shoes without lacies,6,B084D5X36K,"Wave Runner Womens Water Shoes (Red, Numeric_9)",E,TP,6,0.5,0.5,0.5,11957.11
229,+women red shoes without lacies,6,B00LH3UF86,"KEEN Women’s Targhee 2 Low Height Waterproof Hiking Shoe, Black Olive/Mineral Blue, 10 M (Medium) US",E,FN,,0.5,0.5,0.5,11957.11
229,+women red shoes without lacies,6,B0099NWSLI,Finn Comfort Gomera - 82562 Red 38 (US Women's 7.5-8),E,FN,,0.5,0.5,0.5,11957.11
229,+women red shoes without lacies,6,B07DVHFPNC,"New Balance Women's 410 V6 Trail Running Shoe, Black/Magnet/Champagne Metallic, 9 W US",E,FN,,0.5,0.5,0.5,11957.11
230,", 1, skullcandy jib wired in-earphone without mic (black)",1,B003EM8008,"Panasonic ErgoFit In-Ear Earbud Headphones RP-HJE120K Dynamic Crystal-Clear Sound, Ergonomic Comfort-Fit, 9mm, Black, PACK, No Mic",S,FP,1,0.0,0.0,0.0,11762.53
230,", 1, skullcandy jib wired in-earphone without mic (black)",1,B00JG2WRUO,"Sony MDREX15AP In-Ear Earbud Headphones with Mic, Black (MDREX15AP/B)",E,FN,,0.0,0.0,0.0,11762.53
247,", pharmaton without yinseng",9,B082MK454K,"2 packs x Pharmaton Advance Multivitamin and Mineral Capsules, 100 Capsules",E,TP,1,0.5556,0.5556,0.5556,13040.1
247,", pharmaton without yinseng",9,B07VVF4C9Z,PHARMATON KIDDI Syrup with Essential MULTIVITAMINS and Minerals 100 ML,E,TP,2,0.5556,0.5556,0.5556,13040.1
247,", pharmaton without yinseng",9,B07D5RY3TB,Geriatric Pharmaton Ginseng Extract G115 (100 Capsules) +++ Swiss Quality + New Package + Same Formula +++ Clinical Proven for The Prophylaxis of Ages Infirmities and Retard Convalescence,E,TP,3,0.5556,0.5556,0.5556,13040.1
247,", pharmaton without yinseng",9,B00QPM1UYM,Geriatric Pharmaton Multi Vitamins Mineral Ginseng G115 Prophylaxis Age 30 Caps,S,FP,4,0.5556,0.5556,0.5556,13040.1
247,", pharmaton without yinseng",9,B08Z46YBRV,"Sanofi Pharmaton GERIAVIT Vitality 50+ 100tbl Combination of Vitamins, Minerals and Ginseng Extract G115",C,FP,5,0.5556,0.5556,0.5556,13040.1
247,", pharmaton without yinseng",9,B07QM8JCWX,"Pharmaton Advance Multivitamin and Mineral Caplets, 100 Caplets",E,TP,6,0.5556,0.5556,0.5556,13040.1
247,", pharmaton without yinseng",9,B07D9JJGC3,Geriatric Pharmaton With G115 Ginseng Extract (30 Capsules) +++ Swiss Quality + New Package + Same Formula +++ Clinical Proven for The Prophylaxis of Ages Infirmities and Retard Convalescence,I,FP,7,0.5556,0.5556,0.5556,13040.1
247,", pharmaton without yinseng",9,B08ZV5XD53,100 caplets of Pharmaton Advance Multivitamins & Minerals,E,TP,8,0.5556,0.5556,0.5556,13040.1
247,", pharmaton without yinseng",9,B009DGFV56,Pharmaton Active Life - Pack Of 30 Caplets,I,FP,9,0.5556,0.5556,0.5556,13040.1
247,", pharmaton without yinseng",9,B01MECVTDY,"NutraChamps Korean Red Panax Ginseng 1000mg - 120 Vegan Capsules Extra Strength Root Extract Powder Supplement w/ High Ginsenosides for Energy, Performance & Mental Health Pills for Men & Women",E,FN,,0.5556,0.5556,0.5556,13040.1
247,", pharmaton without yinseng",9,B01BT4GK72,"Leviton 41084-BB Blank QuickPort Insert (10-Pack), Brown , White",E,FN,,0.5556,0.5556,0.5556,13040.1
247,", pharmaton without yinseng",9,B001E112QA,Pharmaton Natural Health Prods Ginsana Capsules Bonus 105 Cap3,E,FN,,0.5556,0.5556,0.5556,13040.1
247,", pharmaton without yinseng",9,B00MRJ8LSU,"Otamatone [English Edition] Japanese Electronic Musical Instrument Portable Synthesizer from Japan by Cube/Maywa Denki, Black",E,FN,,0.5556,0.5556,0.5556,13040.1
267,- *item not packed in kit -,1,B01IFFTX5O,"LIPAVI C15 Sous Vide Container 18 quarts-NOT INCLUDED: L15 Rack and Lid for Virtually Every Immersion Circulator Sold Separately, Crystal Clear, Transparent Polycarbonate",I,FP,1,0.0,0.0,0.0,11456.97
267,- *item not packed in kit -,1,B0736D7LSP,Tealyra - Matcha - Start Up Kit - 4 items - Matcha Green Tea Gift Set - Japanese Made Red Bowl - Bamboo Whisk and Scoop - Whisk Holder - Gift Box,E,FN,,0.0,0.0,0.0,11456.97
275,- hanging do not enter,8,B095PBVVXV,Eeypy Tin Sign Warning No Trespassing Dog On Premises Stop Do Not Enter Metal Tin Sign Wall Decor Art 8x12 Inch,E,TP,1,0.5,0.5,0.5,13060.8
275,- hanging do not enter,8,B08LBG858P,"ANJOOY Tin Signs Vintage - Keep Out Gamer at Play Do Not Disturb Enter at Own Risk - Metal Sign for Bedroom Cafe Home Bar Pub Coffee Beer Kitchen Bathroom Door Garden Funny Wall Decor Art 8""x12""",S,FP,2,0.5,0.5,0.5,13060.8
275,- hanging do not enter,8,B07LCV9VFG,"DO NOT Enter Wrong Way Aluminum Sign Traffic Road Street Entrance Parking | Indoor/Outdoor | 10"" Tall",E,TP,3,0.5,0.5,0.5,13060.8
275,- hanging do not enter,8,B0716YYVZM,XLD Store Restricted Section Do Not Enter Wizardry Hanging Plaque Magic Gift Wood Sign,E,TP,4,0.5,0.5,0.5,13060.8
275,- hanging do not enter,8,B087G5PQW9,Warning Do Not Enter Wrong Way Metal Tin Sign Business Retail Store Home Large Gate Driveway,E,TP,5,0.5,0.5,0.5,13060.8
275,- hanging do not enter,8,B089PZ4TG8,"Retro Metal tin Sign,Warning Beware of Dog Stop Keep gate Shut do not Enter Without Permission or Owner Present,Suitable for Garage Cafe Bar Club Etc Decoration Product.",S,FP,6,0.5,0.5,0.5,13060.8
275,- hanging do not enter,8,B07H4WVB63,"Restricted Area – Do Not Enter Sign – 18"" x 12"" Aluminum Safety Warning Sign for Businesses by Bolthead Industrial",S,FP,7,0.5,0.5,0.5,13060.8
275,- hanging do not enter,8,B07HYC5YLZ,"Restricted Area – Do Not Enter Sign (3-pack) – 18"" x 12"" Aluminum Safety Warning Sign For Businesses",S,FP,8,0.5,0.5,0.5,13060.8
275,- hanging do not enter,8,B08PVSXL7J,"WSNIHO Do Not Disturb Door Sign, Double Sided Decorative Wood Sign for Home, Offices, Clinics, Law Firms, Hotels or During Therapy, Spa Treatment, Counseling Sessions (10""x 5"")",E,FN,,0.5,0.5,0.5,13060.8
275,- hanging do not enter,8,B01E0A8UIY,"DO NOT ENTER PRIVATE DRIVEWAY Sign prohibited protection no entrance | Indoor/Outdoor | 12"" Tall Plastic Sign",E,FN,,0.5,0.5,0.5,13060.8
275,- hanging do not enter,8,B08R9XH6FM,"Kichwit Do Not Enter Sign with Metal Stakes, Reflective Aluminum Sign for Outdoor Use, 11.8 x 11.8 Inches, Weather Resistant",E,FN,,0.5,0.5,0.5,13060.8
275,- hanging do not enter,8,B07ZV4NRLM,Eletina twinkle Attention Dogs Loose Please Do Not Enter Sign. 8x12 Metal. Dog in Yard,E,FN,,0.5,0.5,0.5,13060.8
277,- horn button without tilt,6,B018G7G82C,Eckler's 1969-1975 Corvette Horn Button Contact Without Tilt And Telescopic Column 25-123765-1,E,TP,1,0.8333,0.8333,0.8333,13092.34
277,- horn button without tilt,6,B01B5CHVMG,Eckler's 1976-1980 Corvette Horn Button Emblem Without Tilt And Telescopic Column 25-112086-1,E,TP,2,0.8333,0.8333,0.8333,13092.34
277,- horn button without tilt,6,B092RPTH98,Eckler's 1968-1975 Corvette Horn Button Without Tilt And Telescopic Column 25-120517-1,E,TP,3,0.8333,0.8333,0.8333,13092.34
277,- horn button without tilt,6,B01B5C5YY8,Eckler's 1968-1975 Corvette Horn Button Without Tilt And Telescopic Column With Crossed-Flags Logo Black 25-113098-1,E,TP,4,0.8333,0.8333,0.8333,13092.34
277,- horn button without tilt,6,B01KN0D2E2,Eckler's 1968 Corvette Horn Button Contact Without Tilt And Telescopic Column 25-128498-1,E,TP,5,0.8333,0.8333,0.8333,13092.34
277,- horn button without tilt,6,B098T83J9Z,"DEMOTOR PERFORMANCE 14"" Chrome Billet Independent Steering Wheel & Black 32"" Tilt Manual Steering Column Without key & Smooth Horn Button",C,FP,6,0.8333,0.8333,0.8333,13092.34
277,- horn button without tilt,6,B0991SS2G6,"DEMOTOR PERFORMANCE Black 32"" Tilt Manual Steering Column Without key & 14"" Billet Chrome Flamed Steering Wheel Wrap Leather & Flamed Horn Button",E,FN,,0.8333,0.8333,0.8333,13092.34
278,- if ever there is a tomorrow when we're not together,18,B08PNZCWFT,"To My Daughter ""Not Even Time"" Dragonfly Necklace with Message Card and Gift Box. Gift for Daughter. Daughter Gift. Necklace for Daughter. Gift for Daughter (Standard Box)",E,TP,1,0.8889,0.8889,0.8889,12984.1
278,- if ever there is a tomorrow when we're not together,18,B01M9DQYPZ,"If Ever There is a Tomorrow When We're not Together. There is Something You Must Always remeber You are Stronger Than You Believe, Braver Than Vinyl Wall Art Inspirational Quotes Decal Sticker",E,TP,2,0.8889,0.8889,0.8889,12984.1
278,- if ever there is a tomorrow when we're not together,18,B07PNJS6VX,"Winnie The Pooh Inspired PRINT -""If Ever There Is A Tomorrow When We're Not Together. You Are Braver Than You Believe, Stronger, Smarter.""",E,TP,3,0.8889,0.8889,0.8889,12984.1
278,- if ever there is a tomorrow when we're not together,18,B08BNJJ8QG,"""If Ever There Is A Tomorrow We Are Not Together"" Inspirational Wall Decor -8 x 10"" Floral Typographic Art Print-Ready to Frame. Home-Bedroom-Romantic Decor. Perfect Keepsake Message for Loved Ones!",E,TP,4,0.8889,0.8889,0.8889,12984.1
278,- if ever there is a tomorrow when we're not together,18,B08XXH4XTK,Littlefa Sister Friend Gift Classic Inspiration Winnie The Pooh Ceramic Jewelry Ring Dish Decorative Trinket Plate Birthday Christmas Gifts for Women Jewelry Tray -If ever there is tomorrow color,E,TP,5,0.8889,0.8889,0.8889,12984.1
278,- if ever there is a tomorrow when we're not together,18,B0162QL1LM,"Winnie The Pooh Inspired PRINT -""If Ever There Is A Tomorrow When We're Not Together. You Are Braver."" DISNEY Inspired Quote Print.",E,TP,6,0.8889,0.8889,0.8889,12984.1
278,- if ever there is a tomorrow when we're not together,18,B08FD1FFX9,"Necklace Dog Tag to My Grandson, Love Grandpa - from Grandpa- Best Gifts for Child, Tween Boys - We Will Always Love You - 24"" Ball Chain with Upgraded Clasp NOV004",I,FP,7,0.8889,0.8889,0.8889,12984.1
278,- if ever there is a tomorrow when we're not together,18,B07TJWJYKL,"A.A. Milne If There Ever Is Tomorrow Typography Wall Art Prints - Unique Room Decor for Boys, Girls, Men & Women - (11x14) Unframed Pictures Great Gift Idea for Book Lovers Under $15",E,TP,8,0.8889,0.8889,0.8889,12984.1
278,- if ever there is a tomorrow when we're not together,18,B07X9Z39B7,Yuzi-n Winnie The Pooh Inspirational Quotes Engraved Gold Wood Plaque Decorations - Best Friend Birthday Gift,E,TP,9,0.8889,0.8889,0.8889,12984.1
278,- if ever there is a tomorrow when we're not together,18,B08XXKWYVK,Littlefa Sister Friend Gift Classic Inspiration Winnie The Pooh Ceramic Jewelry Ring Dish Decorative Trinket Plate Birthday Christmas Gifts for Women Jewelry Tray -If ever there is tomorrow black,E,TP,10,0.8889,0.8889,0.8889,12984.1
278,- if ever there is a tomorrow when we're not together,18,B088ZX41J1,FEELMEM Inspired Gifts If Ever There is a Tomorrow When We're not Together Friendship Keychain BFF Gift Long Distance Friendship Gift Best Friend Jewelry (Winnie),E,TP,11,0.8889,0.8889,0.8889,12984.1
278,- if ever there is a tomorrow when we're not together,18,B07KFMK986,"""If Ever There Is A Tomorrow When We're Not Together, You Are Braver Than You Believe."" Winnie The Pooh Inspired Print.",E,TP,12,0.8889,0.8889,0.8889,12984.1
278,- if ever there is a tomorrow when we're not together,18,B07Z3KJ33Q,If Ever There is a Tomorrow When We're not Together. There is Something You Must Always Remember Poster,E,TP,13,0.8889,0.8889,0.8889,12984.1
278,- if ever there is a tomorrow when we're not together,18,B084L2F28F,"Smiling Wisdom - Rose Gold Heart Necklace & Pooh Quote Braver Smarter Stronger Greeting Card Gift Set - Woman, Teen Girl, Friend - New",E,TP,14,0.8889,0.8889,0.8889,12984.1
278,- if ever there is a tomorrow when we're not together,18,B01JAIHILQ,"Winnie The Pooh Inspired PRINT -""If Ever There Is A Tomorrow When We're Not Together. You Are Braver."" DISNEY Inspired Wall Art.",E,TP,15,0.8889,0.8889,0.8889,12984.1
278,- if ever there is a tomorrow when we're not together,18,B0717B8F35,Sawdust City Winnie The Pooh Wood Plaque - If Ever There is a Tomorrow When We're not Together. (Old Cottage White),E,TP,16,0.8889,0.8889,0.8889,12984.1
278,- if ever there is a tomorrow when we're not together,18,B07JJFHRY8,"A.A Milne Quote Print, If Ever There Is A Tomorrow When We're Not Together, Book Art, 8 x 10 Inches, Unframed",E,TP,17,0.8889,0.8889,0.8889,12984.1
278,- if ever there is a tomorrow when we're not together,18,B08MCZ3BVJ,"To My Daughter ""Not Even Time"" Love Knot Necklace with Message Card and Gift Box. Gift for Daughter. Daughter Gift. Necklace for Daughter. Gift for Daughter (Standard Box)",I,FP,18,0.8889,0.8889,0.8889,12984.1
278,- if ever there is a tomorrow when we're not together,18,B017HOB0EQ,"Winnie The Pooh Inspired PRINT -""If Ever There Is A Tomorrow When We're Not Together. You Are Braver."" Makes A Beautiful Gift. DISNEY Inspired Print.",E,FN,,0.8889,0.8889,0.8889,12984.1
278,- if ever there is a tomorrow when we're not together,18,B08MCYKQMG,"To My Daughter""Not Even Time"" Graceful Love Giraffe Necklace with Message Card and Gift Box. Gift for Daughter. Daughter Gift. Necklace for Daughter. Gift for Daughter (14K White Gold Finish)",E,FN,,0.8889,0.8889,0.8889,12984.1
284,- mini display iphone to hdmi without bluetooth,4,B00NH13K8S,"Amazon Basics Mini DisplayPort Thunderbolt to HDMI Adapter - Compatible with Apple iMac, MacBook - 1 Adapter",I,FP,1,0.5,0.5,0.5,12230.51
284,- mini display iphone to hdmi without bluetooth,4,B0134V3KIA,Amazon Basics Mini DisplayPort to HDMI Cable - 6 Feet,E,TP,2,0.5,0.5,0.5,12230.51
284,- mini display iphone to hdmi without bluetooth,4,B01N6M2VN4,"iVANKY Mini DisplayPort to HDMI Adapter, Grey, Mini DP to HDMI Adapter",I,FP,3,0.5,0.5,0.5,12230.51
284,- mini display iphone to hdmi without bluetooth,4,B009WHV3BM,Apple Lightning to Digital AV Adapter,E,TP,4,0.5,0.5,0.5,12230.51
284,- mini display iphone to hdmi without bluetooth,4,B08KDY783Z,"[Apple MFi Certified] Lightning to HDMI for iPhone, Lightning to 1080P Audio Digital AV Adapter, 4K HDMI Vedio Sync Screen Connector with Charging Port for iPhone, iPad, iPod on HDTV/Monitor/Projector",E,FN,,0.5,0.5,0.5,12230.51
284,- mini display iphone to hdmi without bluetooth,4,B07PNP7GTF,"Wireless HDMI Display Dongle Adapter, iBosi Cheng Full HD 1080P WiFi Screen Mirroring Adapter Cast iPhone/iPad/iOS/Android to HDTV/Projector/Monitor,Supports Mac & Windows Devices",E,FN,,0.5,0.5,0.5,12230.51
285,- power auto folding mirrors corner lights not painted,8,B00902FV5I,"Dorman 901-456 Mirror Switch, Black",I,FP,1,0.375,0.375,0.375,12819.75
285,- power auto folding mirrors corner lights not painted,8,B07Q572QBK,Power Auto Rear Mirror Folding Switch with Wire Harness 84872-52040 for Toyota Vios Rav4 Camry Scion Lexus,C,FP,2,0.375,0.375,0.375,12819.75
285,- power auto folding mirrors corner lights not painted,8,B01K1VB600,ECCPP Towing Mirrors Left and Right Side Tow Mirrors Replacement fit for 1998-2002 for Dodge for Ram 1500 2500 3500 Truck with Power Adjusted Heated No Light Pair Mirrors Manual Filp up,E,TP,3,0.375,0.375,0.375,12819.75
285,- power auto folding mirrors corner lights not painted,8,B0038B9FBI,Anzo USA 521031 Chevrolet Clear 6 Pieces With Amber Reflectors Cornering Light Assembly - (Sold in Pairs),E,TP,4,0.375,0.375,0.375,12819.75
285,- power auto folding mirrors corner lights not painted,8,B06WRNPKYP,SCITOO Towing Mirror fit for Ford Exterior Mirror fit 2007-2014 for Ford for F-150 Truck with Amber Turn Signal and Puddle Light Heated Power Controlling and Manual Folding (Passenger Side),I,FP,5,0.375,0.375,0.375,12819.75
285,- power auto folding mirrors corner lights not painted,8,B071NGCBSN,SCITOO Towing Mirrors Exterior Mirrors fit for Chevy for GMC 2007-2014 for Silverado/for Sierra Pair Rear View Mirrors with Power Control Heated Turn Signal Backup Light Manual Telescoping Folding,S,FP,6,0.375,0.375,0.375,12819.75
285,- power auto folding mirrors corner lights not painted,8,B07T3T596J,"Clear Corner Signal Light,1 Pair Turn Signal Corner Light Lamp Lens Replacement For BMW E46 3-Series 4DR 2002-2005 Sedan Clear Corner Parking Marker Light Lens",I,FP,7,0.375,0.375,0.375,12819.75
285,- power auto folding mirrors corner lights not painted,8,B07VNVZ8G4,"RUXIFEY Sequential Side Mirror Marker Lights Smoked Lens Compatible with Chevy Silverado GMC Sierra 1500 2500HD 3500HD, Amber",E,TP,8,0.375,0.375,0.375,12819.75
285,- power auto folding mirrors corner lights not painted,8,B000GTR0GM,"Ullman Devices HTC-2 High-Tech Telescoping Inspection Mirror, 2-1/4"" Diameter, 6-1/2"" to 36-3/8"" Length",E,FN,,0.375,0.375,0.375,12819.75
285,- power auto folding mirrors corner lights not painted,8,B01N786HZ6,"Houseables Trifold Vanity Mirror, Hangable on Wall, Single, 3 Way, 30"" x 21"", Tri Fold, Big Mirrors for Tables, Bedrooms, Bathroom, Makeup, Tabletop, Three Part, Beveled Edges",E,FN,,0.375,0.375,0.375,12819.75
285,- power auto folding mirrors corner lights not painted,8,B001HBY8YK,"SE Telescoping 2"" Round Inspection Mirror - 8014TM",E,FN,,0.375,0.375,0.375,12819.75
285,- power auto folding mirrors corner lights not painted,8,B08YYRVNSN,2 Pieces Round Telescoping Inspection Mirrors 2.25 Inch Diameter Circular Inspection Mirror Adjustable Flexible Inspection Mirror 360 Swivel Extend Tool Mirrors Extends up to 29.4 Inch,E,FN,,0.375,0.375,0.375,12819.75
285,- power auto folding mirrors corner lights not painted,8,B082V1245P,"Xislet 15"" Radar Detector Hardwire Power Cord Mirror Wire Plug Tap Compatible with Escort Valentine One Uniden Beltronics with Inline Fuse Mount RJ11 - Set of 3",E,FN,,0.375,0.375,0.375,12819.75
289,- wash non-chlorine bleach. tumble dry low. do not iron.,3,B07CQ4NVRL,"Zubaz Men's Tonal Gray Vertical T, Multi, X-Large",I,FP,1,0.0,0.0,0.0,12618.15
289,- wash non-chlorine bleach. tumble dry low. do not iron.,3,B07D4CQC61,"NEWLAKE Bohemian Floral Pattern Bedspread Quilt Set with Real Stitched Embroidery,Queen Size",I,FP,2,0.0,0.0,0.0,12618.15
289,- wash non-chlorine bleach. tumble dry low. do not iron.,3,B07PPXTFYB,"Under Armour Womens Fly By 2.0 Running Shorts , Black (001)/Black , Large",C,FP,3,0.0,0.0,0.0,12618.15
289,- wash non-chlorine bleach. tumble dry low. do not iron.,3,B004QGY8R0,"Pure Bright BLEACH6 Liquid Bleach, 1 Gallon Bottle (Case of 6)",E,FN,,0.0,0.0,0.0,12618.15
289,- wash non-chlorine bleach. tumble dry low. do not iron.,3,B071L1XBKC,"Fruit of the Loom Boys' Little 10 Pair Half Cushion No Show Socks, white assort, Small (Shoe Size: 4.5-8.5)",E,FN,,0.0,0.0,0.0,12618.15
289,- wash non-chlorine bleach. tumble dry low. do not iron.,3,B00M0QFMSW,"Hanes Men's 2-Pack Cotton Drawstring Knit Shorts Waistband & Pockets, Active Grey Heather/Black, X-Large",E,FN,,0.0,0.0,0.0,12618.15
296,-1 3/4'' center pop up drain without overflow,21,B08BCK2XP9,"KES Pop Up Drain without Overflow with Detachable Hair Catcher Sink Drain Strainer for Bathroom Sink Drain Matte Black, S2018D-BK",E,TP,1,0.5714,0.5714,0.5714,14688.08
296,-1 3/4'' center pop up drain without overflow,21,B06XQKHWGV,Ownace Bathroom Faucet Vessel Vanity Sink Pop Up Drain Stopper with Overflow Black Color,S,FP,2,0.5714,0.5714,0.5714,14688.08
296,-1 3/4'' center pop up drain without overflow,21,B00VWIQVUW,"KES Bathroom Sink Drain without Overflow Vessel Sink Lavatory Vanity Pop Up Drain Stopper Brushed Nickel Finish, S2008D-BN",E,TP,3,0.5714,0.5714,0.5714,14688.08
296,-1 3/4'' center pop up drain without overflow,21,B07V1HKVNG,"Pop Up Drain Stopper with Overflow, Bathroom Vanity Vessel Sink Drain, Matte Black",S,FP,4,0.5714,0.5714,0.5714,14688.08
296,-1 3/4'' center pop up drain without overflow,21,B01A80Z5ZQ,"Aquafaucet Vessel Sink Drain 1 5/8"" Bathroom Faucet Pop-up Drain Assembly Stopper Without Overflow Sink Drain Brushed Nickel",I,FP,5,0.5714,0.5714,0.5714,14688.08
296,-1 3/4'' center pop up drain without overflow,21,B000ANH40Q,Inello Chrome Pop-up Drain Without Overflow for Vessel Sinks,E,TP,6,0.5714,0.5714,0.5714,14688.08
296,-1 3/4'' center pop up drain without overflow,21,B08K7MSY4Y,"Swhyger Pop Up Drain Stopper for Bathroom Sink Drain With Removable Brass Strainer Basket,Without Overflow Lavatory Vessel Basin Sink Drain Stopper,Champagne Bronze 83606CB.",E,TP,7,0.5714,0.5714,0.5714,14688.08
296,-1 3/4'' center pop up drain without overflow,21,B002X3YQNE,"Inello Brushed Nickel 1 5/8"" Pop-up Drain No Overflow for Vessel Sinks",E,TP,8,0.5714,0.5714,0.5714,14688.08
296,-1 3/4'' center pop up drain without overflow,21,B01NCV8ITS,"PF WaterWorks PF0730-BN-CH-NO, Chrome Plated ABS Body Bathroom Sink/Lavatory Pop-Up Drain with Ball Lift Rod | Without Overflow | CUPC Listed, Brushed Nickel",S,FP,9,0.5714,0.5714,0.5714,14688.08
296,-1 3/4'' center pop up drain without overflow,21,B0042UD9DY,"VIGO VG07000BN 2.75"" Diameter Vessel Bathroom Sink Pop-Up Drain and Mounting Ring Without Overflow in Brushed Nickel Finish",S,FP,10,0.5714,0.5714,0.5714,14688.08
296,-1 3/4'' center pop up drain without overflow,21,B06XGXSRXL,Sinkology TG01-AG Copper Decorative Solid Brass Bath Grid Drain Without Overflow in Aged,S,FP,11,0.5714,0.5714,0.5714,14688.08
296,-1 3/4'' center pop up drain without overflow,21,B079KTPC87,"Kingston Brass KB4000MB Trims Cape Grid Drain for Vessel Sink Without Overflow, 7-13/16"" Length, Matte Black",I,FP,12,0.5714,0.5714,0.5714,14688.08
296,-1 3/4'' center pop up drain without overflow,21,B07TP9FB7W,"BESTILL Bathroom Vessel Sink Drain Stopper, Push Pop Up Drain Without Overflow, Matte Black",E,TP,13,0.5714,0.5714,0.5714,14688.08
296,-1 3/4'' center pop up drain without overflow,21,B07F18TQKC,"Vessel Sink Drain,Bathroom Pop-up Drain With Detachable Basket Stopper, Anti-Explosion And Anti-Clogging Drain Strainer, Sink Drain Assembly With Overflow Polished Chrome, REGALMIX RWF083H",S,FP,14,0.5714,0.5714,0.5714,14688.08
296,-1 3/4'' center pop up drain without overflow,21,B07F13Y42Z,"REGALMIX Bathroom Sink Drain, Vessel Sink Pop Up Drain With Detachable Basket Stopper,Sink Drain Assembly Without Overflow Brushed Nickel, Anti-Explosion And Anti-Clogging Drain Strainer, RWF082B",E,TP,15,0.5714,0.5714,0.5714,14688.08
296,-1 3/4'' center pop up drain without overflow,21,B08JK7W9QL,Bathroom Sink Drain without Overflow Vessel Sink Lavatory Vanity Pop Up Drain Stopper Matte Black,E,TP,16,0.5714,0.5714,0.5714,14688.08
296,-1 3/4'' center pop up drain without overflow,21,B089R85GPH,"BWE Black Vessel Sink Drain Fits Standard Bathroom Sink Hole 1-1/2"" to 1-3/4"" Bathroom Faucet Vessel Sink Pop Up Drain Stopper Without Overflow Matte Black",E,TP,17,0.5714,0.5714,0.5714,14688.08
296,-1 3/4'' center pop up drain without overflow,21,B0781XJDLF,"Brushed Nickel Pop Up Sink Drain without Overflow, Bathroom Faucet Vessel Sink Drain Stopper",S,FP,18,0.5714,0.5714,0.5714,14688.08
296,-1 3/4'' center pop up drain without overflow,21,B07MNLSZ5N,"RANDOM Bathroom Faucet Vessel Vanity Sink Pop Up Drain Stopper without Overflow, Brushed Gold(Pop Up Drain Brushed Gold)",E,TP,19,0.5714,0.5714,0.5714,14688.08
296,-1 3/4'' center pop up drain without overflow,21,B07RKT28ND,"KES Bathroom Sink Drain with Strainer Basket Hair Catcher Anti Clog Pop Up Drain Stopper Vanity Vessel Sink without Overflow, Matte Black S2013D-BK",E,TP,20,0.5714,0.5714,0.5714,14688.08
296,-1 3/4'' center pop up drain without overflow,21,B07Q7V81L4,"REGALMIX Vessel Sink Drain, Bathroom Faucet Vessel Sink Pop Up Drain Stopper without Overflow Brushed Nickel, Built-In Anti-Clogging Strainer,Fits Standard American Drain Hole1-1/2"" to 1-3/4"",R085B-BN",E,TP,21,0.5714,0.5714,0.5714,14688.08
296,-1 3/4'' center pop up drain without overflow,21,B0798LCQSN,"Purelux Bathroom Sink Drain Stopper Faucet Vanity Sink Pop Up Drain Assembly with Overflow, Chrome Finish",E,FN,,0.5714,0.5714,0.5714,14688.08
296,-1 3/4'' center pop up drain without overflow,21,B00G0OP4D8,"VIGO VG16002BN 2.75"" Diameter Vessel Bathroom Sink Pop-Up Drain Stopper With Overflow in Brushed Nickel Finish",E,FN,,0.5714,0.5714,0.5714,14688.08
296,-1 3/4'' center pop up drain without overflow,21,B07T8HSH25,"ESFORT Bathroom Sink Drain, Vessel Sink Pop Up Drain Stopper, Sink Drain Assembly Without Overflow, Polished Chrome",E,FN,,0.5714,0.5714,0.5714,14688.08
296,-1 3/4'' center pop up drain without overflow,21,B08PQLMBFZ,"Swhyger Bathroom Faucet Vessel Vanity Sink Pop Up Drain Stopper Without Overflow, Brass Brushed Gold,83606BG2.",E,FN,,0.5714,0.5714,0.5714,14688.08
296,-1 3/4'' center pop up drain without overflow,21,B08C26VB9M,"ESFORT Bathroom Sink Drain With Strainer Basket，Pop Up Drain Without Overflow, Anti-Clogging Vessel Sink Drain Assembly, Matte Black",E,FN,,0.5714,0.5714,0.5714,14688.08
296,-1 3/4'' center pop up drain without overflow,21,B07QX4Z59G,"ESFORT Bathroom Sink Pop Up Drain with Overflow, Sink Pop Up Drain Stopper, Polished Chrome",E,FN,,0.5714,0.5714,0.5714,14688.08
296,-1 3/4'' center pop up drain without overflow,21,B07V5VTZSS,"Purelux Pop up Drain Stopper for Bathroom Sink Vessel or Vanity Sink Without Overflow, Matte Black Finish Spring Pop-Up Drain",E,FN,,0.5714,0.5714,0.5714,14688.08
296,-1 3/4'' center pop up drain without overflow,21,B01CNNH47I,"Yodel Bathroom Sink Drain Stopper Pop up Drain Without Overflow for Vessel Sink Lavatory Vanity,Oil Rubbed Bronze",E,FN,,0.5714,0.5714,0.5714,14688.08
296,-1 3/4'' center pop up drain without overflow,21,B00KCGPL56,"KES Bathroom Sink Drain with Overflow Vessel Vanity Sink Pop Up Drain Stopper Polished Chrome, S2008A-CH",E,FN,,0.5714,0.5714,0.5714,14688.08
300,-6 an male to 3/8 not adapter,7,B07BSL5ZWR,"AC PERFORMANCE Black Aluminum Flare Male -6AN to 3/8 NPT Male Hose Fitting Adapter, 6AN to 3/8'' NPT Union Fuel Oil Line Pipe Connector",I,FP,1,0.8571,0.8571,0.8571,13132.04
300,-6 an male to 3/8 not adapter,7,B07TWG7CLN,"EVIL ENERGY 6AN AN6 Flare to 3/8"" NPT Male Straight Fitting Union Flare Adapter Aluminum Black",E,TP,2,0.8571,0.8571,0.8571,13132.04
300,-6 an male to 3/8 not adapter,7,B079TJKTXS,"ICT Billet Straight -6AN Flare Male to 3/8"" NPT Taper Pipe Thread Adapter Fitting 6 AN Black Anodized Billet Aluminum Plumbing Port Fluid Made in America F06AN375NP",E,TP,3,0.8571,0.8571,0.8571,13132.04
300,-6 an male to 3/8 not adapter,7,B001P2CKVY,"Russell 640853 -6 AN Male to 3/8"" SAE Quick-Disconnect Female Push-On EFI Fitting",E,TP,4,0.8571,0.8571,0.8571,13132.04
300,-6 an male to 3/8 not adapter,7,B07MKG12K1,"Black Aluminum 90 Degree Elbow -6 AN AN6 Male To 3/8"" NPT Male Fitting Adaptor Connector",E,TP,5,0.8571,0.8571,0.8571,13132.04
300,-6 an male to 3/8 not adapter,7,B000CPIK5U,"Russell 660460 Blue Anodized Aluminum -6AN Flare to 3/8"" NPT Pipe Adapter",E,TP,6,0.8571,0.8571,0.8571,13132.04
300,-6 an male to 3/8 not adapter,7,B07BDL12J1,"6AN 6 AN-6 Male to 3/8"" Fuel Hose Line Tube Straight Fitting Adapter not fit for Teflon Fuel Line",E,TP,7,0.8571,0.8571,0.8571,13132.04
300,-6 an male to 3/8 not adapter,7,B095PQNSSK,"T Valve for Bidet with Shut-off Valve, T Adapter for Toilet 7/8” X 7/8” X 1/2 or 3/8”, Chrome Bidet Attachment for Toilet",E,FN,,0.8571,0.8571,0.8571,13132.04
302,-a house is not a home without a dog shirt,5,B08CPQVPD8,Womens My House is Not a Home Without a Dog V-Neck T-Shirt,E,TP,1,0.8,0.8,0.8,12638.05
302,-a house is not a home without a dog shirt,5,B096PPP7KH,A House is not a Home Without a Caucasian Shepherd Dog Tshirt - Unisex Tee Black,S,FP,2,0.8,0.8,0.8,12638.05
302,-a house is not a home without a dog shirt,5,B07H8581RX,"Glumes Pet Clothes, Puppy A House is Not A Home Without A Dog Cute T-Shirt Dog Cold Weather Coat Warm Letter Printed Vest for Small Dog Medium Dog Or Cat",E,TP,3,0.8,0.8,0.8,12638.05
302,-a house is not a home without a dog shirt,5,B07GF3R12L,Cenglings Dog Shirts Puppy Pet Clothes Summer Apparel Printed T-Shirt for Dogs Vest A House is Not A Home Without A Dog Gray,E,TP,4,0.8,0.8,0.8,12638.05
302,-a house is not a home without a dog shirt,5,B096SG8XFG,A House is Not A Home Without A Dog-1 Garden Yard Flag 18x12 Inch Double Sided Polyester Seasonal Outside Decoration Linen-Like Fabric Flag,E,TP,5,0.8,0.8,0.8,12638.05
302,-a house is not a home without a dog shirt,5,B075ZJNQGT,"Meijiafei A House is Not A Home Without A Bernese - Dog Sign/Plaque for Bernese Mountain Dog Lovers 10""x5""",E,FN,,0.8,0.8,0.8,12638.05
306,-it's not love i'm drunk tshirt,5,B07N3FWVP4,Surprise I'm Drunk T-Shirt Drinking Fourth Of July Gift T-Shirt,S,FP,1,0.0,0.0,0.0,12835.69
306,-it's not love i'm drunk tshirt,5,B09259GXRX,I Don't Always Drink When I'm Camping T-Shirt,S,FP,2,0.0,0.0,0.0,12835.69
306,-it's not love i'm drunk tshirt,5,B00SNNF9EI,"Drunk 1 | Funny Drinking Team, Group Halloween Costume Unisex T-Shirt-Adult,L Red",S,FP,3,0.0,0.0,0.0,12835.69
306,-it's not love i'm drunk tshirt,5,B00SNNFGGY,"Drunk 2 | Funny Drinking Team, Group Halloween Costume Unisex T-Shirt-Adult, M Red",S,FP,4,0.0,0.0,0.0,12835.69
306,-it's not love i'm drunk tshirt,5,B01G2RAE3M,"You Drunk? | Funny Beer Drinking, Bar Party Humor Gag Gift Unisex T-Shirt-(Adult,XL) Black",S,FP,5,0.0,0.0,0.0,12835.69
306,-it's not love i'm drunk tshirt,5,B017MY5R8G,Just Pretend I'm Not Here Graphic Novelty Sarcastic Funny T Shirt XL Black,E,FN,,0.0,0.0,0.0,12835.69
306,-it's not love i'm drunk tshirt,5,B0844ZQP7F,Mens Whiskey Business T Shirt Funny Drinking Drunk Party Vintage Graphic Tee (Heather Black) - 3XL,E,FN,,0.0,0.0,0.0,12835.69
306,-it's not love i'm drunk tshirt,5,B00MH9ZN2M,I'm Not Arguing Just Explaining Why I'm Right Short Sleeve T-Shirt Grey XX-Large,E,FN,,0.0,0.0,0.0,12835.69
306,-it's not love i'm drunk tshirt,5,B07RZTPW16,If I'm Drunk It's Her Fault Funny Best Friends Arrow Shirt T-Shirt,E,FN,,0.0,0.0,0.0,12835.69
306,-it's not love i'm drunk tshirt,5,B079LZK6KM,"Womens I'm an Irish Girl, Perfect Funny St Patrick's day Girl T-Shirt",E,FN,,0.0,0.0,0.0,12835.69
316,. frameless fixed tub door in silver frame without handle,15,B085LVS61R,"VIGO VG6075MGCL3474 0.38"" -34.13"" W -74.0"" H Frameless Fixed Rectangle Shower Screen with Clear 0.38"" Tempered Glass and Stainless Steel Hardware in Matte Gold Finish",S,FP,1,0.3333,0.3333,0.3333,13129.74
316,. frameless fixed tub door in silver frame without handle,15,B08BGCDWXH,58 x 48 inch Frameless Tub Shower Door in Brushed Nickel | Galleon Water Repellent Glass Shower Door with Seal Strip Parts and Handle | 1/4 inch Glass Hinged Bathtub Shower Door | SD-AZ054-01BN,E,TP,2,0.3333,0.3333,0.3333,13129.74
316,. frameless fixed tub door in silver frame without handle,15,B06XRD66TN,"DreamLine French Linea Avignon 34 in. W x 72 in. H Single Panel Frameless Shower Door, Open Entry Design in Satin Black, SHDR-3234721-86",E,TP,3,0.3333,0.3333,0.3333,13129.74
316,. frameless fixed tub door in silver frame without handle,15,B01MA2E9ZP,"SUNNY SHOWER Tub Shower Door with 5/16 in. Clear Glass Panel Frameless Bathtub Glass Shower Door 58.5-60 in. W x 62 in. H, Chrome Finish",S,FP,4,0.3333,0.3333,0.3333,13129.74
316,. frameless fixed tub door in silver frame without handle,15,B004WSKGSW,"DreamLine SHDR-61606210-08 Enigma-X Tub Door, 55-59"" W x 62"" H, Polished Stainless Steel",E,TP,5,0.3333,0.3333,0.3333,13129.74
316,. frameless fixed tub door in silver frame without handle,15,B00CMDL296,"DreamLine Elegance 58-60 in. W x 72 in. H Frameless Pivot Shower Door in Chrome, SHDR-4158720-01",S,FP,6,0.3333,0.3333,0.3333,13129.74
316,. frameless fixed tub door in silver frame without handle,15,B08TFB2XZH,76 x 60 inch Frameless Shower Door in Brushed Nickel | Rhodes Water Repellent Glass Shower Door with Seal Strip Parts and Handle | Easy Gilde Rollers Sliding Shower Door | SD-FRLS05702BN,I,FP,7,0.3333,0.3333,0.3333,13129.74
316,. frameless fixed tub door in silver frame without handle,15,B075H3R7YB,76 x 48 inch Frameless Shower Door in Polished Chrome | Madam Water Repellent Glass Shower Door with Seal Strip | Easy Gilde Sliding Shower Door Parts Rollers | SD-AZ13-01CH,I,FP,8,0.3333,0.3333,0.3333,13129.74
316,. frameless fixed tub door in silver frame without handle,15,B00K5BWBVA,"DreamLine Aqua Ultra 57-60 in. W x 58 in. H Frameless Hinged Tub Door with Extender Panel in Brushed Nickel, SHDR-3448580-EX-04",S,FP,9,0.3333,0.3333,0.3333,13129.74
316,. frameless fixed tub door in silver frame without handle,15,B01EYG9HCC,"DreamLine Encore 56-60 in. W x 58 in. H Semi-Frameless Bypass Tub Door in Brushed Nickel, SHDR-1660580-04",E,TP,10,0.3333,0.3333,0.3333,13129.74
316,. frameless fixed tub door in silver frame without handle,15,B00CMDKLPW,"DreamLine Unidoor 60-61 in. W x 72 in. H Frameless Hinged Shower Door with Support Arm in Oil Rubbed Bronze, SHDR-20607210-06",I,FP,11,0.3333,0.3333,0.3333,13129.74
316,. frameless fixed tub door in silver frame without handle,15,B00TWD0M3G,"Aston Cascadia SDR995 24"" x 72"" Completely Frameless Hinged Shower Door, Brushed Stainless Steel",S,FP,12,0.3333,0.3333,0.3333,13129.74
316,. frameless fixed tub door in silver frame without handle,15,B00K5BHZDO,"DreamLine Aqua Uno 56-60 in. W x 30 in. D x 58 in. H Frameless Hinged Tub Door with Return Panel in Brushed Nickel, SHDR-3534586-RT-04",S,FP,13,0.3333,0.3333,0.3333,13129.74
316,. frameless fixed tub door in silver frame without handle,15,B075GYNGHL,58 x 34 inch Frameless Tub Shower Door in Brushed Nickel | Grand Water Repellent Glass Shower Door with Seal Strip Parts and Handle | 3/8 inch Glass Hinged Bathtub Shower Door | SD-AZ10-01BN,I,FP,14,0.3333,0.3333,0.3333,13129.74
316,. frameless fixed tub door in silver frame without handle,15,B08XQ3X5BN,"WOODBRIDGE MTDB4958-B, Frameless Hinged Bathtub Shower, 5/16"" Tempered Panel, 48"" W x 58"" H Tub glass door in Brushed Nickel Finish, Include Support Bar",E,TP,15,0.3333,0.3333,0.3333,13129.74
316,. frameless fixed tub door in silver frame without handle,15,B075QFJPBR,"DreamLine Linea Single Panel Frameless Shower Screen 30 in. W x 72 in. H, Open Entry Design in Satin Black, SHDR-3230721-09",E,FN,,0.3333,0.3333,0.3333,13129.74
316,. frameless fixed tub door in silver frame without handle,15,B01L01C9U6,"DreamLine SHDR-3234721-89 French Linea Toulon Single Panel Frameless Screen Shower Door, 34 in Width x 72 in Height, 3/8 in. 10mm Satin Black",E,FN,,0.3333,0.3333,0.3333,13129.74
316,. frameless fixed tub door in silver frame without handle,15,B01N75TO8O,"SUNNY SHOWER Frameless Hinged Tub Door 5/16"" Clear Glass Bathtub Door 34"" W x 58"" H Pivot Swing Shower Door with Towel Bar, Chrome Finish",E,FN,,0.3333,0.3333,0.3333,13129.74
316,. frameless fixed tub door in silver frame without handle,15,B01EP0G4HS,"Basco Infinity Frameless Sliding Tub Door, Fits 56- 58.5 inch opening, AquaglideXP Clear Glass, Brushed Nickel Finish",E,FN,,0.3333,0.3333,0.3333,13129.74
316,. frameless fixed tub door in silver frame without handle,15,B00K5BHXDG,"DreamLine Aqua Uno 56-60 in. W x 58 in. H Frameless Hinged Tub Door with Extender Panel in Brushed Nickel, SHDR-3534586-EX-04",E,FN,,0.3333,0.3333,0.3333,13129.74
316,. frameless fixed tub door in silver frame without handle,15,B002NMOD9C,"DreamLine Aqua 48 in. W x 58 in. H Frameless Hinged Tub Door in Chrome, SHDR-3148586-01",E,FN,,0.3333,0.3333,0.3333,13129.74
316,. frameless fixed tub door in silver frame without handle,15,B00K5BWDCC,"DreamLine Aqua Ultra 57-60 in. W x 30 in. D x 58 in. H Frameless Hinged Tub Door with Return Panel in Brushed Nickel, SHDR-3448580-RT-04",E,FN,,0.3333,0.3333,0.3333,13129.74
316,. frameless fixed tub door in silver frame without handle,15,B00CMT5FW0,"DreamLine Aqua Fold 36 in. W x 58 in. H Frameless Bi-Fold Tub Door in Chrome, SHDR-3636580-01",E,FN,,0.3333,0.3333,0.3333,13129.74
316,. frameless fixed tub door in silver frame without handle,15,B08YYL5GRC,"Shower Glass Door Semi Frameless Sliding Bathtub Door, Tempered Clear Glass, 56"" - 60"" W x 62"" H Glass Doors for Bathroom, Double Sliding Shower Door, Brushed Nickel Finish, SS-BN-CG-A",E,FN,,0.3333,0.3333,0.3333,13129.74
316,. frameless fixed tub door in silver frame without handle,15,B079YV2QYX,"Fab Glass and Mirror MSD1-24-76CH Milan Stationary Panel Shower Screen Clear, Chrome Finish, 24"" Length, 76"" Height, Glass",E,FN,,0.3333,0.3333,0.3333,13129.74
341,.25 not to 1.25 npt,10,B07QLW62HP,"Reducing Coupling 1/2"" Female x 1 ¼” Female - Brass Coupling 0,5 inch x 1¼ inch Female -Lead Free Brass Pipe Fitting",E,TP,1,0.4,0.4,0.4,13589.41
341,.25 not to 1.25 npt,10,B07DN3L9N2,"Metalwork 304 Stainless Steel Forged Pipe Fitting, 1/4"" G Male Thread to 1/4"" NPT Female Adapter, High Pressure 1 Pc",E,TP,2,0.4,0.4,0.4,13589.41
341,.25 not to 1.25 npt,10,B07YZM11HQ,"1501-04-06 Hydraulic Fitting 1/4"" Male Pipe X 3/8"" Female Pipe Swivel 90 Carbon Steel",I,FP,3,0.4,0.4,0.4,13589.41
341,.25 not to 1.25 npt,10,B013XUDAJQ,"FASPARTS 1/4"" Male NPT MPT MIP to 3/4"" Female GHT Garden Hose Thread Adapter Brass Fitting Fuel/Air/Water/Boat/Gas/Oil WOG House/Boat/Lawn/Power Wash/Irrigation",I,FP,4,0.4,0.4,0.4,13589.41
341,.25 not to 1.25 npt,10,B07F9JYRBY,"Nigo Industrial Co. Brass Pipe Fitting, Hex Bushing Reducer, Nominal Pipe Size: 1/2"" NPT Male x 1/4"" NPT Female",S,FP,5,0.4,0.4,0.4,13589.41
341,.25 not to 1.25 npt,10,B000WXY7RC,"Anderson Metals - 38110-2016 Brass Threaded Pipe Fitting, Hex Bushing, 1-1/4"" Male x 1 "" Female",E,TP,6,0.4,0.4,0.4,13589.41
341,.25 not to 1.25 npt,10,B07V58GC7L,"Quickun Stainless Steel Reducer Hex Bushing, 1-1/4"" Male NPT to 3/4"" Female NPT, Reducing Bushing Pipe Hose Fitting",I,FP,7,0.4,0.4,0.4,13589.41
341,.25 not to 1.25 npt,10,B07DKK2J5G,"EDGE INDUSTRIAL Brass Pipe Adapter 1/4"" FNPT x 1/8"" MNPT Fuel/AIR/Water/Oil/Gas WOG (Qty 01)",I,FP,8,0.4,0.4,0.4,13589.41
341,.25 not to 1.25 npt,10,B00N2SGFZ6,"Supply Giant CSCV1142 1-1/4'' Male x 1 Inch Female NPT Lead Free Bushing, Fitting with Hexagonal Head, Brass Construction, Higher Corrosion Resistance Economical & Easy to Install, 19",S,FP,9,0.4,0.4,0.4,13589.41
341,.25 not to 1.25 npt,10,B07L4HL72R,"Legines NPT Bushing 1/4"" Male x 1/8"" Female Reducing Adapter Hex Head Pipe Fitting 1200psi (Pack of 5)",E,TP,10,0.4,0.4,0.4,13589.41
341,.25 not to 1.25 npt,10,B07CQ7SDRZ,"EDGE INDUSTRIAL 1/8"" Hose ID to 1/4"" Male NPT MNPT Straight Brass Fitting Fuel / AIR / Water / Oil / Gas / WOG (Qty 1)",E,FN,,0.4,0.4,0.4,13589.41
341,.25 not to 1.25 npt,10,B01MDQR623,"1-1/4""x 1"" Male Hex Nipple Threaded Reducer Connector Pipe Fitting/Adapter,Stainless Steel 304 NPT",E,FN,,0.4,0.4,0.4,13589.41
341,.25 not to 1.25 npt,10,B07CQ8VTSL,"EDGE INDUSTRIAL 1-1/4"" Hose ID to 3/4"" Male NPT MNPT Straight Brass Fitting Fuel / AIR / Water / Oil / Gas / WOG (Qty 1)",E,FN,,0.4,0.4,0.4,13589.41
341,.25 not to 1.25 npt,10,B008FM9YL6,"Spears 1435 Series PVC Tube Fitting, Adapter, Schedule 40, Gray, 1-1/4"" Barbed x NPT Female",E,FN,,0.4,0.4,0.4,13589.41
341,.25 not to 1.25 npt,10,B07CQVYXFZ,"EDGE INDUSTRIAL 1-1/4"" Hose ID to 1"" Male NPT MNPT Straight Brass Fitting Fuel / AIR / Water / Oil / Gas / WOG (Qty 1)",E,FN,,0.4,0.4,0.4,13589.41
341,.25 not to 1.25 npt,10,B07CPNJDRR,"EDGE INDUSTRIAL 1"" Hose ID to 3/4"" Male NPT MNPT Straight Brass Fitting Fuel / AIR / Water / Oil / Gas / WOG (Qty 1)",E,FN,,0.4,0.4,0.4,13589.41
343,.2mm magnetic lashes without eyeliner,16,B07PHN2VQ4,"VASSOUL Dual Magnetic Eyelashes, 0.2mm Ultra Thin Magnet, Light weight & Easy to Wear, Best 3D Reusable Eyelashes with Applicator (8 PC with Tweezers)",E,TP,1,0.75,0.75,0.75,13684.85
343,.2mm magnetic lashes without eyeliner,16,B095H5R38T,"VESHELY Dual Magnetic Eyelashes Without Eyeliner Kit,8D Quantum Reusable Magnetic Lashes with Applicator Tool No Eyeliner,0.2mm Ultra Thin Soft Magnet Technology - Natural Dramatic False Eyelashes With Tweezers",E,TP,2,0.75,0.75,0.75,13684.85
343,.2mm magnetic lashes without eyeliner,16,B093CQ7NGZ,"Arishine Dual Magnetic Lashes, Magnetic Eyelashes without Eyeliner, Reusable Magnetic eyelash Kit，0.2mm Ultra Thin Magnet, Lightweight & Waterproof - Natural & Dramatic False Eyelashes With Tweezers",E,TP,3,0.75,0.75,0.75,13684.85
343,.2mm magnetic lashes without eyeliner,16,B089T6TV1L,"VASSOUL Dual Magnetic Eyelashes, Natural Half Lash, 0.2mm Ultra Thin Magnet, Light weight Reusable 3D Eyelashes with Applicator",S,FP,4,0.75,0.75,0.75,13684.85
343,.2mm magnetic lashes without eyeliner,16,B0928F8MTB,"NILSTOREY Magnetic Lashes Clip, Premium Magnetic Lash Applicator Tool Magnetic Eyelashes Clip Easily Apply Magnetic Lashes Tools with 4PCS/1Pair 3D Magnets Reusable False Lashes",E,TP,5,0.75,0.75,0.75,13684.85
343,.2mm magnetic lashes without eyeliner,16,B07RNJR5VW,"Premium Magnetic Eyelashes Set for Full Eye Lashes Extension, 8 PCs of 3 Ultra Thin Magnets, Natural and Bold 2 Styles of Look 3D Reusable Thick Fake Eyelashes with Applicator and Mirror",S,FP,6,0.75,0.75,0.75,13684.85
343,.2mm magnetic lashes without eyeliner,16,B093BMLXFW,"OAZIZ Dual Magnetic Eyelashes, 0.2mm Ultra Thin Magnet, Easy to Wear & Light Weight, Best 3D Reusable Eyelashes, Magnetic Lashes Set with Applicator [8 PC with Tweezers]",E,TP,7,0.75,0.75,0.75,13684.85
343,.2mm magnetic lashes without eyeliner,16,B08Z8FYV5B,"Magnetic Eyelash Applicator Tool Kit, Magnetic False Eyelashes Without Eyeliner, No Glue Magnetic Eyelash Clip With 2 Pairs Soft Magnetic False Eyelashes, Natural Looking Easily Apply Eyelashes Set",E,TP,8,0.75,0.75,0.75,13684.85
343,.2mm magnetic lashes without eyeliner,16,B07FNXBDY3,"Suzie Bumble Magnetic Eyelashes Natural Look; Magnetic Eyelashes Without Eyeliner, Magnetic Eye Lashes, Magnetic Eyelash, Eyelash Magnetic, Eyelashes Magnetic Lashes Natural - Pestañas Magneticas - Comes with Beautiful Mirror Travel Case",E,TP,9,0.75,0.75,0.75,13684.85
343,.2mm magnetic lashes without eyeliner,16,B0927GWLNJ,Magnetic lashes NO Eyeliner or Glue Needed New-Update Reusable False Eyelashes Without Eyeliner Two Different Lengths Natural-Looking (2-Pairs/8Pieces) (Thick-looking),E,TP,10,0.75,0.75,0.75,13684.85
343,.2mm magnetic lashes without eyeliner,16,B07FH6Y5PL,"Upgraded Magnetic Eyelashes Without Eyeliner, With Applicator Tool, Dual Magnets, Natural Look, Fake Lashes Kit, Reusable Eye Lash, No Liner Needed",E,TP,11,0.75,0.75,0.75,13684.85
343,.2mm magnetic lashes without eyeliner,16,B095LJYJ56,"Magnetic Eyelashes, Dual Magnets False Lashes, Magnetic Eyelashes without Eyeliner, Soft 3D No Glue Fake Eyelashes Extension with Applicator & Tweezer, Natural Look Eyelashes Set - 2 Pairs… (C)",E,TP,12,0.75,0.75,0.75,13684.85
343,.2mm magnetic lashes without eyeliner,16,B08548MYN1,"Magnetic Lashes Clip Eyelashes Set, Premium Magnetic Lash Applicator Tool Magnetic Lashes Clip with 3 Magnets 3D Reusable Magnetic Falses Eyelashes",S,FP,13,0.75,0.75,0.75,13684.85
343,.2mm magnetic lashes without eyeliner,16,B08DK7V72N,Lash'd Up by Amazon Magnetic Eyelashes Without Eyeliner 3 Magnets (Can also be worn as Dual Magnets) Full Eye Snap-on Set Soft Faux Silk Vegan (Long & Volume),E,TP,14,0.75,0.75,0.75,13684.85
343,.2mm magnetic lashes without eyeliner,16,B089DY6MRV,Lash'd Up by Amazon Magnetic Eyelashes Without Eyeliner 3 Magnets (Can also be worn as Dual Magnets) Full Eye Snap-on Set Soft Faux Silk Vegan (Runway Ready),S,FP,15,0.75,0.75,0.75,13684.85
343,.2mm magnetic lashes without eyeliner,16,B08DK693TH,Lash'd Up by Amazon Magnetic Eyelashes Without Eyeliner 3 Magnets (Can also be worn as Dual Magnets) Full Eye Snap-on Set Soft Faux Silk Vegan (Very Natural),E,TP,16,0.75,0.75,0.75,13684.85
343,.2mm magnetic lashes without eyeliner,16,B082MS38KG,"KISS Magnetic Lashes, Tempt, 1 Pair Synthetic False Eyelashes With 5 Double Strength Magnets, Wind Resistant, Dermatologist Tested Fake Lashes Last Up To 16 Hours, Reusable Up To 15 Times",E,FN,,0.75,0.75,0.75,13684.85
343,.2mm magnetic lashes without eyeliner,16,B08DK5LGRR,Lash'd Up by Amazon Magnetic Eyelashes Without Eyeliner 3 Magnets (Can also be worn as Dual Magnets) Full Eye Snap-on Set Soft Faux Silk Vegan (Runway Ready),E,FN,,0.75,0.75,0.75,13684.85
343,.2mm magnetic lashes without eyeliner,16,B087C5D4QG,"Davocy Magnetic Eyelashes Applicator Tool Kit, Magnetic Eyelashes without Eyeliner, Glue-free Magnetic Eyelash Clip & Eyelashes Set with 2 Pairs Soft Magnetic False Eyelashes with Manual, Natural,Gold",E,FN,,0.75,0.75,0.75,13684.85
343,.2mm magnetic lashes without eyeliner,16,B095S6H9DF,"loraleo 3 PC Magnetic Eyelash Applicator Tool Kit No Glue False 3D Reusable Eyelashes 0.2mm Ultra Thin Magnet, Light weight & Easy to Wear",E,FN,,0.75,0.75,0.75,13684.85
348,.40 cal suppressor oil filter not as it seems,10,B000C9TV90,ACDelco GM Original Equipment PF1218 Engine Oil Filter,E,TP,1,0.4,0.4,0.4,12159.45
348,.40 cal suppressor oil filter not as it seems,10,B000NKCIKM,"K&N Premium Oil Filter: Protects your Engine: Compatible with Select ALFA ROMEO/BUICK/CHEVROLET/DODGE Vehicle Models (See Product Description for Full List of Compatible Vehicles), HP-1017",I,FP,2,0.4,0.4,0.4,12159.45
348,.40 cal suppressor oil filter not as it seems,10,B000E8XFPU,Purolator PL30001 PurolatorONE Advanced Engine Protection Spin On Oil Filter,I,FP,3,0.4,0.4,0.4,12159.45
348,.40 cal suppressor oil filter not as it seems,10,B06XQL59R2,Purolator PL16311 PurolatorONE Advanced Engine Protection Cartridge Oil Filter,I,FP,4,0.4,0.4,0.4,12159.45
348,.40 cal suppressor oil filter not as it seems,10,B001O4GRY4,"Baldwin Filters Oil Filter, Spin-On, Full-Flow, Red",I,FP,5,0.4,0.4,0.4,12159.45
348,.40 cal suppressor oil filter not as it seems,10,B000E8XFJG,Purolator PL14670 PurolatorONE Advanced Engine Protection Spin On Oil Filter,E,TP,6,0.4,0.4,0.4,12159.45
348,.40 cal suppressor oil filter not as it seems,10,B000C6KLVA,Purolator L14612 Premium Engine Protection Spin On Oil Filter,C,FP,7,0.4,0.4,0.4,12159.45
348,.40 cal suppressor oil filter not as it seems,10,B01G6FPIMW,"Purolator PBL15436 PurolatorBOSS Maximum Engine Protection Cartridge Oil Filter, Black, single filter",S,FP,8,0.4,0.4,0.4,12159.45
348,.40 cal suppressor oil filter not as it seems,10,B0034HNNFK,"Bosch D3423 Distance Plus High Performance Oil Filter, Pack of 1",E,TP,9,0.4,0.4,0.4,12159.45
348,.40 cal suppressor oil filter not as it seems,10,B00BJ4BLMC,Motorcraft - Oil Filter (FL2051S),E,TP,10,0.4,0.4,0.4,12159.45
348,.40 cal suppressor oil filter not as it seems,10,B000C9TCYY,"WIX Filters - 51258 Spin-On Lube Filter, Pack of 1",E,FN,,0.4,0.4,0.4,12159.45
348,.40 cal suppressor oil filter not as it seems,10,B000CSIPUC,"WIX Filters - 51261 Heavy Duty Spin-On Lube Filter, Pack of 1",E,FN,,0.4,0.4,0.4,12159.45
348,.40 cal suppressor oil filter not as it seems,10,B000P4ZDTO,Oil Filter,E,FN,,0.4,0.4,0.4,12159.45
348,.40 cal suppressor oil filter not as it seems,10,B07W3B63BM,"Mymazn Holographic Glitter Waiter Book for Serving Wallet Waitress Book for Restaurant Guest Check Book Organizer Waitstaff, Glitter Purple",E,FN,,0.4,0.4,0.4,12159.45
348,.40 cal suppressor oil filter not as it seems,10,B000C9WL74,"WIX Filters - 51143 Cartridge Fuel Metal Canister, Pack of 1",E,FN,,0.4,0.4,0.4,12159.45
348,.40 cal suppressor oil filter not as it seems,10,B088WDCRJG,Ball Lock CO2 Adapter for Tapcooler Counter Pressure Bottle Filler,E,FN,,0.4,0.4,0.4,12159.45
351,.5 inch suction cups without hooks,1,B01HRKJV7I,Outus Small Clear Plastic Suction Cup Without Hooks -20 mm -20 Packs,S,FP,1,0.0,0.0,0.0,13032.32
351,.5 inch suction cups without hooks,1,B07BHD441K,Aoyoho Diameter 20MM Mini Clear Plastic Suction Cups Without Hooks Pack of 120,E,FN,,0.0,0.0,0.0,13032.32
352,.5 lead b ain,6,B076J92WQG,"NanoDia Mechanical Pencil Leads, 0.5mm, B, 4 Types, total 160 Leads, Sticky Notes Value Set",S,FP,1,0.3333,0.3333,0.3333,11758.83
352,.5 lead b ain,6,B004EHYH0Y,"Pentel Ain Stein Mechanical Pencil Lead, 0.5mm B, 40 Leads x 3 Pack (XC275B-3P)",E,TP,2,0.3333,0.3333,0.3333,11758.83
352,.5 lead b ain,6,B008JF3RLC,"Pentel Mechanical Pencil Lead, Ain Stein, 0.5mm, 4B (C275-4B)",E,TP,3,0.3333,0.3333,0.3333,11758.83
352,.5 lead b ain,6,B001TQDTOS,"Pentel Super Hi-Polymer Lead Refill, 0.5mm, Fine, B, 144 Pieces of Lead (C505-B)",S,FP,4,0.3333,0.3333,0.3333,11758.83
352,.5 lead b ain,6,B07X8Z2819,"Mr. Pen 0.5 Millimeter Lead Refills for Mechanical Pencils, Pack of 600",S,FP,5,0.3333,0.3333,0.3333,11758.83
352,.5 lead b ain,6,B00006IEGK,"Pentel Super Hi-Polymer Lead Refill 0.5mm Fine, B, 36 Pieces of Lead (C505BP3B-K6)",S,FP,6,0.3333,0.3333,0.3333,11758.83
352,.5 lead b ain,6,B004EHYH2M,"Pentel Ain Stein Mechanical Pencil Lead, 0.5mm 2B, 40 Leads x 3 Pack (XC2752B-3P)",E,FN,,0.3333,0.3333,0.3333,11758.83
352,.5 lead b ain,6,B01HODH9QI,"Pentel Ain Stein Mechanical Pencil Lead, 0.5mm B,2B,3B,4B (40 Leads) 1 Each + Original 5 Colors Sticky Notes",E,FN,,0.3333,0.3333,0.3333,11758.83
352,.5 lead b ain,6,B00PQY8XRC,"Pentel Ain Pencil Leads 0.5mm 4B, 40 Leads X 5 Pack/total 200 Leads (Japan Import) [Komainu-Dou Original Package]",E,FN,,0.3333,0.3333,0.3333,11758.83
352,.5 lead b ain,6,B017Q9VRIQ,"Pentel 0.5 Refill 3-piece Set 3B2BBAS for PG1015/515, Packaged Ain Stein Lead, 0.5 mm B, 2B, 3B for PG1015/515, Tube of 40pcs (XC275-B,2B,3B), 1 Each",E,FN,,0.3333,0.3333,0.3333,11758.83
353,.5 mm pen,15,B00006IE87,"uni-ball ONYX Rollerball Pen, Micro Point (0.5mm), Black, 12 Count",E,TP,1,1.0,1.0,1.0,13566.07
353,.5 mm pen,15,B07K9MPWFF,"12 Pieces Rolling Ball Pens, Quick-Drying Ink 0.5 mm Extra Fine Point Pens Liquid Ink Pen Rollerball Pens (Black, Red, Blue, Pink, Purple and Green)",E,TP,2,1.0,1.0,1.0,13566.07
353,.5 mm pen,15,B005EE4UPS,"Pentel EnerGel-X Retractable Liquid Gel Pen, 0.5 mm, Black, Pack of 12",E,TP,3,1.0,1.0,1.0,13566.07
353,.5 mm pen,15,B001E6A9M8,"PILOT Precise V5 RT Refillable & Retractable Liquid Ink Rolling Ball Pens, Extra Fine Point (0.5mm) Black Ink, 12-Pack (26062)",E,TP,4,1.0,1.0,1.0,13566.07
353,.5 mm pen,15,B01NBWOPVU,"TUL Retractable Gel Pens, Needle Point, 0.5 mm, Gray Barrel, Assorted Bright Ink Colors, Pack of 8",E,TP,5,1.0,1.0,1.0,13566.07
353,.5 mm pen,15,B07R79FGTC,"INC R2 PRECISION ROLLERBALL 0.5 MM Tip Ultra Fine Point 12 Count Comfort Grip R-2 Precision Pens with Free Flowing Liquid Ink for Smooth Writing, Premium Black Ink Pens for Home, School or Office",E,TP,6,1.0,1.0,1.0,13566.07
353,.5 mm pen,15,B078MCWLX7,"Tanmit Gel Pens Retractable Black Ink Rollerball Pens, Fine Point Ballpoint Writing Pen for Office - 0.5mm Tips with Comfort Grip (18-Pack)",E,TP,7,1.0,1.0,1.0,13566.07
353,.5 mm pen,15,B00006IEBI,"PILOT Precise V5 Stick Liquid Ink Rolling Ball Stick Pens, Extra Fine Point (0.5mm) Black Ink, 12-Pack (35334)",E,TP,8,1.0,1.0,1.0,13566.07
353,.5 mm pen,15,B07VPVWPBB,Kaco Pure Retractable Gel Ink Pens Retro Colored Ink 0.5mm Extra Fine Point 5-Pack,E,TP,9,1.0,1.0,1.0,13566.07
353,.5 mm pen,15,B002R0DYZ4,"Pentel EnerGel Deluxe RTX Retractable Liquid Gel Pens, Fine Point, 0.5 mm, 54% Recycled, Blue Barrel, Black Ink, Pack of 12 Pens",E,TP,10,1.0,1.0,1.0,13566.07
353,.5 mm pen,15,B00CMO1G9G,"Pentel Pink BCA EnerGel Pearl Deluxe RTX Liquid Gel Pen, (0.5mm), Fine Line, Needle Tip (BLN75WBP2PA)",E,TP,11,1.0,1.0,1.0,13566.07
353,.5 mm pen,15,B082PMHSBB,"Sharpie S-Gel, Gel Pens, Fine Point (0.5mm), Blue Ink Gel Pen, 12 Count",E,TP,12,1.0,1.0,1.0,13566.07
353,.5 mm pen,15,B01MDLE5ZJ,"Retractable Gel Pens, 20 Assorted Colors",E,TP,13,1.0,1.0,1.0,13566.07
353,.5 mm pen,15,B07G2DMV63,"Zebra Pen G-402 Stainless Steel Retractable Gel Pen, Fine Point, 0.5mm, Black Ink, 2-Count (49212)",E,TP,14,1.0,1.0,1.0,13566.07
353,.5 mm pen,15,B00K3KRQM2,"Sakura Pigma Micron Black #49, 6 Count (Pack of 1)",E,TP,15,1.0,1.0,1.0,13566.07
354,.50 cc syringe without needle,3,B07BQDRDC2,1ml Syringe Sterile with Luer Slip Tip - 100 Syringes by BH Supplies (No Needle) Individually Sealed,S,FP,1,0.0,0.0,0.0,12320.36
354,.50 cc syringe without needle,3,B07QJZMN51,"1ml Syringe Without Needle Luer Lock 100 Pack by Tilcare - Sterile Plastic Medicine Droppers for Children, Pets or Adults – Latex-Free Oral Medication Dispenser - Syringes for Glue and Epoxy",S,FP,2,0.0,0.0,0.0,12320.36
354,.50 cc syringe without needle,3,B07SFK6Z5J,"1ml Syringe with Cap (100 Pack) | Oral Dispenser Without Needle, Luer Slip Tip, | Individually Wrapped Medicine Dropper for Infants & Pets",S,FP,3,0.0,0.0,0.0,12320.36
354,.50 cc syringe without needle,3,B07P25XH8Z,20 Packs Plastic Syringe with Measurement Liquids Measuring Syringes Without Needle for Medicine Resin Epoxy Watering Refilling (3 ml),E,FN,,0.0,0.0,0.0,12320.36
354,.50 cc syringe without needle,3,B07PY77BHF,"DEPEPE 120pcs 1ml Luer Slip Tip Syringe with Caps, Without Needle, for Pet Feeding and Industrial Use",E,FN,,0.0,0.0,0.0,12320.36
354,.50 cc syringe without needle,3,B01N01TO2O,"BSTEAN 1ml 1cc Syringe with Luer Slip Tip, No Needle, Non-Sterile (Pack of 50)",E,FN,,0.0,0.0,0.0,12320.36
358,.625 width 20 gal metal strapping without holes,1,B000KKKDMK,Tie Down Engineering 59155 Certified Galvanized Strapping - 37',S,FP,1,0.0,0.0,0.0,11857.02
358,.625 width 20 gal metal strapping without holes,1,B06XTKM2GJ,"Poly Strapping Tensioner & Cutter Manual Banding Tools Windlass for 1/2"" -3/4"" Width Polyester Polyproplyn Strap",E,FN,,0.0,0.0,0.0,11857.02
362,.75 carat rings band curved,11,B079Q7K4YT,"Kobelli Round Diamond Curved Wedding Band 1/6 carat (ctw) in 14K Gold, Size 6.5, Yellow Gold",S,FP,1,0.4545,0.4545,0.4545,12272.7
362,.75 carat rings band curved,11,B07N575QB8,BERRICLE Rhodium Plated Sterling Silver Cubic Zirconia CZ Wishbone Wedding Curved Half Eternity Band Ring Size 6,E,TP,2,0.4545,0.4545,0.4545,12272.7
362,.75 carat rings band curved,11,B00KL3NICS,"Dazzlingrock Collection 0.75 Carat (ctw) 18k Round Diamond Curved Guard Matching Bridal Wedding Band, White Gold, Size 9",E,TP,3,0.4545,0.4545,0.4545,12272.7
362,.75 carat rings band curved,11,B07688W2ZR,AFFY Round Cut White Cubic Zirconia Curved Wedding Band Ring in 14k Rose Gold Over Sterling Silver,S,FP,4,0.4545,0.4545,0.4545,12272.7
362,.75 carat rings band curved,11,B08HS82X9M,"3/4 Ct Pear Emerald Solitaire Ring, Crown Engagement Ring, 1/2 Ct HI-SI Diamond Halo Bridal Ring, Curved Statement Ring, Vintage Wedding Ring, 14K White Gold, Size:US 11.5",S,FP,5,0.4545,0.4545,0.4545,12272.7
362,.75 carat rings band curved,11,B08L25FKFB,BERRICLE Rhodium Plated Sterling Silver Cubic Zirconia CZ Wishbone Wedding Curved Half Eternity Band Ring Size 10,S,FP,6,0.4545,0.4545,0.4545,12272.7
362,.75 carat rings band curved,11,B00VF2UGTM,BERRICLE Rhodium Plated Sterling Silver Cubic Zirconia CZ Wishbone Wedding Curved Half Eternity Band Ring Size 8,S,FP,7,0.4545,0.4545,0.4545,12272.7
362,.75 carat rings band curved,11,B08LKF77TL,"3/4 Ct Pear Emerald Diffused Solitaire Ring, Crown Engagement Ring, 1/2 Ct HI-SI Diamond Halo Bridal Ring, Curved Statement Ring, Vintage Wedding Ring, 14K Rose Gold, Size:US 10.5",S,FP,8,0.4545,0.4545,0.4545,12272.7
362,.75 carat rings band curved,11,B00KL39T8K,"Dazzlingrock Collection 0.75 Carat (ctw) 10k Round White And Blue Diamond Curved Guard Bridal Wedding Band, White Gold, Size 7",E,TP,9,0.4545,0.4545,0.4545,12272.7
362,.75 carat rings band curved,11,B00KM333MM,"Dazzlingrock Collection 0.75 Carat (ctw) 18K Ruby Ladies Curved Guard Matching Bridal Wedding Band 3/4 CT, White Gold, Size 7",E,TP,10,0.4545,0.4545,0.4545,12272.7
362,.75 carat rings band curved,11,B005MTHRZK,"Dazzlingrock Collection 0.75 Carat (ctw) 14K Round Diamond Curved Guard Bridal Wedding Band 3/4 CT, White Gold, Size 7",E,TP,11,0.4545,0.4545,0.4545,12272.7
362,.75 carat rings band curved,11,B00KL3N8XM,"Dazzlingrock Collection 0.75 Carat (ctw) 10k Round Diamond Curved Guard Matching Bridal Wedding Band, White Gold, Size 9",E,FN,,0.4545,0.4545,0.4545,12272.7
362,.75 carat rings band curved,11,B07KQYJ3LK,"Classic Bridal Ring Set 0.75 Ct Pear Cut Teardrop Halo Ring Eternity Infinity Band Size 4 5 6 7 8 9 10 (Silver, 7)",E,FN,,0.4545,0.4545,0.4545,12272.7
362,.75 carat rings band curved,11,B081ZW6Z7T,Sterling Silver Curved Wedding Band Simple Stackable Ring Stacking Minimalist Thin Band Bridal Ring Size 6,E,FN,,0.4545,0.4545,0.4545,12272.7
362,.75 carat rings band curved,11,B08SQR39ZH,DovEggs 0.46CTW GHI 2mm Width Moissanite Lab Created Diamond Half Curved Eternity Wedding Band Sterling Silver for Women (7),E,FN,,0.4545,0.4545,0.4545,12272.7
362,.75 carat rings band curved,11,B07FMQQK2Q,2mm 925 Stering Silver Ring Cubic Zirconia Curved Half Eternity ring for Women Size 7,E,FN,,0.4545,0.4545,0.4545,12272.7
362,.75 carat rings band curved,11,B008EMFRSG,BERRICLE Rhodium Plated Sterling Silver Cubic Zirconia CZ Wedding Curved Half Eternity Band Ring Size 7,E,FN,,0.4545,0.4545,0.4545,12272.7
363,.8 beading wire plastic not stretchy,8,B00D3KOYTW,"Beadalon 7-Strand 0.018"" (0.46 mm) 100 ft (30.5 m) Bright Bead Stringing Wire, Silver",I,FP,1,0.25,0.25,0.25,13598.81
363,.8 beading wire plastic not stretchy,8,B07CVTFQGW,BENECREAT 300-Feet 0.018inch/0.46mm Tiger Tail Beading Wire 7-Strand Bead Stringing Wire,E,TP,2,0.25,0.25,0.25,13598.81
363,.8 beading wire plastic not stretchy,8,B00D3KOB2W,"Beadalon 7-Strand 0.012"" (0.30 mm) 100 ft (30.5 m) Bright Bead Stringing Wire",S,FP,3,0.25,0.25,0.25,13598.81
363,.8 beading wire plastic not stretchy,8,B001RBOY8U,"Beadalon 7-Strand 0.015"" (0.38 mm) 300 ft (91.4 m) Bright Bead Stringing Wire",S,FP,4,0.25,0.25,0.25,13598.81
363,.8 beading wire plastic not stretchy,8,B002RTKGW4,Beadsmith Illusion Monofilament Bead Cord .010 In 6 lb 164ft,E,TP,5,0.25,0.25,0.25,13598.81
363,.8 beading wire plastic not stretchy,8,B015OCFY5O,PandaHall Elite 540 Pcs 6 Colors Brass Wire Guardian Wire Cable Protector U Shape Wire Guard Loops for Earring Bracelet Jewelry Making,C,FP,6,0.25,0.25,0.25,13598.81
363,.8 beading wire plastic not stretchy,8,B079234LMQ,PAXCOO 6 Pack Jewelry Beading Wire for Jewelry Making Supplies and Craft (24 Gauge),S,FP,7,0.25,0.25,0.25,13598.81
363,.8 beading wire plastic not stretchy,8,B074DRDMKS,Paxcoo 1.2mm Elastic Stretch String Cord for Jewelry Making Bracelet Beading Thread,I,FP,8,0.25,0.25,0.25,13598.81
363,.8 beading wire plastic not stretchy,8,B00E95QXMG,"328 FT Elastic String for Bracelets, Premium 0.8mm Jewelry Elastic Cord Clear, Strong Stretchy String Elastic Cord for Bracelet, Jewelry Making, Beads, Crafts, Crystal String Beading Thread for Kids",E,FN,,0.25,0.25,0.25,13598.81
363,.8 beading wire plastic not stretchy,8,B006DRFACW,"SuppleMax Illusion Beading Cord, 0.30 mm / .012 in, Clear Monofilament, 50 m / 164 ft",E,FN,,0.25,0.25,0.25,13598.81
363,.8 beading wire plastic not stretchy,8,B07QWQCZJQ,"320 FT Jewelry Cord, Elastic Bracelet Rope Crystal Beading Cords, Transparent and Shiny Elastic Beaded Line, Can Easily Pass Through Beaded Jewelry, Suitable for DIY Jewelry Making, Bracelet Making",E,FN,,0.25,0.25,0.25,13598.81
363,.8 beading wire plastic not stretchy,8,B0899PP3RK,"0.8mm Crystal Elastic String, 393.7ft Clear Bead Cord Stretchy Bracelet String for Handcrafts/Jewelry Making/Necklace/Bracelet/Beading Thread",E,FN,,0.25,0.25,0.25,13598.81
363,.8 beading wire plastic not stretchy,8,B08FR8BFG3,E-outstanding Beading Wire Stretch Thread 100m/Roll 0.8mm Elastic Crystal Line Cord String Rope for Jewelry Making Supply DIY Necklace Bracelet,E,FN,,0.25,0.25,0.25,13598.81
363,.8 beading wire plastic not stretchy,8,B01KQ2JNLI,Striveday 30 AWG Flexible Silicone Wire Electric Wire 30 Gauge Coper Hook Up Wire 300V Cables Electronic Stranded Wire Cable Electrics DIY Box-1,E,FN,,0.25,0.25,0.25,13598.81
376,.i'm a dreamer but i not the only one dragonfly,29,B096TRTS8N,"You May Say I M A Dreamer But I Not The Only One Dragon Fly: notebook, notebook journal beautiful , simple, impressive,size 6x9 inches, 114 paperback pages",E,TP,1,0.931,0.931,0.931,14897.22
376,.i'm a dreamer but i not the only one dragonfly,29,B098NDWJ38,Personalized Mug- You May Say I'm A Dreamer But I'm Not The Only One Imagine Dragonfly 1 Custom Mug Coffee Mugs Tea Cup 11oz 15oz Stainless Steel Bottle Travel Beer Stein Mug,E,TP,2,0.931,0.931,0.931,14897.22
376,.i'm a dreamer but i not the only one dragonfly,29,B097T6THD3,Personalized Name You May Say I'm A Dreamer But Not The Only One Dragon Fly Blanket LETD FUCT2409,E,TP,3,0.931,0.931,0.931,14897.22
376,.i'm a dreamer but i not the only one dragonfly,29,B08MQ3QB8W,"Mi2luky Sticker You May Say I'm A Dreamer But I Not The Only One Dragon Fly 3""×4"" Decals for Laptop Window Car Bumper Helmet Water Bottle (3 PCs/Pack)",E,TP,4,0.931,0.931,0.931,14897.22
376,.i'm a dreamer but i not the only one dragonfly,29,B07XD6TDFH,"GrayFoxxy You May Say I'm A Dreamer But I Not The Only One Dragon Fly Gift Decorations - 4x3 Vinyl Stickers, Laptop Decal, Water Bottle Sticker (Set of 3)",E,TP,5,0.931,0.931,0.931,14897.22
376,.i'm a dreamer but i not the only one dragonfly,29,B0854C5VQ6,You May Say I'm A Dreamer But I Not The Only One Dragon Fly PopSockets Grip and Stand for Phones and Tablets,E,TP,6,0.931,0.931,0.931,14897.22
376,.i'm a dreamer but i not the only one dragonfly,29,B08CDDXQ7T,Dragonfly Image You May say I'm a Dreamer but I'm not The only one T-Shirt White,E,TP,7,0.931,0.931,0.931,14897.22
376,.i'm a dreamer but i not the only one dragonfly,29,B08MJMXLK7,"Mi2luky You May Say I'm A Dreamer But I Not The Only One Dragon Fly (17""x22"") Wall Art Print Poster Home Decor",E,TP,8,0.931,0.931,0.931,14897.22
376,.i'm a dreamer but i not the only one dragonfly,29,B098NF452B,Personalized Mug- You May Say I'm A Dreamer But I'm Not The Only One Imagine Dragonfly 2 Custom Mug Coffee Mugs Tea Cup 11oz 15oz Stainless Steel Bottle Travel Beer Stein Mug,E,TP,9,0.931,0.931,0.931,14897.22
376,.i'm a dreamer but i not the only one dragonfly,29,B08XJ1VWHV,1PCS Hippie Imagine You May Say I'm A Dreamer But I Am Not The Only One Dragonfly Cloth Mask,E,TP,10,0.931,0.931,0.931,14897.22
376,.i'm a dreamer but i not the only one dragonfly,29,B0854D24S5,You May Say I'm A Dreamer But I Not The Only One Dragon Fly Long Sleeve T-Shirt,E,TP,11,0.931,0.931,0.931,14897.22
376,.i'm a dreamer but i not the only one dragonfly,29,B08MK1B1G9,You May Say I'm A Dreamer But I Not The Only One Dragon Fly Cotton Short Sleeve T-Shirt Black,E,TP,12,0.931,0.931,0.931,14897.22
376,.i'm a dreamer but i not the only one dragonfly,29,B0854BVXP5,You May Say I'm A Dreamer But I Not The Only One Dragon Fly Pullover Hoodie,E,TP,13,0.931,0.931,0.931,14897.22
376,.i'm a dreamer but i not the only one dragonfly,29,B08MK2RB9T,You May Say I'm A Dreamer But I Not The Only One Dragon Fly Ceramic Coffee Mug Tea Cup,E,TP,14,0.931,0.931,0.931,14897.22
376,.i'm a dreamer but i not the only one dragonfly,29,B0854FRCQZ,You May Say I'm A Dreamer But I Not The Only One Dragon Fly Premium T-Shirt,E,TP,15,0.931,0.931,0.931,14897.22
376,.i'm a dreamer but i not the only one dragonfly,29,B098MT83R4,Personalized Mug- You May Say I'm A Dreamer But I'm Not The Only One Imagine Dragonfly 1 Custom Mug Coffee Mugs Tea Cup 11oz 15oz Stainless Steel Bottle Travel Beer Stein Mug,E,TP,16,0.931,0.931,0.931,14897.22
376,.i'm a dreamer but i not the only one dragonfly,29,B091TTB48Q,"You May Say I'm A Dreamer But I'm Not The Only One Imagine Dragonfly Aesthetic Quote Dreamer T-Shirt, Long Sleeve, Sweatshirt, Hoodie, Babysuit",E,TP,17,0.931,0.931,0.931,14897.22
376,.i'm a dreamer but i not the only one dragonfly,29,B098MTLFD1,Personalized Mug- You May Say I'm A Dreamer But I Not The Only One Imagine Dragonfly 3 Custom Mug Coffee Mugs Tea Cup 11oz 15oz Stainless Steel Bottle Travel Beer Stein Mug,E,TP,18,0.931,0.931,0.931,14897.22
376,.i'm a dreamer but i not the only one dragonfly,29,B0854JSKPQ,You May Say I'm A Dreamer But I Not The Only One Dragon Fly T-Shirt,E,TP,19,0.931,0.931,0.931,14897.22
376,.i'm a dreamer but i not the only one dragonfly,29,B08MJDNVC9,You May Say I'm A Dreamer But I Not The Only One Dragon Fly Women Flowy Racerback Tank Top Black,E,TP,20,0.931,0.931,0.931,14897.22
376,.i'm a dreamer but i not the only one dragonfly,29,B08MJDCR4J,You May Say I'm A Dreamer But I Not The Only One Dragon Fly Pullover Hoodie Black,E,TP,21,0.931,0.931,0.931,14897.22
376,.i'm a dreamer but i not the only one dragonfly,29,B0854BVBQ1,Womens You May Say I'm A Dreamer But I Not The Only One Dragon Fly V-Neck T-Shirt,E,TP,22,0.931,0.931,0.931,14897.22
376,.i'm a dreamer but i not the only one dragonfly,29,B08Q3SHC5B,You May Say I'm A Dreamer But I'm Not The Only One Dragonfly T-Shirt,E,TP,23,0.931,0.931,0.931,14897.22
376,.i'm a dreamer but i not the only one dragonfly,29,B08PSNPPK1,You May Say I'm A Dreamer But I Not The Only One Dragon Fly T-Shirt (Black;S),E,TP,24,0.931,0.931,0.931,14897.22
376,.i'm a dreamer but i not the only one dragonfly,29,B0854C6R4C,You May Say I'm A Dreamer But I Not The Only One Dragon Fly Sweatshirt,E,TP,25,0.931,0.931,0.931,14897.22
376,.i'm a dreamer but i not the only one dragonfly,29,B0854BDTGT,You May Say I'm A Dreamer But I Not The Only One Dragon Fly Tank Top,E,TP,26,0.931,0.931,0.931,14897.22
376,.i'm a dreamer but i not the only one dragonfly,29,B07YP5NY88,"Peach Poem Dragonfly You May say I'm a Dreamer but I'm not The only one Gift Decorations - 4x3 Vinyl Stickers, Laptop Decal, Water Bottle Sticker (Set of 3)",E,TP,27,0.931,0.931,0.931,14897.22
376,.i'm a dreamer but i not the only one dragonfly,29,B007WA7U9A,Versace Dreamer Edt Spray For Frgmen 3.4 OZ,I,FP,28,0.931,0.931,0.931,14897.22
376,.i'm a dreamer but i not the only one dragonfly,29,B07B3WFQCT,The Beatles Jump at Sefton Park T-Shirt,I,FP,29,0.931,0.931,0.931,14897.22
376,.i'm a dreamer but i not the only one dragonfly,29,B098MV8QTD,Personalized Mug- You May Say I'm A Dreamer But I'm Not The Only One Imagine Dragonfly 2 Custom Mug Coffee Mugs Tea Cup 11oz 15oz Stainless Steel Bottle Travel Beer Stein Mug,E,FN,,0.931,0.931,0.931,14897.22
376,.i'm a dreamer but i not the only one dragonfly,29,B098NF1DKT,Personalized Mug- You May Say I'm A Dreamer But I Not The Only One Imagine Dragonfly 3 Custom Mug Coffee Mugs Tea Cup 11oz 15oz Stainless Steel Bottle Travel Beer Stein Mug,E,FN,,0.931,0.931,0.931,14897.22
382,.rascal does not dream of bunny girl senpai tapestry,38,B09BBY5T4C,Rascal Does Not Dream Of Bunny Girl Senpai Tapestry Wall Hanging Tapestries Art Tapestries Classic Wall Hanging Blanket Decoration Home Living Room Bedroom Dorm 90x60inch,E,TP,1,0.9737,0.9737,0.9737,16681.01
382,.rascal does not dream of bunny girl senpai tapestry,38,B09BC8ZFX1,Rascal Does Not Dream Of Bunny Girl Senpai Tapestry Wall Hanging Tapestries Art Tapestries Classic Wall Hanging Blanket Decoration Home Living Room Bedroom Dorm 90x60inch,E,TP,2,0.9737,0.9737,0.9737,16681.01
382,.rascal does not dream of bunny girl senpai tapestry,38,B09BC35GP6,Rascal Does Not Dream Of Bunny Girl Senpai Tapestry Wall Hanging Tapestries Art Tapestries Classic Wall Hanging Blanket Decoration Home Living Room Bedroom Dorm 90x60inch,E,TP,3,0.9737,0.9737,0.9737,16681.01
382,.rascal does not dream of bunny girl senpai tapestry,38,B09BC27J9V,Rascal Does Not Dream Of Bunny Girl Senpai Tapestry Wall Hanging Tapestries Decoration Tapestries Classic Wall Hanging Blanket 60x40inch,E,TP,4,0.9737,0.9737,0.9737,16681.01
382,.rascal does not dream of bunny girl senpai tapestry,38,B098FGC8C9,"Rascal Does Not Dream Of Bunny Girl Senpai Tapestry For Bbq, Bedsheet, Wall Art, Decor Wall, And Wall Hanging, Tapestry Blanket For Living Room Or Office 60 X 40 Inches",E,TP,5,0.9737,0.9737,0.9737,16681.01
382,.rascal does not dream of bunny girl senpai tapestry,38,B08M5QYC54,Marquezin Rascal Does Not Dream of Bunny Girl Senpai Tapestry Wall Hanging Comfortable Tapestry Fashion Wall Home Art Decoration Living Room Bedroom Dormitory Home Decoration 60x40 Inch,E,TP,6,0.9737,0.9737,0.9737,16681.01
382,.rascal does not dream of bunny girl senpai tapestry,38,B08RYD5542,"439 Rascal Does Not Dream of Bunny Girl Senpai Tapestry Wall Hanging Art Decoration for Apartment Home Wall Tapestry for Bedroom Living Room Dorm, 60*40Ines",E,TP,7,0.9737,0.9737,0.9737,16681.01
382,.rascal does not dream of bunny girl senpai tapestry,38,B086J98VBJ,AsakawaKoutarou Rascal Does Not Dream of Bunny Girl Senpai Banner Tapestry 90x60 Inches Wall Art Tapestries Hanging Dorm Room Living Home Decorative,E,TP,8,0.9737,0.9737,0.9737,16681.01
382,.rascal does not dream of bunny girl senpai tapestry,38,B08M61561B,"Marquezin Rascal Does Not Dream of Bunny Girl Senpai Tapestry Wall Hanging Comfortable Tapestry Fashion Wall Home Art Decoration Living Room Bedroom Dormitory Home Decoration 60x40 Inch,Black,One Size",E,TP,9,0.9737,0.9737,0.9737,16681.01
382,.rascal does not dream of bunny girl senpai tapestry,38,B09BBZCM4V,Rascal Does Not Dream Of Bunny Girl Senpai Tapestry Wall Hanging Tapestries Art Tapestries Classic Wall Hanging Blanket Decoration Home Living Room Bedroom Dorm 90x60inch,E,TP,10,0.9737,0.9737,0.9737,16681.01
382,.rascal does not dream of bunny girl senpai tapestry,38,B09BC2SPHX,Rascal Does Not Dream Of Bunny Girl Senpai Tapestry Wall Hanging Tapestries Art Tapestries Classic Wall Hanging Blanket Decoration Home Living Room Bedroom Dorm 90x60inch,E,TP,11,0.9737,0.9737,0.9737,16681.01
382,.rascal does not dream of bunny girl senpai tapestry,38,B09BCC963J,Rascal Does Not Dream Of Bunny Girl Senpai Tapestry Wall Hanging Tapestries Decoration Tapestries Classic Wall Hanging Blanket 60x40inch,E,TP,12,0.9737,0.9737,0.9737,16681.01
382,.rascal does not dream of bunny girl senpai tapestry,38,B09BC5HB6X,Rascal Does Not Dream Of Bunny Girl Senpai Tapestry Wall Hanging Tapestries Art Tapestries Classic Wall Hanging Blanket Decoration Home Living Room Bedroom Dorm 90x60inch,E,TP,13,0.9737,0.9737,0.9737,16681.01
382,.rascal does not dream of bunny girl senpai tapestry,38,B09BC1RVV6,Rascal Does Not Dream Of Bunny Girl Senpai Tapestry Wall Hanging Tapestries Art Tapestries Classic Wall Hanging Blanket Decoration Home Living Room Bedroom Dorm 90x60inch,E,TP,14,0.9737,0.9737,0.9737,16681.01
382,.rascal does not dream of bunny girl senpai tapestry,38,B09BBYL2C8,Rascal Does Not Dream Of Bunny Girl Senpai Tapestry Wall Hanging Tapestries Decoration Tapestries Classic Wall Hanging Blanket 60x40inch,E,TP,15,0.9737,0.9737,0.9737,16681.01
382,.rascal does not dream of bunny girl senpai tapestry,38,B09BBB94VL,Rascal Does Not Dream Of Bunny Girl Senpai Tapestry Wall Hanging Tapestries Decoration Tapestries Classic Wall Hanging Blanket 80x60inch,E,TP,16,0.9737,0.9737,0.9737,16681.01
382,.rascal does not dream of bunny girl senpai tapestry,38,B09BC51DGL,Rascal Does Not Dream Of Bunny Girl Senpai Tapestry Wall Hanging Tapestries Decoration Tapestries Classic Wall Hanging Blanket 60x40inch,E,TP,17,0.9737,0.9737,0.9737,16681.01
382,.rascal does not dream of bunny girl senpai tapestry,38,B09BCFFGHR,Rascal Does Not Dream Of Bunny Girl Senpai Tapestry Wall Hanging Tapestries Decoration Tapestries Classic Wall Hanging Blanket 60x40inch,E,TP,18,0.9737,0.9737,0.9737,16681.01
382,.rascal does not dream of bunny girl senpai tapestry,38,B09BCD3FKW,Rascal Does Not Dream Of Bunny Girl Senpai Tapestry Wall Hanging Tapestries Art Tapestries Classic Wall Hanging Blanket Decoration Home Living Room Bedroom Dorm 90x60inch,E,TP,19,0.9737,0.9737,0.9737,16681.01
382,.rascal does not dream of bunny girl senpai tapestry,38,B08RRWXXKY,439 Rascal Does Not Dream of Bunny Girl Senpai Tapestry Wall Hanging Art Decoration for Apartment Home Wall Tapestry for Bedroom Living Room Dorm 6051Ines,E,TP,20,0.9737,0.9737,0.9737,16681.01
382,.rascal does not dream of bunny girl senpai tapestry,38,B0895R6GC9,AsakawaKoutarou Rascal Does Not Dream of Bunny Girl Senpai Tapestry Wall Hanging Anime Wall Tapestry for Bedroom Living Room Dorm Decorations 59×59 inches,C,FP,21,0.9737,0.9737,0.9737,16681.01
382,.rascal does not dream of bunny girl senpai tapestry,38,B08M67QVKS,Marquezin Rascal Does Not Dream of Bunny Girl Senpai Tapestry Wall Hanging Comfortable Tapestry Fashion Wall Home Art Decoration Living Room Bedroom Dormitory Home Decoration 60x40 Inch,E,TP,22,0.9737,0.9737,0.9737,16681.01
382,.rascal does not dream of bunny girl senpai tapestry,38,B09BC173JH,Rascal Does Not Dream Of Bunny Girl Senpai Tapestry Wall Hanging Tapestries Decoration Tapestries Classic Wall Hanging Blanket 60x40inch,E,TP,23,0.9737,0.9737,0.9737,16681.01
382,.rascal does not dream of bunny girl senpai tapestry,38,B09BC1X733,Rascal Does Not Dream Of Bunny Girl Senpai Tapestry Wall Hanging Tapestries Art Tapestries Classic Wall Hanging Blanket Decoration Home Living Room Bedroom Dorm 90x60inch,E,TP,24,0.9737,0.9737,0.9737,16681.01
382,.rascal does not dream of bunny girl senpai tapestry,38,B08M5DQXFZ,Marquezin Rascal Does Not Dream of Bunny Girl Senpai Tapestry Wall Hanging Comfortable Tapestry Fashion Wall Home Art Decoration Living Room Bedroom Dormitory Home Decoration 60x40 Inch,E,TP,25,0.9737,0.9737,0.9737,16681.01
382,.rascal does not dream of bunny girl senpai tapestry,38,B09BC2ZZVV,Rascal Does Not Dream Of Bunny Girl Senpai Tapestry Wall Hanging Tapestries Decoration Tapestries Classic Wall Hanging Blanket 60x40inch,E,TP,26,0.9737,0.9737,0.9737,16681.01
382,.rascal does not dream of bunny girl senpai tapestry,38,B08SJPLM15,HGNN Rascal Does Not Dream of Bunny Girl Senpai Nude Wall Hanging Anime Manga Tapestry Blanket for Party Bedroom Decoration 50x150cm(19.6in x 59in) Satin Peach Skin Pillowcase,E,TP,27,0.9737,0.9737,0.9737,16681.01
382,.rascal does not dream of bunny girl senpai tapestry,38,B09BC3WNGJ,Rascal Does Not Dream Of Bunny Girl Senpai Tapestry Wall Hanging Tapestries Art Tapestries Classic Wall Hanging Blanket Decoration Home Living Room Bedroom Dorm 90x60inch,E,TP,28,0.9737,0.9737,0.9737,16681.01
382,.rascal does not dream of bunny girl senpai tapestry,38,B09BC1D1YV,Rascal Does Not Dream Of Bunny Girl Senpai Tapestry Wall Hanging Tapestries Decoration Tapestries Classic Wall Hanging Blanket 60x40inch,E,TP,29,0.9737,0.9737,0.9737,16681.01
382,.rascal does not dream of bunny girl senpai tapestry,38,B09BC33XHS,Rascal Does Not Dream Of Bunny Girl Senpai Tapestry Wall Hanging Tapestries Art Tapestries Classic Wall Hanging Blanket Decoration Home Living Room Bedroom Dorm 90x60inch,E,TP,30,0.9737,0.9737,0.9737,16681.01
382,.rascal does not dream of bunny girl senpai tapestry,38,B09BC2WWFZ,Rascal Does Not Dream Of Bunny Girl Senpai Tapestry Wall Hanging Tapestries Decoration Tapestries Classic Wall Hanging Blanket 60x40inch,E,TP,31,0.9737,0.9737,0.9737,16681.01
382,.rascal does not dream of bunny girl senpai tapestry,38,B09BBYVMX7,Rascal Does Not Dream Of Bunny Girl Senpai Tapestry Wall Hanging Tapestries Art Tapestries Classic Wall Hanging Blanket Decoration Home Living Room Bedroom Dorm 90x60inch,E,TP,32,0.9737,0.9737,0.9737,16681.01
382,.rascal does not dream of bunny girl senpai tapestry,38,B095NBYVGC,"Rascal Does Not Dream of Bunny Girl Senpai Mai Wall Hanging Tapestry for Apartment Home Art Decoration, Living Room, Dormitory Wall Hanging Tapestry Fashion Tapestry 60 x 40inch",E,TP,33,0.9737,0.9737,0.9737,16681.01
382,.rascal does not dream of bunny girl senpai tapestry,38,B098FJ7RGD,"Rascal Does Not Dream Of Bunny Girl Senpai Tapestry For Bbq, Bedsheet, Wall Art, Decor Wall, And Wall Hanging, Tapestry Blanket For Living Room Or Office 60 X 40 Inches",E,TP,34,0.9737,0.9737,0.9737,16681.01
382,.rascal does not dream of bunny girl senpai tapestry,38,B09BC2D83N,Rascal Does Not Dream Of Bunny Girl Senpai Tapestry Wall Hanging Tapestries Decoration Tapestries Classic Wall Hanging Blanket 60x40inch,E,TP,35,0.9737,0.9737,0.9737,16681.01
382,.rascal does not dream of bunny girl senpai tapestry,38,B09BC1M2YB,Rascal Does Not Dream Of Bunny Girl Senpai Tapestry Wall Hanging Tapestries Decoration Tapestries Classic Wall Hanging Blanket 60x40inch,E,TP,36,0.9737,0.9737,0.9737,16681.01
382,.rascal does not dream of bunny girl senpai tapestry,38,B09BC22WWX,Rascal Does Not Dream Of Bunny Girl Senpai Tapestry Wall Hanging Tapestries Decoration Tapestries Classic Wall Hanging Blanket 60x40inch,E,TP,37,0.9737,0.9737,0.9737,16681.01
382,.rascal does not dream of bunny girl senpai tapestry,38,B09BBYSTP7,Rascal Does Not Dream Of Bunny Girl Senpai Tapestry Wall Hanging Tapestries Art Tapestries Classic Wall Hanging Blanket Decoration Home Living Room Bedroom Dorm 90x60inch,E,TP,38,0.9737,0.9737,0.9737,16681.01
382,.rascal does not dream of bunny girl senpai tapestry,38,B09BC2NLT6,Rascal Does Not Dream Of Bunny Girl Senpai Tapestry Wall Hanging Tapestries Decoration Tapestries Classic Wall Hanging Blanket 60x40inch,E,FN,,0.9737,0.9737,0.9737,16681.01
387,.weapon of warfare are not carnàl scripture,3,B079ZCD9VD,Dennis Prager Teaches the Complete Torah -- Verse-by-Verse Teaching on all 5 Books of the Torah -- on USB Flash Drive,I,FP,1,0.3333,0.3333,0.3333,12386.84
387,.weapon of warfare are not carnàl scripture,3,B000OMJWM6,Bible Times Quiz Challenge Cards,E,TP,2,0.3333,0.3333,0.3333,12386.84
387,.weapon of warfare are not carnàl scripture,3,B07L9K4BNF,"Pray Without Ceasing Bible Verse Christian Necklace, Pendant, Inspirational Jewelry, Women Gifts",I,FP,3,0.3333,0.3333,0.3333,12386.84
387,.weapon of warfare are not carnàl scripture,3,B084NZP9TT,"Grunt Style DRRC - Men's T-Shirt (Black, XX-Large)",E,FN,,0.3333,0.3333,0.3333,12386.84
387,.weapon of warfare are not carnàl scripture,3,B00TCVI96A,Grunt Style Start Running T-Shirt - XLarge Black,E,FN,,0.3333,0.3333,0.3333,12386.84
393,0 2 ml 8-tube pcr strips without caps low profile white,1,B0070Z8YMO,"Polyethylene (PE) Rectangular Bar, Opaque White, Standard Tolerance, 1/2"" Thickness, 3/4"" Width, 5' Length",E,FN,,0.0,0.0,0.0,12484.69
402,0 size 4 pads without wings,10,B0039NMC56,"Always Infinity Feminine Pads without Wings, Super Absorbency, 32 Count - Pack of 2 (64 Total Count)",S,FP,1,0.4,0.4,0.4,12904.82
402,0 size 4 pads without wings,10,B000GCNB6C,"Always Maxi Feminine Pads for Women, Regular Absorbency, 24 Count, No Wings, Unscented (24 Count)",S,FP,2,0.4,0.4,0.4,12904.82
402,0 size 4 pads without wings,10,B00NJNJ222,"Stayfree Maxi Regular Pads For Women, Wingless, Reliable Protection and Absorbency of Feminine Periods, Scented, 66 count",E,TP,3,0.4,0.4,0.4,12904.82
402,0 size 4 pads without wings,10,B00XQEOTMC,"ALWAYS Ultra Thin Size 2 Super Pads Without Wings Unscented, 40 Count, Pack of 3",S,FP,4,0.4,0.4,0.4,12904.82
402,0 size 4 pads without wings,10,B00LTK2S7S,"Always Discreet Incontinence and Postpartum Liners, Very Light Absorbency, Long Length, 132 Count, Packaging may vary",S,FP,5,0.4,0.4,0.4,12904.82
402,0 size 4 pads without wings,10,B00KXUW2FS,"Always Discreet Moderate Long Incontinence Pads, Up to 100% Leak-Free Protection, 54 Count (Packaging May Vary)",S,FP,6,0.4,0.4,0.4,12904.82
402,0 size 4 pads without wings,10,B00LTK2WCE,"Always Discreet Incontinence Pads for Women, Maximum Absorbency, Long Length,(117 Total Count),39 Count (Pack of 3) (Packaging May Vary)",I,FP,7,0.4,0.4,0.4,12904.82
402,0 size 4 pads without wings,10,B00LTK2SIW,"Always Discreet Incontinence & Postpartum Incontinence Pads for Women, 162 Count, Moderate Absorbency, Long Length (54 Count, Pack of 3 - 162 Count Total)",E,TP,8,0.4,0.4,0.4,12904.82
402,0 size 4 pads without wings,10,B078L8DRJH,"U by Kotex Security Maxi Feminine Pads, Regular Absorbency, Unscented, 192 Count (4 Packs of 48) (Packaging May Vary)",E,TP,9,0.4,0.4,0.4,12904.82
402,0 size 4 pads without wings,10,B005OICT84,"Stayfree Maxi Pads for Women, Super - 66 Count",E,TP,10,0.4,0.4,0.4,12904.82
402,0 size 4 pads without wings,10,B000FFFGX6,"U by Kotex Security Maxi Feminine Pads, Overnight Absorbency, Unscented, 112 Count (4 Packs of 28) (Packaging May Vary)",E,FN,,0.4,0.4,0.4,12904.82
402,0 size 4 pads without wings,10,B01IZ5EHJG,"Always Ultra Thin Feminine Pads with Wings for Women, Size 4, 78 Count, Overnight Absorbency, Unscented, (26 count, Pack of 3 - 78 Count Total)",E,FN,,0.4,0.4,0.4,12904.82
402,0 size 4 pads without wings,10,B07NLS4YFZ,"Always Maxi Feminine Pads with Wings for Women, Size 4, Overnight, 144 Count Total, FSA HSA Eligible, Unscented, 48 Count - Pack of 3 (144 Count Total)",E,FN,,0.4,0.4,0.4,12904.82
402,0 size 4 pads without wings,10,B07B4XFVTJ,"Amazon Brand - Solimo Thick Maxi Pads for Periods, Super Absorbency, Unscented, 192 Count, 4 Packs of 48",E,FN,,0.4,0.4,0.4,12904.82
402,0 size 4 pads without wings,10,B0014GW1CO,"Seventh Generation Maxi Pads, Regular, Free & Clear Chlorine Free, 24 count",E,FN,,0.4,0.4,0.4,12904.82
402,0 size 4 pads without wings,10,B08518TBQH,"Seventh Generation Ultra Thin Pads, Super Long, 40Count",E,FN,,0.4,0.4,0.4,12904.82
404,0% sad without you tanktop,3,B07ZMTJ3RS,Funny Relationship 0 Percent Sad Without You Tank Top,E,TP,1,0.3333,0.3333,0.3333,11696.63
404,0% sad without you tanktop,3,B094Z6PK9B,Japanese Vaporwave Aesthetic Offline Sad Anime Girl Tank Top,I,FP,2,0.3333,0.3333,0.3333,11696.63
404,0% sad without you tanktop,3,B08FZJ5F67,Funny Retired Emo Kid Sad Music Gift Tank Top,S,FP,3,0.3333,0.3333,0.3333,11696.63
404,0% sad without you tanktop,3,B07V24R7DZ,Womens Be Kind To Animals Or I'll Kill You Tank Top,E,FN,,0.3333,0.3333,0.3333,11696.63
404,0% sad without you tanktop,3,B0843J1CGQ,Funny St Patty's Patricks Day Pinch Me And I'll Punch You Tank Top,E,FN,,0.3333,0.3333,0.3333,11696.63
420,0.0 womens blue light glasses without magnification,11,B08GYQWNTT,Reading Glasses Blue Light Blocking - 2 Pack Computer Readers for Womens 1.0 Magnification Eyeglasses with Spring Hinge,I,FP,1,0.7273,0.7273,0.7273,13443.06
420,0.0 womens blue light glasses without magnification,11,B0871ZSWQF,"Blue Light Blocking Reading Glasses for Women Men, Fashion Computer Glasses with Spring Hinge, Anti-Glare Anti-eyestrain Filter Lightweight Eyeglasses，UV400/3 Pairs",E,TP,2,0.7273,0.7273,0.7273,13443.06
420,0.0 womens blue light glasses without magnification,11,B07SV1NV2T,"Livho Blue Light Blocking Glasses - Lightweight Computer Readers Anti Glare/Eye Strain/UV Ray Glasses for Men Women (Black and Red, Large, 0.0)",E,TP,3,0.7273,0.7273,0.7273,13443.06
420,0.0 womens blue light glasses without magnification,11,B08P4T43ML,"4 Pack Blue Light Blocking Reading Glasses Women Men Glare UV Filter Computer Readers 1.0 1.5 2.0 2.5 3.0 3.5 4.0 Black, 1.50 WEMOOTANTS",S,FP,4,0.7273,0.7273,0.7273,13443.06
420,0.0 womens blue light glasses without magnification,11,B07FDX6DR8,K KENZHOU Blue Light Blocking Glasses/Computer Glasses 2 Pack Blue light glasses(Women/Men) with Spring Hinges Nerd Reading Gaming Glasses,E,TP,5,0.7273,0.7273,0.7273,13443.06
420,0.0 womens blue light glasses without magnification,11,B08V4ZJ2HG,"JJWELL 3 Pack Blue Light Blocking Reading Glasses for Women, Anti Eyestrain/Computer Glare UV 400 Filter Readers with Spring Hinge, Lightweight Rimless Tinted Metal Blue Rays Eyeglasses with Pouches",I,FP,6,0.7273,0.7273,0.7273,13443.06
420,0.0 womens blue light glasses without magnification,11,B078X8C1L3,Computer Glasses with Crystals for Women Reading Blue Light Filter Eyeglasses(Black) without Strength,E,TP,7,0.7273,0.7273,0.7273,13443.06
420,0.0 womens blue light glasses without magnification,11,B01NCTQX77,PROSPEK Blue Light Blocking Glasses Dynamic +0.0 Magnification - Anti Blue Light Glasses - Large Size,E,TP,8,0.7273,0.7273,0.7273,13443.06
420,0.0 womens blue light glasses without magnification,11,B06XHP4MQ7,Blue Light Blocking Glasses Anti Glare 0.00 Power,E,TP,9,0.7273,0.7273,0.7273,13443.06
420,0.0 womens blue light glasses without magnification,11,B06WGQMZ1Q,"LifeArt Blue Light Blocking Glasses, Anti Eyestrain, Computer Reading Glasses, Gaming Glasses, TV Glasses for Women Men, Anti Glare (Tortoise, No Magnification)",E,TP,10,0.7273,0.7273,0.7273,13443.06
420,0.0 womens blue light glasses without magnification,11,B07QF86BV9,Blue Light Filter Computer Reading Glasses UV420 Protection Readers for Women and Men (Clear) without Magnification,E,TP,11,0.7273,0.7273,0.7273,13443.06
420,0.0 womens blue light glasses without magnification,11,B08FWRK1JM,"SIGVAN Progressive Multifocal Computer Glasses Women Men Blue Light Blocking Reading Glasses Spring Hinge Readers (2 Mix, 3.0)",E,FN,,0.7273,0.7273,0.7273,13443.06
420,0.0 womens blue light glasses without magnification,11,B08F7JFP44,"Henotin 3 Pack Blue Light Blocking Reading Glasses,Spring Hinge Computer Readers for Men Women,Anti UV Ray Filter Eyeglasses (Mixed Color, 1.25)",E,FN,,0.7273,0.7273,0.7273,13443.06
420,0.0 womens blue light glasses without magnification,11,B07YBJ3X6H,"Gaoye 5-Pack Reading Glasses Blue Light Blocking,Spring Hinge Readers for Women Men Anti Glare Filter Lightweight Eyeglasses (#5-Pack Mix Color, 2.0)",E,FN,,0.7273,0.7273,0.7273,13443.06
422,0.07 lash extensions not easy fans,26,B08B3LMZH8,EMEDA Easy Fan Volume Lashes Self Fanning Automatic Rapid Blooming Flower Mega Volume Lash Extensions 0.07mm D Curl 8-14mm Mixed Tray Fast Fan Eyelash Extensions (0.07 D 8-14 Mix),E,TP,1,0.6923,0.6923,0.6923,15362.63
422,0.07 lash extensions not easy fans,26,B08TMYK56M,Pink Eyelash Extensions 0.07mm D Curl 14mm Mixed Color Lash Extensions Not Easy Fans Blue Purple White Brown Red Individual Lashes Pink Lash Extensions D Curl by FADVAN (14mm),E,TP,2,0.6923,0.6923,0.6923,15362.63
422,0.07 lash extensions not easy fans,26,B08DFP7QG8,"Lash Extensions Individual Lashes Eyelash Extensions Not Easy Fans 0.07mm D Curl 20-25mm Mixed Tray Classic Eyelash Extensions Semi-permanent Professional Salon Use by FADVAN (0.07mm-D, 20-25mm)",E,TP,3,0.6923,0.6923,0.6923,15362.63
422,0.07 lash extensions not easy fans,26,B08NPPTZWM,Crislashes Volume Lash Extensions C Curl 0.07 15-20mm Mix 13 Rows Easy Fan Volume Lashes 2D 3D 5D~10D Volume Eyelash Extensions Rapid Blooming Self Easy Fan Lashes(0.07-C Mix-15-20mm),I,FP,4,0.6923,0.6923,0.6923,15362.63
422,0.07 lash extensions not easy fans,26,B07NRGW21B,BEYELIAN Easy Fan Eyelash Extensions Mega Volume Self Fanning Lashes Matte Black Stylists Professional Salon Use Practice Super Thin Light Mink 20D 0.03 D Curl Mix 8-15mm,I,FP,5,0.6923,0.6923,0.6923,15362.63
422,0.07 lash extensions not easy fans,26,B07SHT9YJC,NAGARAKU Natural Brown Color Eyelash Extensions 0.07mm C curl 7-15mm Mix Tray Individual Lashes Classic Faux Mink Volume 20 rows Soft Eyelash Supplies,E,TP,6,0.6923,0.6923,0.6923,15362.63
422,0.07 lash extensions not easy fans,26,B07R6CGQC6,Volume Lash Extensions 0.07 D Curl Mix 8-15mm Eyelash Extensions Easy Fan Volume Lashes Extension Rapid Blooming Lashes Self Fanning 2D-10D-20D Easy Fanning Lash Extensions(0.07 D Mix 8-15mm),E,TP,7,0.6923,0.6923,0.6923,15362.63
422,0.07 lash extensions not easy fans,26,B09337TC8N,NAGARAKU Easy Fan Eyelash Extensions Volume Lash 0.07 C curl 8-15mm Rapid Blooming Faux Mink Cluster For Beginners Soft Professional Lash Supplies,E,TP,8,0.6923,0.6923,0.6923,15362.63
422,0.07 lash extensions not easy fans,26,B095K8WKLZ,"Colored Eyelash Extensions Blue Volume Lash Extensions Easy Fan Lashes D-0.07-8-15 Color Lashes Easy Fan Volume Lashes (Blue-D-0.07,8-15 mix)",S,FP,9,0.6923,0.6923,0.6923,15362.63
422,0.07 lash extensions not easy fans,26,B094VTZZLK,"Gemerry Color Lash Extensions 0.07mm C Curl 8-14mm Easy Fan Volume Lashes Colorful Blue Lashes Self Fanning 2D-20D Rapid Automatic Blooming Flower Professional (Blue-C, 8-14mm)",E,TP,10,0.6923,0.6923,0.6923,15362.63
422,0.07 lash extensions not easy fans,26,B08L3WQ24V,"Gorota Premade Fans Eyelash Extensions 3D C Curl 8mm Length 0.1 Middle Stem & Long Stem Heat Bonded Premade Fans Russian Volume Lash Extensions Supplies (5D-C-0.07, 8-15MM)",E,TP,11,0.6923,0.6923,0.6923,15362.63
422,0.07 lash extensions not easy fans,26,B08MVXSFDS,"Eyelash Extension 0.07 mm Volume Lash Extensions C/D Curl Purple Easy Fan Rapid Blooming Lashes 3D 4D 6D 10D 20D Lash Extensions By WENDY LASHES(Purple 0.07-D, 14-20mm)",E,TP,12,0.6923,0.6923,0.6923,15362.63
422,0.07 lash extensions not easy fans,26,B0946HW3RW,"Blue Easy Fan Eyelash Extensions 0.07mm D Curl Colored Volume Long Lash Extension Individual Mixed Tray(Blue-0.07-D,15-20mm)",I,FP,13,0.6923,0.6923,0.6923,15362.63
422,0.07 lash extensions not easy fans,26,B08QRWW53S,binglingfunlash Volume Eyelash Extensions Easy fan Lashes D Curl 0.05mm Rapid Self Blooming Mix 8-14mm Length,I,FP,14,0.6923,0.6923,0.6923,15362.63
422,0.07 lash extensions not easy fans,26,B08Y5J6ZDD,"Eyelash Extension C CC D DD curl Easy Fan Volume Lashes .03 .05 .07 .10 Eyelash Extensions Blooming Self Fanning Volume Lash Extensions 9 to 25mm (D-0.07,12-17mix)",E,TP,15,0.6923,0.6923,0.6923,15362.63
422,0.07 lash extensions not easy fans,26,B08C7MN97N,"Premade Fans Eyelash Extensions 3D 4D 5D 6D Long Stem Premade Volume Eyelash Extensions Volume Lash Extensions .07 .10 Premade Volume Fans C D Pre made Lash Fans(4D-D-0.10,14 mm)",E,TP,16,0.6923,0.6923,0.6923,15362.63
422,0.07 lash extensions not easy fans,26,B07ZDPV65H,"Volume Lash Extensions FADLASH Easy Fan Volume Lashes DD Curl Mixed Eyelash Extensions 0.07mm Easy Fanning Lashes (0.07-DD, Mix 9-16mm)",E,TP,17,0.6923,0.6923,0.6923,15362.63
422,0.07 lash extensions not easy fans,26,B08DY7MPB1,LANKIZ Volume Lash Extensions Premade Fans Eyelash Extensions 5D 0.07mm D Curl 8-15mm Mixed Tray Long Stem Russian Volume Individual Lashes,E,TP,18,0.6923,0.6923,0.6923,15362.63
422,0.07 lash extensions not easy fans,26,B08MFFRSQL,"Lash Extension Supplies 20-25mm Long Easy Fan Lashes .07 D Curl Volume Eyelash Extensions Auto Fanning Lashes 2D 3D 4D 5D 6D-20D Rapid Blooming Easy Fans Matte Black (0.07-D Curl, Mix 20-25mm)",S,FP,19,0.6923,0.6923,0.6923,15362.63
422,0.07 lash extensions not easy fans,26,B08FHZ1YNH,"SRCKFIZ Volume Lash Extensions C D Curl Fast Fanning Eyelash Extensions 0.05 0.07mm Easy Fanning Volume Lashes 2D~10D Premade Fans Lashes 8-15mm Mixed Tray Auto Self Volume Lashes (D-0.07, 8-15mm Mix)",E,TP,20,0.6923,0.6923,0.6923,15362.63
422,0.07 lash extensions not easy fans,26,B093PMVMKC,"Le-Hoki Volume Eyelash Extensions, Premade Fans Eyelashes Extension Tray, C Curls, 5D, Long Stem, Easy Russian lashes Extension fan 0.07mm Thickness-5D-0.07mm-C_15mm",E,TP,21,0.6923,0.6923,0.6923,15362.63
422,0.07 lash extensions not easy fans,26,B085VQG3X9,"Premade Fans Eyelash Extensions 5D 0.07 C Curl Premade Lash Fans Long Stem Lashes Extension Premade Volume Fans 8-22mm Supplies (5D-0.07-C, 15mm)",E,TP,22,0.6923,0.6923,0.6923,15362.63
422,0.07 lash extensions not easy fans,26,B08421QQB1,"Eyelash Extension D Curl 0.07 15-20mm Mixed Tray Easy Fan Lashes 2D-10D Volume Lashes Extension Self Fanning Lashes by FADLASH (0.07-D, 15-20mm Mix)",I,FP,23,0.6923,0.6923,0.6923,15362.63
422,0.07 lash extensions not easy fans,26,B091CG7D56,"Volume Lash Extensions 0.07 D Curl Easy Fan Volume Lashes Mixed Tray 15-20mm Easy Fanning Lashes Brown Colored Lash Extension Supplies (Brown 0.07-D, 15-20mm)",E,TP,24,0.6923,0.6923,0.6923,15362.63
422,0.07 lash extensions not easy fans,26,B087X2LNDY,"Volume Lash Extensions Easy Fan Volume Lashes .05 .07 8-14mm C/D Curl Mixed Self Fanning 4D 5D 6D~10D Easy Fan Cluster Rapid Automatic Blooming Lash Extensions by WENDY LASHES(0.05-CC, 8-14mm)",I,FP,25,0.6923,0.6923,0.6923,15362.63
422,0.07 lash extensions not easy fans,26,B08JG97BXT,Volume Lashes Easy Fan Lash Extensions 0.07 CC Curl 8-20mm Mixed Mega Rapid Blooming Lashes Premade Fans 2D 3D 4D 5D 6D 10D（0.07 CC Mix8-20mm）,E,TP,26,0.6923,0.6923,0.6923,15362.63
422,0.07 lash extensions not easy fans,26,B08C9PFNM7,"Premade Volume Eyelash Extensions 4D-C-0.10-Mix Short Stem Premade Fans Eyelash Extensions .07 .10 Pre made Lash Fans C D Curl Volume Lash Extensions 9-16 Mix(4D-C-0.10,9-16mm)",E,FN,,0.6923,0.6923,0.6923,15362.63
422,0.07 lash extensions not easy fans,26,B0952P3G25,"Fenshine Volume Lashes Extensions, 0.07 C Curl 8-15mm Soft Easy Fan Volume Lashes Self Fanning Lashes, 0.05/0.07 C/D Single 8-20mm Mix 8-15 16-23 Automatic Blooming Lashes (8-15mm, 0.07 C)",E,FN,,0.6923,0.6923,0.6923,15362.63
422,0.07 lash extensions not easy fans,26,B07YBQQB9K,"FADLASH Eyelash Extensions C D Curl Lashes 0.07 Easy Fan Volume Lash Extensions Premium Self Fanning Eyelash Extension Rapid Blooming Lashes (0.07-C, 12mm)",E,FN,,0.6923,0.6923,0.6923,15362.63
422,0.07 lash extensions not easy fans,26,B08Y8JDKN2,"Colored Eyelash Extensions Purple Easy Fan Volume Lashes 0.05 0.07 Color Lashes Easy Fan Lashes Volume Lash Extensions(Purple-D-0.07,8-15MIX)",E,FN,,0.6923,0.6923,0.6923,15362.63
422,0.07 lash extensions not easy fans,26,B08Z41HCZF,"Volume Lash Extensions D Curl 0.07 Mix Blooming Lashes Easy Fan Volume Lashes Trays Colored Eyelash Extension Supplies (White 0.07-D, 8-14 Mixed)",E,FN,,0.6923,0.6923,0.6923,15362.63
422,0.07 lash extensions not easy fans,26,B094W35RG5,"EHY Eyelash Extensions, Individual Lashes 0.07mm D Curl 8-15mm Mixed Tray, Synthetic Fiber Volume Lash Extensions, Easy Fan Volume Lashes, Self Fanning for Beginner",E,FN,,0.6923,0.6923,0.6923,15362.63
422,0.07 lash extensions not easy fans,26,B085VWF34V,"1 Tray Volume Lash Extensions .03 .05 .07 Easy Fan Volume Lashes C D Curl Flowering Lash Extensions 10-25mm Length Mega Volume Lash Extensions(D-0.05, 14 mm)",E,FN,,0.6923,0.6923,0.6923,15362.63
422,0.07 lash extensions not easy fans,26,B07GXBNVQG,EMEDA Volume Lash Extensions C Curl 0.07mm Mixed Tray 8-15mm Easy Fan Volume Lashes Automatic Rapid Self Fanning Blooming Flower2D-20D Eyelash Extensions (0.07 C 8-15 Mix),E,FN,,0.6923,0.6923,0.6923,15362.63
423,0.0womens blue light glasses without magnification,16,B07WRQ54PG,Blue Light Blocking Computer Gaming Glasses 2 Pack Anti Glare Eyestrain Men/Women,E,TP,1,0.875,0.875,0.875,13561.47
423,0.0womens blue light glasses without magnification,16,B07Z8P8Q5W,AOMASTE Blue Light Blocking Glasses Retro Semi Rimless UV400 Clear Lens Computer Eyewear For Men Women,E,TP,2,0.875,0.875,0.875,13561.47
423,0.0womens blue light glasses without magnification,16,B078NSWDTD,DONNA Stylish Clear Lens Glasses Samll Circle Frame Blue Light Blocking for Computer DN08-AFB,I,FP,3,0.875,0.875,0.875,13561.47
423,0.0womens blue light glasses without magnification,16,B07N2GRFSC,Blue Light Blocking glasses/Computer Glasses 2 Pack Anti Eye Eyestrain Unisex(Men/Women) Glasses with Spring Hinges UV Protection(Twilight and Red),E,TP,4,0.875,0.875,0.875,13561.47
423,0.0womens blue light glasses without magnification,16,B07YBJ1B3N,"Gaoye 5-Pack Reading Glasses Blue Light Blocking,Spring Hinge Readers for Women Men Anti Glare Filter Lightweight Eyeglasses (#5-Pack Mix Color, 0.0)",E,TP,5,0.875,0.875,0.875,13561.47
423,0.0womens blue light glasses without magnification,16,B07WF1R28L,"CNLO Blue light blocking Glasses,Computer Glasses,Radiation protection Gaming Glasses,For UV Protection, Anti Eyestrain,Lightweight Frame Eyewear,Men/Women (Crystal)",E,TP,6,0.875,0.875,0.875,13561.47
423,0.0womens blue light glasses without magnification,16,B01GNO3G48,Cyxus Blue Light Blocking Computer Glasses Square Retro Clear Lens Eyeglasses Frame,E,TP,7,0.875,0.875,0.875,13561.47
423,0.0womens blue light glasses without magnification,16,B07W47LVMT,"Livho Blue Light Blocking Glasses, Computer Reading/ Gaming / TV /Phones Glasses for Women Men,Anti Eyestrain & UV Glare LI8081 (Clear)",E,TP,8,0.875,0.875,0.875,13561.47
423,0.0womens blue light glasses without magnification,16,B07NW4GVP9,"livho Blue Light Blocking Computer Glasses,Anti Eyestrain UV Ray,Sleep Better Women Men",E,TP,9,0.875,0.875,0.875,13561.47
423,0.0womens blue light glasses without magnification,16,B07FDXR8JC,"Blue Light Blocking Glasses/Computer Glasses 2 Pack for Women/Men Computer Reading/Gaming/TV/Phones Glasses,Anti Eyestrain & UV Glare",E,TP,10,0.875,0.875,0.875,13561.47
423,0.0womens blue light glasses without magnification,16,B07YBTQKFV,Unisex Blue Light Blocking Glasses Blue Filter Computer Glasses (Anti Eye Eyestrain) Gaming Glasses for Women Man (3pc-Leopard-Black-White),E,TP,11,0.875,0.875,0.875,13561.47
423,0.0womens blue light glasses without magnification,16,0691160929,"Trucking Country: The Road to America's Wal-Mart Economy (Politics and Society in Modern America, 58)",I,FP,12,0.875,0.875,0.875,13561.47
423,0.0womens blue light glasses without magnification,16,B07R4SG77T,"FEIYOLD Blue Light Blocking Glasses Women/Men,Retro Round Anti Eyestrain Computer Gaming Glasses(2Pack)",E,TP,13,0.875,0.875,0.875,13561.47
423,0.0womens blue light glasses without magnification,16,B07W9GP26S,"livho 2 Pack Blue Light Blocking Glasses, Computer Reading/Gaming/TV/Phones Glasses for Women Men,Anti Eyestrain & UV Glare (Matte Black+Leopord)",E,TP,14,0.875,0.875,0.875,13561.47
423,0.0womens blue light glasses without magnification,16,B00BQ7KBV4,GAMMA RAY 003 UV Glare Protection Amber Tinted Computer Readers Glasses Anti Harmful Blue Rays in Shatterproof Memory Flex Frame - +0.00 Magnification,E,TP,15,0.875,0.875,0.875,13561.47
423,0.0womens blue light glasses without magnification,16,B088JPW8PD,"Madison Avenue Women Blue Light Glasses,Oversize Blue Light Glasses for Women, Anti Eyestrain & UV Protection Computer Eyeglasses (Tortoiseshell)",E,TP,16,0.875,0.875,0.875,13561.47
423,0.0womens blue light glasses without magnification,16,B07VBFSY33,"Blue Light Blocking Glasses, Blue Blocker Computer Glasses for Men Women, Anti Glare 400 UV & Eye Strain Fake Square Glasses (Tortoise + Black)",E,FN,,0.875,0.875,0.875,13561.47
423,0.0womens blue light glasses without magnification,16,B07SPZ3K86,"Blue Light Blocking Glasses for Women, Anti Eyestrain, Computer Reading, TV Glasses, Stylish Square Frame, Anti Glare(+2.00 Magnification)",E,FN,,0.875,0.875,0.875,13561.47
426,0.2 cu. ft. mini personal fridge in black without freezer,3,B0771S9XT8,"Cooluli Skincare Mini Fridge for Bedroom - Car, Office Desk & Dorm Room - Portable 4L/6 Can Electric Plug In Cooler & Warmer for Food, Drinks, Beauty & Makeup - 12v AC/DC & Exclusive USB Option, Black",E,TP,1,0.3333,0.3333,0.3333,12370.42
426,0.2 cu. ft. mini personal fridge in black without freezer,3,B076X5D5JH,"Chefman Mini Portable White Personal Fridge Cools Or Heats & Provides Compact Storage For Skincare, Snacks, Or 6 12oz Cans W/ A Lightweight 4-liter Capacity To Take On The Go",S,FP,2,0.3333,0.3333,0.3333,12370.42
426,0.2 cu. ft. mini personal fridge in black without freezer,3,B07L43W4MF,"Chefman Mini Portable Eraser Board Personal Fridge, Cools & Heats 4 Liter Capacity, Chills 6 12oz cans, 100% Freon-Free & Eco Friendly, Includes Plugs for Home Outlet & 12V Car Charger, Black",S,FP,3,0.3333,0.3333,0.3333,12370.42
426,0.2 cu. ft. mini personal fridge in black without freezer,3,B0914N7SQR,"NewAir 60 Can Beverage Fridge with Glass Door, Small Freestanding Mini Fridge in Black",E,FN,,0.3333,0.3333,0.3333,12370.42
426,0.2 cu. ft. mini personal fridge in black without freezer,3,B08D3THHG8,"TECCPO Mini Fridge TAMF33, 4.5 Cu.Ft Mini Fridge with Freezer, Energy Star, Auto Defrost, Super Quiet, Small Refrigerator for Dorm, Bedroom",E,FN,,0.3333,0.3333,0.3333,12370.42
427,0.25 cotton thread for beads without wax,6,B00ION6JIM,"SuppleMax Illusion Beading Cord, 0.25 mm / .010 in, Black Monofilament, 50 m / 164 ft",I,FP,1,0.1667,0.1667,0.1667,13027.03
427,0.25 cotton thread for beads without wax,6,B07H9N6RKR,"Tatuo 200 m Clear Nylon Invisible Thread String for Hanging Christmas Ornaments, Bracelet Making, Sew Hobby, Clear Beading Thread with Bead Needle (0.25mm)",S,FP,2,0.1667,0.1667,0.1667,13027.03
427,0.25 cotton thread for beads without wax,6,B00JKQIJHG,Mandala Crafts 1mm 109 Yards Jewelry Making Beading Crafting Macramé Waxed Cotton Cord Thread (White),S,FP,3,0.1667,0.1667,0.1667,13027.03
427,0.25 cotton thread for beads without wax,6,B0163G7FFC,Mandala Crafts 0.5mm 109 Yards Jewelry Making Crafting Beading Macramé Waxed Cotton Cord Thread (Black),S,FP,4,0.1667,0.1667,0.1667,13027.03
427,0.25 cotton thread for beads without wax,6,B002B9IVIG,Hemp Twine Bead Cord .5mm 3 Spool App 59 Feet 42543 by Beadsmith,E,TP,5,0.1667,0.1667,0.1667,13027.03
427,0.25 cotton thread for beads without wax,6,B07QVJYB47,"EuTengHao 0.8mm Crystal String Elastic String for Beads Bracelet,240m Elastic Cord Stretchy Bracelet String Bead Sting Cord for Jewelry Making Bracelet, Beading (240m/786ft, 0.8mm)",S,FP,6,0.1667,0.1667,0.1667,13027.03
427,0.25 cotton thread for beads without wax,6,B07PP6TM46,196yards Waxed Cotton Cord 32.8ft/Color Bracelet Thread 1mm Diameter for Jewelry Making Leather Craft DIY(18 Colors) by CCINEE,E,FN,,0.1667,0.1667,0.1667,13027.03
427,0.25 cotton thread for beads without wax,6,B0869FFWXL,"New brothread 24 Basic Colors Multi-Purpose 100% Mercerized Cotton Threads 30WT(50S/3) 600M(660Y) Each Spool for Quilting, Sewing and Embroidery",E,FN,,0.1667,0.1667,0.1667,13027.03
427,0.25 cotton thread for beads without wax,6,B07TSMX5HV,"CHGCRAFT 116 Yards Waxed Cord Polyester, Waxed Polyester Thread 0.5mm Round Rattail Waxed Beading String Cord for Jewelry Bracelet Making Macrame Crafting DIY Leather - White",E,FN,,0.1667,0.1667,0.1667,13027.03
427,0.25 cotton thread for beads without wax,6,B00275YBJW,"Gutermann 3000C-5709 Natural Cotton Thread Solids, 3281-Yard, White",E,FN,,0.1667,0.1667,0.1667,13027.03
427,0.25 cotton thread for beads without wax,6,B07KQ7YVQF,"waxkiss Beauty Non-woven Waxing Strips for Facial & Body & Leg Epilating for women & men, 3x9'' Wax Strips for Hair Removal Use-200 pieces",E,FN,,0.1667,0.1667,0.1667,13027.03
430,0.30 cotton thread for beads without wax,4,B0869FFWXL,"New brothread 24 Basic Colors Multi-Purpose 100% Mercerized Cotton Threads 30WT(50S/3) 600M(660Y) Each Spool for Quilting, Sewing and Embroidery",S,FP,1,0.25,0.25,0.25,13019.57
430,0.30 cotton thread for beads without wax,4,B0163G7FFC,Mandala Crafts 0.5mm 109 Yards Jewelry Making Crafting Beading Macramé Waxed Cotton Cord Thread (Black),I,FP,2,0.25,0.25,0.25,13019.57
430,0.30 cotton thread for beads without wax,4,B00JKQJZ56,Mandala Crafts 1mm 109 Yards Jewelry Making Beading Crafting Macramé Waxed Cotton Cord Thread (Black),I,FP,3,0.25,0.25,0.25,13019.57
430,0.30 cotton thread for beads without wax,4,B00275YBJW,"Gutermann 3000C-5709 Natural Cotton Thread Solids, 3281-Yard, White",E,TP,4,0.25,0.25,0.25,13019.57
430,0.30 cotton thread for beads without wax,4,B002B9IVIG,Hemp Twine Bead Cord .5mm 3 Spool App 59 Feet 42543 by Beadsmith,E,FN,,0.25,0.25,0.25,13019.57
430,0.30 cotton thread for beads without wax,4,B08P5W84MP,HAPYLY Macrame Cord Natual Macrame Cotton Cord DIY Craft Cord Spool Twine Rustic String Cotton Rope for Wall Hanging Plant Hangers Crafts Knitting Decorative Projects 3mm x100m (Natural White),E,FN,,0.25,0.25,0.25,13019.57
430,0.30 cotton thread for beads without wax,4,B001689Y8Y,One Package of 400 feet 100% Natural Hemp Cord #20,E,FN,,0.25,0.25,0.25,13019.57
431,0.33 mfd capacitor,16,B073RHM9D3,"Ltvystore 200PCS 13Value 25V 35V 50V Black Metal Electrolytic Capacitors Assortment Kit Set with Reuse Box and A Lable Marked Resistance,Range 0.47uF to 1000uF",E,TP,1,1.0,0.9375,0.9677,14075.99
431,0.33 mfd capacitor,16,B008OJRHJG,Genteq C3355R Capacitor Dual Run Round 35/5 UF MFD 370V VAC 97F9834 (Replace Old GE# Z97F9834) 35 and 5 MFD at 370V,E,TP,2,1.0,0.9375,0.9677,14075.99
431,0.33 mfd capacitor,16,B00DCGWYKI,"Genteq Capacitor 10 UF MFD 370V 97F9002, 97F9002s (Replaces Old GE# 97F9002BZ3, Z97F9002, 27L669), 10 MFD at 370V, Oval",E,TP,3,1.0,0.9375,0.9677,14075.99
431,0.33 mfd capacitor,16,B07KJLTW15,"Glarks 240Pcs 24 Value 10V 16V 25V 50V Metal Electrolytic Capacitors Assorted Assortment Kit Set, Lable Capacitor Range 0.1UF - 1000UF",E,TP,4,1.0,0.9375,0.9677,14075.99
431,0.33 mfd capacitor,16,B07Z63KZL3,"MCIGICM 180Pcs 20pF to 470nF Monolithic Ceramic Capacitor Set, DIP Multilayer Ceramic Chip Capacitors Assortment, 18 Values",E,TP,5,1.0,0.9375,0.9677,14075.99
431,0.33 mfd capacitor,16,B01MSQOX0Q,OCR 24Value 500pcs Electrolytic Capacitor Assortment Box Kit Range 0.1uF－1000uF,E,TP,6,1.0,0.9375,0.9677,14075.99
431,0.33 mfd capacitor,16,B07KC99W2K,"Swpeet 240Pcs 24 Kinds Different Electrolytic Capacitors Range 0.1uF－1000uF Assortment Kit, 10V/16V/25V/50V Aluminum Radial Electrolytic Capacitors for TV, LCD Monitor, Radio, Stereo, Game",E,TP,7,1.0,0.9375,0.9677,14075.99
431,0.33 mfd capacitor,16,B0716WJMM2,"Genteq C325R 25 UF MFD X 370 Vac GE Industrial Replacement Capacitor Round, 97F9606",E,TP,8,1.0,0.9375,0.9677,14075.99
431,0.33 mfd capacitor,16,B00M1VE0XE,"Set of 10, Nichicon 105°C Electrolytic Capacitor 0.33uF 200V (0.33 mfd 200V) 20% Radial, 3/16""x 7/16"" (5x11mm)",E,TP,9,1.0,0.9375,0.9677,14075.99
431,0.33 mfd capacitor,16,B008OJWMM8,"GE Genteq Replacement for Capacitor 30/5 uf 370 volt 97F9833, 370V, 30/5 MFD, Dual Run, Round Capacitor",E,TP,10,1.0,0.9375,0.9677,14075.99
431,0.33 mfd capacitor,16,B06XF8XKJ8,60+5 MFD uf Micro Farad 370 or 440 Volt Dual Run Round Capacitor PW-60/5/370-440R for Condenser Straight Cool or Heat Pump Air Conditioner - Guaranteed to Last 5 Years,E,TP,11,1.0,0.9375,0.9677,14075.99
431,0.33 mfd capacitor,16,B00BY9J8DG,GE Genteq Capacitor round 55/5 uf MFD 440 volt 97F9839,E,TP,12,1.0,0.9375,0.9677,14075.99
431,0.33 mfd capacitor,16,B008OJMPRK,"Genteq GENTEQ - C305L / 27L570 GE Capacitor Oval 5 uf MFD 370 Volt 97F5705 (Replaces Old GE# Z97F5705, 97F95702, Z97F5702), 5uf 370 Vac(VAC), 5X370 Run Capacitor",E,TP,13,1.0,0.9375,0.9677,14075.99
431,0.33 mfd capacitor,16,B00EZPO11K,Z97F9848 - 35 + 5 uf MFD 440 Volt VAC - GE Round Dual Run Capacitor Upgrade,E,TP,14,1.0,0.9375,0.9677,14075.99
431,0.33 mfd capacitor,16,B073TY3B3P,"Hilitchi 150-Pcs CBB Metallized Polypropylene Film Capacitors Assortment Kit, 400V, 600V, 10nF ~ 68nF / 0.01uF ~ 0.068uF",E,TP,15,1.0,0.9375,0.9677,14075.99
431,0.33 mfd capacitor,16,B07C8FFJMW,PowerWell 7.5 uf MFD 370 or 440 VAC Oval Run Capacitor PW-7.5 for Fan Motor Blower Condenser in Air Handler Straight Cool or Heat Pump Air Conditioner - Guaranteed to Last 5 Years,E,FN,,1.0,0.9375,0.9677,14075.99
433,0.35x 0.5 stainless steel u not h trowel,7,B0061Z1FDO,Goldblatt G02384 1/4-Inch By 3/8-Inch By 1/4-Inch U-Notch Trowel With Pro-Grip Handle,S,FP,1,0.1429,0.1429,0.1429,13466.56
433,0.35x 0.5 stainless steel u not h trowel,7,B0923C91TW,ODYN 11 in. x 3/8 in. x 3/4 in. U-Notch Stainless Steel Trowel w/Soft Handle,S,FP,2,0.1429,0.1429,0.1429,13466.56
433,0.35x 0.5 stainless steel u not h trowel,7,B07S3PH4FJ,"Premium Stainless Steel Notched Trowel (8mm8mm) and EVA Rubber Grout Float, 1+1 Cost-effective Masonry Tool Kit",S,FP,3,0.1429,0.1429,0.1429,13466.56
433,0.35x 0.5 stainless steel u not h trowel,7,B01C3WZGWY,"Bon 13-144 U Notch Trowel 16-inch x 4-inch - 1/4-inch x 1/4-inch x 1/4-inch, Comfort Grip Handle",E,TP,4,0.1429,0.1429,0.1429,13466.56
433,0.35x 0.5 stainless steel u not h trowel,7,B005IWHERM,Goldblatt Tool Company G02383 1/4-Inch x 1/4-Inch x 1/4-Inch U Notch Stainless Steel Trowel,S,FP,5,0.1429,0.1429,0.1429,13466.56
433,0.35x 0.5 stainless steel u not h trowel,7,B01C3WZH6Y,"Bon 13-145 U Notch Trowel 16-inch x 4-inch - 3/8-inch x 3/8-inch x 3/8-inch, Comfort Grip Handle",S,FP,6,0.1429,0.1429,0.1429,13466.56
433,0.35x 0.5 stainless steel u not h trowel,7,B086BDB21S,RTC SwitchBlade Trowel Set,S,FP,7,0.1429,0.1429,0.1429,13466.56
433,0.35x 0.5 stainless steel u not h trowel,7,B001RJ8PGO,"Flooring & Tiling Notched Trowel 16"" 1/4 X 3/8 X 1/4 Square",E,FN,,0.1429,0.1429,0.1429,13466.56
433,0.35x 0.5 stainless steel u not h trowel,7,B073XKCND9,"RUTICH Stainless Steel Folding Trowel, Lightweight Mini Garden Trowel Great for Light Gardening and Camping, Comes in a Holster",E,FN,,0.1429,0.1429,0.1429,13466.56
433,0.35x 0.5 stainless steel u not h trowel,7,B002FYAONW,M-D Building Products 20058 3/16-Inch by 3/16-Inch by 3/16-Inch Premium Square Notch,E,FN,,0.1429,0.1429,0.1429,13466.56
433,0.35x 0.5 stainless steel u not h trowel,7,B072B9YCNS,"OX Tools SS California Notched Trowel For Large Format Tiles, Alternating Notches",E,FN,,0.1429,0.1429,0.1429,13466.56
433,0.35x 0.5 stainless steel u not h trowel,7,B002FYAOKK,M-D Building Products 49112 1/4-Inch by 3/8-Inch by 1/4-Inch Premium Square Notch,E,FN,,0.1429,0.1429,0.1429,13466.56
433,0.35x 0.5 stainless steel u not h trowel,7,B07YR3QKS6,"Frosch Stainless Steel Square Notch Tile Trowel (1/4"" X 1/4"")",E,FN,,0.1429,0.1429,0.1429,13466.56
444,0.5 lead pencil without grip,15,B08HYSY16J,"MyArTool 0.5mm Mechanical Pencil Set, 3 Pieces Metal Automatic Drafting Pencil with 3 Pack 4B Eraser and 6 Tubes of 0.5mm HB Lead Refills for Sketching Drawing Illustration Drafting Detailed Writing",S,FP,1,0.6,0.6,0.6,13586.3
444,0.5 lead pencil without grip,15,B07RQV1NK3,Zebra DelGuard Type-GR mechanical Black pencil 0.5mm with Mechanical Pencil Lead 0.5mm for DelGuard Type-GR HB Black 2set,S,FP,2,0.6,0.6,0.6,13586.3
444,0.5 lead pencil without grip,15,B0026ZPWXM,"Pentel Quicker Clicker Automatic Pencil, 0.5mm Lead Size, Transparent Blue Barrel, Box of 12 (PD345T-C)",S,FP,3,0.6,0.6,0.6,13586.3
444,0.5 lead pencil without grip,15,B07PG111J3,"Staedtler Mars Micro Carbon pencils 0.5mm lead refill 2B & HB, Total 48 leads",C,FP,4,0.6,0.6,0.6,13586.3
444,0.5 lead pencil without grip,15,B004OHNTVC,"uni Core Keeps Sharp Mechanical Pencil, Gun Metallic (M510171P.43)",E,TP,5,0.6,0.6,0.6,13586.3
444,0.5 lead pencil without grip,15,B08Y1TLLD2,"Mechanical Pencil 0.5 Mechanical Pencil Set, Nicpro 3 PCS Pencil with Erase and 6 Tubes Lead Refill, Case for Drawing, Writing, Drafting, Sketching",S,FP,6,0.6,0.6,0.6,13586.3
444,0.5 lead pencil without grip,15,B06XTX4STK,"uni Kuru Toga Advance - Auto Lead Rotating Mechanical Pencil, 0.5mm (Navy)",E,TP,7,0.6,0.6,0.6,13586.3
444,0.5 lead pencil without grip,15,B07QW2TR2F,Zebra DelGuard Type-GR mechanical pencil 0.5mm Lead Size black,E,TP,8,0.6,0.6,0.6,13586.3
444,0.5 lead pencil without grip,15,B01NCU2M3J,"Staedtler triplus micro 0.5mm Lead Retractable Mechanical Pencil with Twist Eraser, Writing, Drawing, Drafting, 3-Pack, 77427BK3A6",E,TP,9,0.6,0.6,0.6,13586.3
444,0.5 lead pencil without grip,15,B08XB4JQXW,"Nicpro 4 PCS Mechanical Pencil Set 0.5 & 0.7 mm with Storage Case, Side Click Lead Pencil with Erase, Lead Refill and Case For Drawing, Writing, Drafting, Sketching",S,FP,10,0.6,0.6,0.6,13586.3
444,0.5 lead pencil without grip,15,B07FS5XSYJ,"Jimmidda 0.5 mm Mechanical Pencils Set, Metal Automatic Artist Pencil With 0.5 HB Pencil Leads And Erasers For Writing Drafting, Drawing, Sketching-Metal Mechanical Pencil-Sliver",E,TP,11,0.6,0.6,0.6,13586.3
444,0.5 lead pencil without grip,15,B07GWVN33G,"Paper Mate ClearPoint Mechanical Pencils, 0.5mm, Purple Barrels, Box of 12 (2067428)",E,TP,12,0.6,0.6,0.6,13586.3
444,0.5 lead pencil without grip,15,B00M7RCXG8,"Uni Kurutoga Mechanical Pencil Standard, 0.5mm, Red (M54501P.15)",E,TP,13,0.6,0.6,0.6,13586.3
444,0.5 lead pencil without grip,15,B08JCVMCMZ,"ZenZoi Yellow Mechanical Pencil with Premium Schmidt Lead 0.5mm System. Elegant Full Metal Body Pencil For Sketching, Drafting, Writing, Note Taking. Luxury Gift Box for Men and Women(0.5 mm, Yellow)",E,TP,14,0.6,0.6,0.6,13586.3
444,0.5 lead pencil without grip,15,B00AZWNS84,"rOtring 800 Retractable Mechanical Pencil, 0.5 mm, Black Barrel (1904447)",E,TP,15,0.6,0.6,0.6,13586.3
444,0.5 lead pencil without grip,15,B015G83EDK,Skilcraft 7520-01-386-1581 Retractable Mechanical Pencil - 0.5 mm Lead Size - Gray Barrel - 6 / Box,E,FN,,0.6,0.6,0.6,13586.3
444,0.5 lead pencil without grip,15,B001PV2KYM,Paper Mate 34666PP Clearpoint 0.5mm Mechanical Pencil Starter Set,E,FN,,0.6,0.6,0.6,13586.3
444,0.5 lead pencil without grip,15,B06XV3W6CT,"uni Kuru Toga Advance - Auto Lead Rotating Mechanical Pencil, 0.5mm (White)",E,FN,,0.6,0.6,0.6,13586.3
444,0.5 lead pencil without grip,15,B06XV61B3T,"uni Kuru Toga Advance - Auto Lead Rotating Mechanical Pencil, 0.5mm (Black)",E,FN,,0.6,0.6,0.6,13586.3
444,0.5 lead pencil without grip,15,B01MYBMVF2,"Zebra Pen DelGuard Mechanical Pencil with Lead Refill, Fine Point, 0.5mm, Black Barrel, Refillable, 3-Pack (10613)",E,FN,,0.6,0.6,0.6,13586.3
444,0.5 lead pencil without grip,15,B07W7W89FN,"Pentel Quick Click Pop Mechanical Pencil, (0.7mm) Medium 2B Lead, with 2B Lead and (2) Eraser Refills, 4-PK (PD217ALEBP4)",E,FN,,0.6,0.6,0.6,13586.3
446,0.5 mm pens ballpoint black not gel,10,B08KQ74V43,Sencoo 12 pack Black Gel Ink Pen Extra Fine Point Pens Ballpoint pen 0.5mm Black Office School Stationery Students Pens,S,FP,1,0.1,0.1,0.1,12312.52
446,0.5 mm pens ballpoint black not gel,10,B08L7WVRDJ,"Gel Ink Ball Point Pens,ProttyLife 12 Packs Japanese Style Pens, Premium Gel Ink Pen Fine Point Pens Ballpoint Pen 0.5mm Cute School Supplies for Japanese Office School Stationery Supply",I,FP,2,0.1,0.1,0.1,12312.52
446,0.5 mm pens ballpoint black not gel,10,B07KC2NFMZ,RIANCY 12 Pack Cute Gel Ink Pens | Retractable Pretty Premium Ballpoint Journaling Pen 0.5mm Assorted Fine Point Black Ink Pens for Women Girls Teachers Office School Art Supplies,S,FP,3,0.1,0.1,0.1,12312.52
446,0.5 mm pens ballpoint black not gel,10,B08XQBDNNT,"Gel Pens,Retractable Black Ink Rollerball Pens,Fine Point Ballpoint Writing pen for Office - 18 Pack,0.5mm Tips with Smooth Writing",I,FP,4,0.1,0.1,0.1,12312.52
446,0.5 mm pens ballpoint black not gel,10,B002UWGFTQ,"Tul Retractable Gel Pens 0.5mm Needle Point, Black 4/pk",S,FP,5,0.1,0.1,0.1,12312.52
446,0.5 mm pens ballpoint black not gel,10,B096MSPL4F,"DOUMI Black Gel Pens Gel Ink Ballpoint Pens Fine Point Pens Roller Ball Smooth Writing Pens for Office Home Work, 0.5mm Fine Tip Pen, Comfort Grip (12-Pack) (Black)",S,FP,6,0.1,0.1,0.1,12312.52
446,0.5 mm pens ballpoint black not gel,10,B08FC6HZQK,XSG Black Gel Pens[0.5mm]，Extra fine point pens Ballpoint pens For japanese Office School Stationery Supply 12 Packs,I,FP,7,0.1,0.1,0.1,12312.52
446,0.5 mm pens ballpoint black not gel,10,B08G8DHCKB,"Japanese Style Gel Ink Pens 0.5mm Black Fine Ballpoint Maker Pen for Office School Stationery Supply,Pack of 12,Black",E,TP,8,0.1,0.1,0.1,12312.52
446,0.5 mm pens ballpoint black not gel,10,B08G1GL971,"Black Gel Pens, Tanmit Retractable Roll Ball Gel Pen, 30 Black Pens Fine Point With Comfortable Grips for Smooth Writing",S,FP,9,0.1,0.1,0.1,12312.52
446,0.5 mm pens ballpoint black not gel,10,B078MCWLX7,"Tanmit Gel Pens Retractable Black Ink Rollerball Pens, Fine Point Ballpoint Writing Pen for Office - 0.5mm Tips with Comfort Grip (18-Pack)",I,FP,10,0.1,0.1,0.1,12312.52
446,0.5 mm pens ballpoint black not gel,10,B001B0BE76,"PILOT The Better Ball Point Pen Refillable & Retractable Ballpoint Pens, Fine Point, Black Ink, 12-Pack (30000)",E,FN,,0.1,0.1,0.1,12312.52
446,0.5 mm pens ballpoint black not gel,10,B07HRR3QKC,"12 Pieces Rolling Ball Pens, Quick-Drying Ink 0.5 mm Extra Fine Point Pens Liquid Ink Pen Rollerball Pens (Black Ink)",E,FN,,0.1,0.1,0.1,12312.52
446,0.5 mm pens ballpoint black not gel,10,B0819MCRLZ,KACO Soft Touch Retractable Gel Ink Pens 0.5mm Fine Point (Black Color 10-Pack Black Ink),E,FN,,0.1,0.1,0.1,12312.52
446,0.5 mm pens ballpoint black not gel,10,B0855H2L3D,"COLNK Retractable Gel Pens, Black Ink, Cute Pens, Pastel Pens Barrel, Premium Fine Writing Pens, Fine Point, 0.5mm, Metallic Clip, Soft Comfort Grip, 6 Counts, Nice Pack.",E,FN,,0.1,0.1,0.1,12312.52
446,0.5 mm pens ballpoint black not gel,10,B019QBOJOG,"Paper Mate InkJoy Gel Pens, Fine Point, Dark Blue, 12 Count",E,FN,,0.1,0.1,0.1,12312.52
446,0.5 mm pens ballpoint black not gel,10,B08FNLN8YP,"Premium Black Gel Pens, [0.5mm] Extra Fine Point Pens Smooth Writing Ballpoint Pens for Japanese Office School Stationery Supply (12 Packs)",E,FN,,0.1,0.1,0.1,12312.52
446,0.5 mm pens ballpoint black not gel,10,B07T552PTC,Zebra sarasa Mark on Gel ink 0.5mm ballpoint pens ink color (Black) pack of 6,E,FN,,0.1,0.1,0.1,12312.52
446,0.5 mm pens ballpoint black not gel,10,B00006JNJ8,"PILOT G2 Premium Refillable & Retractable Rolling Ball Gel Pens, Extra Fine Point, Black Ink, 12-Pack (31002)",E,FN,,0.1,0.1,0.1,12312.52
446,0.5 mm pens ballpoint black not gel,10,B001E6D3W6,"PILOT G2 Premium Refillable & Retractable Rolling Ball Gel Pens, Bold Point, Black Ink, 12-Pack (31256)",E,FN,,0.1,0.1,0.1,12312.52
447,0.5 pens fine point black not gel,11,B0815S4RVD,"Arteza Rollerball Pens, Pack of 20, 0.5mm Black Liquid Ink Pens for Bullet Journaling, Fine Point Rollerball, Office Supplies for Writing, Taking Notes & Sketching",E,TP,1,0.7273,0.7273,0.7273,12288.67
447,0.5 pens fine point black not gel,11,B001B0BE76,"PILOT The Better Ball Point Pen Refillable & Retractable Ballpoint Pens, Fine Point, Black Ink, 12-Pack (30000)",E,TP,2,0.7273,0.7273,0.7273,12288.67
447,0.5 pens fine point black not gel,11,B07QBYZQP8,"JoyNote Black Gel Pens, 6 Pack Fine Point Writing Pen for Office, 0.5mm Tips with Premium Ink & Comfort Grip for Smooth Writing",I,FP,3,0.7273,0.7273,0.7273,12288.67
447,0.5 pens fine point black not gel,11,B078MCWLX7,"Tanmit Gel Pens Retractable Black Ink Rollerball Pens, Fine Point Ballpoint Writing Pen for Office - 0.5mm Tips with Comfort Grip (18-Pack)",E,TP,4,0.7273,0.7273,0.7273,12288.67
447,0.5 pens fine point black not gel,11,B0855H2L3D,"COLNK Retractable Gel Pens, Black Ink, Cute Pens, Pastel Pens Barrel, Premium Fine Writing Pens, Fine Point, 0.5mm, Metallic Clip, Soft Comfort Grip, 6 Counts, Nice Pack.",S,FP,5,0.7273,0.7273,0.7273,12288.67
447,0.5 pens fine point black not gel,11,B07HRR3QKC,"12 Pieces Rolling Ball Pens, Quick-Drying Ink 0.5 mm Extra Fine Point Pens Liquid Ink Pen Rollerball Pens (Black Ink)",E,TP,6,0.7273,0.7273,0.7273,12288.67
447,0.5 pens fine point black not gel,11,B08G1GL971,"Black Gel Pens, Tanmit Retractable Roll Ball Gel Pen, 30 Black Pens Fine Point With Comfortable Grips for Smooth Writing",E,TP,7,0.7273,0.7273,0.7273,12288.67
447,0.5 pens fine point black not gel,11,B019QBODN8,"Paper Mate InkJoy Gel Pens, Fine Point, Black, 10 Count",S,FP,8,0.7273,0.7273,0.7273,12288.67
447,0.5 pens fine point black not gel,11,B08HD6B57S,"DELI 12 Pack Black Rolling Ball Pens, Fine Point Pens, 0.5mm Liquid Ink Pens, Quick Dry, No Smear No Bleed Pens",E,TP,9,0.7273,0.7273,0.7273,12288.67
447,0.5 pens fine point black not gel,11,B08XW8VW46,Black Fine Point Rollerball Pens Smooth Writing Extra Fine 0.5 mm Tip Pens Non Bleed Quick Drying Pens Needle Point Pens for Writing Journaling Taking Notes School Office 12 PCS,E,TP,10,0.7273,0.7273,0.7273,12288.67
447,0.5 pens fine point black not gel,11,B019QBOGDK,"Paper Mate InkJoy Gel Pens, Fine Point, Black, 12 Count - 1951720",E,TP,11,0.7273,0.7273,0.7273,12288.67
447,0.5 pens fine point black not gel,11,B00006JNJ8,"PILOT G2 Premium Refillable & Retractable Rolling Ball Gel Pens, Extra Fine Point, Black Ink, 12-Pack (31002)",E,FN,,0.7273,0.7273,0.7273,12288.67
447,0.5 pens fine point black not gel,11,B001B66DXU,"Sharpie Felt Tip Pens, Fine Point, Black, 12 Count",E,FN,,0.7273,0.7273,0.7273,12288.67
447,0.5 pens fine point black not gel,11,B019QBO3GK,"Paper Mate 1951638 InkJoy Gel Pens, Fine Point, Black, 3 Count",E,FN,,0.7273,0.7273,0.7273,12288.67
448,0.5 syringe without needle,4,B07Q33SG9Z,"Bitomic 0.5ml Borosilicate Glass Syringe | 10 Pack Anti-Leak Luer Lock Syringe Without Needle | Accurate Measuring Syringe for Plant & Hemp Oils, EJuices, Liquids, Glue, Veterinary, and Lab Syringes",E,TP,1,0.25,0.25,0.25,12758.52
448,0.5 syringe without needle,4,B089M8VJC6,"12 Pack 1ml Plastic Syringe - Individually Sealed Syringe for Scientific Labs, Feeding Pets, Plant Hydroponic, Oil or Glue Applicator (12 Pack)",S,FP,2,0.25,0.25,0.25,12758.52
448,0.5 syringe without needle,4,B07QJZMN51,"1ml Syringe Without Needle Luer Lock 100 Pack by Tilcare - Sterile Plastic Medicine Droppers for Children, Pets or Adults – Latex-Free Oral Medication Dispenser - Syringes for Glue and Epoxy",S,FP,3,0.25,0.25,0.25,12758.52
448,0.5 syringe without needle,4,B07SFK6Z5J,"1ml Syringe with Cap (100 Pack) | Oral Dispenser Without Needle, Luer Slip Tip, | Individually Wrapped Medicine Dropper for Infants & Pets",S,FP,4,0.25,0.25,0.25,12758.52
448,0.5 syringe without needle,4,B07P25XH8Z,20 Packs Plastic Syringe with Measurement Liquids Measuring Syringes Without Needle for Medicine Resin Epoxy Watering Refilling (3 ml),E,FN,,0.25,0.25,0.25,12758.52
448,0.5 syringe without needle,4,B00OAC21Y2,"Covidien 685784972530 Plastic 6 cc 1 Tsp. Slip Tip Oral Medication Syringes without Needle, Includes Tip Cap, 6 mL (Pack of 10)",E,FN,,0.25,0.25,0.25,12758.52
448,0.5 syringe without needle,4,B01JJYYWH4,"Care Touch Luer Lock Tip Syringes 5 mL - 100 Disposable Syringes Without Needles - Great for Oral Medicine, Home Care, and Hobbies",E,FN,,0.25,0.25,0.25,12758.52
451,0.5ml syringe without needle,3,B01MRGNQCS,BAXA ExactaMed Oral Liquid Medication Syringe 0.5cc/0.5mL 4/PK Clear Medicine Dose Dispenser With Cap Exacta-Med BAXTER Comar Latex Free,E,TP,1,0.6667,0.6667,0.6667,11813.43
451,0.5ml syringe without needle,3,B07Q33SG9Z,"Bitomic 0.5ml Borosilicate Glass Syringe | 10 Pack Anti-Leak Luer Lock Syringe Without Needle | Accurate Measuring Syringe for Plant & Hemp Oils, EJuices, Liquids, Glue, Veterinary, and Lab Syringes",E,TP,2,0.6667,0.6667,0.6667,11813.43
451,0.5ml syringe without needle,3,B07SFK6Z5J,"1ml Syringe with Cap (100 Pack) | Oral Dispenser Without Needle, Luer Slip Tip, | Individually Wrapped Medicine Dropper for Infants & Pets",S,FP,3,0.6667,0.6667,0.6667,11813.43
451,0.5ml syringe without needle,3,B07P25XH8Z,20 Packs Plastic Syringe with Measurement Liquids Measuring Syringes Without Needle for Medicine Resin Epoxy Watering Refilling (3 ml),E,FN,,0.6667,0.6667,0.6667,11813.43
454,0.6ml syringe without needle,4,B07BQDRDC2,1ml Syringe Sterile with Luer Slip Tip - 100 Syringes by BH Supplies (No Needle) Individually Sealed,S,FP,1,0.5,0.5,0.5,12357.34
454,0.6ml syringe without needle,4,B08FFR6L7K,"CYGNUS SUPPLIES 4 Pack - 10ml Syringes Without Needle for Measuring, Lip Gloss, Liquid refilling, Dispensing, DIY Crafts, DIY Lip Gloss Accessories, Feeding Pets, Food, Scientific Labs",S,FP,2,0.5,0.5,0.5,12357.34
454,0.6ml syringe without needle,4,B07QM74NWG,"12 Pack - 1ml Plastic Syringe with Measurement, No Needle Suitable for Refilling and Measuring Liquids, Feeding Pets, Oil or Glue Applicator",E,TP,3,0.5,0.5,0.5,12357.34
454,0.6ml syringe without needle,4,B07GX4RJF3,"1ml Oral Syringe - 100 Pack – Luer Slip Tip, No Needle, Sterile Individually Blister Packed - Medicine Administration for Infants, Toddlers and Small Pets",E,TP,4,0.5,0.5,0.5,12357.34
454,0.6ml syringe without needle,4,B08LDL3VV4,"12 Pack 20ml/cc Plastic Syringe,Individually Sealed with Measurement & Cap, for Scientific Labs, Measuring Liquids, Feeding Pets, DIY Lip Gloss, Oil or Glue Applicator, Art Painting (20 ml)",E,FN,,0.5,0.5,0.5,12357.34
454,0.6ml syringe without needle,4,B07L3NSPD8,"20 Packs Plastic Syringe with Measurement, Oral Liquids Measuring Syringes for Medicine Animal Pet Water Feeding Refilling (1 ml)",E,FN,,0.5,0.5,0.5,12357.34
457,0.7 pens,10,B018OR110S,"Pilot G2 Gel Roller Ball, Fine, Black - 16 Pens",S,FP,1,0.6,0.6,0.6,12888.54
457,0.7 pens,10,B01MSBOBM7,"BIC Gel-ocity Retractable Quick Dry Gel Pen, Medium Point (0.7mm), Black, Comfortable Full Grip, 12-Count",E,TP,2,0.6,0.6,0.6,12888.54
457,0.7 pens,10,B082PMSSS7,"Sharpie S-Gel, Gel Pens, Medium Point (0.7mm), 4 Black, 4 Blue, 4 Red Gel Ink Pens, 12 Count",E,TP,3,0.6,0.6,0.6,12888.54
457,0.7 pens,10,B00006JNJC,"PILOT G2 Premium Refillable & Retractable Rolling Ball Gel Pens, Fine Point, Blue Ink, 12 Count (31021)",S,FP,4,0.6,0.6,0.6,12888.54
457,0.7 pens,10,B07WHV9YGW,"Pentel EnerGel 0.7 mm RTX Retractable Liquid Gel Pen, Bulk Combo Pack of 6 BLACK INK & 6 BLUE INK metal pens (Total of 12 Deluxe Pens in box) Medium Line, Metal Tip pentel pens",E,TP,5,0.6,0.6,0.6,12888.54
457,0.7 pens,10,B0058NNAM4,"PILOT G2 Premium Refillable & Retractable Rolling Ball Gel Pens, Fine Point, Blue Ink, 5-Pack (31299)",S,FP,6,0.6,0.6,0.6,12888.54
457,0.7 pens,10,B0000AQO7H,"PILOT Neo-Gel Roller Ball Stick Pens, Blue Ink, Fine Point, 12-Pack (14002)",S,FP,7,0.6,0.6,0.6,12888.54
457,0.7 pens,10,B001GAOTSW,"PILOT G2 Premium Refillable & Retractable Rolling Ball Gel Pens, Fine Point, Black Ink, 12-Pack (31020)",E,TP,8,0.6,0.6,0.6,12888.54
457,0.7 pens,10,B07P76WGHW,"Paper Mate InkJoy Gel Retractable Pens, 0.7mm, Medium Point, 12-Count (Black)",E,TP,9,0.6,0.6,0.6,12888.54
457,0.7 pens,10,B086Q788MQ,"PILOT G2 Premium gel Pens, Fine Point Gel Ink Pen, 0.7 mm, Refillable & Retractable Rolling Ball, 5 Black and 5 Blue pens (Bulk pack of 10 Pens) (14784)",E,TP,10,0.6,0.6,0.6,12888.54
457,0.7 pens,10,B082PMRSBK,"Sharpie S-Gel, Gel Pens, Medium Point (0.7mm), Black Ink Gel Pen, 4 Count",E,FN,,0.6,0.6,0.6,12888.54
457,0.7 pens,10,B001S2RDRM,"Pentel EnerGel Retractable Liquid Gel Pens, Medium Point, 0.7 mm, Silver Barrel, Black Ink, Pack Of 12",E,FN,,0.6,0.6,0.6,12888.54
457,0.7 pens,10,B01IIKUYEU,"Pentel EnerGel Pearl Deluxe RTX Retractable Liquid Gel Pen, 0.7mm, 4 Pack, Assorted Colors (BLN77WBP4M)",E,FN,,0.6,0.6,0.6,12888.54
457,0.7 pens,10,B07TXGYTJX,"Gel Pens, 20 Pack Black Gel Pen Medium Point, Retractable Gel Ink Rollerball Pens with Premium Ink & Comfort Grip for Smooth Writing (0.7mm)",E,FN,,0.6,0.6,0.6,12888.54
472,00 size empty capsules not made with carageenena,37,B08ST29H6W,"1000 Pack of Size 00 Gel Capsules – Kosher & Halal. Empty Pill Capsules 00 are 100% Pure, Just Beef Gelatin and Water",I,FP,1,0.9459,0.9459,0.9459,15550.05
472,00 size empty capsules not made with carageenena,37,B0050PHIRI,"Capsule Connection Separated Empty Gelatin Capsules, 00 Size (1000) Resealable Bag",E,TP,2,0.9459,0.9459,0.9459,15550.05
472,00 size empty capsules not made with carageenena,37,B000ACUJRW,Empty Gelatin Capsules 0 Size -1000 Empty Capsules |Manufactured in North & South America|Kosher & Halal Certified |Gluten Free,E,TP,3,0.9459,0.9459,0.9459,15550.05
472,00 size empty capsules not made with carageenena,37,B000OSQS4U,"NOW Supplements, Empty Capsules, Vegetarian, Double ""00"", 250 Veg Capsules",E,TP,4,0.9459,0.9459,0.9459,15550.05
472,00 size empty capsules not made with carageenena,37,B00E40DJ82,"NOW Supplements, Empty Gelatin Capsules, Double ""00"", Bovine Sourced, Filled by Weight, 250 Gel Capsules",E,TP,5,0.9459,0.9459,0.9459,15550.05
472,00 size empty capsules not made with carageenena,37,B08HY9XQDJ,LFA Size 00 Empty Capsules - Clear Gelatin - 120 Count Jar - Easy Snap Fillable Beef Gel Caps for DIY Powder Supplement Pills - Halal - Fits Filling Machine - Large Pure Gelatin Capsule,E,TP,6,0.9459,0.9459,0.9459,15550.05
472,00 size empty capsules not made with carageenena,37,B00PYV9D6M,Capsuline Size 00 Empty Gelatin Capsules - 1000 Count - Empty Pill Capsules - DIY Capsule Filling - Fillable Pill Capsules Empty Gel Caps (Clear),E,TP,7,0.9459,0.9459,0.9459,15550.05
472,00 size empty capsules not made with carageenena,37,B07Z6N5F1L,"PurecapsUSA – Empty Chlorophyll Colored Vegetarian and Vegan Capsules - Fast Dissolving and Easily Digestible - Preservative Free with Natural Ingredients - (1,000 Joined Capsules) - Size 00",E,TP,8,0.9459,0.9459,0.9459,15550.05
472,00 size empty capsules not made with carageenena,37,B01KY6XS08,BulkSupplements.com Empty (00) Capsules Pill Capsules - Capsules Size 00 - Empty Gelatin Capsules - Gel Caps (300 Gelatin Capsules - Red),E,TP,9,0.9459,0.9459,0.9459,15550.05
472,00 size empty capsules not made with carageenena,37,B07GVW9PXW,"Tapioca Empty 00 Capsules, Vegan and Vegetarian, Premium Quality (500 Count) resealable Bag",E,TP,10,0.9459,0.9459,0.9459,15550.05
472,00 size empty capsules not made with carageenena,37,B07ZWL1Y66,XPRS Nutra Size 00 Purple Empty Gelatin Capsules - 1000 Count Pure Gelatin Pill Capsule - DIY Supplement Filling,E,TP,11,0.9459,0.9459,0.9459,15550.05
472,00 size empty capsules not made with carageenena,37,B07L8B2CXN,ALL-IN Capsule - Size 00 Clear Empty Vegetarian Capsules - 1000 Count Vegan Capsules Compatible with Capsule Filling Machine - Fillable with Powders of Your Choice,E,TP,12,0.9459,0.9459,0.9459,15550.05
472,00 size empty capsules not made with carageenena,37,B07ZH2C7QF,"iHFL 00 Capsules Separated, Empty Gelatin Capsules 00 Size - Make Your Own Pill Capsules, Gelatin Capsules Empty 1000 Count",E,TP,13,0.9459,0.9459,0.9459,15550.05
472,00 size empty capsules not made with carageenena,37,B07QFWJRS2,"Wananfu Pre-Separated Empty Capsules 00 Gelatin, 1000 Count in Resealable Bags, Compatible with Capsule Filling Machine 00",E,TP,14,0.9459,0.9459,0.9459,15550.05
472,00 size empty capsules not made with carageenena,37,B00PYVHRI8,Capsuline - Size 00 Clear Empty Vegetarian Capsules - 1000 Count - Registered by Vegan Society - Manufactured in North & South America - Non-GMO Verified,E,TP,15,0.9459,0.9459,0.9459,15550.05
472,00 size empty capsules not made with carageenena,37,B07Z6DFDJ5,ALL-IN Capsule - Size 1 Clear Empty Gelatin Capsules - 1000 Count and Compatible with Capsule Filling Machine - Fillable with Powders of Your Choice,S,FP,16,0.9459,0.9459,0.9459,15550.05
472,00 size empty capsules not made with carageenena,37,B07DYFPGDN,"PurecapsUSA – Empty Clear Vegetarian and Vegan Capsules - Fast Dissolving and Easily Digestible - Preservative Free with Natural Ingredients - (1,000 Separated Capsules) - Size 00",E,TP,17,0.9459,0.9459,0.9459,15550.05
472,00 size empty capsules not made with carageenena,37,B081VV9YHP,XPRS Nutra Size 00 Empty Capsules - 1000 Count Empty Gelatin Capsules - Capsules Express Empty Pill Capsules - DIY Capsule Filling - Fillable Pill Capsules Empty Gel Caps (Blue / White),E,TP,18,0.9459,0.9459,0.9459,15550.05
472,00 size empty capsules not made with carageenena,37,B071Y45HG5,"PurecapsUSA – Empty Chlorophyll Colored Gelatin Capsules - Fast Dissolving and Easily Digestible - Preservative Free with Natural Ingredients - (1,000 Joined Capsules) - Size 00",E,TP,19,0.9459,0.9459,0.9459,15550.05
472,00 size empty capsules not made with carageenena,37,B01I5TPVXI,Capsuline - Size 00 Clear Empty Gelatin Capsules - 500 Count - Manufactured in North & South America - Kosher & Halal Certified - Pill Capsules,E,TP,20,0.9459,0.9459,0.9459,15550.05
472,00 size empty capsules not made with carageenena,37,B005JDXC7Q,"Capsule Connection Wholesale Bulk Empty Vegetable Capsules '00' Size, Vegan & Vegetarian (1000) resealable Bag",E,TP,21,0.9459,0.9459,0.9459,15550.05
472,00 size empty capsules not made with carageenena,37,B005QOLOAU,Solaray Empty Capsules Size 00 (Bag) | 100ct,E,TP,22,0.9459,0.9459,0.9459,15550.05
472,00 size empty capsules not made with carageenena,37,B071FHJ3HG,"PurecapsUSA – Empty Dark Green Gelatin Capsules - Fast Dissolving and Easily Digestible - Preservative Free with Natural Ingredients - (1,000 Joined Capsules) - Size 00",E,TP,23,0.9459,0.9459,0.9459,15550.05
472,00 size empty capsules not made with carageenena,37,B017S0AMV6,"Capsule Connection USA-Made 500 Bulk Empty Gelatin Capsules, 00 Size resealable Bag",E,TP,24,0.9459,0.9459,0.9459,15550.05
472,00 size empty capsules not made with carageenena,37,B0150H5BOC,"PharmaCapsules USA Empty Gelatin Capsules (00, Quantity 1000)",E,TP,25,0.9459,0.9459,0.9459,15550.05
472,00 size empty capsules not made with carageenena,37,B07XTQ8YZN,"Capsule Connection 500 00 Size Empty Gelatin Capsules, Resealable Bag, Natural, No additives",E,TP,26,0.9459,0.9459,0.9459,15550.05
472,00 size empty capsules not made with carageenena,37,B07B4J6DJV,1000 Empty Gelatin Capsules Size 00 Natural. Hypoallergenic. Non GMO. Kosher. Halal. Manufactured in North America.,E,TP,27,0.9459,0.9459,0.9459,15550.05
472,00 size empty capsules not made with carageenena,37,B0006NZ1VO,"Carlson - Empty Gelatin #00 Capsules, Easy to Separate & Fill, 150 capsules",E,TP,28,0.9459,0.9459,0.9459,15550.05
472,00 size empty capsules not made with carageenena,37,B071J8Z3GH,"PurecapsUSA - 1,000 Size 00 Fillable Clear Empty Vegetarian Pullulan Capsules",E,TP,29,0.9459,0.9459,0.9459,15550.05
472,00 size empty capsules not made with carageenena,37,B00KUBJVFO,"PurecapsUSA – Empty Dark Green/ Yellow Gelatin Capsules - Fast Dissolving and Easily Digestible - Preservative Free with Natural Ingredients - (1,000 Joined Capsules) - Size 00",E,TP,30,0.9459,0.9459,0.9459,15550.05
472,00 size empty capsules not made with carageenena,37,B00IKNX0ZQ,"Empty Vegetarian Capsules - 1000 Size""00"" Bulk Wholesale",E,TP,31,0.9459,0.9459,0.9459,15550.05
472,00 size empty capsules not made with carageenena,37,B07SH33NBN,"Capsule Connection Wholesale Bulk Empty Vegetable Capsules '00' Size, Vegan & Vegetarian (500) Resealable Bag",E,TP,32,0.9459,0.9459,0.9459,15550.05
472,00 size empty capsules not made with carageenena,37,B00I7DVEJS,"PurecapsUSA – Empty Clear Vegetarian and Vegan Capsules - Fast Dissolving and Easily Digestible - Preservative Free with Natural Ingredients - (1,000 Joined Capsules) - Size 00",E,TP,33,0.9459,0.9459,0.9459,15550.05
472,00 size empty capsules not made with carageenena,37,B012BY20HI,"PurecapsUSA – Empty Clear Vegetarian and Vegan Capsules - Fast Dissolving and Easily Digestible - Preservative Free with Natural Ingredients - (2,000 Joined Capsules) - Size 00",E,TP,34,0.9459,0.9459,0.9459,15550.05
472,00 size empty capsules not made with carageenena,37,B07KLJJ96C,"Clear Size 00 Empty Capsules | 1000 Gelatin Capsules | Resealable Bag | Non-GMO, Gluten Free | by Horbaach",E,TP,35,0.9459,0.9459,0.9459,15550.05
472,00 size empty capsules not made with carageenena,37,B00I2C7EEI,"PurecapsUSA – Empty Clear Gelatin Capsules - Fast Dissolving and Easily Digestible - Preservative Free with Natural Ingredients - (1,000 Joined Capsules) - Size 00",E,TP,36,0.9459,0.9459,0.9459,15550.05
472,00 size empty capsules not made with carageenena,37,B0058AACKU,"NOW FOODS Gel Caps '00' Capsules, 750 CT",E,TP,37,0.9459,0.9459,0.9459,15550.05
472,00 size empty capsules not made with carageenena,37,B08KTRGC4K,LFA Size 0 Empty Capsules - Clear Vegan Pullulan - 120 Count Jar - Easy Snap Fillable Vegetarian Capsules for DIY Powder Supplement Pills - Kosher and Halal - Fits Machine - Medium Pure Tapioca Caps,E,FN,,0.9459,0.9459,0.9459,15550.05
472,00 size empty capsules not made with carageenena,37,B00I2BYEB0,PurecapsUSA – Empty Clear Gelatin Capsules - Fast Dissolving and Easily Digestible - Preservative Free with Natural Ingredients - (500 Joined Capsules) - Size 000,E,FN,,0.9459,0.9459,0.9459,15550.05
479,007 james bond the world is not enough,13,B001PO6IDI,James Bond Blu-ray Collection: Volume Three (Moonraker / The World is Not Enough / Goldfinger),E,TP,1,0.7692,0.7692,0.7692,13260.17
479,007 james bond the world is not enough,13,B01LE3Q73U,2016 James Bond 007 CLASSICS Trading Cards The World Is Not Enough Set 1-72 Rittenhouse Archives,E,TP,2,0.7692,0.7692,0.7692,13260.17
479,007 james bond the world is not enough,13,B09834RW6M,James Bond 007 The World Is Not Enough Movie Promotion Canvas Poster Wall Art Decor Print Picture Paintings for Living Room Bedroom Decoration Unframe:20×30inch(50×75cm),E,TP,3,0.7692,0.7692,0.7692,13260.17
479,007 james bond the world is not enough,13,B088P72B85,"PIERCE BROSNAN SIGNED AUTOGRAPH - TOMORROW NEVER DIES FULL MOVIE SCRIPT - JONATHAN PRYCE, MICHELLE YEOH, TERI HATCHER, JUDI DENCH, 007, JAMES BOND, GOLDENEYE, THE WORLD IS NOT ENOUGH, DIE ANOTHER DAY, MAMMA MIA, THE GHOST WRITER, MRS DOUBTFIRE",C,FP,4,0.7692,0.7692,0.7692,13260.17
479,007 james bond the world is not enough,13,B01I8NIR0K,2016 Rittenhouse 'James Bond 007 Classics' World Is Not Enough CT1 case topper poster card,C,FP,5,0.7692,0.7692,0.7692,13260.17
479,007 james bond the world is not enough,13,1538138573,The World Is Not Enough: A Biography of Ian Fleming,E,TP,6,0.7692,0.7692,0.7692,13260.17
479,007 james bond the world is not enough,13,B011MHC976,The World Is Not Enough [Blu-ray + DHD],E,TP,7,0.7692,0.7692,0.7692,13260.17
479,007 james bond the world is not enough,13,B07BZ1W4S8,Cigar Girl - The World Is Not Enough (Trading Card) James Bond 007 - The Quotable # 72 Rittenhouse Archives 2004 - NM/M,E,TP,8,0.7692,0.7692,0.7692,13260.17
479,007 james bond the world is not enough,13,B00000BLFI,James Bond Ultimate Edition - Vol. 1 (The Man with the Golden Gun / Goldfinger / The World Is Not Enough / Diamonds Are Forever / The Living Daylights),E,TP,9,0.7692,0.7692,0.7692,13260.17
479,007 james bond the world is not enough,13,B009RO9LKK,Pierce Brosnan Ultimate 007 Edition (Goldeneye / The World Is Not Enough / Die Another Day),E,TP,10,0.7692,0.7692,0.7692,13260.17
479,007 james bond the world is not enough,13,B0998W7KBG,James Bond 007 The World Is Not Enough Movie Cover Retro Poster Metal Tin Sign Chic Art Retro Iron Painting Bar People Cave Cafe Family Garage Poster Wall Decoration 8×12inch(20×30cm),E,TP,11,0.7692,0.7692,0.7692,13260.17
479,007 james bond the world is not enough,13,B00HWNRBJG,Hollywoodprop Pierce Brosnan James Bond 007 GOLDENEYE Tomorrow Never Dies The World is NOT Enough DIE Another Day LIFESIZE Cardboard Standup Standee Cutout Poster Figure,C,FP,12,0.7692,0.7692,0.7692,13260.17
479,007 james bond the world is not enough,13,B000CCKJCA,"World Is Not Enough, The (007) (Special Edition)",E,TP,13,0.7692,0.7692,0.7692,13260.17
479,007 james bond the world is not enough,13,B07MXT3NFZ,"James Bond Collection - 24-Disc Box Set ( Spectre/ Skyfall / Quantum of Solace / Casino Royale / Die Another Day / The World Is Not Enough / Tomorrow Never Dies [ Blu-Ray, Reg.A/B/C Import - Denmark ]",E,FN,,0.7692,0.7692,0.7692,13260.17
479,007 james bond the world is not enough,13,B00IZOL6L0,"The World Is Not Enough (From ""James Bond 007 - The World Is Not Enough"")",E,FN,,0.7692,0.7692,0.7692,13260.17
479,007 james bond the world is not enough,13,B01HDJBJ4G,Da Bang The World is NOT Enough James Bond 007 F Tv Movie Film Poster Fabric Silk Poster Print B0129-17,E,FN,,0.7692,0.7692,0.7692,13260.17
485,01 ford mustang 3.8 tan seat covers without headrest,10,B06Y2J5R5D,FH Group PU001102 PU Leather Seat Covers (Tan Color) Front Set – Universal Fit for Cars Trucks & SUVs,S,FP,1,0.4,0.4,0.4,12508.39
485,01 ford mustang 3.8 tan seat covers without headrest,10,B00MXRR8TY,"FH Group PU002TAN102 Tan Faux Leather Front Bucket Seat Cover, Set of 2 Airbag Compatible",S,FP,2,0.4,0.4,0.4,12508.39
485,01 ford mustang 3.8 tan seat covers without headrest,10,B087ZM7YPH,"OASIS AUTO Leather Car Seat Covers, Faux Leatherette Automotive Vehicle Cushion Cover for Cars SUV Pick-up Truck Universal Fit Set for Auto Interior Accessories (OS-001 Front Pair, TAN)",E,TP,3,0.4,0.4,0.4,12508.39
485,01 ford mustang 3.8 tan seat covers without headrest,10,B014I56GUK,"FH Group PU309TAN102 Tan Front PU Leather Seat Cover, Set of 2 (Set Built in Seat Belt Compatible Airbag Ready)",S,FP,4,0.4,0.4,0.4,12508.39
485,01 ford mustang 3.8 tan seat covers without headrest,10,B07RHTRYWD,"Gorla Gear Beige Premium Universal Fit Waterproof Stain Resistant Tan Khaki Car Seat Cover Neoprene Non-Slip Bucket Seat Dog & Kid Auto Protector Save Your Leather & Cloth Seats, Van, Truck, SUV",E,TP,5,0.4,0.4,0.4,12508.39
485,01 ford mustang 3.8 tan seat covers without headrest,10,B08GWQDT9Y,"OASIS AUTO Leather Car Seat Covers, Faux Leatherette Automotive Vehicle Cushion Cover for Cars SUV Pick-up Truck Universal Fit Set for Auto Interior Accessories (OS-002 Front Pair, Brown)",I,FP,6,0.4,0.4,0.4,12508.39
485,01 ford mustang 3.8 tan seat covers without headrest,10,B071HGM6QW,Leader Accessories Saddle Blanket Black Full Size Pickup Trucks Bench Seat Cover Universal Work with Bench Seats,I,FP,7,0.4,0.4,0.4,12508.39
485,01 ford mustang 3.8 tan seat covers without headrest,10,B00MWNSIN4,"FH Group - FB050BEIGE102-A Universal Fit Flat Cloth Pair Bucket Seat Cover, (Beige/Black) (FH-FB050102, Fit Most Car, Truck, Suv, or Van)",S,FP,8,0.4,0.4,0.4,12508.39
485,01 ford mustang 3.8 tan seat covers without headrest,10,B089Y2ZJQH,"Motor Trend LuxeFit Beige Faux Leather Car Seat Cover for Front Seats, 1 Piece – Premium Universal Fit Interior Protector, Padded Leather Seat Cover Cushion for Auto Truck Van & SUV",E,TP,9,0.4,0.4,0.4,12508.39
485,01 ford mustang 3.8 tan seat covers without headrest,10,B01MTLYJWF,"EDEALYN Ultra-Luxury PU Leather Car Seat Protection Cover Car Seat Cover for Most Four-Door Sedan&SUV ,Single Seat Cover Without Backrest 1PCS (W 20.8× D 21× T 0.2inch) (3D-Beige-tan",E,TP,10,0.4,0.4,0.4,12508.39
485,01 ford mustang 3.8 tan seat covers without headrest,10,B01HUTS6HC,FH Group FB030BEIGEBLACK115-COMBO Seat Cover Combo Set with Steering Wheel Cover and Seat Belt Pad (Airbag Compatible and Split Bench Beige/Black),E,FN,,0.4,0.4,0.4,12508.39
485,01 ford mustang 3.8 tan seat covers without headrest,10,B01GSV4M4Y,Pet Magasin Luxury Pet Car Seat Cover Waterproof & Scratch Proof & Nonslip Backing & Hammock Style & Heavy Duty Back Seat Protector for Cars Trucks and SUVs,E,FN,,0.4,0.4,0.4,12508.39
485,01 ford mustang 3.8 tan seat covers without headrest,10,B00KG57430,Seat Armour SA100PONB Black 'Ford Mustang Pony' Seat Protector Towel,E,FN,,0.4,0.4,0.4,12508.39
485,01 ford mustang 3.8 tan seat covers without headrest,10,B08QFW5DDP,"SYNOME Leather Car Seat Covers, Faux Leatherette Automotive Vehicle Cushion Cover for 5 Seats Cars SUV Pick-up Truck Universal Fit Set for Auto Interior Accessories (Black)",E,FN,,0.4,0.4,0.4,12508.39
485,01 ford mustang 3.8 tan seat covers without headrest,10,B00F4FAKDS,Plasticolor 008584R01 Ford Black Sideless Seat Cover,E,FN,,0.4,0.4,0.4,12508.39
485,01 ford mustang 3.8 tan seat covers without headrest,10,B08J3Z3V54,"BDK EasyFit Universal Car Seat Covers for Front Seats, Black – Front Seat Cover Set with Integrated Headrest Cover, Quick Slip-On Installation, Universal Fit for Car Truck Van SUV",E,FN,,0.4,0.4,0.4,12508.39
486,01 ford ranger headlights not smoke lens,20,B07DNJMCR9,Brock Headlights Compatible with 2001-2011 Ranger Pickup Truck Replacement Driver and Passenger Headlamps 6L5Z13008BA 6L5Z13008AA,E,TP,1,0.7,0.7,0.7,15413.55
486,01 ford ranger headlights not smoke lens,20,B07W9L9HJ9,Carpartsinnovate For 01-11 Pickup Truck Clear Headlights+Corner Signal Lamps Replacement,E,TP,2,0.7,0.7,0.7,15413.55
486,01 ford ranger headlights not smoke lens,20,B085ZZTPHB,AmeriLite for 2001-2011 Ford Ranger Pickup Truck Chrome Factory Style OE Fitment Replacement Headlights Assembly w/o Corner Lamp Pair - Driver and Passenger Side,E,TP,3,0.7,0.7,0.7,15413.55
486,01 ford ranger headlights not smoke lens,20,B0815SBWQD,Epic Lighting OE Style Replacement Headlights Assemblies Compatible with 2001-2011 Ranger [ FO2502173 FO2503173 6L5Z13008BA 6L5Z13008AA ] Left Driver & Right Passenger Sides Pair,E,TP,4,0.7,0.7,0.7,15413.55
486,01 ford ranger headlights not smoke lens,20,B008G23AUQ,Headlights Headlamps Driver and Passenger Replacement for 1998-2000 Ford Ranger Pickup Truck F87Z 13008 FB F87Z 13008 EB,E,TP,5,0.7,0.7,0.7,15413.55
486,01 ford ranger headlights not smoke lens,20,B07R8SHT91,AUTOSAVER88 Headlight Assembly Compatible with Bumper Lights Compatible with 2001-2011 Ford Ranger + Corner light Chrome Housing Smoke Lens,E,TP,6,0.7,0.7,0.7,15413.55
486,01 ford ranger headlights not smoke lens,20,B08VWDDW7N,DWVO Headlights Assembly Compatible with 2001-2011 Ford Ranger Headlamp Replacement Chrome Housing Smoke Lens Amber Reflector,E,TP,7,0.7,0.7,0.7,15413.55
486,01 ford ranger headlights not smoke lens,20,B081H5SB8K,"RAMHORN 9007 LED Bulbs,360 Degree Adjustable Beam 10000Lm 6500K Cool White HB5 Conversion Kits of 2.",E,TP,8,0.7,0.7,0.7,15413.55
486,01 ford ranger headlights not smoke lens,20,B07XL7LLVS,"Fahren 9007/HB5 LED Headlight Bulbs, 60W 12000 Lumens Super Bright LED Headlights Conversion Kit 6500K Cool White IP68 Waterproof, Pack of 2 (Blue)",E,TP,9,0.7,0.7,0.7,15413.55
486,01 ford ranger headlights not smoke lens,20,B082SBFYRV,Aukee 9007 LED Bulb HB5 50W 6000K 10000 Lumens Extremely Bright CSP Chips Conversion Kit Replacement Low Fog Light,I,FP,10,0.7,0.7,0.7,15413.55
486,01 ford ranger headlights not smoke lens,20,B07JDL93W2,"BEAMTECH 9007 LED Bulb, 8000LM 40W Fanless CSP Y19 Chips 6500K Xenon White HB5 Extremely Bright Conversion Kit Ultra Thin All In One Halogen Replacement",I,FP,11,0.7,0.7,0.7,15413.55
486,01 ford ranger headlights not smoke lens,20,B07QJYL9NV,9007/HB5 LED Headlight Bulbs leppein S+ Series Dual Hi/Lo Beam 32xZES 2nd Chips 6500K 8000LM Cool White Halogen Replacement-1 Pair,I,FP,12,0.7,0.7,0.7,15413.55
486,01 ford ranger headlights not smoke lens,20,B01N3KLQKK,"VoRock8 R2 COB 9007 HB5 8000 Lumens Led Head Iight Conversion Kit, High Low Beam Bulbs, Bright Dipped 2 in 1 Light, Replace Halogen Bulbs, 6500K Xenon White, 1 Pair",E,TP,13,0.7,0.7,0.7,15413.55
486,01 ford ranger headlights not smoke lens,20,B07QQWNXGN,9007/HB5 LED Headlight Bulbs Conversion Kit leppein S Series Dual Hi/Lo Beam 24xCREE Chips 6500K 6000LM Cool White Halogen Replacement-1 Pair,E,TP,14,0.7,0.7,0.7,15413.55
486,01 ford ranger headlights not smoke lens,20,B07CMHG25D,"Alla Lighting S-HCR HB5 9007 Headlights LED Bulbs Replacement PX29t Base10000Lms Xtreme Super Bright (Off-road use), 6K Xenon White",E,TP,15,0.7,0.7,0.7,15413.55
486,01 ford ranger headlights not smoke lens,20,B07Z3RGL3Y,"Torchbeam 9007/HB5 LED Bulb, 16000 Lumens Headlamp Replacement Kit, 500% Brightness LED Bulbs, 6000K Xenon White, 50000+ Hour Lifespan, Pack of 2",C,FP,16,0.7,0.7,0.7,15413.55
486,01 ford ranger headlights not smoke lens,20,B07TF4JHLZ,Alla Lighting Mini FL-BH 12500Lm HB5 9007 LED Bulbs PX29t Base 90W Dual Hi/Low Beam Xtreme Super Bright 6000K Xenon White 9007 Kits Bulbs Replacement for Cars Trucks,I,FP,17,0.7,0.7,0.7,15413.55
486,01 ford ranger headlights not smoke lens,20,B07GGRHPPY,SEALIGHT 9007/HB5 LED Bulbs 14000LM Dual Bulbs X1 Series 6000K Xenon White Non-polarity,E,TP,18,0.7,0.7,0.7,15413.55
486,01 ford ranger headlights not smoke lens,20,B07GT5G6V7,"SEALIGHT 9007 HB5 Led Bulbs 12000LM 24xCSP Chips Dual Beam Led Bulb 6000K White, Quick Installation Halogen Replacement, Packs of 2",E,TP,19,0.7,0.7,0.7,15413.55
486,01 ford ranger headlights not smoke lens,20,B081G7NBNX,ICBEAMER 9007 HB5 12V 36W LED COB Super White 6000K Fit High Low Dual Beam Headlight Replace Automotive Halogen Driving Light Bulbs,S,FP,20,0.7,0.7,0.7,15413.55
486,01 ford ranger headlights not smoke lens,20,B07CMF371L,For 1997-2003 Ford F150 97-02 Expedition Truck Tube Bar Projector Headlights Driver+Passenger Side,E,FN,,0.7,0.7,0.7,15413.55
486,01 ford ranger headlights not smoke lens,20,B07FNZF965,ACANII - For 1999-2004 Ford F250 F350 F450 Superduty Excursion Headlights w/Amber Bumper Lamps Lights Driver + Passenger,E,FN,,0.7,0.7,0.7,15413.55
486,01 ford ranger headlights not smoke lens,20,B06XRXTX32,(Pair) 5''x7'' 6''x7'' High Low Beam Led Headlights Compatible with Jeep Wrangler YJ Cherokee XJ H6054 H5054 H6054LL 69822 6052 6053 with Angel Eyes DRL (Black 105w Osram Chips),E,FN,,0.7,0.7,0.7,15413.55
486,01 ford ranger headlights not smoke lens,20,B07NL7TNMM,OEDRO Headlight Assembly Compatible with 1999-2004 Ford F250 F350 F450 F550 Super Duty / 00-04 Ford Excursion Headlights Chrome Housing Black Headlamps - Driver & Passenger Side,E,FN,,0.7,0.7,0.7,15413.55
486,01 ford ranger headlights not smoke lens,20,B00YWGSKBY,4Pcs Smoked Housing Headlights Clear Corner Turn Signal Light Lamps Kit Compatible with Ford Ranger 01-11,E,FN,,0.7,0.7,0.7,15413.55
486,01 ford ranger headlights not smoke lens,20,B07FP1XNYG,ACANII - For Smoke 1997-2004 Ford F150 Expedition 97-99 F250 Headlights+Corner Signal Lamps Driver + Passenger Side,E,FN,,0.7,0.7,0.7,15413.55
489,01 polaris scrambler 500 pull start without case,14,B07RWTBWBG,Outdoors & Spares Replaces Polaris Trail Boss 325 335 425 Engine Recoil Pull Starter 3087054/3085652,E,TP,1,0.5714,0.5714,0.5714,14727.06
489,01 polaris scrambler 500 pull start without case,14,B07XWPGY1P,NICHE Recoil Pull Starter Case Assembly For 1999-2002 Polaris 3087054 3085856 3085652 3085405 3085406 3085413,E,TP,2,0.5714,0.5714,0.5714,14727.06
489,01 polaris scrambler 500 pull start without case,14,B07XMM997Q,SCITOO Recoil Pull Starter Kit for Polaris 500 Series 1996-2012 New Recoil Starter Pull Assembly 3090085 for Polaris Complete Recoil Starter Pull Start Assembly Sportsman 500,I,FP,3,0.5714,0.5714,0.5714,14727.06
489,01 polaris scrambler 500 pull start without case,14,B07N1K1X6Q,Autu Parts 7052190 Petcock Fuel Shutoff Valve for Polaris Big Boss Scrambler 425 500 1997-2001,I,FP,4,0.5714,0.5714,0.5714,14727.06
489,01 polaris scrambler 500 pull start without case,14,B07BMGLK9C,"UPMSX Unlimited Rider Water Temperature Sensor Temp Sensor for Polaris Ranger 500 2006-2013, Sportsman 500 2006-2010, Sportsman 550 2009-2014, Ranger 400 2010-2014, Scrambler 500 2010-2012 3089892",I,FP,5,0.5714,0.5714,0.5714,14727.06
489,01 polaris scrambler 500 pull start without case,14,B07LFRB5ZJ,MOTOKU Recoil Starter Pull Start Rope Handle Cord for Big Boss 400L 500 Hawkeye 300 Scrambler Sportsman 400 500 Magnum ATV,E,TP,6,0.5714,0.5714,0.5714,14727.06
489,01 polaris scrambler 500 pull start without case,14,B06Y5ZDRGP,WEIYINGSI Complete Recoil Starter Pull Start Assembly Compatible with Sportsman 500 2001-2011,S,FP,7,0.5714,0.5714,0.5714,14727.06
489,01 polaris scrambler 500 pull start without case,14,B07K87SCBX,ATRACYPART Carburetor Carb for 2001-2005 & 2010-2012 Polaris Sportsman 500 4X4 HO | 1997-2009 Polaris scrambler 500 4x4 | 2000-2002 Polaris Trail Boss 325,E,TP,8,0.5714,0.5714,0.5714,14727.06
489,01 polaris scrambler 500 pull start without case,14,B000N3HIIG,"OEM 1993 - 2010 Polaris Sportsman, Trail Boss, Magnum, Ranger Series 10,11 Scrambler Gear Case 34P Silent Chain 3233036",I,FP,9,0.5714,0.5714,0.5714,14727.06
489,01 polaris scrambler 500 pull start without case,14,B081YL596F,labwork Complete Recoil Starter Pull Start Assembly Fit for 1996-2006 Polaris Sportsman 500 HO EFI Duse RSE 3090085,E,TP,10,0.5714,0.5714,0.5714,14727.06
489,01 polaris scrambler 500 pull start without case,14,B07G812DPP,"Recoil Pull Start Gasket fit Polaris - Pull Start Assembly Reel Rebuild Kit for 1996 97 98 99 00 01 02 03 04 05 06 07 08 09 10 2011 Polaris Sportsman 500, Replaces # 3084933, by Vautoparts",E,TP,11,0.5714,0.5714,0.5714,14727.06
489,01 polaris scrambler 500 pull start without case,14,B07XLZP56G,NICHE Recoil Pull Starter Case Assembly For Polaris Sportsman 500 400 X2 Magnum Ranger Trail Boss 330 3090085,E,TP,12,0.5714,0.5714,0.5714,14727.06
489,01 polaris scrambler 500 pull start without case,14,B08LH9CWS4,18645 Starter Compatible With/Replacement for Polaris ATP 330 500 HO 4x4 2004-2005/ Magnum 325 2x4 2000-2001/Hawkeye 400 Sportsman 335 400 450 500 Ranger Trail Blazer Trail Boss smu0061 3084981,I,FP,13,0.5714,0.5714,0.5714,14727.06
489,01 polaris scrambler 500 pull start without case,14,B00QZAC3QI,TOP NOTCH PARTS COMPLETE RECOIL STARTER PULL START ASSEMBLY FITS POLARIS SPORTSMAN 500 NIB 1996 1997 1998 1999 2000 2001 2002 2003 2004 2005 2006 2007 2008 2009 2010 2011 FREE FEDEX 2 DAY SHIPPING,E,TP,14,0.5714,0.5714,0.5714,14727.06
489,01 polaris scrambler 500 pull start without case,14,B07GSBQFWF,New Starter And Drive Combo Kit Replacement For Polaris ATV UTV 325 330 335 425 500 Sportsman Scrambler Magnum Trail Boss Ranger 113528 18645 495713 3084981 3090188,E,FN,,0.5714,0.5714,0.5714,14727.06
489,01 polaris scrambler 500 pull start without case,14,B073MXFQCK,KIPA Heavy Duty Recoil Pull Starter Kit For Polaris Sportsman 300 500 Scrambler 400 Xpress 300 Xpedition 325 Trail Blazer 330 ATV Quad Rewind Recoil start Kit,E,FN,,0.5714,0.5714,0.5714,14727.06
489,01 polaris scrambler 500 pull start without case,14,B01EMJXNP8,TC-Motor Black Recoil Pull Starter Start With Claw Pawl For Tanaka Paverunner Bladez XL Moby 35cc 2 Stroke Engine Gas Scooter TC-355,E,FN,,0.5714,0.5714,0.5714,14727.06
489,01 polaris scrambler 500 pull start without case,14,B07WT3M7YJ,AUTOKAY ATV Recoil Starter Pull Start Rope Handle Cord Rangerfor Polaris Big Boss 400L 500 Hawkeye 300 Scrambler Sportsman 400 500 Magnum ATV,E,FN,,0.5714,0.5714,0.5714,14727.06
489,01 polaris scrambler 500 pull start without case,14,B07T9ZLZ4Y,Recoil Pull Starter Case Fits Polaris Sportsman 500 2000-2008 OEM 3090085,E,FN,,0.5714,0.5714,0.5714,14727.06
489,01 polaris scrambler 500 pull start without case,14,B0911WZHBQ,Recoil Pull Starter Case Assembly Replacement for Polaris Sportsman Magnum Replace# 3090085,E,FN,,0.5714,0.5714,0.5714,14727.06
491,013 nail color not gel,7,B07GVQ7NT8,Nicole Miller Mini Nail Polish Set - 15 Glossy and Trendy Colors,E,TP,1,0.4286,0.4286,0.4286,12767.65
491,013 nail color not gel,7,B071FXF8CP,"ILNP Birthday Suit - Cashmere Pink Holographic Nail Polish, Neutral Nude, Chip Resistant Manicure, Non-Toxic, Vegan, Cruelty Free, 12ml",E,TP,2,0.4286,0.4286,0.4286,12767.65
491,013 nail color not gel,7,B073RFVDY1,"Sally Hansen - Complete Salon Manicure Nail Color, All Grey All Night 013, White to Black Collection",E,TP,3,0.4286,0.4286,0.4286,12767.65
491,013 nail color not gel,7,B07RT5FYC6,"BONTIME Non-Toxic Nail Polish - Easy Peel Off & Quick Dry, Organic Water Based Nail Polish Set for Women,Teens,Kids(6 Colors,0.28 fl oz)",S,FP,4,0.4286,0.4286,0.4286,12767.65
491,013 nail color not gel,7,B07WZMJPWQ,"Gellen Gel Nail Polish Kit 16 Colors - with Top & Base Coats, Nude Grays Series Popular Fall Winter Soak Off Gel Polish Set",S,FP,5,0.4286,0.4286,0.4286,12767.65
491,013 nail color not gel,7,B07W5Z6NG9,Beetles Gel Nail Polish Set-Spring into Summer Collection 20 Colors Gel Nail Polish Pastel Neon Gel Polish Red Pink Glitter Purple Nail Gel Set,S,FP,6,0.4286,0.4286,0.4286,12767.65
491,013 nail color not gel,7,B083SM9VMX,Beetles Elephantastic Elegant Gel Nail Polish Set - Soak Off Nail Gel Polish Nude Gray Glitter Series 6 Colors Gel Polish Kit Classic Nail Art Designs Gel Manicure Gift Set,I,FP,7,0.4286,0.4286,0.4286,12767.65
491,013 nail color not gel,7,B01KJPE9HA,"Lagunamoon Gel Nail Polish Set, 6 Colors Black White Red Gel Polish, Grey Pink Purple Gel Nail, Soak Off UV LED Non Toxic Long Lasting DIY Nail Manicure Gift Set, 8ml Each Bottle",E,FN,,0.4286,0.4286,0.4286,12767.65
491,013 nail color not gel,7,B08BXL7M64,Allenbelle Color Changing Nail Polish Gift set Color Changing Gel Polish Set Mood Soak Off Uv Led Gel Nail Polish 013,E,FN,,0.4286,0.4286,0.4286,12767.65
491,013 nail color not gel,7,B07V4FB7WX,Gel Nail Polish Set - MODELONES 7 Colors Nude Pink Brown Gray Soak off Nail Polish Kit LED Nail Lamp Required Fall Winter Classic Modern Nail Art Salon Gel Nail Manicure Kit Halloween Christmas Gift,E,FN,,0.4286,0.4286,0.4286,12767.65
491,013 nail color not gel,7,B08LQCJGW4,Omainy Gel Nail Polish Set -Color Changing Gel Nail Polish Set Purple Blue Pink Red Laverder Wind Red Black Color Changing Gel Polish Soak Off UV LED Thermal Temperature Art (8PCS001),E,FN,,0.4286,0.4286,0.4286,12767.65
494,02 ford f150 rear brake light not coming on,19,B077STZ5LB,Third Brake Light/Reverse Light Smoked Compatible with 2009-2014 Ford F150 Power Saving Waterproof,S,FP,1,0.7368,0.7368,0.7368,14647.27
494,02 ford f150 rear brake light not coming on,19,B0796PF3PV,Partsam High Mount Stop Light Third Brake Light Replacement for F150 2004 to 2008 3rd Brake Light Rear Cab Roof Center Mount Brake Tail Cargo Lights Lamp Waterproof Smoke Lens Chrome Housing (1 Plug),E,TP,2,0.7368,0.7368,0.7368,14647.27
494,02 ford f150 rear brake light not coming on,19,B07JLMYT8P,Jinfili Rear Led 3rd Brake Light High Mount Trailer Cargo Lamp Compatible with Ford 92-96 Bronco 94-96 F150 94-97 F250 F350,E,TP,3,0.7368,0.7368,0.7368,14647.27
494,02 ford f150 rear brake light not coming on,19,B00D8L3CKS,3157 3156 4114 Daytime Running Light Bulbs DRL Driving Light 60LED 3528-SMD 6000K Xenon White Ultra Bright Car Led Bulbs (Pack of 2),S,FP,4,0.7368,0.7368,0.7368,14647.27
494,02 ford f150 rear brake light not coming on,19,B07K572QLQ,3rd Third Brake Light LED Replacement for Ford F150 2009 2010 2011 2012 2013 2014 Red/White Cargo Light Rear Back Tail Lamp Center High Mount Stop Lights Reverse Light Assembly Waterproof Smoke Lens,S,FP,5,0.7368,0.7368,0.7368,14647.27
494,02 ford f150 rear brake light not coming on,19,B08R3KPZ3Z,"Nifeida High Mount 3rd Brake Light for 2004-2008 Ford F150, 2007-2010 Ford Explorer, 2006-2008 Lincoln Mark LT 22LEDs Waterproof Wedge Center Tail Light Heavy Duty Third Stop Light Cargo Lamp",E,TP,6,0.7368,0.7368,0.7368,14647.27
494,02 ford f150 rear brake light not coming on,19,B07VW8QZM9,Partsam Replacement for F150 F-150 2004 2005 2006 2007 2008 High Mount Stop Light 3rd Third Brake Light Smoked LED Rear Cab Roof Center Mount Brake Tail Cargo Light Lamp Chrome Housing w/3 Plugs,I,FP,7,0.7368,0.7368,0.7368,14647.27
494,02 ford f150 rear brake light not coming on,19,B07W845X2H,"3rd Brake Light Cargo Light Rear Brake Light for 2004-2008 Ford F150, 2007-2010 Ford Explorer Sport Trac, 2006-2008 Lincoln Mark LT 7L3Z13A613B (Chrome Housing Smoke Lens)",E,TP,8,0.7368,0.7368,0.7368,14647.27
494,02 ford f150 rear brake light not coming on,19,B07R9JFM9X,for 1997-2003 Ford F150 / 2004 Heritage LED 3rd Third Brake High Mount Light Cargo Light Stop Lamp (Red),E,TP,9,0.7368,0.7368,0.7368,14647.27
494,02 ford f150 rear brake light not coming on,19,B08GS5TDL3,"Youxmoto LED 3rd Brake Light Cargo Light High Mount Brake Light Fit for 04-08 Ford F150, 07-10 Ford Explorer Sport Trac, 06-08 Lincoln Mark LT 7L3Z-13A613-B (Chrome Housing Red Lens)",E,TP,10,0.7368,0.7368,0.7368,14647.27
494,02 ford f150 rear brake light not coming on,19,B07W3BGP1P,"LED 3rd Brake Lights Cargo Lamp Assembly Automotive Tail Lights Rear High Mount Stop Lamp Fit for 1997-2003 Ford F150, 2004 Ford F150 Heritage (Chrome Housing Smoke Lens)",E,TP,11,0.7368,0.7368,0.7368,14647.27
494,02 ford f150 rear brake light not coming on,19,B07472S1MX,"VIPMOTOZ Full LED Third Brake Cargo Light Assembly For 1997-2003 Ford F150, Metallic Chrome Housing, Smoke Lens, Rear High Mount Stop Lamp",E,TP,12,0.7368,0.7368,0.7368,14647.27
494,02 ford f150 rear brake light not coming on,19,B07X3FJBVG,3rd Third Brake Light Tail Rear Cargo Lamp Waterproof Red Lens Center High Mount Stop Light for Ford F-150 2004-2008 / Explorer Sport Trac 2007-2010 / 2006-2008 Lincoln Mark LT,E,TP,13,0.7368,0.7368,0.7368,14647.27
494,02 ford f150 rear brake light not coming on,19,B07XJVQ2SS,Youxmoto High Mount Light LED 3rd Brake Light Rear Cargo Lamp Waterproof for 2004-2008 Ford F-150 2007-2010 Ford Explorer Sport Trac 2006-2008 Lincoln Mark LT Chrome Housing Clear Lens,E,TP,14,0.7368,0.7368,0.7368,14647.27
494,02 ford f150 rear brake light not coming on,19,B07R6LKW8Q,For 1997-2003 Ford F150/2004 F150 Heritage 3rd Third LED Brake Lights Cargo Lamp Center High Mount Light Tail Light,E,TP,15,0.7368,0.7368,0.7368,14647.27
494,02 ford f150 rear brake light not coming on,19,B07Y3BSW6L,"Third Truck Brake Light, 2004-2008 F-150 & 2007-2010 Explorer Sport Trac Center High Mount Stop Lamp, with Refreshed Clearance for Ford Part Number 7L3Z-13A613-B 923-237",E,TP,16,0.7368,0.7368,0.7368,14647.27
494,02 ford f150 rear brake light not coming on,19,B07VV5DK7Q,Partsam High Mount Stop Light 3rd Third Brake Light Replacement for Ford F150 F-150 2004 2005 2006 2007 2008 Smoked LED Rear Cab Roof Brake Stop Tail Cargo Center Light Lamp Black Housing w/3 Plugs,E,TP,17,0.7368,0.7368,0.7368,14647.27
494,02 ford f150 rear brake light not coming on,19,B07RV9Q8DG,Partsam High Mount Led 3rd Brake Light Bar Replacement for F150 97-04 Rear Top Roof Cab Center Mount Third Brake Light Stop Tail Cargo Light Lamps Assembly Chrome Housing Waterproof,I,FP,18,0.7368,0.7368,0.7368,14647.27
494,02 ford f150 rear brake light not coming on,19,B07KZNWTMD,"Yorkim 3157 Led Bulb Red 3157 Led brake lights bulb 3157 Led tail lights 3157 Led blinking brake lights with Projector 3156 led bulb red 3056 3156 3057 4057 4157 T25 Led Bulbs red, Pack of 2",E,TP,19,0.7368,0.7368,0.7368,14647.27
494,02 ford f150 rear brake light not coming on,19,B009DJMLOW,Evan-Fischer Tail Light Lens and Housing Compatible with 2009-2014 Ford F-150 Styleside Chrome trim Passenger Side,E,FN,,0.7368,0.7368,0.7368,14647.27
494,02 ford f150 rear brake light not coming on,19,B01MDUEBX1,"iBrightstar Newest 9-30V Super Bright Low Power 3157 4157 3057 3156 LED Bulbs with Projector Replacement for Back Up Reverse Lights and Tail Brake Parking Lights, Xenon White",E,FN,,0.7368,0.7368,0.7368,14647.27
494,02 ford f150 rear brake light not coming on,19,B08R3T8QGG,"2-Pack 921 LED Bulb, LBRST Error Free LED Backup Lights, White 6000K Super Bright 912 LED Bulb, 906 904 W16W LED Replacement Bulb for Reverse Trunk Cargo 3rd Brake Lights",E,FN,,0.7368,0.7368,0.7368,14647.27
494,02 ford f150 rear brake light not coming on,19,B01A4Z3FOS,"Yorkim 3157 LED Light Bulbs White Super Bright, 3056 3156 3156A 3057 4057 3157 4157 T25 LED Bulbs for Brake Lights, Backup Reverse Lights， Reverse Tail Lights - Pack of 10",E,FN,,0.7368,0.7368,0.7368,14647.27
494,02 ford f150 rear brake light not coming on,19,B00NF1RLC6,Dorman 923-237 Center High Mount Stop Light for Select Ford / Lincoln Models,E,FN,,0.7368,0.7368,0.7368,14647.27
500,02cool spray water bottle for drinking not flap to drink,22,B00XK0B1PU,O2 Cool Mist 'N Sip Drinking and Misting Bottle ArcticSqueeze Classic Green Open Box,E,TP,1,0.9545,0.9545,0.9545,13643.39
500,02cool spray water bottle for drinking not flap to drink,22,B0173I4YVM,O2COOL ArcticSqueeze Insulated Mist 'N Sip Squeeze Bottle 20 oz.,E,TP,2,0.9545,0.9545,0.9545,13643.39
500,02cool spray water bottle for drinking not flap to drink,22,B07DLFJ1WV,"O2COOL McQueen Mist N Sip Water Bottle, 12 oz",E,TP,3,0.9545,0.9545,0.9545,13643.39
500,02cool spray water bottle for drinking not flap to drink,22,B07TC5L2CY,"Qshare Misting Water Bottle, Spray Mist Sports Bottle for Outdoor Sport Hydration and Cooling Down, BPA-Free Misting Water Bottle with Unique Mist Lock Design (Pink-16oz)",E,TP,4,0.9545,0.9545,0.9545,13643.39
500,02cool spray water bottle for drinking not flap to drink,22,B07SMBRR27,"O2COOL Arctic Squeeze Mist 'N Sip Insulated Bottle w/Silicone Spout Cover and Locking Misting Function - 20 oz, Crackle Blue",E,TP,5,0.9545,0.9545,0.9545,13643.39
500,02cool spray water bottle for drinking not flap to drink,22,B094CBPMNS,"O2COOL Kids Mist 'N Sip Insulated Misting Water Bottle, 12 oz (Blue Camo)",E,TP,6,0.9545,0.9545,0.9545,13643.39
500,02cool spray water bottle for drinking not flap to drink,22,B07W67T98W,"O2COOL Arctic Squeeze Insulated Mist 'N Sip Water Bottle | 2 Pack- 20 oz | BPA Free, 2-in-1 Mist and Sip Function w/No Leak Pull Top Spout (Yoga Lilac/Yoga Green)",E,TP,7,0.9545,0.9545,0.9545,13643.39
500,02cool spray water bottle for drinking not flap to drink,22,B07B1KXYFV,"O2COOL ArcticSqueeze Insulated Mist 'N Sip Squeeze Bottle 20 oz, Color Series, 20 Ounce, Hearts 2",E,TP,8,0.9545,0.9545,0.9545,13643.39
500,02cool spray water bottle for drinking not flap to drink,22,B07Z5NWFW5,"O2COOL HMLDP07 ArcticSqueeze Mist 'N Sip Bottle Ombre Blue, 20 oz, HMLDP07OMB",E,TP,9,0.9545,0.9545,0.9545,13643.39
500,02cool spray water bottle for drinking not flap to drink,22,B074G1MF5V,"PUSTOR Leak Proof Sports Spray Mist Water Bottle Cooling Plastic Drinking Bottles for Cycling Running Biking,600ml",E,TP,10,0.9545,0.9545,0.9545,13643.39
500,02cool spray water bottle for drinking not flap to drink,22,B0173I4UUM,"O2COOL ArcticSqueeze Insulated Mist 'N Sip Squeeze Bottle 20 oz., Patriotic Two",E,TP,11,0.9545,0.9545,0.9545,13643.39
500,02cool spray water bottle for drinking not flap to drink,22,B0124EBP5I,"O2COOL Power Flow Grip Band Bottle with Classic Mist 'N Sip Top 24 oz., Blue",E,TP,12,0.9545,0.9545,0.9545,13643.39
500,02cool spray water bottle for drinking not flap to drink,22,B07B1RCPTR,"O2COOL Mist N' Sip Insulated Water Squeeze Bottle-20 oz, 20 Ounce, Football",E,TP,13,0.9545,0.9545,0.9545,13643.39
500,02cool spray water bottle for drinking not flap to drink,22,B074MZQPFT,Mist Spray Water Bottle 600ml Portable Sport Water Bottle AntiLeak Drinking Cup with Mist Hydration (Pink),S,FP,14,0.9545,0.9545,0.9545,13643.39
500,02cool spray water bottle for drinking not flap to drink,22,B07B1PXDF8,"O2COOL Insulated Water Bottle, Mist 'N Sip Yoga Series, 20 oz, Yoga Mint, 20 Ounce",E,TP,15,0.9545,0.9545,0.9545,13643.39
500,02cool spray water bottle for drinking not flap to drink,22,B00U0JIWXS,O2cool 20 Oz Mist N Sip Artic Squeeze Bottle Asst Colors 1 Bottle,E,TP,16,0.9545,0.9545,0.9545,13643.39
500,02cool spray water bottle for drinking not flap to drink,22,B086FXPSJV,"O2COOL 2 Pack Mist N' Sip Insulated Bottle with Fine Misting Function - Tie Dye & Celestial Purple, 20 oz",E,TP,17,0.9545,0.9545,0.9545,13643.39
500,02cool spray water bottle for drinking not flap to drink,22,B00TY7OHCW,"O2COOL ArcticSqueeze Insulated Mist 'N Sip Squeeze Bottle 20 oz., Blue",E,TP,18,0.9545,0.9545,0.9545,13643.39
500,02cool spray water bottle for drinking not flap to drink,22,B00TY7OHEA,"O2COOL ArcticSqueeze Insulated Mist 'N Sip Squeeze Bottle 20 oz., Green",E,TP,19,0.9545,0.9545,0.9545,13643.39
500,02cool spray water bottle for drinking not flap to drink,22,B07DLG3B1W,"O2COOL Mist N Sip Water Mist Bottle for Kids, Mickey Mouse 12 oz",E,TP,20,0.9545,0.9545,0.9545,13643.39
500,02cool spray water bottle for drinking not flap to drink,22,B07VV6T5HY,"O2COOL Arctic Squeeze Insulated Mist 'N Sip Water Bottle | 2 Pack- 20 oz Sport Series | BPA Free, 2-in-1 Mist and Sip Function w/No Leak Pull Top Spout (Soccer 2 PK)",E,TP,21,0.9545,0.9545,0.9545,13643.39
500,02cool spray water bottle for drinking not flap to drink,22,B083W12ZW2,"O2COOL Kids Mist N' Sip Misting Water Bottle 12 oz, Sharks (Mist N'Sip)",E,TP,22,0.9545,0.9545,0.9545,13643.39
500,02cool spray water bottle for drinking not flap to drink,22,B00TY7OJWU,"O2COOL ArcticSqueeze Insulated Mist 'N Sip Squeeze Bottle 20 oz., Blue/Blue Splash",E,FN,,0.9545,0.9545,0.9545,13643.39
511,"035 super clamp without stud, includes 035wdg wedge",6,B00G4L2976,Impact Super Clamp with Ratchet Handle,S,FP,1,0.5,0.5,0.5,12802.37
511,"035 super clamp without stud, includes 035wdg wedge",6,B087TNP87B,"SLOW DOLPHIN Photography Super Clamp w/1/4'' and 3/8'' Thread Clip for DSLR,Cameras, Light Stand , Rods,Lights, Umbrellas, Hooks, Shelves, Cross Bars (2PCS)",E,TP,2,0.5,0.5,0.5,12802.37
511,"035 super clamp without stud, includes 035wdg wedge",6,B086SRJ4Q5,SLOW DOLPHIN Camera Clamp Mount Monitor Mount Bracket Super Clamp w/1/4 and 3/8 Thread with Cool Double Ballhead Arm Adapter Bottom Clamp for for DSLR Camera/Field Monitor/LED (2 PCS),S,FP,3,0.5,0.5,0.5,12802.37
511,"035 super clamp without stud, includes 035wdg wedge",6,B07ZGCSP3X,SLOW DOLPHIN Camera Clamp Mount Monitor Mount Bracket Super Clamp w/1/4 and 3/8 Thread with Cool Double Ballhead Arm Adapter Bottom Clamp for for DSLR Camera/Field Monitor/LED,S,FP,4,0.5,0.5,0.5,12802.37
511,"035 super clamp without stud, includes 035wdg wedge",6,B000JLM4XG,"Manfrotto 035 Super Clamp without Stud - Replaces 2915 , Black",E,TP,5,0.5,0.5,0.5,12802.37
511,"035 super clamp without stud, includes 035wdg wedge",6,B0018LQVIA,Manfrotto 035RL Super Clamp with 2908 Standard Stud - Replaces 2900 - Black,E,TP,6,0.5,0.5,0.5,12802.37
511,"035 super clamp without stud, includes 035wdg wedge",6,B00U8MBC16,"SUPON Grip Swivel Head Clamp Holder Bracket Adapter for Light Stand, Extension Boom Arm ,Reflector Arm Support and Other Photographic Equipment",E,FN,,0.5,0.5,0.5,12802.37
511,"035 super clamp without stud, includes 035wdg wedge",6,B08TBF4ZRR,"SLOW DOLPHIN Photography Super Clamp with Camera Clamp Mount Ball Head Clamp and Mini Ball Head Hot Shoe Mount Adapter with 1/4'' -20 Tripod Screw for LCD Monitor, LED Flash Light,Microphone (2 PCS)",E,FN,,0.5,0.5,0.5,12802.37
511,"035 super clamp without stud, includes 035wdg wedge",6,B06XWTL7LC,"CAMVATE Super Clamp with 1/4""-20 to 1/4""-20 Screw Converter",E,FN,,0.5,0.5,0.5,12802.37
512,04 f150 black beadlight without amber,3,B00JGGVWXI,Partsam 5PCS Cab Marker Smoke Covers Lens Clearance Top Roof Running Light Lens Compatible with Ford F-150 F-250 F-350 F-450 F-550 Super Duty Pickup Trucks 1999-2016(Covers Only),I,FP,1,0.3333,0.3333,0.3333,12759.5
512,04 f150 black beadlight without amber,3,B07X3FJBVG,3rd Third Brake Light Tail Rear Cargo Lamp Waterproof Red Lens Center High Mount Stop Light for Ford F-150 2004-2008 / Explorer Sport Trac 2007-2010 / 2006-2008 Lincoln Mark LT,I,FP,2,0.3333,0.3333,0.3333,12759.5
512,04 f150 black beadlight without amber,3,B01I9XTI3O,DNA Motoring HL-OH-F1504-BK-AM Black Amber Headlights Replacement Compatible with 04-08 F-150/06-08 Mark LT,E,TP,3,0.3333,0.3333,0.3333,12759.5
512,04 f150 black beadlight without amber,3,B01EC3XUBG,"Alla Lighting 3157 LED Bulbs Super Bright 3156 3056 3157KX 4157 3457 4157NAK 3757 T25 Wedge LED Turn Signal Blinker Lights, Amber Yellow",E,FN,,0.3333,0.3333,0.3333,12759.5
512,04 f150 black beadlight without amber,3,B073ZDLKT9,"BEAMTECH H13 LED Bulbs, 10000LM 60W 6500K Extremely Super Bright 9008 30mm Heatsink Base CSP Chips Conversion Kit,Xenon White Small Size Halogen Replacement",E,FN,,0.3333,0.3333,0.3333,12759.5
517,04 nissan titan fender flares without box,4,B07YTPF5P2,"BLACKHORSE-RACING 4PCS Universal Fender Flares 2""/50mm Wide Body Kit Wheel Arches Durable PU",S,FP,1,0.5,0.5,0.5,11728.31
517,04 nissan titan fender flares without box,4,B08K2Y1QWJ,Fender Flares Kit Compatible for 2004-2015 for Nissan Titan Textured Matte Black Front Rear Wheel Pocket Rivet Style,E,TP,2,0.5,0.5,0.5,11728.31
517,04 nissan titan fender flares without box,4,B07J1MCLJD,RDJ Trucks PRO-Offroad Bolt-On Style Fender Flares - Fits/Compatible with Nissan Titan 2004-2014 - Set of 4 (Textured w/Bed Box),E,TP,3,0.5,0.5,0.5,11728.31
517,04 nissan titan fender flares without box,4,B071G6FGM6,EZ Flares – The Original Universal Flexible Foam Rubber 1-Inch Fender Flares,S,FP,4,0.5,0.5,0.5,11728.31
517,04 nissan titan fender flares without box,4,B004HYRIBE,"Bushwacker 49520 Chevrolet OE Style Ultimate BedRail Cap for 6.5' Beds,Textured Black",E,FN,,0.5,0.5,0.5,11728.31
517,04 nissan titan fender flares without box,4,B00142V64W,"Bushwacker 40923-02 Black OE-Style Smooth Finish 4-Piece Fender Flare Set for 2007-2013 Silverado 1500; 2007-2014 Silverado 2500 HD, 3500 HD (Excludes Dually)",E,FN,,0.5,0.5,0.5,11728.31
526,05 nissan titan f r not strut mount,6,B07MH13W4G,Complete 4WD Struts Shock Absorbers Fits for 04 05 06 07 08 09 10 11 12 13 for Nissan Titan cciyu 171358 37251 Quick Struts Assembly Front Rear Pair Struts,E,TP,1,0.6667,0.6667,0.6667,13386.36
526,05 nissan titan f r not strut mount,6,B07C3M3NJ6,MOSTPLUS 171358 2X Front Complete Struts Shock Absorbers with Mounts Compatible for 2004-2015 Nissan Titan (Set of 2),E,TP,2,0.6667,0.6667,0.6667,13386.36
526,05 nissan titan f r not strut mount,6,B00N5AYAZI,Front Leveling Kit - 1.5 inch Lift - Compatible with 2004-2013 Nissan Titan and 2004-2007 Nissan Armada 2WD 4WD 4x4 - Suspension Strut Upper Top Aluminum Spacers,E,TP,3,0.6667,0.6667,0.6667,13386.36
526,05 nissan titan f r not strut mount,6,B01F7G7ZQS,Unity Automotive 2-11300-001 Front 2 Wheel Complete Strut Assembly Kit 2004-2012 Nissan Titan,I,FP,4,0.6667,0.6667,0.6667,13386.36
526,05 nissan titan f r not strut mount,6,B019WNP7TY,Detroit Axle - 4WD 171358 Front Struts Coil Spring Assembly Replacement For Infiniti Qx56 Nissan Pathfinder Armada Titan - 2pc Set,E,TP,5,0.6667,0.6667,0.6667,13386.36
526,05 nissan titan f r not strut mount,6,B077XL4Y39,"Detroit Axle 171358 Front Complete Loaded Strut and Rear Shocks Assembly, Front Sway Bars for 4x4, 2004-2015 Nissan Titan - 6pc Set",S,FP,6,0.6667,0.6667,0.6667,13386.36
526,05 nissan titan f r not strut mount,6,B00VJWRMKE,2 Front Hood Gas Lift Supports Struts Shocks Springs for 2004-2012 Nissan Titan or 2004 Nissan Pathfinder or 2005-2013 Nissan Armada,E,FN,,0.6667,0.6667,0.6667,13386.36
526,05 nissan titan f r not strut mount,6,B00842A7F4,GOOACC 40PCS Nylon Bumper Fastener Rivet Clips 10mm for Honda and Acura-91503-SZ3-003 Automotive Furniture Assembly Expansion Screws Kit,E,FN,,0.6667,0.6667,0.6667,13386.36
530,05 syringe without needle,8,B07JZ2HMJ7,Frienda 4 Pack Large Plastic Syringe for Scientific Labs and Dispensing Multiple Uses Measuring Syringe Tools (20 ml),E,TP,1,0.75,0.75,0.75,13035.37
530,05 syringe without needle,8,B07QJYGS13,"3ml Syringe Without Needle Luer Lock 100 Pack by Tilcare - Sterile Plastic Medicine Droppers for Children, Pets or Adults – Latex-Free Oral Medication Dispenser - Syringes for Glue and Epoxy",S,FP,2,0.75,0.75,0.75,13035.37
530,05 syringe without needle,8,B013WWFJX0,Karlling Pack of 5 X 10 ml 10cc Syringes Without Needle,E,TP,3,0.75,0.75,0.75,13035.37
530,05 syringe without needle,8,B07KPT5KGL,"20 Packs Plastic Syringe with Measurement, Suitable for Measuring, Watering, Refilling (10 ml)",E,TP,4,0.75,0.75,0.75,13035.37
530,05 syringe without needle,8,B00Z7MQBA4,3cc 3ml Syringe Without Needle 100 Syringes Box Medint,E,TP,5,0.75,0.75,0.75,13035.37
530,05 syringe without needle,8,B08FFR6L7K,"CYGNUS SUPPLIES 4 Pack - 10ml Syringes Without Needle for Measuring, Lip Gloss, Liquid refilling, Dispensing, DIY Crafts, DIY Lip Gloss Accessories, Feeding Pets, Food, Scientific Labs",E,TP,6,0.75,0.75,0.75,13035.37
530,05 syringe without needle,8,B07G3CQBWK,"144 Pack 1ml 1cc Syringe, Luer Slip Tip Syringe Without Needle, No Cap, Non-Sterile, Not for Injection, Bulk Package, Not Individual",E,TP,7,0.75,0.75,0.75,13035.37
530,05 syringe without needle,8,B08K3588H2,"30pcs 3ml Plastic Syringe Luer Lock Without Needle, for Scientific Lab, Measurement and Dispensing",S,FP,8,0.75,0.75,0.75,13035.37
530,05 syringe without needle,8,B08JZ1T8RP,12 Pack - 1ml Plastic Syringes - Separate Sterile Packaging Small Syringe Without Needle for Plant Hydroponic Liquid Measurement Pets Feeding Tools (12Pcs 1ML/CC),E,FN,,0.75,0.75,0.75,13035.37
530,05 syringe without needle,8,B07BQFTHMQ,3ml Syringe Sterile with Luer Lock Tip - 100 Syringes by BH Supplies (No Needle) Individually Sealed,E,FN,,0.75,0.75,0.75,13035.37
531,05 tahoe side mirror not heated,5,B01HXDVD9I,OCPTY Pair of Power Adjusted Heated Towing Side LED Turn Signal Manual Telescopic Tow Mirrors Fit for 2003 2004 2005 2006 2007 for Chevy for GMC Silverado Sierra (07 Classic Models),S,FP,1,0.4,0.4,0.4,12054.06
531,05 tahoe side mirror not heated,5,B07K2RNB9S,"MOSTPLUS Power Heated Towing Mirrors Compatible for Chevy Silverado Suburban Tahoe GMC Serria Yukon 2003-2006 w/Sequential Turn light, Clearance Lamp, Running Light(Set of 2) (Chrome)",S,FP,2,0.4,0.4,0.4,12054.06
531,05 tahoe side mirror not heated,5,B07P2DJF18,AERDM New Pair Towing Mirrors Power Operated Heated Textured Black Telescoping Trailer Side Mirrors Fit Chevy/GMC/Cadillac Silverado Sierra Avalanche Suburban Tahoe Yukon XL Escalade EXT ESV,E,TP,3,0.4,0.4,0.4,12054.06
531,05 tahoe side mirror not heated,5,B07S7PDRN4,"AUTOSAVER88 Towing Mirrors Compatible with 2003-2007 Chevy Silverado GMC Sierra 1500 2500 HD 3500, Power Heated Side View Tow Mirrors for Tahoe Suburban Avalanche Yukon with Arrow Turn Signal Light",S,FP,4,0.4,0.4,0.4,12054.06
531,05 tahoe side mirror not heated,5,B0787Z5THV,Door Mirrors ECCPP High Performance LH+RH Side Mirror Replacement Driver+Right Side Mirror With Power Adjusted Heated for 2003-2006 For Chevy Silverado Suburban Tahoe For GMC Sierra Yuk,E,TP,5,0.4,0.4,0.4,12054.06
531,05 tahoe side mirror not heated,5,B00NGOLRAO,"Burco 2734 Left Driver Side Mirror Glass (Mount Not Included) for 99-07 Chevy Silverado & GMC Sierra, 00-06 Chevy Tahoe & GMC Yukon, 00-06 Suburban - SEE FITMENT LIST IN DESCRIPTION",E,FN,,0.4,0.4,0.4,12054.06
531,05 tahoe side mirror not heated,5,B07JLZPH39,HEATED Mirror Glass With TURN SIGNAL for Escalade Avalanche Silverado Suburban Tahoe Sierra Yukon Passenger Side View Right RH,E,FN,,0.4,0.4,0.4,12054.06
531,05 tahoe side mirror not heated,5,B009IFIETM,"Driver Side Heated Mirror Glass w/ backing plate, Cadillac Escalade, Chevrolet Avalanche, Silverado, GMC Sierra, Silverado, Sierra Classic, Suburban, Tahoe, Yukon, 6 9/ 16"" x 10 1/ 8"" x 10 3/ 4""",E,FN,,0.4,0.4,0.4,12054.06
533,05 vw passat window regulator without motor set,10,B01N9JPR23,New Window Regulator Front Drivers Side Left LH Replacement For 1995 1996 1997 1998 1999 2000 2001 2002 2003 2004 Toyota Tacoma 740-799 11R211 69802-35090,I,FP,1,0.8,0.8,0.8,12607.37
533,05 vw passat window regulator without motor set,10,B07VGB3TSH,A-Premium Power Electric Window Regulator without Motor Replacement for Town & Country Dodge Grand Caravan Ram C/V Volkswagen Routan 2008-2018 Front Driver Side,E,TP,2,0.8,0.8,0.8,12607.37
533,05 vw passat window regulator without motor set,10,B00BT1GS3W,"RegulatorFix Window Regulator Repair Clips (2) - FRONT LEFT (driver side) PAIR for VW Passat (B5, B5.5, B6, B7)",E,TP,3,0.8,0.8,0.8,12607.37
533,05 vw passat window regulator without motor set,10,B07T7C3Y9K,"New Window Regulator Rear Drivers Side Left RLH Replacement For 1998-2005 VW Volkswagen Passat 3B1-839-461, 740-052",E,TP,4,0.8,0.8,0.8,12607.37
533,05 vw passat window regulator without motor set,10,B08KD6SVPV,BOXI 3B1837462 Front Right Passenger Side Power Window Regulator without Motor Replacement for Volkswagen Passat 1998 1999 2000 2001 2002 2003 2004 2005 (Replace 125-58805R 740-369),E,TP,5,0.8,0.8,0.8,12607.37
533,05 vw passat window regulator without motor set,10,B001KQD7M6,Dorman 740-368 Front Driver Side Window Regulator Compatible with Select Volkswagen Models,E,TP,6,0.8,0.8,0.8,12607.37
533,05 vw passat window regulator without motor set,10,B07G5X1JXN,A-Premium Power Window Regulator and Door Panel Without Motor Replacement for Volkswagen Passat 1998-2005 Front Right Passenger Side,E,TP,7,0.8,0.8,0.8,12607.37
533,05 vw passat window regulator without motor set,10,B06VXPWMKX,A-Premium Electric Power Window Regulator Without Motor Compatible with Volkswagen Passat 1998-2005 Front Left Driver Side,E,TP,8,0.8,0.8,0.8,12607.37
533,05 vw passat window regulator without motor set,10,B07G98QW46,Front Left Driver Side Power Window Regulator and Interior Door Panel without Motor for Volkswagen Passat 1998-2005,E,TP,9,0.8,0.8,0.8,12607.37
533,05 vw passat window regulator without motor set,10,B007PXOL3C,Dorman 749-508 Front Driver Side Power Window Regulator (Regulator Only) Compatible with Select Models (OE FIX),S,FP,10,0.8,0.8,0.8,12607.37
533,05 vw passat window regulator without motor set,10,B007PXOCLI,Dorman 749-509 Front Passenger Side Window Regulator for Select Models (OE FIX),E,FN,,0.8,0.8,0.8,12607.37
533,05 vw passat window regulator without motor set,10,B010GKBA4S,GM Genuine Parts 95382562 Front Passenger Side Power Window Regulator without Motor,E,FN,,0.8,0.8,0.8,12607.37
535,06 bmw 325i radio oem not navigation system,3,B08PB9TTKT,AWESAFE Car Radio Stereo Android 10 for BMW 3 Series 328i 330i 335i 325i E90/E91/E92/E93 7 Inch Touch Screen Head Unit with Bluetooth Support Apple Carplay Andriod Auto,E,TP,1,0.3333,0.3333,0.3333,11826.88
535,06 bmw 325i radio oem not navigation system,3,B0007KPRIS,SCOSCHE BW01B Aftermarket Stereo Receiver Wire Harness Connector Kit for Select 1989-2008 BMW Vehicles,I,FP,2,0.3333,0.3333,0.3333,11826.88
535,06 bmw 325i radio oem not navigation system,3,B0007KPS3C,"Scosche VW03B Compatible with Select 2002-05 Volkswagen Power/Speaker Connector / Wire Harness for Aftermarket Stereo Installation with Color Coded Wires, multi, Standard_packaging",I,FP,3,0.3333,0.3333,0.3333,11826.88
535,06 bmw 325i radio oem not navigation system,3,B01M0SFMIH,"Handsfree Call Car Charger,Wireless Bluetooth FM Transmitter Radio Receiver,Mp3 Audio Music Stereo Adapter,Dual USB Port Charger Compatible for All Smartphones,Samsung Galaxy,LG,HTC,etc.",E,FN,,0.3333,0.3333,0.3333,11826.88
535,06 bmw 325i radio oem not navigation system,3,B0742BZXC2,"Nilight Fuse Holder Add-a-circuit Fuse TAP Adapter Mini ATM APM Blade Fuse Holder-10 Pack , 2 years Warranty",E,FN,,0.3333,0.3333,0.3333,11826.88
536,06 chevy colorado driver side window regulator without motor,4,B07DPR5QGF,A-Premium Power Window Regulator with Motor Replacement for Chevrolet Colorado GMC Canyon 2004-2011 Isuzu i-280 i-290 i-350 i-370 Front Left,I,FP,1,0.5,0.5,0.5,13410.13
536,06 chevy colorado driver side window regulator without motor,4,B07DR8GCPL,Front Left Driver Side Power Window Regulator with Motor for Chevrolet Colorado GMC Canyon Isuzu i-280 i-290 i-350 i-370 (2 pins),I,FP,2,0.5,0.5,0.5,13410.13
536,06 chevy colorado driver side window regulator without motor,4,B003SNR0DG,"Dorman 749-260 Front Driver Side Window Regulator for Select Chevrolet / GMC / Isuzu Models , Black",E,TP,3,0.5,0.5,0.5,13410.13
536,06 chevy colorado driver side window regulator without motor,4,B07WGPXJ3H,A-Premium Power Window Regulator with Motor Replacement for Chevrolet Blazer C1500 C2500 C3500 K1500 K2500 K3500 Tahoe GMC Yukon 1988-2002 Front Driver Side,E,TP,4,0.5,0.5,0.5,13410.13
536,06 chevy colorado driver side window regulator without motor,4,B07QWQBMJ5,748-172 Front Left Driver Side Power Window Lift Regulator & Motor Assembly Compatible for 2006-2013 Chevrolet Impala & 2014-2015 Impala Limited,E,FN,,0.5,0.5,0.5,13410.13
536,06 chevy colorado driver side window regulator without motor,4,B07DR81W27,Front Left Driver Side Power Window Regulator with Motor Assembly for Chevrolet Silverado 1500 2500 3500 Tahoe GMC Sierra Yukon Cadillac Escalade,E,FN,,0.5,0.5,0.5,13410.13
537,06 chevy silverado tailgate handle without keyhole,15,B00OL0EXHG,"T1A Tailgate Handle Bezel Compatible with Chevrolet 1999-2007 Silverado and GMC Sierra, Also Fits 1500, 2500, 3500 HD Pickup Truck, Black Color, T1A-15228539",E,TP,1,0.9286,0.8667,0.8966,14351.53
537,06 chevy silverado tailgate handle without keyhole,15,B002692308,Fits 99-07 Silverado Sierra Tail Gate Handle Bezel Cover Textured Black,E,TP,2,0.9286,0.8667,0.8966,14351.53
537,06 chevy silverado tailgate handle without keyhole,15,B0879FLXLC,"Tailgate Handle Latch and Bezel Trim with Rod Clips | for 1999-2007 Chevy Silverado GMC Sierra 1500 2500 3500 | Replaces# 15997911, 15228539, 15228541, 15228540",E,TP,3,0.9286,0.8667,0.8966,14351.53
537,06 chevy silverado tailgate handle without keyhole,15,B000TYOS3C,Dorman 76106 Tailgate Handle Bezel Compatible with Select Chevrolet / GMC Models,E,TP,4,0.9286,0.8667,0.8966,14351.53
537,06 chevy silverado tailgate handle without keyhole,15,B07YKS9SPQ,"Tailgate Handle Bezel 15997911 15228539 for 1999-2007 Chevy Silverado| GMC Sierra 1500, 1500HD, 2500, 2500HD, 3500 Classic Pickup Tail Gate Handle and Bezel w/ Rod Clips Replaces # 15228541, 15228540",E,TP,5,0.9286,0.8667,0.8966,14351.53
537,06 chevy silverado tailgate handle without keyhole,15,B079P5693B,"Tailgate Handle and Bezel Trim, Black Full Set Tailgate Latch for 1999-2007 Chevy Silverado GMC Sierra",E,TP,6,0.9286,0.8667,0.8966,14351.53
537,06 chevy silverado tailgate handle without keyhole,15,B07TYDLWML,"IRONTEK Black Tailgate Handle Bezel Replacement Fit 99-07 for Chevy Silverado and GMC Sierra, Also Fits 1500, 2500, 3500 HD Pickup Truck, Silverado, GMC Tailgate Handle Bezel OE 15228539",E,TP,7,0.9286,0.8667,0.8966,14351.53
537,06 chevy silverado tailgate handle without keyhole,15,B08HKTBSTD,"Tailgate Handle Latch and Bezel Trim with Rod Clips Replacement for 1999 2000 2001 2002 2003 2004 2005 2006 2007 Chevy Silverado GMC Sierra 1500 HD 2500 3500 , OE# 15228539 15997911",E,TP,8,0.9286,0.8667,0.8966,14351.53
537,06 chevy silverado tailgate handle without keyhole,15,B07FYFHX1M,Dunhil Tailgate Tail Gate Handle & Bezel for Silverado GMC Sierra 1999-2006 15997911 15228539 15228541 15228540 with Handle Rod Clip,I,FP,9,0.9286,0.8667,0.8966,14351.53
537,06 chevy silverado tailgate handle without keyhole,15,B074R7V6NK,Red Hound Auto Replacement Tailgate Handle Bezel Compatible with Chevy GMC Silverado Sierra 1999-2006 Trim Bezel Only,E,TP,10,0.9286,0.8667,0.8966,14351.53
537,06 chevy silverado tailgate handle without keyhole,15,B07V7V4GQC,BOXI 15228541 Tailgate Handle Bezel Trim Replacement for 1999 2000 2001 2002 2003 2004 2005 2006 2007 Chevy Silverado & G-M-C Sierra 1500 / 2500 / 3500 HD Pickup Truck,E,TP,11,0.9286,0.8667,0.8966,14351.53
537,06 chevy silverado tailgate handle without keyhole,15,B00OL0F2VC,"T1A Tailgate Handle Latch and Bezel Trim Replacement for 1999 - 2007 Chevy Silverado / GMC Sierra, Rod Clips Included Also Fits 1500, 2500, 3500 HD Pickup Truck, Black Textured, 15228539 15997911",E,TP,12,0.9286,0.8667,0.8966,14351.53
537,06 chevy silverado tailgate handle without keyhole,15,B076TJDDZ6,Textured Black Tailgate Handle for 99-06 Chevrolet Silverado & 99-06 GMC Sierra GM1916102,E,TP,13,0.9286,0.8667,0.8966,14351.53
537,06 chevy silverado tailgate handle without keyhole,15,B08NWQJ5Z7,"FAERSI Tailgate Handle Latch and Bezel Trim with Rod Clips Replacements for 1999-2007 Chevy Silverado GMC Sierra 1500 2500 3500 HD Pickup Truck, Replace OE# 15228539, 15997911, 15228541, 15228540",E,TP,14,0.9286,0.8667,0.8966,14351.53
537,06 chevy silverado tailgate handle without keyhole,15,B07ZTMWLK9,Xtremewarez ABS Chrome Tailgate Handle Cover W/O Keyhole for 2007-2013 Chevrolet Chevy Silverado / GMC Sierra,E,FN,,0.9286,0.8667,0.8966,14351.53
537,06 chevy silverado tailgate handle without keyhole,15,B006RXR516,EZ Motoring Chrome Door Handle & Tailgate Covers for 99-06 Chevy Silverado 1500 2500 3500 (2 Doors),E,FN,,0.9286,0.8667,0.8966,14351.53
539,06 expedition cup,11,B07VGMBMRT,2pcs Front Center Floor Console Cup Holder Inserts Replacement for Ford Expedition F150 Lobo Lincoln Mark LT Navigator,E,TP,1,0.8182,0.8182,0.8182,13062.8
539,06 expedition cup,11,B07887LQ7P,APDTY 52119 Cup Holder Replacement Liner,E,TP,2,0.8182,0.8182,0.8182,13062.8
539,06 expedition cup,11,B07VFL6DTC,"DNA Motoring ZTL-Y-0046 Front Center Floor Console Cup Holder Inserts Replacement Compatible with 09-14 F150 without Flow Through Center Console, Black",E,TP,3,0.8182,0.8182,0.8182,13062.8
539,06 expedition cup,11,B013IARXY4,Front Center Console Cup Holder Rubber Insert For 2009-2014 Ford F-150 Trucks Without Flow Through Center Console - OEM Replacement 2L1Z7813562A (IMPORTANT – VERIFY CENTER CONSOLE FOR PROPER FITMENT),E,TP,4,0.8182,0.8182,0.8182,13062.8
539,06 expedition cup,11,B00ARUPXTQ,Dorman 41008 Front Cup Holder Compatible with Select Ford/Lincoln Models,E,TP,5,0.8182,0.8182,0.8182,13062.8
539,06 expedition cup,11,B013IAS03W,Red Hound Auto 2 Front Center Console Cup Holder Rubber Inserts for 2009-2014 Compatible with Ford F-150 Trucks Without Flow Through Center Console Note - See Photos to Verify Center Console Type,E,TP,6,0.8182,0.8182,0.8182,13062.8
539,06 expedition cup,11,B074GBFFG6,"Pair Front Center Console Cup Holder Rubber Insert Compatible with Ford Lincoln Expedition 2003-2006, Mark LT 2006-2008, Navigator 2003-2006, F150 2004-2008",E,TP,7,0.8182,0.8182,0.8182,13062.8
539,06 expedition cup,11,B07VKD4M83,TRUE LINE Automotive Black Carbon Fiber Car Cup Holder Insert Pad,S,FP,8,0.8182,0.8182,0.8182,13062.8
539,06 expedition cup,11,B07MRCDY61,TRUE LINE Automotive Blue Solar LED Energy Cup Holder Insert Interior Car Tray Light Lamp Kit USB Rechargeable,E,TP,9,0.8182,0.8182,0.8182,13062.8
539,06 expedition cup,11,B085XSR1GJ,"SUMUPUT LED Car Cup Holder Lights for Chevrolet Accessories, 7 Colors Changing USB Charging Mat Luminescent Cup Pad, Auto LED Interior Atmosphere Lamp, Car Logo Coaster (2 PCS)",I,FP,10,0.8182,0.8182,0.8182,13062.8
539,06 expedition cup,11,B07XYC58YD,TRUE LINE Automotive 2 Piece Red Solar Energy Cup Holder LED Insert Interior Car Light Lamp Kit,E,TP,11,0.8182,0.8182,0.8182,13062.8
539,06 expedition cup,11,B07H47TL8T,TRUE LINE Automotive 2 Piece Blue Solar Energy Cup Holder LED Insert Interior Car Light Lamp Kit,E,FN,,0.8182,0.8182,0.8182,13062.8
539,06 expedition cup,11,B07XYCLGNF,TRUE LINE Automotive 2 Piece Green Solar Energy Cup Holder LED Insert Interior Car Light Lamp Kit,E,FN,,0.8182,0.8182,0.8182,13062.8
540,06 f150 door handle without keyless entry,10,B001FGR8LM,"Dorman 79308 Front Driver Side Exterior Door Handle for Select Ford / Lincoln Models, Black",E,TP,1,0.7,0.7,0.7,13148.03
540,06 f150 door handle without keyless entry,10,B07GVD4YSY,Exterior Door Handle Compatible with FORD F-150 2004-2014 / Mark Lt 2006-2008 Set of 4 Front and Rear Right Side and Left Side Black Bezel With Chrome Lever,E,TP,2,0.7,0.7,0.7,13148.03
540,06 f150 door handle without keyless entry,10,B000B6CW5O,"Dorman 77137 Front Passenger Side Exterior Door Handle for Select Ford Models, Textured Black (OE FIX)",I,FP,3,0.7,0.7,0.7,13148.03
540,06 f150 door handle without keyless entry,10,B0858ZG46K,Evan-Fischer Exterior Front Door Handle 2015-2018 Ford F-150 Smooth Black Regular Cab/SuperCab/(SuperCrew Cab =REAR) Passenger Side,E,TP,4,0.7,0.7,0.7,13148.03
540,06 f150 door handle without keyless entry,10,B004135JZS,"Dorman 80639 Front Driver Side Exterior Door Handle for Select Ford / Lincoln Models, Black",E,TP,5,0.7,0.7,0.7,13148.03
540,06 f150 door handle without keyless entry,10,B08DTKVHVD,AutoJoy Club Chrome Door Handle Cover Compatible with 2004-2014 Ford F-150 F150 4 Doors W/O Passenger Side Keyhole with Key Pad,E,TP,6,0.7,0.7,0.7,13148.03
540,06 f150 door handle without keyless entry,10,B0031C4EC4,"Genuine Ford 8L3Z-1522405-AA Door Handle Assembly, Exterior",I,FP,7,0.7,0.7,0.7,13148.03
540,06 f150 door handle without keyless entry,10,B086YMMF32,Overun 3-Layer Triple Chrome Plated Side 4 Door Handle Cover with Keypad+Tailgate Cover Designed for 2004-2014 Ford F-150,S,FP,8,0.7,0.7,0.7,13148.03
540,06 f150 door handle without keyless entry,10,B009DK3B8Q,Evan-Fischer Exterior Door Handle compatible with F-150 04-14/MARK LT 06-08 Front RH Outside Smooth Black w/Keyless Entry,E,TP,9,0.7,0.7,0.7,13148.03
540,06 f150 door handle without keyless entry,10,B07GVCP3QX,Garage-Pro Exterior Door Handle Compatible with FORD F-150 2004-2014 / Mark Lt 2006-2008 Set of 4 Front and Rear Right Side and Left Side Textured Black,E,TP,10,0.7,0.7,0.7,13148.03
540,06 f150 door handle without keyless entry,10,B07KRYNB4V,"BOXI Interior Rear Right Passenger-Side Chrome Door Handle For 2006-2012 Ford Fusion 2007-2012 Lincoln MKZ 2006 Lincoln Zephyr 2006-2011 Mercury Milan (Replaces 6E5Z 5422600-A, 6E5Z5422600A)",E,FN,,0.7,0.7,0.7,13148.03
540,06 f150 door handle without keyless entry,10,B07BGYSRZQ,"Auto-Partner Door Handle Interior Fits 2006-2012 Ford Fusion , 2007-2012 Lincoln MKZ , 2006 Lincoln Zephyr , 2006-2011 Mercury Milan (Front Left)",E,FN,,0.7,0.7,0.7,13148.03
540,06 f150 door handle without keyless entry,10,B000PUDT3K,"Auto Ventshade 685102 Chrome Door Handle Covers, 4-Door Set for 2004-2014 Ford F-150 with Passenger Keyhole, without Keypad",E,FN,,0.7,0.7,0.7,13148.03
541,06 honda odyssey a/c compressor,7,B07P53VYXB,Facaimo 67332 A/C AC Compressor Clutch Assembly AC Clutch Fits Accord Element Pilot Odyssey TL RL MDX Ridgeline 77388 77390 97365 97329 157337,C,FP,1,0.5714,0.5714,0.5714,13001.63
541,06 honda odyssey a/c compressor,7,B01006ZVMU,Universal Air Conditioner KT 1038 A/C Compressor and Component Kit,S,FP,2,0.5714,0.5714,0.5714,13001.63
541,06 honda odyssey a/c compressor,7,B01BPEUS5Q,Universal Air Conditioner KT 1962 A/C Compressor and Component Kit,S,FP,3,0.5714,0.5714,0.5714,13001.63
541,06 honda odyssey a/c compressor,7,B007QTD9ZG,Four Seasons 98307 New A/C Compressor with Clutch,E,TP,4,0.5714,0.5714,0.5714,13001.63
541,06 honda odyssey a/c compressor,7,B00JXZKUDK,AC Compressor & A/C Clutch For Honda Odyssey Pilot Ridgeline Accord V6 Acura TL MDX - BuyAutoParts 60-01714NA NEW,E,TP,5,0.5714,0.5714,0.5714,13001.63
541,06 honda odyssey a/c compressor,7,B07MCWYTMD,OCPTY CO 10736C Air Conditioner Compressor Compatible with 2003 2004 2005 2006 2007 2008 for A-cura MDX for H-onda Pilot Ridgeline Odyssey,E,TP,6,0.5714,0.5714,0.5714,13001.63
541,06 honda odyssey a/c compressor,7,B07Q85DQD4,ECCPP A/C Compressor with Clutch fit for A-cura MDX Odyssey Pilot CO 10736C,E,TP,7,0.5714,0.5714,0.5714,13001.63
541,06 honda odyssey a/c compressor,7,B004BYY8D6,Firestone WR17609287 Xtreme Air Compressor,E,FN,,0.5714,0.5714,0.5714,13001.63
541,06 honda odyssey a/c compressor,7,B00M47PJ62,"UAC-CO0011C COMPRESSOR - NEW COMPRESSOR, GREY",E,FN,,0.5714,0.5714,0.5714,13001.63
541,06 honda odyssey a/c compressor,7,B002G2YAVU,Denso 471-1630 New Compressor with Clutch,E,FN,,0.5714,0.5714,0.5714,13001.63
544,06 saturn ion fuel pump assembly without pump without pump,5,B07L95SM2J,OCPTY fits for Fuel Pump Electric Replacement Module Assembly fits 2004-2008 for Chevy Malibu for Pontiac G6 Saturn Aura L4 2.4L V6 3.5L 3.9L E3591M,E,TP,1,0.4,0.4,0.4,12671.92
544,06 saturn ion fuel pump assembly without pump without pump,5,B08HZ4P97K,MOSTPLUS Electric Fuel Pump Module Assembly Compatible with Chevrolet Cobalt Pontiac G5 Pursuit Saturn Ion L4 2.0L 2.2L 2.4L Replace E3726M,I,FP,2,0.4,0.4,0.4,12671.92
544,06 saturn ion fuel pump assembly without pump without pump,5,B017I6GY94,"Fuel Pump FP3507M for 00-05 Chevy Cavalier & Pontiac Grand AM/Sunfire, 04 05 Chevy Classic, 00-03 Chevy Malibu, 01-04 Oldsmobile Alero E3507M",S,FP,3,0.4,0.4,0.4,12671.92
544,06 saturn ion fuel pump assembly without pump without pump,5,B07GGLFL83,Fuel Pump Assembly with Pressure Sensor for Saturn Vue 2004-2006 Chevrolet Equinox 2005-2006 Pontiac Torrent 2006,E,TP,4,0.4,0.4,0.4,12671.92
544,06 saturn ion fuel pump assembly without pump without pump,5,B07XFCNP43,LQQDP New 1pc High Performance Electric Gas Intank EFI Fuel Pump With Strainer/Filter + Rubber Gasket/Hose + Stainless Steel Clamps + Universal Wiring Harness/Plug Pigtail Connector & Installation Kit,I,FP,5,0.4,0.4,0.4,12671.92
544,06 saturn ion fuel pump assembly without pump without pump,5,B073FBQTTB,MOSTPLUS - 340LPH - High Pressure/High Flow Fuel Pump - Compatible with TBI LT1 LT4 LS1,E,FN,,0.4,0.4,0.4,12671.92
544,06 saturn ion fuel pump assembly without pump without pump,5,B019BTU8H0,CUSTOM New Electric Intank Fuel Pump With Installation Kit Fit Buick Cadillac GMC Chevy EP189,E,FN,,0.4,0.4,0.4,12671.92
544,06 saturn ion fuel pump assembly without pump without pump,5,B000C9PBJY,ACDelco Gold EP309 Electric Fuel Pump,E,FN,,0.4,0.4,0.4,12671.92
551,06 town and country ac compressor,3,B00JXYIC0E,"AC Compressor & A/C Kit For Lincoln Town Car 2004 2005 - Includes Drier, Expansion Valve, PAG Oil, O-Rings - BuyAutoParts 60-81451RK NEW",S,FP,1,0.3333,0.3333,0.3333,12702.75
551,06 town and country ac compressor,3,B00JXYFZ0E,AC Compressor & A/C Kit For Ford Crown Victoria Mercury Grand Marquis Lincoln Town Car 1998 1999 2000 2001 2002 - BuyAutoParts 60-80220RK New,S,FP,2,0.3333,0.3333,0.3333,12702.75
551,06 town and country ac compressor,3,B077V2G6CK,RYC Remanufactured AC Compressor and A/C Clutch IG320 (ONLY Fits 2011-2016 Dodge Grand Caravan and Chrysler Town & Country 3.6L),E,TP,3,0.3333,0.3333,0.3333,12702.75
551,06 town and country ac compressor,3,B01EB5K5LI,RYC Remanufactured AC Compressor and A/C Clutch GG374,E,FN,,0.3333,0.3333,0.3333,12702.75
551,06 town and country ac compressor,3,B0010HAKZ2,Denso- 4710522 NEW AC COMPRESSOR,E,FN,,0.3333,0.3333,0.3333,12702.75
553,06 trailblazer headlight without full grille bar,13,B01MXJD0Y7,Partsam 2PCS Rectangle H6054 LED Headlights 5x7 7x6 Headlamp Hi/Low Sealed Beam H4 9003 Plug 6054 H5054 Compatible with S10 Blazer Express Van/Wrangler YJ XJ Cherokee Truck Van,I,FP,1,0.5385,0.5385,0.5385,12998.32
553,06 trailblazer headlight without full grille bar,13,B00JW206B0,Dorman 1590159 Passenger Side Headlight Assembly For Select Chevrolet Models,E,TP,2,0.5385,0.5385,0.5385,12998.32
553,06 trailblazer headlight without full grille bar,13,B00C813OPM,(2) iJDMTOY 9004 9007 HB5 To H13 9008 Pigtail Wire Wiring Harness Adapters Compatible With 9007/H13 Headlight Conversion Retrofit,C,FP,3,0.5385,0.5385,0.5385,12998.32
553,06 trailblazer headlight without full grille bar,13,B08R755TFH,"NOVSIGHT 9005 9006 LED Headlight Bulbs Combo, High and Low Beam Bulbs 24000 Lumens 60W Super Bright Conversion Kits, 6500K Cool White, 9005 for High Beam, 9006 for Low Beam",E,TP,4,0.5385,0.5385,0.5385,12998.32
553,06 trailblazer headlight without full grille bar,13,B00Y9VQBRC,"Philips Automotive Lighting 9006 Standard Halogen Replacement Headlight Bulb, 2 Pack (9006B2)",I,FP,5,0.5385,0.5385,0.5385,12998.32
553,06 trailblazer headlight without full grille bar,13,B009DJKRVG,Evan-Fischer Headlight Set Compatible with 2002-2009 Chevrolet Trailblazer 2002-2006 EXT Left Driver and Right Passenger Side Halogen With bulb(s),E,TP,6,0.5385,0.5385,0.5385,12998.32
553,06 trailblazer headlight without full grille bar,13,B01KFBPBX4,"Auxbeam 9006 Led bulb, F-S2 Series HB4 HB4U Led Bulbs Conversion Kit, 8000 Lumens 6500K White, Replacement Halogen Bulb/ Fog Light, Pack of 2",I,FP,7,0.5385,0.5385,0.5385,12998.32
553,06 trailblazer headlight without full grille bar,13,B002FY7S72,HEADLIGHTSDEPOT Black Housing Halogen Headlight Compatible With Chevrolet Trailblazer 2002-2009 LT/LS/SS Includes Left Driver Side Headlamp,E,TP,8,0.5385,0.5385,0.5385,12998.32
553,06 trailblazer headlight without full grille bar,13,B083ZDMBS7,"ZonCar 9005/HB3 9006/HB4 LED Bulbs Combo, 24000LM, 6500K Cool White, Plug and Play, Turbo Cool Fan, Pack of 4",I,FP,9,0.5385,0.5385,0.5385,12998.32
553,06 trailblazer headlight without full grille bar,13,B07VF52VFT,"Torchbeam T2 9005/HB3 9006/HB4 LED Bulb Combo, 60W 16000 Lumens 6500K Super Bright Replacement Bulbs Kit, 400% Brightness, Canbus Ready, Plug and Play with Fan, Pack of 4",E,TP,10,0.5385,0.5385,0.5385,12998.32
553,06 trailblazer headlight without full grille bar,13,B08LNMTB1B,POISON SCORPION 9005 9006 LED Bulbs Combo | Extremely Bright Chips 6000K Super Wide Angle | 360 Degree Adjustable HB3 HB4 Conversion Kit for Halogen Replacement,E,TP,11,0.5385,0.5385,0.5385,12998.32
553,06 trailblazer headlight without full grille bar,13,B07DW2529H,DWVO Compatible with 2002 2003 2004 2005 2006 2007 2008 2009 Chevy Trailblazer Headlight Assembly W/Full Width Grille Headlamp Replacement Amber Reflector (Not fit the LT models),S,FP,12,0.5385,0.5385,0.5385,12998.32
553,06 trailblazer headlight without full grille bar,13,B08J46P6GP,"ECCPP Headlight Assembly for Chevrolet Trailblazer 2002-2009,for Chevrolet Trailblazer EXT 2002-2006 Driver and Passenger Side Headlamps Black Housing White Reflector",E,TP,13,0.5385,0.5385,0.5385,12998.32
553,06 trailblazer headlight without full grille bar,13,B07WF1217Z,Partsam New Osram Chips 110W 5x7 Inch Led Headlights 7x6 LED Headlamp DOT Approved with High Low Beam H6054 6054 Led Headlight Compatible with Jeep YJ Cherokee XJ H5054 H6054LL 6052 6053(Pair),E,FN,,0.5385,0.5385,0.5385,12998.32
553,06 trailblazer headlight without full grille bar,13,B07STHVDCD,"Yorkim 5x7 LED Headlights H6054 Headlight 7x6 inch Sealed Beam Square Headlamp with High Low Beam Dot Lights for Jeep Wrangler YJ Cherokee XJ 6054 H5054 H6054LL 6052 6053, Pack of 2",E,FN,,0.5385,0.5385,0.5385,12998.32
553,06 trailblazer headlight without full grille bar,13,B000BOK140,"Auto Ventshade AVS 37430 Dark Smoke Headlight Covers for 2002-2009 Chevrolet Trailblazer , BLACK",E,FN,,0.5385,0.5385,0.5385,12998.32
553,06 trailblazer headlight without full grille bar,13,B002FY64ZO,HEADLIGHTSDEPOT Halogen Headlight Compatible With Chevrolet Trailblazer 2002-2009 LT/LS/SS Includes Right Passenger Side Headlamp,E,FN,,0.5385,0.5385,0.5385,12998.32
553,06 trailblazer headlight without full grille bar,13,B08LK8YK9W,"HONCS 9006 LED Headlight Bulbs, 300% Brighter Wireless LED HB4 Low Beam/Fog Lights, 6500K Cool White LED Conversion Kit",E,FN,,0.5385,0.5385,0.5385,12998.32
553,06 trailblazer headlight without full grille bar,13,B08P2ZWWH8,"Nilight 9005/HB3 High Beam and 9006/HB4 Low Beam,70w 14000lm 9005 9006 LED Headlight Bulbs 6500k 9005 9006 LED Bulb Cool White IP67",E,FN,,0.5385,0.5385,0.5385,12998.32
563,07 tahoe driver mirror without power folding,6,B00NJAATFO,"Burco 4110S Flat Left Driver Side Mirror Glass (Mount Not Included) w/Signal for 2007-2008 Cadillac Escalade, Chevy Avalanche, Silverado, Suburban, Chevy Tahoe, GMC Sierra, and GMC Yukon",E,TP,1,0.5,0.5,0.5,12946.73
563,07 tahoe driver mirror without power folding,6,B07FD66CM5,SCITOO fit for Chevy for GMC Driver Side Mirror Towing Mirror Puddle Lights Memory Rear View Mirror fit 2007-2013 for Chevy for GMC Amber Arrow Turn Signal Power Control Heated Manual Folding,E,TP,2,0.5,0.5,0.5,12946.73
563,07 tahoe driver mirror without power folding,6,B07SR8TPK5,cciyu Left Driver Side Mirror Power Folding Power Heated Turn Signal Memory Chrome Fit for 2007-2013 for Chevy Silverado for GMC Sierra 1500/2500 HD/3500 HD,S,FP,3,0.5,0.5,0.5,12946.73
563,07 tahoe driver mirror without power folding,6,B002MEHJGK,"Fit System - 62092G Driver Side Mirror for Avalanche, Silverado/Sierra 1500, Silverado/Sierra 2500 & 3500, Suburban, Tahoe, Yukon, Denali/XL, Silverado/Sierra Hybrid, Textured blk, Folding, Manual , black",E,TP,4,0.5,0.5,0.5,12946.73
563,07 tahoe driver mirror without power folding,6,B071NGCBSN,SCITOO Towing Mirrors Exterior Mirrors fit for Chevy for GMC 2007-2014 for Silverado/for Sierra Pair Rear View Mirrors with Power Control Heated Turn Signal Backup Light Manual Telescoping Folding,S,FP,5,0.5,0.5,0.5,12946.73
563,07 tahoe driver mirror without power folding,6,B0725KNV6J,ECCPP Side View Mirror Replacement Fit for 2007-2013 For Chevy Avalanche 1500 2008-2013 For GMC Sierra 1500 Black Power Heated Driver Side Mirror,I,FP,6,0.5,0.5,0.5,12946.73
563,07 tahoe driver mirror without power folding,6,B00ARUSS8E,"Dorman 955-1481 Passenger Side Power Door Mirror - Heated / Folding Compatible with Select Cadillac / Chevrolet / GMC Models, Black",E,FN,,0.5,0.5,0.5,12946.73
563,07 tahoe driver mirror without power folding,6,B07FD8YS95,SCITOO fit for 2007 Silverado Pickup for GMC Sierra 2007-2013 for Chevy Tahoe Suburban Avalanche Passenger Side Mirror Puddle Lights Memory Amber Arrow Turn Signal Power Control Heated Manual Folding,E,FN,,0.5,0.5,0.5,12946.73
563,07 tahoe driver mirror without power folding,6,B0787Z5THV,Door Mirrors ECCPP High Performance LH+RH Side Mirror Replacement Driver+Right Side Mirror With Power Adjusted Heated for 2003-2006 For Chevy Silverado Suburban Tahoe For GMC Sierra Yuk,E,FN,,0.5,0.5,0.5,12946.73
565,07 zx6r plastics unpainted without abs,10,B018FMA2M0,ZXMOTO Unpainted Motorcycle Fairings Kit for 2005-2006 Kawasaki Ninja ZX-6R ZX 636 ABS Plastic Full Body Fairing Kit,S,FP,1,0.4,0.4,0.4,13533.93
565,07 zx6r plastics unpainted without abs,10,B00K2N7XNM,ZXMOTO Unpainted Motorcycle Fairing Kit for 2005 2006 Kawasaki Ninja ZX6R ZX 636 Fairings Set ABS Plastics Bodywork,E,TP,2,0.4,0.4,0.4,13533.93
565,07 zx6r plastics unpainted without abs,10,B06XP9BS6H,TCMT Unpainted ABS Fairing Bodywork Set Fits For Kawasaki Ninja ZX6R ZX-6R ZX636 2005 2006,E,TP,3,0.4,0.4,0.4,13533.93
565,07 zx6r plastics unpainted without abs,10,B07TVRF3W2,"PROMOTOR Unpainted Motorcycle Fairing Kit Injection Body Kit for Kawasaki Ninja ZX 6R 636 2000 2001 2002, ZX600E ZX600J ZZR600 2005 2006 2007 2008 (11 Pcs)",E,TP,4,0.4,0.4,0.4,13533.93
565,07 zx6r plastics unpainted without abs,10,B081JS21X8,"ZXMOTO Unpainted Motorcycle Fairings Kit for 2000 2001 2002 Kawasaki Ninja ZX6R 636 ZX600J,&Fits ZZR600 2005 2006 2007 2008 ABS Plastic Injection Mold Bodywork",S,FP,5,0.4,0.4,0.4,13533.93
565,07 zx6r plastics unpainted without abs,10,B01AH11Y7O,"Black Complete Motorcycle Fairing Bolt Kit For Kawasaki Ninja ZX-6R 2000-2001 / ZZR600 2005-2008 Body Screws, Fasteners, and Hardware",I,FP,6,0.4,0.4,0.4,13533.93
565,07 zx6r plastics unpainted without abs,10,B01E9FQJCY,"Black Complete Motorcycle Fairing Bolt Kit For Kawasaki Ninja ZX-6R / ZX636 / ZX-6RR 2003-2004 Body Screws, Fasteners, and Hardware",E,TP,7,0.4,0.4,0.4,13533.93
565,07 zx6r plastics unpainted without abs,10,B018FKNE9A,"Complete Motorcycle Fairing Bolt Kit For Kawasaki Ninja ZX-6R / ZX636 / ZX-6RR 2005-2006 Body Screws, Fasteners, and Hardware",C,FP,8,0.4,0.4,0.4,13533.93
565,07 zx6r plastics unpainted without abs,10,B01AOHDNDY,"Black Complete Motorcycle Fairing Bolt Kit For Kawasaki Ninja ZX-6R / ZX636 / ZX-6RR 2005-2006 Body Screws, Fasteners, and Hardware",I,FP,9,0.4,0.4,0.4,13533.93
565,07 zx6r plastics unpainted without abs,10,B01N1WONM6,"Black Complete Motorcycle Fairing Bolt Kit For Kawasaki Ninja ZX-6R / ZX636 2007-2008 Body Screws, Fasteners, and Hardware",C,FP,10,0.4,0.4,0.4,13533.93
565,07 zx6r plastics unpainted without abs,10,B00N1YNRAW,HTTMT MT390-006- Black Front Rider Foot Pegs Bracket Compatible with Kawasaki Zx6R 2005-2008,E,FN,,0.4,0.4,0.4,13533.93
565,07 zx6r plastics unpainted without abs,10,B072Z4JL2W,HTTMT MT215-020- Fairing Fasteners Complete Bolt Kit Black Screws Compatible with 2001-2007 CBR 600F4i,E,FN,,0.4,0.4,0.4,13533.93
565,07 zx6r plastics unpainted without abs,10,B08CV986XW,Motorcycle Radiator Grille Guard Protective Cover For Kawasaki ZX6R 2013-2020 For Kawasaki ZX6R Performance 2019 2020 For Kawasaki ZX636 2013-2018,E,FN,,0.4,0.4,0.4,13533.93
565,07 zx6r plastics unpainted without abs,10,B072NDDFFJ,Matte Blue Motorcycle Rim Wheel Decal Accessory Sticker For Kawasaki ZX6R,E,FN,,0.4,0.4,0.4,13533.93
565,07 zx6r plastics unpainted without abs,10,B018AI5S5U,ZXMOTO Unpainted Motorcycle Fairings Kit for 2007 2008 SUZUKI GSXR 1000 K7 Injection Mold ABS Plastics Bodywork Fairings,E,FN,,0.4,0.4,0.4,13533.93
565,07 zx6r plastics unpainted without abs,10,B087LSV6XW,"LivTee 240pcs Car Plastic Push Pin Rivet, Assortment Universal Retainer Clips Push Type Retainers Set in Case with Remover Tool",E,FN,,0.4,0.4,0.4,13533.93
567,08 chevy silverado led headlights,15,B08P2XFZC6,"Nilight H11 LED Headlight Bulbs, 350% Brighter, 50W 10000lm Headlamp Bulbs, Mini Size, H9 High Beam, H11 Low Beam, H8 H11 H16 Fog Light, 6000K Cool White, 2-Pack",S,FP,1,0.3333,0.3333,0.3333,13199.89
567,08 chevy silverado led headlights,15,B097PH13WG,"Imazing H11/H9/H8 LED Headlight Bulbs, 80W 12000 Lumens 300% Brighter LED Headlights, 6500K Cool White IP68 Waterproof (Pack of 2)",S,FP,2,0.3333,0.3333,0.3333,13199.89
567,08 chevy silverado led headlights,15,B08P31HB8F,"Nilight 9005 H11 LED Headlight Bulbs Kit, 350% Brightness, 100W 20,000 Lumens HB3 High Beam/ H11 Low Beam LED Bulbs Combo, 6000K Cool White, Mini Size, 4-Pack",S,FP,3,0.3333,0.3333,0.3333,13199.89
567,08 chevy silverado led headlights,15,B079L49N9P,"Marsauto 9005 LED Bulbs 8000LM 6000K, 300% Brightness, HB3 LED Bulb Replacement for Halogen, 12 CSP Chips Cool Bright, Pack of 2",I,FP,4,0.3333,0.3333,0.3333,13199.89
567,08 chevy silverado led headlights,15,B092D4ZQN4,"Fahren 9005/HB3 LED Headlight Bulbs, 120W 20000 Lumens Bright LED Headlights, 6500K Cool White LED Headlight Conversion Kit IP68 Waterproof, Quick Installation, Pack of 2",S,FP,5,0.3333,0.3333,0.3333,13199.89
567,08 chevy silverado led headlights,15,B08RYM738L,"9005/HB3 LED Headlight Bulbs, Mirozo 12000 Lumens Super Bright light Conversion Kit 6500K Cool White, IP68 Waterproof, Plug and Play, Pack of 2",S,FP,6,0.3333,0.3333,0.3333,13199.89
567,08 chevy silverado led headlights,15,B08LKGPQQ6,"HONCS 9005 H11 LED Headlight Bulbs, 300% Brighter 6500K Cool White LED High Low Beam Conversion Kit, IP67 Waterproof",C,FP,7,0.3333,0.3333,0.3333,13199.89
567,08 chevy silverado led headlights,15,B09BR5WHFX,"DR.CAR 9005/HB3 LED Headlight Bulb, 300% Bright High Beam Headlight Bulb Wireless All-in-One Conversion Kit, 6000k Cool White, Pack of 2",S,FP,8,0.3333,0.3333,0.3333,13199.89
567,08 chevy silverado led headlights,15,B079KB8J98,"SEALIGHT Scoparc 9005/HB3 LED Bulbs, Plug and Play LED Headlamp Replacement Kit, 6000K Bright White, Halogen Replacement, Quick Installation, Pack of 2",E,TP,9,0.3333,0.3333,0.3333,13199.89
567,08 chevy silverado led headlights,15,B092LY3TJV,"Fahren Forenner 9005/HB3 LED Headlight Bulbs, 12000 Lumens 400% Brighter, LED Headlight Conversion Kit 6500K Cool White, Halogen Replacement, Pack of 2",E,TP,10,0.3333,0.3333,0.3333,13199.89
567,08 chevy silverado led headlights,15,B08P2XCBNY,"Nilight E1 9005 LED Headlight Bulbs, 350% Brighter, 50W 10,000 Lumens HB3 LED High Beam, Mini Size LED Headlight Conversion Kit, 6000K Cool White, 2-Pack",E,TP,11,0.3333,0.3333,0.3333,13199.89
567,08 chevy silverado led headlights,15,B07TQLGGBR,"AUXITO H11 LED Headlight Bulbs 12000lm Per Set 6500K Cool White Wireless H8 H9 Headlight LED Bulb, Pack of 2",S,FP,12,0.3333,0.3333,0.3333,13199.89
567,08 chevy silverado led headlights,15,B07JNY3ZVZ,"SEALIGHT 9005/HB3 H11/H9/H8 LED Bulbs Combo, Super Bright Cool white, Plug and Play, Pack of 4",S,FP,13,0.3333,0.3333,0.3333,13199.89
567,08 chevy silverado led headlights,15,B08X4KDBQP,"Fahren H11/H9/H8 Low Beam 9005/HB3 High Beam LED Headlight Bulbs Combo, 20000 Lumens Super Bright LED Headlights Conversion Kits 6500K Cool White, Pack of 4",E,TP,14,0.3333,0.3333,0.3333,13199.89
567,08 chevy silverado led headlights,15,B096TPV4WW,"AISKITS H11/H9/H8 LED Headlight Bulbs, 60W 10000 Lumens LED Headlights Conversion Kit 6500K White for Ford F150/Escape/Fusion, Chevy Silverado 1500, Dodge Ram1500, Honda CRV/Civic and More(2 Pack)",E,TP,15,0.3333,0.3333,0.3333,13199.89
567,08 chevy silverado led headlights,15,B0986JW8GP,"DR.CAR H11/H8/H9 LED Headlight Bulb, 300% Bright Low Beam Headlight Bulb Wireless All-in-One Conversion Kit, 6000k Cool White, Pack of 2",E,FN,,0.3333,0.3333,0.3333,13199.89
567,08 chevy silverado led headlights,15,B08TQH48Q3,"9005/HB3/H10 LED Headlight Bulbs, LAWTOOLIGHT 2-Pack LED Headlight Bulb, High Low Beam Fog Light, 15000LM 80W 300% Brighter LED Headlight Conversion Kit, 6500K Cool White, Halogen Replacement",E,FN,,0.3333,0.3333,0.3333,13199.89
567,08 chevy silverado led headlights,15,B09991SJBN,"Fahren H11/H9/H8 Low Beam 9005/HB3 High Beam LED Headlight Bulbs Combo, 20000 Lumens 6500K Cool White Super Bright LED Headlights Conversion Kits IP68 Waterproof, Pack of 4",E,FN,,0.3333,0.3333,0.3333,13199.89
567,08 chevy silverado led headlights,15,B08P2Y8Q5S,"Nilight 9005/HB3 High Beam and H11/H9 Low Beam,70w 14000lm 9005 H11 LED Headlight Bulbs 6500k H11 9005 LED Bulb Cool White IP67",E,FN,,0.3333,0.3333,0.3333,13199.89
567,08 chevy silverado led headlights,15,B09BZYKGWK,CARSPARKLE 9005/HB3 LED headlight Bulbs 600% Brighter 6500K Cool White Wireless Fanless Headlight LED Conversion Kits Hi/Lo Beam Fog Light 10000LM IP68 Waterproof Pack of 2,E,FN,,0.3333,0.3333,0.3333,13199.89
567,08 chevy silverado led headlights,15,B0929BCTS9,"Fahren H11/H9/H8 LED Headlight Bulbs, 10000 Lumens 6500K Cool White Super Bright LED Headlights Conversion Kit Low Beam/Fog Light IP68 Waterproof, Pack of 2",E,FN,,0.3333,0.3333,0.3333,13199.89
567,08 chevy silverado led headlights,15,B096812T9V,"Fahren Forenner H11/H9/H8 LED Headlight Bulbs, 12000 Lumens 400% Brighter LED Headlight Conversion Kit, 6500K 10 Min Installation, Halogen Replacement, Pack of 2",E,FN,,0.3333,0.3333,0.3333,13199.89
567,08 chevy silverado led headlights,15,B085L4MDTB,"4WDKING H11/H8/H9 LED Headlight Bulbs, 350% Brighter Low Beam/Fog Light with 2Pcs T10, 10000 Lumens Conversion Kit Plug and Play, 6500K Bright White, Halogen Replacement",E,FN,,0.3333,0.3333,0.3333,13199.89
567,08 chevy silverado led headlights,15,B08TR6Z8FB,"9005/HB3 H11/H8/H9 LED Headlight Bulbs, LAWTOOLIGHT High Low Beam Headlight Combo, 80W 22000LM 300% Brighter LED Headlight Conversion Kit, 6500K Cool White, Halogen Replacement 4-Pack",E,FN,,0.3333,0.3333,0.3333,13199.89
567,08 chevy silverado led headlights,15,B08JLQQ8KK,"NOVSIGHT H11/H8/H9 LED Headlight Bulbs, 12000 Lumens 300% Brighter Conversion Kits, 60W 6500K Cool White IP68 Waterproof, Extremely Fast Cooling Halogen Replacement",E,FN,,0.3333,0.3333,0.3333,13199.89
568,08 chevy tahoe wheel not cover,2,B00H1D17M4,18 Inch OEM Chevy 6 Lug Machined aluminum Center Cap Hubcap Wheel Cover 2007-2014 # 9596343 or 9597991 5291 Silverado Suburban Tahoe Avalanche 1500 Pickup Truck Suv,I,FP,1,0.0,0.0,0.0,11722.2
568,08 chevy tahoe wheel not cover,2,B00O2M416G,Black Wheel Lug Nut Cap Cover for Chevrolet and GMC - 24 Pack,I,FP,2,0.0,0.0,0.0,11722.2
568,08 chevy tahoe wheel not cover,2,B00O2M424C,Black Wheel Lug Nut Cap Cover for Chevrolet and GMC - 20 Pack,E,FN,,0.0,0.0,0.0,11722.2
568,08 chevy tahoe wheel not cover,2,B07CKS69CN,"DYNOFIT 14mmx1.5 Wheel Lug Nuts, 24x Silver 7 Spline Conical/Cone Bulge Seat Closed End M14x1.5 Lug Nuts with 2 Socket Keys for Chevy GMC Cadillac Lincoln SAAB Saturn 6 Lug Aftermarket Wheels",E,FN,,0.0,0.0,0.0,11722.2
570,08 civic si fog lights without switch,24,B07HF7CS4N,"SEALIGHT H11 LED Fog Lights Bulbs DRL 4800 Lumens 6000K Xenon White H16 H8 LED Fog Lamps High Power 12 CSP Bulbs Replacement for Cars, Trucks Pack of 2",E,TP,1,0.7083,0.7083,0.7083,15243.33
570,08 civic si fog lights without switch,24,B08QRV41VB,"Auxbeam H11 H8 H9 H16 Led Fog Light Bulbs, NF-X60 Series-Three Colors Switchback LED Fog Daytime Running Lights 44W 8000LM, EMC tech Anti-interference, Pack of 2",I,FP,2,0.7083,0.7083,0.7083,15243.33
570,08 civic si fog lights without switch,24,B07H6X6PM2,"Alla Lighting H8 H11 LED Fog Light Bulbs or DRL 6000K Xenon White, H16 H11LL H8LL H1155 2800 Lumens Xtreme Super Bright 5730 33-SMD 12V Replacement for Cars, Trucks",E,TP,3,0.7083,0.7083,0.7083,15243.33
570,08 civic si fog lights without switch,24,B07ZGXXTKT,"AUXLIGHT H11 H8 H11LL H8LL H16 (Japanese) LED Fog Light Bulbs 6000K Xenon White, Super Bright 2800 Lumens 33-SMD Chips LED Daytime Running Lights DRL Bulbs Replacement for Cars, Trucks (Pack of 2)",I,FP,4,0.7083,0.7083,0.7083,15243.33
570,08 civic si fog lights without switch,24,B082ZWR7DX,"Phinlion 3800 Lumens H8 H11 LED Yellow Fog Light Bulbs Super Bright H11LL H16 LED Bulb Replacement for Car Truck DRL and Fog Lights Lamps, 3000K Golden Yellow",E,TP,5,0.7083,0.7083,0.7083,15243.33
570,08 civic si fog lights without switch,24,B00N5BAWYK,SIRIUSLED H8 H11 LED bulb for car truck Fog Light 6500k White High Power Projector Super Bright Pack of 2,E,TP,6,0.7083,0.7083,0.7083,15243.33
570,08 civic si fog lights without switch,24,B07V3GDX9K,"Alla Lighting 8000LM H10 9145 9005 LED Switchback Bulbs, Fog Lights or High, Low Beam Conversion Kits Forward Lighting 6000K Xenon White/3000K Yellow Dual Color Replacement Extreme Bright",I,FP,7,0.7083,0.7083,0.7083,15243.33
570,08 civic si fog lights without switch,24,B07G5VLVNM,"Alla Lighting 2800lm H8 H11 H16 LED Bulbs, 3000K Amber Yellow Fog Lights, DRL Replacement for Cars, Trucks, Xtreme Super Bright High Power COB-72 SMD Upgrade",E,TP,8,0.7083,0.7083,0.7083,15243.33
570,08 civic si fog lights without switch,24,B07KM3WTWC,"ALLA Lighting H8 H9 H11 LED Switchback Fog Lights, High, Low Beam Conversion Kits, DRL, Dual Color 6000K White/3200K Yellow 12V H16 H8LL H11LL H965W, Extremely Super Bright 8000 Lumens",S,FP,9,0.7083,0.7083,0.7083,15243.33
570,08 civic si fog lights without switch,24,B011480LPA,"Alla Lighting H8 H11 LED Fog Lights/Daytime Running Lights(DRL) Bulbs Super Bright High Power 50W 12V H16, 6000K Xenon White Replacement Upgrade",E,TP,10,0.7083,0.7083,0.7083,15243.33
570,08 civic si fog lights without switch,24,B08FZCVPG9,New Generation Led Fog Light Assembly Retrofit Upgraded For Acura Honda Civic Pilot CR-V CR-Z HR-V JAZZ Odyssey Accord Coupe Ridgeline Acura ILX RDX TL TSX 2012 2013 14 2015 2016 17 2018 2019 2020 21,E,TP,11,0.7083,0.7083,0.7083,15243.33
570,08 civic si fog lights without switch,24,B07S9HBZHR,"Alla Lighting 5200lm AL-R H8 H11 LED Fog Lights, Daytime Running Lights Bulbs H16 Upgrade Halogen Lamps, 8000K Ice Blue Extremely Super Bright",E,TP,12,0.7083,0.7083,0.7083,15243.33
570,08 civic si fog lights without switch,24,B07FCL8N2S,"Marsauto H11 LED Fog Light Bulbs H8 H16 LED Fog Lamps Super Bright CSP Chips 6000K Cool White, Play and Plug (Pack of 2)",S,FP,13,0.7083,0.7083,0.7083,15243.33
570,08 civic si fog lights without switch,24,B01N67FMQ5,"Alla Lighting H11 H8 LED Bulbs 3000K Golden Yellow Xtreme Super Bright Fog Light DRL High Power 3030 SMD Replacement for Cars ,Trucks, SUVs, Vans",E,TP,14,0.7083,0.7083,0.7083,15243.33
570,08 civic si fog lights without switch,24,B07GTC8TCH,"Alla Lighting 3800lm Xtreme Super Bright H8 H16 H11 LED Bulbs, 6K Xenon White Fog Lights/DRL High Illumination ETI 56-SMD 12V Upgrade",E,TP,15,0.7083,0.7083,0.7083,15243.33
570,08 civic si fog lights without switch,24,B08BWN1GWB,"SIRIUSLED H8 H11 LED Fog Light Bulbs DRL 2700 Lumens Super Bright 2835 26-SMD 12V H16 LED Bulbs Replacement for Cars, Trucks, 6000K Xenon White Pack of 2",E,TP,16,0.7083,0.7083,0.7083,15243.33
570,08 civic si fog lights without switch,24,B018GYAB64,"RP Remarkable Power, FL7038 Fit For 2006 2007 2008 Civic 4DR Clear Fog Light Kit",E,TP,17,0.7083,0.7083,0.7083,15243.33
570,08 civic si fog lights without switch,24,B08T66X43W,"Yorkim H11 LED Fog Light Bulbs Amber Yellow h8 led fog light bulb Yellow 1:1 Design 300% Brighter, 15W High Power 1860 Chip, H11 led fog lights DRL Bulbs Replacement For Cars Trucks, Pack of 2",E,TP,18,0.7083,0.7083,0.7083,15243.33
570,08 civic si fog lights without switch,24,B07D3DGXYX,JDM ASTAR Bright White PX Chips H11 H16 LED Fog Light Bulbs with Projector,E,TP,19,0.7083,0.7083,0.7083,15243.33
570,08 civic si fog lights without switch,24,B07S7G41BG,"Alla Lighting 5200lm AL-R H11 H8 H16 LED Fog Lights or DRL Bulbs H8LL H11LL 12V, 6000K Xenon White, Xtreme Super Bright",S,FP,20,0.7083,0.7083,0.7083,15243.33
570,08 civic si fog lights without switch,24,B07GTC42CL,Alla Lighting 3800lm Xtreme Super Bright H11 H8 LED Fog Lights Bulbs 3000K Golden Yellow ETI 56-SMD 12V DRL Lamps Replacement H16,E,TP,21,0.7083,0.7083,0.7083,15243.33
570,08 civic si fog lights without switch,24,B07T86M599,"Alla Lighting 3800lm H11 H16 Red LED Fog Lights Bulbs ETI 56-SMD Xtreme Super Bright H8 H11 H16 LED Bulbs Replacement for Cars, Trucks, SUVs, Vans",E,TP,22,0.7083,0.7083,0.7083,15243.33
570,08 civic si fog lights without switch,24,B07GTDMVR4,"Alla Lighting 3800lm H11 H16 LED Fog Lights Bulbs H8 H8LL H11LL, 3000K Amber Yellow Xtreme Super Bright ETI 56-SMD Replacement",E,TP,23,0.7083,0.7083,0.7083,15243.33
570,08 civic si fog lights without switch,24,B07MHY7RVG,"Alla Lighting 2000 Lumens H16 H8 H11 LED Bulbs High Power 3020 30-SMD Super Bright 6000K Xenon White DRL Fog Lights Bulbs Replacement for Auto Cars, Trucks",I,FP,24,0.7083,0.7083,0.7083,15243.33
570,08 civic si fog lights without switch,24,B07HK81WYV,Fog Light 9006 9006LL HB4 LED Bulbs Max 80W High Power Extremely Bright 6000K Xenon White Replace for Car Fog Spot Light or Beam Light,E,FN,,0.7083,0.7083,0.7083,15243.33
570,08 civic si fog lights without switch,24,B07KM3P7KY,Alla Lighting 8000LM 5201 5202 LED Switchback Fog Lights Bulbs Extremely Super Bright Dual Color 6000K Xenon White / 3000K Yellow Switch PS19W PS24WFF Fog Daytime Running Lights Replacement,E,FN,,0.7083,0.7083,0.7083,15243.33
570,08 civic si fog lights without switch,24,B088647ZJ4,LASFIT LDplus H11 H8 H9 Switchback LED Light Bulbs Fog Light 6000K White/3000K Amber Yellow Replacement for Honda Civic Accord for Toyota Tacoma 4Runner Tundra RAV4 Play and Plug(2 pack),E,FN,,0.7083,0.7083,0.7083,15243.33
570,08 civic si fog lights without switch,24,B009DK87V2,Evan-Fischer Fog Light Cover for 2011 Honda Civic Set of 2 Plastic Black w/fog light hole Right and Left Side,E,FN,,0.7083,0.7083,0.7083,15243.33
570,08 civic si fog lights without switch,24,B00JRE38EA,"Yorkim 194 LED Bulbs White 6000k Super Bright 5th Generation, T10 LED Bulbs, 168 LED Bulb for Car Interior Dome Map Door Courtesy License Plate Lights W5W 2825, Pack of 10",E,FN,,0.7083,0.7083,0.7083,15243.33
570,08 civic si fog lights without switch,24,B075QQKFK3,"Alla Lighting H11 LED Bulbs, 8000K Ice Blue 12V H8 H16 Fog Lights, DRL Replacement for Cars, Trucks, Xtreme Super Bright 3030 36-SMD 12V Upgrade",E,FN,,0.7083,0.7083,0.7083,15243.33
570,08 civic si fog lights without switch,24,B07VFY345V,AmeriLite JDM Black Replacement Headlights Set for 2006-2011 Honda Civic Sedan 4 Door/Hybrid - Passenger and Driver Side,E,FN,,0.7083,0.7083,0.7083,15243.33
578,08 tundra chrome tailgate handle without camera,6,B07JQMYS19,Garage-Pro Tailgate Handle Compatible with Toyota Tundra 2007-2013 Outside All Chrome with Rear Camera,S,FP,1,0.3333,0.3333,0.3333,13062.77
578,08 tundra chrome tailgate handle without camera,6,B00DOST48E,OE Replacement Toyota Tundra Tailgate Handle (Partslink Number TO1915113),E,TP,2,0.3333,0.3333,0.3333,13062.77
578,08 tundra chrome tailgate handle without camera,6,B00BJ7OLTO,"PT Auto Warehouse TO-3952M-T1 - Tailgate Handle, Chrome - with Camera Hole",S,FP,3,0.3333,0.3333,0.3333,13062.77
578,08 tundra chrome tailgate handle without camera,6,B07Q2KM86L,"Tailgate Handle Liftgate Latch Handle with Keyhole | for 2007-2013 Toyota Tundra | Replaces# 69090-0C040, 690900C040, 81213",E,TP,4,0.3333,0.3333,0.3333,13062.77
578,08 tundra chrome tailgate handle without camera,6,B00OZQAB54,"QAA fits 2007-2013 Toyota Tundra 2 Piece Chrome Plated ABS Plastic Tailgate Handle Cover Kit, Includes Camera Access DH27149",S,FP,5,0.3333,0.3333,0.3333,13062.77
578,08 tundra chrome tailgate handle without camera,6,B07Q2KXSC6,"Tailgate Handle Liftgate Latch Handle with Rear Camera Hole | for 2007-2013 Toyota Tundra | Replaces# 69090-0C051, 690900C051, 81214",I,FP,6,0.3333,0.3333,0.3333,13062.77
578,08 tundra chrome tailgate handle without camera,6,B085VDZ53D,"BOPART Tailgate Handle Liftgate Latch Handle with Keyhole for Toyota Tundra 2007 2008 2009 2010 2011 2012 2013, Replaces OE#69090-0C040, 690900C040, 81213",E,FN,,0.3333,0.3333,0.3333,13062.77
578,08 tundra chrome tailgate handle without camera,6,B08T9LVR41,"Handor Tailgate Handle Liftgate Latch Handle w/ Keyhole Compatible with 2000-2006 Toyota Tundra, for Replacement# 69090-0C010 69090-0C030-C0",E,FN,,0.3333,0.3333,0.3333,13062.77
578,08 tundra chrome tailgate handle without camera,6,B08JTMW9PH,"FAERSI Tailgate Handle Rear Liftgate Latch Door Handle with Keyhole Replacements for Toyota Tundra 2007 2008 2009 2010 2011 2012 2013, Replaces# 69090-0C040, 690900C040, 81213",E,FN,,0.3333,0.3333,0.3333,13062.77
578,08 tundra chrome tailgate handle without camera,6,B01N471CAK,Make Auto Parts Manufacturing Rear Back Tailgate Handle Smooth Black for Toyota Tundra 2000 2001 2002 2003 2004 2005 2006 - TO1915111,E,FN,,0.3333,0.3333,0.3333,13062.77
579,08 wrangler jk without hitch,7,B07QCRK4NW,"65"" Trailer Hitch Electric Wiring Kit fits 07-2018 Jeep Wrangler JK 2 Door & 4 Door Tow Trailer Hitch Wiring Harness Kit -Wire Connector for Vehicle Mountable on Hitch Receiver",C,FP,1,0.5714,0.5714,0.5714,13043.7
579,08 wrangler jk without hitch,7,B00J62VV4W,Tyger Auto TG-HC2J001B Hitch & Cover Kit Custom Fit 2007-2018 Jeep Wrangler JK 2 Door & 4 Door Unlimited Factory Style 2 inch Rear Receiver Hitch Tow Towing Trailer Hitch,E,TP,2,0.5714,0.5714,0.5714,13043.7
579,08 wrangler jk without hitch,7,B001C6GQPY,"CURT 13432 Class 3 Trailer Hitch, 2-Inch Receiver, Compatible with Select Jeep Wrangler JK",I,FP,3,0.5714,0.5714,0.5714,13043.7
579,08 wrangler jk without hitch,7,B096KG9777,"DING.PAI 2"" JK Towing Hitch Receiver, Rear Bumper Towing Trailer Receiver Hitch Kit for Wrangler 2007-2018 JK JKU 2 Door & 4 Door Upgrade Tow Package Kit",E,TP,4,0.5714,0.5714,0.5714,13043.7
579,08 wrangler jk without hitch,7,B0716MMDSX,EAG 2 inch Receiver Hitch with Wiring Harness Class III Tow Trailer Hitch Kit Fit for 07-18 Wrangler JK,C,FP,5,0.5714,0.5714,0.5714,13043.7
579,08 wrangler jk without hitch,7,B07STYWQ28,"hikotor 2 Inch Receiver Hitch, Rear Bumper Trailer Hitch Receiver fits for Jeep Wrangler 2007-2018 JK & Unlimited 2 & 4 Door (Exclude 2018 JL Models) with Wiring Harness & Hitch Cover Kit",E,TP,6,0.5714,0.5714,0.5714,13043.7
579,08 wrangler jk without hitch,7,B00JZQXJ3K,TYGER Towing Combo: 2inch Receiver Hitch & Wiring Harness & Hitch Cover Fits 2007-2018 Wrangler JK 2Dr & 4Dr (Exclude 2018 JL Models),E,TP,7,0.5714,0.5714,0.5714,13043.7
579,08 wrangler jk without hitch,7,B07CVW9HCS,RT-TCZ Stainless Steel Hood Latches Hood Lock Catch Latches Kit for Jeep Wrangler JK JL 2007-2021 Unlimited (Black),E,FN,,0.5714,0.5714,0.5714,13043.7
579,08 wrangler jk without hitch,7,B07JC3HZZT,"oEdRo Flat Front & Rear Fender Flares Compatible with 2007-2018 Jeep Wrangler JK & JKU Unlimited, 4 PCS Off-Road Steel Liner Set",E,FN,,0.5714,0.5714,0.5714,13043.7
579,08 wrangler jk without hitch,7,B07WJ3B8ZZ,GOOACC 166 Pcs Car Retainer Clips &Screw Grommets - 12 Most Popular Sizes & Applications for GM Toyota Honda Nissan Mazda - Bonus Fastener Remover,E,FN,,0.5714,0.5714,0.5714,13043.7
593,0o days without sarcasm shirt,2,B07Y5XDV6B,00 (Zero) Days without a bad dad joke - Father's Day Gift T-Shirt,S,FP,1,0.0,0.0,0.0,12496.85
593,0o days without sarcasm shirt,2,B0746QKJWW,"Dad Joke Loading | Funny Father Grandpa Daddy Father's Day Bad Pun Humor T-Shirt-(Adult,2XL) Grey",S,FP,2,0.0,0.0,0.0,12496.85
593,0o days without sarcasm shirt,2,B00XD023L8,I Don't Like Morning People Graphic Novelty Sarcastic Funny T Shirt L Black,E,FN,,0.0,0.0,0.0,12496.85
593,0o days without sarcasm shirt,2,B082783XJX,Sarcasm Periodic Table I Only Use Sarcasm Periodically Meme T-Shirt,E,FN,,0.0,0.0,0.0,12496.85
594,0pi nail polish i'm not really a waitress,10,B00421Z0E4,"OPI Nail Lacquer, I'm Not Really a Waitress, Red Nail Polish, 0.5 fl oz",E,TP,1,0.6,0.6,0.6,12122.17
594,0pi nail polish i'm not really a waitress,10,B000NG4778,"OPI Nail Lacquer, Black Onyx, Black Nail Polish, 0.5 fl oz",E,TP,2,0.6,0.6,0.6,12122.17
594,0pi nail polish i'm not really a waitress,10,B000NG889Q,"OPI Nail Lacquer, Bubble Bath, Nude Nail Polish, 0.5 fl oz",E,TP,3,0.6,0.6,0.6,12122.17
594,0pi nail polish i'm not really a waitress,10,B000NG46QU,"OPI Nail Lacquer, Lincoln Park After Dark, Purple Nail Polish, 0.5 fl oz",S,FP,4,0.6,0.6,0.6,12122.17
594,0pi nail polish i'm not really a waitress,10,B004CA8TXE,"OPI Nail Lacquer, Funny Bunny, White Nail Polish, 0.5 fl oz",S,FP,5,0.6,0.6,0.6,12122.17
594,0pi nail polish i'm not really a waitress,10,B000NGCVZS,"OPI Nail Lacquer, Rosy Future, Pink Nail Polish, 0.5 fl oz",E,TP,6,0.6,0.6,0.6,12122.17
594,0pi nail polish i'm not really a waitress,10,B08NX36246,"OPI Nail Lacquer, I’m an Extra, Pink Nail Polish, Hollywood Collection, 0.5 fl oz",E,TP,7,0.6,0.6,0.6,12122.17
594,0pi nail polish i'm not really a waitress,10,B08BJPLL6Q,"OPI Nail Lacquer, Red-y For the Holidays, Red Nail Polish, Shine Bright Collection, 0.5 fl oz",S,FP,8,0.6,0.6,0.6,12122.17
594,0pi nail polish i'm not really a waitress,10,B082BJZDLZ,"OPI Nail Lacquer, Mexico City Move-mint, Blue Nail Polish, Mexico City Collection, 0.5 fl oz",E,TP,9,0.6,0.6,0.6,12122.17
594,0pi nail polish i'm not really a waitress,10,B0086PBJ06,"OPI Nail Lacquer, Got Myself into a Jam-balaya, Orange Nail Polish, New Orleans Collection, 0.5 fl oz",S,FP,10,0.6,0.6,0.6,12122.17
594,0pi nail polish i'm not really a waitress,10,B06XXFM8CX,"OPI Nail Polish Base Coat Primer & Gloss Top Coat, Infinite Shine Duo Pack, 0.5 Fl Oz each bottle",E,FN,,0.6,0.6,0.6,12122.17
594,0pi nail polish i'm not really a waitress,10,B07GVQ7NT8,Nicole Miller Mini Nail Polish Set - 15 Glossy and Trendy Colors,E,FN,,0.6,0.6,0.6,12122.17
594,0pi nail polish i'm not really a waitress,10,B082BHL4Q4,"OPI Infinite Shine 2 Long-Wear Lacquer, Mexico City Move-mint, Blue Long-Lasting Nail Polish, Mexico City Collection, 0.5 fl oz",E,FN,,0.6,0.6,0.6,12122.17
594,0pi nail polish i'm not really a waitress,10,B00178VX50,"OPI Top Coat, Protective High Gloss Shine Nail Polish Top Coat, 0.5 fl oz",E,FN,,0.6,0.6,0.6,12122.17
598,0rganic potting without fertelizer for roses,14,B01M8FUUSJ,"SpongEase Pro Coco Coir Brick - Each brick makes 2 Gallons Organic Coco Coir Potting Soil for All Plants, Cuttings, Seedlings and Seeds (650 gm)",E,TP,1,0.5714,0.5714,0.5714,13485.23
598,0rganic potting without fertelizer for roses,14,B002Y08J2A,Espoma AP16 16-Quart Organic Potting Mix,C,FP,2,0.5714,0.5714,0.5714,13485.23
598,0rganic potting without fertelizer for roses,14,B0047COGFW,"Dr. Earth GL61100518430 Fertilizer & Soil 707P Organic 8 Bud & Bloom Fertilizer in Poly Bag, 4-Pound, 4 lb, Natural",I,FP,3,0.5714,0.5714,0.5714,13485.23
598,0rganic potting without fertelizer for roses,14,B003STB5N6,"Xtreme Gardening HGC721205 Mykos Pure Mycorrhizal Inoculant Organic Root Enhancer, 2.2 lbs, Black",I,FP,4,0.5714,0.5714,0.5714,13485.23
598,0rganic potting without fertelizer for roses,14,B01FG87H2O,"MOTHER EARTH Coco Plus Perlite Mix - For Indoor and Outdoor Container Gardens, Provides Strong Aeration & Drainage, 70% Coconut Coir, Resists Compaction, 50 Liter",C,FP,5,0.5714,0.5714,0.5714,13485.23
598,0rganic potting without fertelizer for roses,14,B002Y08J3E,Espoma AP4 4-Quart Organic Potting Mix,E,TP,6,0.5714,0.5714,0.5714,13485.23
598,0rganic potting without fertelizer for roses,14,B08SQWQZZB,"Potting Soil Mix, 2qt Organic Bonsai Succulent Soil for Plants, Growing Indoor Kitchen Vegetables, Herbs, Indoor Plants, Herb Growing Soil Mixture Small Bag",E,TP,7,0.5714,0.5714,0.5714,13485.23
598,0rganic potting without fertelizer for roses,14,B07JMLDYRB,Organic Succulent and Cactus Potting Soil Mix Fast Draining Pre-Mixed Coarse Blend (2 Quarts),E,TP,8,0.5714,0.5714,0.5714,13485.23
598,0rganic potting without fertelizer for roses,14,B07CND4WV9,Organic Perlite by Perfect Plants — Add to Soil for Indoor & Outdoor Container Plants for Drainage Management and Enhanced Growth (8qts.),C,FP,9,0.5714,0.5714,0.5714,13485.23
598,0rganic potting without fertelizer for roses,14,B07CNL5W2Z,"Organic Potting Mix by Perfect Plants for All Plant Types - 8qts for Indoor and Outdoor Use, Great for Veggies, Herbs, and Cannabis Plants",E,TP,10,0.5714,0.5714,0.5714,13485.23
598,0rganic potting without fertelizer for roses,14,B07DF9LN96,Compressed Organic Potting-Soil for Garden & Plants - Expands up to 4 Times When Mixed with Water - Nutrient Rich Plant Food Derived from Natural Coconut Coir & Worm Castings Fertilizer,E,TP,11,0.5714,0.5714,0.5714,13485.23
598,0rganic potting without fertelizer for roses,14,B004OVUM40,Black Gold 1302040 8-Quart All Organic Potting Soil,E,TP,12,0.5714,0.5714,0.5714,13485.23
598,0rganic potting without fertelizer for roses,14,B002Y04TK6,Espoma AP8 8-Quart Organic Potting Mix,E,TP,13,0.5714,0.5714,0.5714,13485.23
598,0rganic potting without fertelizer for roses,14,B088YTGXPS,"Organic Soil, Starting Potting Mix, Soil Mix for Organic Ornamentals Cuttings, Herbs and Vegetables, 2 Dry Quarts",I,FP,14,0.5714,0.5714,0.5714,13485.23
598,0rganic potting without fertelizer for roses,14,B0828SMZNS,"Miracle-Gro Indoor Potting Mix 6 qt., Grows beautiful Houseplants, 2-Pack",E,FN,,0.5714,0.5714,0.5714,13485.23
598,0rganic potting without fertelizer for roses,14,B01N1UXYCC,Miracle-Gro Expand 'n Gro Concentrated Planting Mix 0.33 Cu Ft,E,FN,,0.5714,0.5714,0.5714,13485.23
598,0rganic potting without fertelizer for roses,14,B000OWF7YI,"Miracle-Gro Water Soluble All Purpose Plant Food, 10 lbs.",E,FN,,0.5714,0.5714,0.5714,13485.23
598,0rganic potting without fertelizer for roses,14,B00004RADH,"Miracle-Gro Water Soluble Rose Plant Food, 1.5 lb",E,FN,,0.5714,0.5714,0.5714,13485.23
598,0rganic potting without fertelizer for roses,14,B0000CBITW,"Hoffman 15503 Canadian Sphagnum Peat Moss, 10 Quarts",E,FN,,0.5714,0.5714,0.5714,13485.23
598,0rganic potting without fertelizer for roses,14,B07L8TBTVV,"Miracle-Gro Performance Organics All Purpose Plant Nutrition, 1 lb. - All Natural Plant Food For Vegetables, Flowers and Herbs - Apply Every 7 Days For Best Results - Feeds up to 200 sq. ft.",E,FN,,0.5714,0.5714,0.5714,13485.23
599,0rgans only not piano for sale,8,B07987K4F5,"Alesis Melody 61 Key Keyboard Piano with 300 Sounds, Speakers, Digital Piano Stand, Bench, Headphones, Microphone, Music Lessons and Demo Songs",I,FP,1,0.125,0.125,0.125,12976.61
599,0rgans only not piano for sale,8,B01H5M9MR2,"Hamzer 61-Key Electronic Piano Electric Organ Music Keyboard with Stand, Microphone, & Sticker Sheet - Black",I,FP,2,0.125,0.125,0.125,12976.61
599,0rgans only not piano for sale,8,B07JJM4F7B,"Kidzlane Floor Piano Mat for Kids and Toddlers | Giant 6 ft. Piano Mat, 24 Keys, 10 Song Cards, Built in Songs, Record & Playback, 8 Instrument Sounds | Musical Gift Toy for Boys & Girls Ages 3+",I,FP,3,0.125,0.125,0.125,12976.61
599,0rgans only not piano for sale,8,B08SM3HD8V,"Costzon 61-Key Electronic Keyboard Piano w/Lighted Keys, Built-in Speakers, Recorder, 255 Timbres/Rhythms, 3 Teaching Modes, LCD Display, Headphones, Adjustable Stand for Beginner Adults (Black)",S,FP,4,0.125,0.125,0.125,12976.61
599,0rgans only not piano for sale,8,B07P2DW2KW,"Digital Piano Kids Keyboard - Portable 61 Key Piano Keyboard, Learning Keyboard for Beginners w/ Drum Pad, Recording, Microphone, Music Sheet Stand, Built-in Speaker - Pyle PKBRD6111 , Black",I,FP,5,0.125,0.125,0.125,12976.61
599,0rgans only not piano for sale,8,B07Q3VFB8F,"Electric Keyboard Piano 61-Key, Ohuhu Musical Piano Keyboard with Headphone Jack, USB Port & Teaching Modes for Beginners",E,TP,6,0.125,0.125,0.125,12976.61
599,0rgans only not piano for sale,8,B01AJJIQQQ,"RockJam 61 Key Keyboard Piano With LCD Display Kit, Keyboard Stand, Piano Bench, Headphones, Simply Piano App & Keynote Stickers",I,FP,7,0.125,0.125,0.125,12976.61
599,0rgans only not piano for sale,8,B081SL91RH,"ZENY 61-Key Portable Electric Keyboard Piano with Built In Speakers, LED Screen, Headphones, Microphone, Piano Stand, Music Sheet Stand and Stool",I,FP,8,0.125,0.125,0.125,12976.61
599,0rgans only not piano for sale,8,B0823JKNG5,"Mustar 61 Key Piano Keyboard, Electronic Touch Sensitive Keyboards Piano, Headphones, Microphone, Piano Stand and Stool,Full Size Keys/LCD Screen",E,FN,,0.125,0.125,0.125,12976.61
599,0rgans only not piano for sale,8,B08R7G8SRZ,"Mustar Keyboard Piano, 61 Lighted Keys, Electric Piano, Full Size Light Up Keyboards Piano for Beginners",E,FN,,0.125,0.125,0.125,12976.61
599,0rgans only not piano for sale,8,B07NWZZGTY,"RIF6 Electric 61 Key Piano Keyboard - with Over Ear Headphones, Music Stand, Digital LCD Display, Teaching Modes and Adjustable Stool - Electronic Musical Instruments Starter Set for Kids and Adults",E,FN,,0.125,0.125,0.125,12976.61
599,0rgans only not piano for sale,8,B07FK4P9CM,"Professional Mouth Piano Melodica Instrument - Mouth Keyboard Piano Organ Melodica Set w/Mouthpiece, Tube Accessories, for Beginner or Band - Pyle (Black)",E,FN,,0.125,0.125,0.125,12976.61
599,0rgans only not piano for sale,8,B08CRK4PPV,"Kalimba 17 Keys Thumb Piano Musical Instrument Gradient Blue Star Sky, Mbira Hand Piano Gifts for Kids and Adults Beginners",E,FN,,0.125,0.125,0.125,12976.61
599,0rgans only not piano for sale,8,B01AAPIPJW,Plixio 61-Key Digital Electric Piano Keyboard & Sheet Music Stand - Portable Electronic Keyboard for Beginners (Kids & Adults),E,FN,,0.125,0.125,0.125,12976.61
599,0rgans only not piano for sale,8,B00416WHV4,Casio SA-76 44-Key Mini Personal Keyboard,E,FN,,0.125,0.125,0.125,12976.61
600,0sxk ofrece fidget toys not expensive,26,B076PMFWVV,Mochi Squishy Toys 20 Pcs Mini Squishy Animal Squishies Party Favors for Kids Kawaii Squishy Squeeze Toy Cat Unicorn Squishy Stress Relief Toys for Adults Birthday Favors for Kids Pinata Filler Random,E,TP,1,0.8077,0.8077,0.8077,14711.11
600,0sxk ofrece fidget toys not expensive,26,B082D7WVT8,"Fidget Toys and Textured Sensory Toys by BUNMO - Textured Stretchy Strings Fidget Toy. Bumpy Fidget Toys for Adults and Kids Make Perfect Anxiety Toys, Autism Sensory Toys, and Stress Toys.",E,TP,2,0.8077,0.8077,0.8077,14711.11
600,0sxk ofrece fidget toys not expensive,26,B07F81VDL2,"28 Pack Sensory Toys Set, Relieves Stress and Anxiety Fidget Toy for Children Adults, Special Toys Assortment for Birthday Party Favors, Classroom Rewards Prizes, Carnival, Piñata Goodie Bag Fillers",E,TP,3,0.8077,0.8077,0.8077,14711.11
600,0sxk ofrece fidget toys not expensive,26,B08SW7FFL4,"Family Made Company Simple Dimple Fidget Popper Toy,Sensory Toys,Fidget Toy,Infant Early Education Intelligence Motor Skills Development Attention Intensive Learning Toy for Ages 6 Months and Up (A)",E,TP,4,0.8077,0.8077,0.8077,14711.11
600,0sxk ofrece fidget toys not expensive,26,B08HN8T4T5,"WUQID Infinity Cube Fidget Toy Stress Relieving Fidgeting Game for Kids and Adults,Cute Mini Unique Gadget for Anxiety Relief and Kill Time (Macaron Yellow)",S,FP,5,0.8077,0.8077,0.8077,14711.11
600,0sxk ofrece fidget toys not expensive,26,B08S7G96WS,"HANGYUAN Push Popping Bubble Sensory Fidget Toys ,Stress Reliever Silicone Stress Reliever Toys-Purple",E,TP,6,0.8077,0.8077,0.8077,14711.11
600,0sxk ofrece fidget toys not expensive,26,B08F6ZHQG7,"Sensory Fidget Toys Set, 27pcs Stress Relief and Anti-Anxiety Tools Bundle for Kids and Adults, Marble and Mesh, Pack of Squeeze Balls, Soybean Squeeze, Flippy Chain",E,TP,7,0.8077,0.8077,0.8077,14711.11
600,0sxk ofrece fidget toys not expensive,26,B08RRYF52V,"61 Pcs Sensory Fidget Toys Pack,Stress & Anxiety Relief Tools Bundle Figetget Toys Set for Kids Adults,Autistic ADHD Toys,Stress Balls Fidget Spinner Marble Mesh Puzzle Ball Pop Tube Fidget Box",S,FP,8,0.8077,0.8077,0.8077,14711.11
600,0sxk ofrece fidget toys not expensive,26,B08GG639D2,"26 Pack Bundle Sensory Fidget Toys Packs, Stress Relief and Anti-Anxiety Tools for Kids and Adults, Pack of Marble and Mesh, Stress Balls, Soybean Squeeze, Flippy Chain, Liquid Motion Timer & More",E,TP,9,0.8077,0.8077,0.8077,14711.11
600,0sxk ofrece fidget toys not expensive,26,B08QCX1CDC,"Anyuwen 4 Pack Fidget Sensory Toy Set, Rainbow Push Bubble Sensory Fidget Toy for Adult Kid Silicone Game Toys Autism Special Needs Stress Reliever Squeeze Tools for Home School Office",E,TP,10,0.8077,0.8077,0.8077,14711.11
600,0sxk ofrece fidget toys not expensive,26,B08Y9BVLM3,"LAFUN Stress Relief Fidget Snap Toy,Hand Grip Squeeze Grab Snap Sensory Toys Party Popper Noise Maker Stress Relief Pop Pops Click Finger Sensory Fidget Toy for Child and Adults,2 Pack (Rainbow)",E,TP,11,0.8077,0.8077,0.8077,14711.11
600,0sxk ofrece fidget toys not expensive,26,B07QR82TBY,"ToyerBee Pop Fidget Sensory Toys Set for Adults, Kids, ADHD, ADD, Anxiety Autism to Stress Relief and Anti-anxiety with Push Pop, Squishy, Stretchy Strings, Squeeze Balls, Perfect for Classroom Reward",E,TP,12,0.8077,0.8077,0.8077,14711.11
600,0sxk ofrece fidget toys not expensive,26,B07D1KRT47,"EDsportshouse Sensory Toys Bundle-Stress Relief Fidget Hand Toys for Kids and Adults,Sensory Fidget and Squeeze Widget for Relaxing Therapy-Perfect for ADHD Anxiety Autism",E,TP,13,0.8077,0.8077,0.8077,14711.11
600,0sxk ofrece fidget toys not expensive,26,B082DKQ5QW,"Crown Therapy Putty – Made in USA - Full Set of Hand Exercise Putty (4 Pack, 3-oz Each) Hand Exercise Rehabilitation, Stress and Anxiety Relief.",I,FP,14,0.8077,0.8077,0.8077,14711.11
600,0sxk ofrece fidget toys not expensive,26,B07F6G3F1D,"Sensory Toys Set 38 Pack, Stress Relief Fidget Hand Toys for Adults and Kids, Sensory Fidget and Squeeze Widget for Relaxing Therapy - Perfect for ADHD Add Anxiety Autism",E,TP,15,0.8077,0.8077,0.8077,14711.11
600,0sxk ofrece fidget toys not expensive,26,B00ZY6JHU4,"Super Z Outlet Liquid Motion Bubbler for Sensory Play, Fidget Toy, Children Activity, Desk Top, Assorted Colors (1 Piece)",E,TP,16,0.8077,0.8077,0.8077,14711.11
600,0sxk ofrece fidget toys not expensive,26,B08ZVB5FPJ,"3pcs Push Pop Bubble Fidget Sensory Toy, Autism Special Needs Stress Reliever Stress Reliever Toy, Washable Silicone Toy,Pop Pop Fidget Toy for Kids and Adults(Multicolor-2)",E,TP,17,0.8077,0.8077,0.8077,14711.11
600,0sxk ofrece fidget toys not expensive,26,B07QMQ8QP6,"ZaxiDeel Fidget Pop Tube Toys for Kids and Adults 6 Pack, Pipe Sensory Tools for Stress and Anxiety Relief, Cool Bendable Multi-Color Stimming Toys Great as Gift and Prizes for Fidgeters",S,FP,18,0.8077,0.8077,0.8077,14711.11
600,0sxk ofrece fidget toys not expensive,26,B07PS6JW56,"Yeetec 6 Pack 24 Links Wacky Tracks Snap and Click Fidget Toys, Finger Sensory Toys, Snake Puzzles for Stress Relief, Party Bag Fillers, Party Favours, Random Color",E,TP,19,0.8077,0.8077,0.8077,14711.11
600,0sxk ofrece fidget toys not expensive,26,B07DXPTCXP,"Fidget Toys Set, 36 Pack Sensory Tools Bundle for Stress Relief Hand Toys for Kids and Adults, Stretchy String/Liquid Motion/Cube/Twist Puzzle/Mesh Marble - Perfect for ADHD ADD Anxiety Autism",E,TP,20,0.8077,0.8077,0.8077,14711.11
600,0sxk ofrece fidget toys not expensive,26,B07DVDTYQ2,"ASSBABY Fidget Toys - Funny Facial Expressions Squeeze Bean Fidget Toy,Gift for Children and Adults Release Stress and Anxiety, Soybean Stress Relieving Chain Toys (3pcs)",E,TP,21,0.8077,0.8077,0.8077,14711.11
600,0sxk ofrece fidget toys not expensive,26,B093P3N7ZP,"BOOLACYA Fidget Toys, 31pcs Fidget Packs with Pop Bubble Sensory Fidget Toy Fidget Pack Relief and Anti-Anxiety Fidget Toy Pack Gift for All Ages",E,TP,22,0.8077,0.8077,0.8077,14711.11
600,0sxk ofrece fidget toys not expensive,26,B07BK9GFKD,"GONGYIHONG 40 Pack Sensory Fidget Toys Bundle, Fidget Cube/Liquid Motion Timer /Bike Chain/Soybeans Squeeze Grape Ball- Perfect for Kids&Adult…",E,TP,23,0.8077,0.8077,0.8077,14711.11
600,0sxk ofrece fidget toys not expensive,26,B08KRP5C4H,"Handheld Mini Fidget Toy Set(4 Pack)-Magnetic Fidget Rings,Infinity Cube,Fidget Pad Cube,Flippy Chain,Stress and Anxiety Relief For Teen Kids Adults With OCD ADHD Autism",S,FP,24,0.8077,0.8077,0.8077,14711.11
600,0sxk ofrece fidget toys not expensive,26,B0898R6LB7,"Sensory Fidget Toys 23-Pack – Stress Relief Toys for Focus & Calm – Toy Box & Party Favor Fidget Pack + Reusable Bag – Fidget Spinner, Stress Ball Cube, Sensory Toy Rings, & More by Chuchik",E,TP,25,0.8077,0.8077,0.8077,14711.11
600,0sxk ofrece fidget toys not expensive,26,B08XPXY8G5,"Figetget Toys Fidget Toys Pack - Fidgets Box Includes Infinite Fidget Cube, Popping, Fidget Ring, Snake Block Puzzles, Magic Ball, Stretchy Spring Strings - Sensory Fidget Toys Set ( 10 Pack)",E,TP,26,0.8077,0.8077,0.8077,14711.11
600,0sxk ofrece fidget toys not expensive,26,B01LBSZQ3U,Impresa Products 5-Pack of Stretchy String Fidget / Sensory Toys (BPA/Phthalate/Latex-Free) - Stretches from 10 Inches to 8 Feet!,E,FN,,0.8077,0.8077,0.8077,14711.11
600,0sxk ofrece fidget toys not expensive,26,B07YJF17C9,"24 Pack Bundle Sensory Fidget Toys Set-Liquid Motion Timer/Grape Ball/Mochi Squishy/Stretchy String/Flippy Chain/Easter Egg/Marble Mesh/Squeeze Bean/Cube for Autistic Kids, ADHD, Anti-Stress Toys",E,FN,,0.8077,0.8077,0.8077,14711.11
600,0sxk ofrece fidget toys not expensive,26,B071X8S8WQ,"Infinity Cube Fidget Toy, Sensory Tool EDC Fidgeting Game for Kids and Adults, Cool Mini Gadget Best for Stress and Anxiety Relief and Kill Time, Unique Idea that is Light on the Fingers and Hands",E,FN,,0.8077,0.8077,0.8077,14711.11
600,0sxk ofrece fidget toys not expensive,26,B0728C64KH,"Duddy-Cam Fidget Pad 8 Fun Features, Retro Classic Controller Handheld Game Pad, Perfect For Skin Picking, Anxiety and Stress Relief Sensory Toy For Children, Adults, ADD ADHD Autism + Lanyard (Black)",E,FN,,0.8077,0.8077,0.8077,14711.11
600,0sxk ofrece fidget toys not expensive,26,B01BLYNWIU,"FlintRehab Premium Quality Therapy Putty (4 Pack, 3-oz Each) for Hand Exercise Rehab. Fidgeting, and Stress Relief…",E,FN,,0.8077,0.8077,0.8077,14711.11
602,0ver charge on items.with prime not happy,3,B07H8ZCSL9,"Fire 7 Kids tablet, 7"" Display, ages 3-7, 16 GB, Pink Kid-Proof Case",I,FP,1,0.3333,0.3333,0.3333,11824.48
602,0ver charge on items.with prime not happy,3,B01MA3EYC5,"ROLLO Label Printer - Commercial Grade Direct Thermal High Speed Printer – Compatible with Etsy, eBay, Amazon - Barcode Printer - 4x6 Printer",E,TP,2,0.3333,0.3333,0.3333,11824.48
602,0ver charge on items.with prime not happy,3,B07CZCQ481,"Amazon Brand - Solimo 5-Blade MotionSphere Razor for Men with Dual Lubrication and Precision Trimmer, Handle & 16 Cartridges (Cartridges fit Solimo Razor Handles only)",I,FP,3,0.3333,0.3333,0.3333,11824.48
602,0ver charge on items.with prime not happy,3,B07Q9VBYV8,"Ring Indoor Cam, Compact Plug-In HD security camera with two-way talk, Works with Alexa - White",E,FN,,0.3333,0.3333,0.3333,11824.48
602,0ver charge on items.with prime not happy,3,B07WLP395R,"Ring Video Doorbell 3 Plus – enhanced wifi, improved motion detection, 4-second video previews, easy installation",E,FN,,0.3333,0.3333,0.3333,11824.48
605,0w20 synthetic oil,14,B00GZKC6EW,Valvoline Advanced Full Synthetic SAE 0W-20 Motor Oil 5 QT,E,TP,1,1.0,1.0,1.0,13409.03
605,0w20 synthetic oil,14,B01MZ83HZA,"Mobil 1 Extended Performance 0W-20 Full Synthetic Motor Oil, 5 qt",E,TP,2,1.0,1.0,1.0,13409.03
605,0w20 synthetic oil,14,B072KDRZFC,Idemitsu Full Synthetic 0W-20 Engine Oil SN/GF-5-5QT,E,TP,3,1.0,1.0,1.0,13409.03
605,0w20 synthetic oil,14,B07CG384GQ,Amazon Basics Full Synthetic Motor Oil - 0W-20 - 5 Quart,E,TP,4,1.0,1.0,1.0,13409.03
605,0w20 synthetic oil,14,B00JGQLZJ4,"Castrol 03124 Edge 0W-20 Advanced Full Synthetic Motor Oil, 5 Quart",E,TP,5,1.0,1.0,1.0,13409.03
605,0w20 synthetic oil,14,B01M8JJV1H,"Pennzoil 550046127 Platinum Full Synthetic Motor Oil (SAE, SN) 0W-20, 5 Quart - Pack of 1",E,TP,6,1.0,1.0,1.0,13409.03
605,0w20 synthetic oil,14,B00JDSXLHY,TOYOTA Case of 12 Quarts Full Synthetic 0W-20 Oil,E,TP,7,1.0,1.0,1.0,13409.03
605,0w20 synthetic oil,14,B07KCSR467,Motul 5L Synthetic Engine Oil 8100 0W20 ECO-LITE,E,TP,8,1.0,1.0,1.0,13409.03
605,0w20 synthetic oil,14,B00TS9ZW3Y,"Castrol 03060 GTX MAGNATEC 0W-20 Full Synthetic Motor Oil, Green, 5 Quart",E,TP,9,1.0,1.0,1.0,13409.03
605,0w20 synthetic oil,14,B01N4TIRMC,Valvoline Full Synthetic High Mileage with MaxLife Technology SAE 0W-20 Motor Oil 5 QT (Packaging May Vary),E,TP,10,1.0,1.0,1.0,13409.03
605,0w20 synthetic oil,14,B07MLXF2CF,"Shell Rotella Gas Truck Full Synthetic 0W-20 Motor Oil for Pickups and SUVs (5-Quart, Pack of 1)",E,TP,11,1.0,1.0,1.0,13409.03
605,0w20 synthetic oil,14,B00EMHUL0G,"Pennzoil Platinum Full Synthetic 0W-20 Motor Oil (1-Quart, Single)",E,TP,12,1.0,1.0,1.0,13409.03
605,0w20 synthetic oil,14,B01N6P6CNC,"Mobil 1 0W-20 Advanced Fuel Economy Full Synthetic Motor Oil, 5 qt. 2 Pack",E,TP,13,1.0,1.0,1.0,13409.03
605,0w20 synthetic oil,14,B005SEK9IQ,"Royal Purple 51020 API-Licensed SAE 0W-20 High Performance Synthetic Motor Oil, 5 Quart",E,TP,14,1.0,1.0,1.0,13409.03
606,0zo not bit,4,B07M9ZF35W,"LEXIVON Torx Bit Socket Set, Premium S2 Alloy Steel | 13-Piece Star T8 - T60 Set | Enhanced Storage Case (LX-143)",I,FP,1,0.0,0.0,0.0,12435.16
606,0zo not bit,4,B00GMXFK3G,"DEWALT Screwdriver Bit Set, Impact Ready, FlexTorq, 40-Piece (DWA2T40IR)",I,FP,2,0.0,0.0,0.0,12435.16
606,0zo not bit,4,B074R2SXBM,"Jackson Palmer 218 Piece Ultimate Screwdriver Bit Set, High Grade Carbon Steel, Includes Hard-to-Find Security Bits",I,FP,3,0.0,0.0,0.0,12435.16
606,0zo not bit,4,B07Q21RPS2,"HORUSDY 14-Piece Tamper Resistant Star Bits, S2 Alloy Steel, T5 - T40 Security Torx Bit Set (14-Piece)",I,FP,4,0.0,0.0,0.0,12435.16
606,0zo not bit,4,B07GXJZVQW,"Early Buy Sticky Notes 6 Bright Color 6 Pads Self-Stick Notes 3 in x 3 in, 100 Sheets/Pad",E,FN,,0.0,0.0,0.0,12435.16
606,0zo not bit,4,B00168CPYO,"Post-it Mini Notes, 1.5x2 in, 24 Pads, America's #1 Favorite Sticky Notes, Marseille Collection, Pastel Colors (Blue, Pink, Mint, Yellow), Recyclable (653-24A",E,FN,,0.0,0.0,0.0,12435.16
606,0zo not bit,4,B07MZK68FZ,"Ruled Notebook/Journal – Premium Thick Paper Faux Leather Classic Writing Notebook, Black, Hard Cover, Lined (5.4 x 8.3)",E,FN,,0.0,0.0,0.0,12435.16
606,0zo not bit,4,B08DRQRBVH,"Hasbro Gaming Yahtzee Jr.: Disney Princess Edition Board Game for Kids Ages 4 and Up, for 2-4 Players, Counting and Matching Game for Preschoolers (Amazon Exclusive)",E,FN,,0.0,0.0,0.0,12435.16
610,1 & 1/4pvp water suction hose without couplings,1,B000X05G1A,"Superior Pump 91250 1/4 HP Thermoplastic Utility Pump, Black",I,FP,1,0.0,0.0,0.0,12205.74
610,1 & 1/4pvp water suction hose without couplings,1,B07FCFWGMP,"WaterAce WA62UP Drill Pump, Black",E,FN,,0.0,0.0,0.0,12205.74
613,1 / 6 bjd clothing not include doll,21,B07Z1C5TD9,Studio one Black Cropped Trousers Fashion Casual Pants Cloth for 1/3 BJD Doll 55-60 cm Doll,I,FP,1,0.8095,0.8095,0.8095,14410.41
613,1 / 6 bjd clothing not include doll,21,B08SMJWX5L,"Lembani 10 Sets Mini Princess Doll Clothes for 6 inch Girl Dolls Party Outfits,Doll Accessories Shoes Bag Necklace Crown Kids Gifts",E,TP,2,0.8095,0.8095,0.8095,14410.41
613,1 / 6 bjd clothing not include doll,21,B0865Y994B,Studio one 3 pcs Lovely White Set Underwear Cloth for 1/3 BJD Doll 55-60 cm Doll,I,FP,3,0.8095,0.8095,0.8095,14410.41
613,1 / 6 bjd clothing not include doll,21,B08VDZY4CX,"ZDD Cute BJD Girl Dolls Clothes, Cute Kindergarten Set Daily Simple SD Doll Dress Up (Do Not Include Doll),1/6",E,TP,4,0.8095,0.8095,0.8095,14410.41
613,1 / 6 bjd clothing not include doll,21,B07DLPM86K,EuTengHao 123Pcs Clothes and Accessories for 11.5 Inch Dolls Contain 13 Party Gown Outfits Dresses for 11.5 Inch Doll Handmade Doll Wedding Dresses and 108Pcs Doll Accessories for 11.5 Inch Girl Doll,E,TP,5,0.8095,0.8095,0.8095,14410.41
613,1 / 6 bjd clothing not include doll,21,B07ZZ3FKWY,"Miunana 125 pcs Doll Fashion Clothes Set for 11.5 inch Doll, Include 13 Random Skirt + 2 Wedding Party Banquet Dress + 110 Doll Accessories Shoes Bags Necklace Bicycle ect. (Not Include Doll)",E,TP,6,0.8095,0.8095,0.8095,14410.41
613,1 / 6 bjd clothing not include doll,21,B089QPN9S2,"YILIAN BJD Boy Doll Clothes Wave Point Shirt + Strap Pants for 1/3 1/4 1/6 SD BJD Dolls - Not Include Dolls,1/6",E,TP,7,0.8095,0.8095,0.8095,14410.41
613,1 / 6 bjd clothing not include doll,21,B07T9Z5TXH,"SOTOGO 33 Pieces Doll Clothes and Accessories for 11.5 Inch Girl Boy Doll Wedding Playset Include 12 Sets Doll Groom Suit/Wedding Dress/Casual Wearing Clothes, 8 Pairs Shoes and Doll Accessories",E,TP,8,0.8095,0.8095,0.8095,14410.41
613,1 / 6 bjd clothing not include doll,21,B08N1DS5VR,"leoglint Blythe Doll Clothes, Shirt and Pants Clothing for Blythe Doll 1/6 30 cm Bjd Dolls Azone ICY Licca Doll",E,TP,9,0.8095,0.8095,0.8095,14410.41
613,1 / 6 bjd clothing not include doll,21,B08XWWRCQ1,"ZDD 2Pcs Set Denim Skirt Girl Doll 1/6 1/4 Clothes Accessories, fit Doll Cosplay Party Dress Up (Only Clothes, Not Include Doll),1/6",E,TP,10,0.8095,0.8095,0.8095,14410.41
613,1 / 6 bjd clothing not include doll,21,B07TJNPV76,BARWA 36 Pack Doll Clothes and Accessories 5 PCS Fashion Dresses 5 Tops 5 Pants Outfits 3 PCS Wedding Gown Dresses 3 Sets Swimsuits Bikini for 10 Hangers 10shoes 11.5 inch Doll,E,TP,11,0.8095,0.8095,0.8095,14410.41
613,1 / 6 bjd clothing not include doll,21,B08SQDFQVY,"MEESock 1/6 1/4 1/3 BJD Clothes Accessory European Style Vintage Dress for SD Girl Doll, Gift Kids Toy(Do Not Include Doll),1/6",E,TP,12,0.8095,0.8095,0.8095,14410.41
613,1 / 6 bjd clothing not include doll,21,B07L5NHPGW,UUsave 4 Sets Handmade Doll Outfits Set + 10 Pairs Doll Shoes + 1 Pair Stocking Fashion Casual Wear Clothes 1/6 Doll Clothing Replacement for 11.5 inch Doll,E,TP,13,0.8095,0.8095,0.8095,14410.41
613,1 / 6 bjd clothing not include doll,21,B078RHCH6K,MonkeyJack 1/6 Black Long Sleeve T-shirt Top Clothes Accessory For 12'' Male Action Figure,E,TP,14,0.8095,0.8095,0.8095,14410.41
613,1 / 6 bjd clothing not include doll,21,B09B3WSQMW,"4pcs Fashion Pink Tight Dress Suit for 1/3 1/4 1/6 BJD Dolls (Not Included Doll),1/6",E,TP,15,0.8095,0.8095,0.8095,14410.41
613,1 / 6 bjd clothing not include doll,21,B086PB2P3D,Tongina Dress Short Dress for 12inch Doll Clothes Outfit 1/6 Doll Accessories,E,TP,16,0.8095,0.8095,0.8095,14410.41
613,1 / 6 bjd clothing not include doll,21,B07J4TLH1L,"Doll Clothes, 5 Outfits Autumn Dresses Windbreaker Hat for 11.5 Inch Dolls Accessories Random Style",E,TP,17,0.8095,0.8095,0.8095,14410.41
613,1 / 6 bjd clothing not include doll,21,B074RG49SW,Dovewill Cute Short Sleeve Long T-Shirt Clothing Outfit FIT FOR 1/3 BJD SD LUTS Dolls White,I,FP,18,0.8095,0.8095,0.8095,14410.41
613,1 / 6 bjd clothing not include doll,21,B07FKBNM88,"ICY Fortune Days Original Doll Clohtes Outfit, Striped T-Shirt(Black) and Short Dungarees(Black or Blue), Doll Dress Up for 1/6 12inch Blythe Doll or ICY Doll- Fortune Days",E,TP,19,0.8095,0.8095,0.8095,14410.41
613,1 / 6 bjd clothing not include doll,21,B08XVRW4NM,Lembani 10Pcs Fashion Mini Petite Princess Doll Clothes Dress Outfits for 6inch Mini Girl Dolls Dress up Accessory Girl Birthday Gifts,S,FP,20,0.8095,0.8095,0.8095,14410.41
613,1 / 6 bjd clothing not include doll,21,B08SMKLXPC,"10 Pieces Set Mini Doll Clothes for 6 inch Dolls Party Grown Outfits,Doll Accessories Shoes Bag Necklace Kids Girl Gifts",E,TP,21,0.8095,0.8095,0.8095,14410.41
613,1 / 6 bjd clothing not include doll,21,B08QGFY5KF,"leoglint Blythe Doll Clothes, Stocking Socks Clothing for Blythe Doll 30 cm 1/6 Bjd Dolls Azone ICY Licca Doll 5 Pairs (Series 1)",E,FN,,0.8095,0.8095,0.8095,14410.41
613,1 / 6 bjd clothing not include doll,21,B07Y28GCRZ,"21 Pcs 18 inch Doll Clothes and Accessories fit American 18'' Girl Dolls - Including 10 Complete Set of American Doll Clothes Outfits with Unicorn Hair Clips, Hair Bands, Underwear",E,FN,,0.8095,0.8095,0.8095,14410.41
613,1 / 6 bjd clothing not include doll,21,B07FLHJSYP,HSOMiD 12'' Artists Wooden Manikin Jointed Mannequin Perfect for Home Decoration/Drawing The Human Figure (A),E,FN,,0.8095,0.8095,0.8095,14410.41
613,1 / 6 bjd clothing not include doll,21,B08GS2RQPX,Studio one Red Long Coat with Black -White Striped t-Shirt and Short Leather Pant Clothes for 1/3 BJD Doll 55-60 cm Doll,E,FN,,0.8095,0.8095,0.8095,14410.41
620,1 1/2 leather belts without buckle,12,B07KS51359,"Vatee's Reversible Genuine Leather Belts For Men/Women Replacement Belt Strap Without Buckle 1.5""(38mm) Wide 45""(115cm) Long Black & Earth Yellow",E,TP,1,0.8333,0.8333,0.8333,13597.16
620,1 1/2 leather belts without buckle,12,B085HSRQ6V,Vatee's Reversible Genuine Leather Belts without Buckle For Men/Women Replacement Belt Strap 29mm Wide 110cm Long Black & Red,E,TP,2,0.8333,0.8333,0.8333,13597.16
620,1 1/2 leather belts without buckle,12,B014QROIGO,"Belt for buckle men Snap on Strap Full Grain One Piece Leather no buckle,1 1/2"" Wide, Made in USA, Black size 38",E,TP,3,0.8333,0.8333,0.8333,13597.16
620,1 1/2 leather belts without buckle,12,B07YLJ87NJ,"HJONES Men’s Replacement Belt Strap, Men's Leather Belt for Belt Buckle with Silver Snap On Belt Without Buckle 1 1/2” Wide (Brown, 34)…",E,TP,4,0.8333,0.8333,0.8333,13597.16
620,1 1/2 leather belts without buckle,12,B07R1XW8QZ,"Belts for Men, Italian Cow Leather Dress Belt for Jeans 1 1/2"" inch, Black, 110",S,FP,5,0.8333,0.8333,0.8333,13597.16
620,1 1/2 leather belts without buckle,12,B01B9P7PL6,"1 1/2"" Stitched Heavy Duty Leather Gun Belt Brown 42",S,FP,6,0.8333,0.8333,0.8333,13597.16
620,1 1/2 leather belts without buckle,12,B07SR9TRRJ,"Vatee's Women's/Men's Real Leather Replacement Belt Strap No Buckle 1 1/2""(38mm) Wide 45"" Long Black",E,TP,7,0.8333,0.8333,0.8333,13597.16
620,1 1/2 leather belts without buckle,12,B01M0RL7U4,Gelante Genuine Full Grain Leather Belt Strap without Belt Buckle G2016-BK-M,E,TP,8,0.8333,0.8333,0.8333,13597.16
620,1 1/2 leather belts without buckle,12,B0957HRLRD,"Full Grain Leather Belts for Men, Chaoren 100% One-Piece Genuine Leather Belt 1 1/2"", Vintage Distressed Style Snap Belt (Belt for Belt Buckle)",E,TP,9,0.8333,0.8333,0.8333,13597.16
620,1 1/2 leather belts without buckle,12,B07KS4NSY3,"Vatee's Men Reversible Genuine Leather Replacement Belt Strap 1 1/2""(38mm) Wide 41"" Long Black",E,TP,10,0.8333,0.8333,0.8333,13597.16
620,1 1/2 leather belts without buckle,12,B07R76Z34R,"Mens Belt No Buckle,White Ratchet Leather Belt Business Wedding Cowhide Belt Adjustable(White,51.2'')",E,TP,11,0.8333,0.8333,0.8333,13597.16
620,1 1/2 leather belts without buckle,12,B07G3HQZHD,"Falari Replacement Genuine Leather Belt Strap Without Buckle Snap on Strap 1.5"" Wide 8005-BLACK-34",E,TP,12,0.8333,0.8333,0.8333,13597.16
620,1 1/2 leather belts without buckle,12,B01N2HY2XU,"WERFORU Women Casual Dress Belt Genuine Leather Belt with Round Buckle,Black,Suit Pant Size 29-34 inches",E,FN,,0.8333,0.8333,0.8333,13597.16
620,1 1/2 leather belts without buckle,12,B0077IJT8C,"Carhartt Women's Standard, Casual Rugged Belts, Available in Multiple Styles, Colors & Sizes, Bridle Leather Debossed Keeper (Brown), Small",E,FN,,0.8333,0.8333,0.8333,13597.16
622,1 1/2 sink drain without overflow,26,B07HLPNR9Z,"BATHLAVISH Bathroom Faucet Vessel Vanity Sink Pop up Drain Stopper without Overflow Oil Rubbed Bronze Fits Bathroom Standard Sink Hole 1-1/2"" to 1-3/4""",I,FP,1,0.7692,0.7692,0.7692,14525.12
622,1 1/2 sink drain without overflow,26,B07S5KMF7P,"Bathroom Vanity Lavatory Basin Vessel Sink Pop Up Sink Drain without Overflow, Chrome",I,FP,2,0.7692,0.7692,0.7692,14525.12
622,1 1/2 sink drain without overflow,26,B007B5QPJW,"Decor Star PU-003-TC 1 1/2"" Bathroom Faucet Vessel Vanity Sink Pop Up Drain Stopper Without Overflow Chrome",E,TP,3,0.7692,0.7692,0.7692,14525.12
622,1 1/2 sink drain without overflow,26,B07QXQG73M,"7Trees Bathroom Faucet Vessel Vanity Sink Pop Up Drain Stopper Assembly Without Overflow, Oil Rubbed Bronze",E,TP,4,0.7692,0.7692,0.7692,14525.12
622,1 1/2 sink drain without overflow,26,B07Q6V1DFR,"REGALMIX Pop Up Drain, Bathroom Faucet Vessel Vanity Sink Drain Stopper, Built-In Anti-Clogging Strainer, Polished Chrome without Overflow,Fits Standard American Drain Hole(1-1/2"" to 1-3/4"") R085A-CP…",E,TP,5,0.7692,0.7692,0.7692,14525.12
622,1 1/2 sink drain without overflow,26,B01CNNH6LM,"Yodel Bathroom Sink Drain Stopper Pop up Drain Without Overflow for Vessel Sink Lavatory Vanity,Chrome",E,TP,6,0.7692,0.7692,0.7692,14525.12
622,1 1/2 sink drain without overflow,26,B00K1IP420,"Luxier DS03-TO 1 1/2"" Bathroom Faucet Vessel Vanity Sink Pop Up Drain Stopper Without Overflow Oil Rubbed Bronze",E,TP,7,0.7692,0.7692,0.7692,14525.12
622,1 1/2 sink drain without overflow,26,B00JKRVI4Q,"Luxier DS05-TB 1 1/2"" Bathroom Faucet Vessel Vanity Sink Grid Drain Stopper Strainer Without Overflow Brushed Nickel",E,TP,8,0.7692,0.7692,0.7692,14525.12
622,1 1/2 sink drain without overflow,26,B007B5PGA6,"Decor Star PU-003-TB 1 1/2"" Bathroom Faucet Vessel Vanity Sink Pop Up Drain Stopper Without Overflow Brushed Nickel",E,TP,9,0.7692,0.7692,0.7692,14525.12
622,1 1/2 sink drain without overflow,26,B072KMXDPQ,"Greenspring Bathroom Sink Drain Without Overflow 1 5/8"" Pop Up Drain Stopper Assembly Vessel Vanity Sink Lavatory Commercial Bath Brass Chrome",S,FP,10,0.7692,0.7692,0.7692,14525.12
622,1 1/2 sink drain without overflow,26,B07M7RBQ7T,"Kingston Brass EV7007 Push Pop-Up Drain without Overflow, Brushed Brass",E,TP,11,0.7692,0.7692,0.7692,14525.12
622,1 1/2 sink drain without overflow,26,B01A80Z5ZQ,"Aquafaucet Vessel Sink Drain 1 5/8"" Bathroom Faucet Pop-up Drain Assembly Stopper Without Overflow Sink Drain Brushed Nickel",E,TP,12,0.7692,0.7692,0.7692,14525.12
622,1 1/2 sink drain without overflow,26,B07S31S21B,"Decor Star PU-005-TM 1 1/2"" Bathroom Faucet Vessel Vanity Sink Grid Drain Stopper Strainer Without Overflow Matte Black",E,TP,13,0.7692,0.7692,0.7692,14525.12
622,1 1/2 sink drain without overflow,26,B01N4N7LXN,"PF WaterWorks PF0324-CH-GR-NO ClogFREE Patented Never Clog Bathroom Sink/Lavatory Pop-Up Drain | Easy Remove Magnetic Stopper Without Overflow | CUPC Listed |, Gray ABS Body, Chrome",E,TP,14,0.7692,0.7692,0.7692,14525.12
622,1 1/2 sink drain without overflow,26,B002QCPQ4U,"Decor Star PU-001-TC 1 5/8"" Bathroom Faucet Vessel Vanity Sink Pop Up Drain Stopper Without Overflow Chrome",S,FP,15,0.7692,0.7692,0.7692,14525.12
622,1 1/2 sink drain without overflow,26,B07V5VTZSS,"Purelux Pop up Drain Stopper for Bathroom Sink Vessel or Vanity Sink Without Overflow, Matte Black Finish Spring Pop-Up Drain",E,TP,16,0.7692,0.7692,0.7692,14525.12
622,1 1/2 sink drain without overflow,26,B00VWIR0A2,"KES Bathroom Sink Drain without Overflow Vessel Sink Lavatory Vanity Pop Up Drain Stopper Oil Rubbed Bronze Finish, S2008D-ORB",S,FP,17,0.7692,0.7692,0.7692,14525.12
622,1 1/2 sink drain without overflow,26,B08JBYRD3H,"TNOMS Bathroom Sink Drain with Strainer Basket Hair Catcher Brushed Nickel Pop Up Drain Stopper Vanity Vessel Sink without Overflow,XSQ-BR-A",E,TP,18,0.7692,0.7692,0.7692,14525.12
622,1 1/2 sink drain without overflow,26,B07S5ZVKW5,Black Lavatory Vessel Bathroom Vanity Faucet Pop Up Drain Stopper without Overflow,E,TP,19,0.7692,0.7692,0.7692,14525.12
622,1 1/2 sink drain without overflow,26,B07JQB3BFZ,"Era 1 5/8"" Bathroom Faucet Vessel Vanity Sink Pop up Drain Stopper Oil Rubbed Bronze Without Overflow",S,FP,20,0.7692,0.7692,0.7692,14525.12
622,1 1/2 sink drain without overflow,26,B07MNLSZ5N,"RANDOM Bathroom Faucet Vessel Vanity Sink Pop Up Drain Stopper without Overflow, Brushed Gold(Pop Up Drain Brushed Gold)",E,TP,21,0.7692,0.7692,0.7692,14525.12
622,1 1/2 sink drain without overflow,26,B00S5SRIO0,"Aquaterior Decor 1 1/2"" Bathroom Faucet Vessel Vanity Sink Pop Up Drain Stopper Without Overflow Antique Copper",E,TP,22,0.7692,0.7692,0.7692,14525.12
622,1 1/2 sink drain without overflow,26,B06XY2HPQY,"KES Pop Up Drain Stopper for Bathroom Vessel Vanity Sink without Overflow, Brushed Nickel S2007D-BN",E,TP,23,0.7692,0.7692,0.7692,14525.12
622,1 1/2 sink drain without overflow,26,B072LYZC8Q,1 1/2 Inches Bathroom Faucet Vessel Vanity Pop-Up Sink Drain Hole Stopper Chrome Finish Without Overflow for Home Commercial Spa Restaurant Hotel,E,TP,24,0.7692,0.7692,0.7692,14525.12
622,1 1/2 sink drain without overflow,26,B08YDL7WPW,"ESFORT Pop Up Drain, Bathroom Sink Drain Stopper without Overflow, Oil Rubbed Bronze, Fits Drain Hole 1-1/2"" to 1-3/4""",E,TP,25,0.7692,0.7692,0.7692,14525.12
622,1 1/2 sink drain without overflow,26,B01A9GHXGS,"Decor Star PU-003-TO-V2 1 1/2"" Bathroom Faucet Vessel Vanity Sink Pop Up Drain Stopper Without Overflow Oil Rubbed Bronze",E,TP,26,0.7692,0.7692,0.7692,14525.12
622,1 1/2 sink drain without overflow,26,B00JV9NY54,"Luxier DS03-TB 1 1/2"" Bathroom Faucet Vessel Vanity Sink Pop Up Drain Stopper Without Overflow Brushed Nickel",E,FN,,0.7692,0.7692,0.7692,14525.12
622,1 1/2 sink drain without overflow,26,B07DN4T7T6,"Bathfinesse Bathroom Faucet Vessel Vanity Sink Pop up Drain Stopper without Overflow Brass Fits Standard Bathroom Sink Hole 1-1/2"" to 1-3/4"" Brushed Nickel",E,FN,,0.7692,0.7692,0.7692,14525.12
622,1 1/2 sink drain without overflow,26,B07F1G9FHL,"REGALMIX Bathroom Sink Drain, Vessel Sink Pop Up Drain With Detachable Basket Stopper,Anti-Explosion And Anti-Clogging Drain Strainer, Sink Drain Assembly Without Overflow Polished Chrome, RWF082A.",E,FN,,0.7692,0.7692,0.7692,14525.12
622,1 1/2 sink drain without overflow,26,B07TP9FB7W,"BESTILL Bathroom Vessel Sink Drain Stopper, Push Pop Up Drain Without Overflow, Matte Black",E,FN,,0.7692,0.7692,0.7692,14525.12
622,1 1/2 sink drain without overflow,26,B07B2YQLBL,"Oil Rubbed Bronze Pop Up Drain, Bathroom Vessel Lavatory Vanity Faucet Sink Drain Stopper, ORB without Overflow",E,FN,,0.7692,0.7692,0.7692,14525.12
622,1 1/2 sink drain without overflow,26,B07HQML4H9,Flybath Sink Drain Brass Oil Rubbed Bronze Finish Bathroom Faucet Small Pop Up Vessel Basin Sink Drain Stopper Without Overflow,E,FN,,0.7692,0.7692,0.7692,14525.12
628,1 1/4 leather belt without buckle full grain,21,B07S383DCW,The Classic Leather Everyday Belt | Made in USA | Full Grain Leather,S,FP,1,0.619,0.619,0.619,13768.6
628,1 1/4 leather belt without buckle full grain,21,B089K94X19,Barry.Wang White Leather Belt Strap Ratchet Buckle No Holes Wedding Dress Waist Girdle 51inches Long,E,TP,2,0.619,0.619,0.619,13768.6
628,1 1/4 leather belt without buckle full grain,21,B01M01U4PC,"3840002 One Piece Genuine Full Grain Vintage Distressed Leather Belt Strap 1-1/2""(38mm) Wide Brown, 36",S,FP,3,0.619,0.619,0.619,13768.6
628,1 1/4 leather belt without buckle full grain,21,B07TY2TT4M,"Vermont Men's Jean Casual Leather Brown Belt 1 1/4"" Wide (GUN, 30)",I,FP,4,0.619,0.619,0.619,13768.6
628,1 1/4 leather belt without buckle full grain,21,B07R76Z34R,"Mens Belt No Buckle,White Ratchet Leather Belt Business Wedding Cowhide Belt Adjustable(White,51.2'')",E,TP,5,0.619,0.619,0.619,13768.6
628,1 1/4 leather belt without buckle full grain,21,B0844K96WV,"Marino Avenue Men’s Genuine Leather Ratchet Dress Belt with Linxx Buckle - Gift Box - Open Grid - Black - Adjustable from 48"" to 64"" Waist",E,TP,6,0.619,0.619,0.619,13768.6
628,1 1/4 leather belt without buckle full grain,21,B085L9LK4R,"Vatee's Reversible Genuine Leather Belts For Men/Women Replacement Belt Strap Without Buckle 1.25""(32mm) Wide 39""(100cm) Long Black & Orange",E,TP,7,0.619,0.619,0.619,13768.6
628,1 1/4 leather belt without buckle full grain,21,B078ZVRFBM,"Men's Genuine Leather Dress Belt without Buckle Ratchet Belt 51""Length 1 3/8"" wide",E,TP,8,0.619,0.619,0.619,13768.6
628,1 1/4 leather belt without buckle full grain,21,B00MCW8P92,"Timberland Men's 35Mm Classic Jean Belt, Brown, 36",S,FP,9,0.619,0.619,0.619,13768.6
628,1 1/4 leather belt without buckle full grain,21,B07HHGPYNM,"1 1/4"" Stitched Leather Belt, Heavy Duty Work Belt, 100% Full Grain Leather (Black, 42)",S,FP,10,0.619,0.619,0.619,13768.6
628,1 1/4 leather belt without buckle full grain,21,B07JGPF4V9,"CHAOREN Ratchet Belt Strap Only 1 1/4”, Replacement Leather Belt 1.25"" without Buckle",E,TP,11,0.619,0.619,0.619,13768.6
628,1 1/4 leather belt without buckle full grain,21,B07BS39QSG,Falari Full Grain Braided Belt Strap Without Buckle 34mm Strap Fit 35mm Buckle 8007-BRN-XL,E,TP,12,0.619,0.619,0.619,13768.6
628,1 1/4 leather belt without buckle full grain,21,B07SQ8HTPF,"Vatee's Women's/Men's Real Leather Replacement Belt Strap No Buckle 1 1/4""(32mm) Wide 43"" Long Earth Yellow",E,TP,13,0.619,0.619,0.619,13768.6
628,1 1/4 leather belt without buckle full grain,21,B072MDJX3G,"Uroruns Men's Real Leather 1 3/8inch Ratchet Sliding Replacment Belts Straps For Men No Buckle Big andTall, Black, Up to 54"" Waist / Belt:150cm",E,TP,14,0.619,0.619,0.619,13768.6
628,1 1/4 leather belt without buckle full grain,21,B072LP46GK,"Mens Casual Belt Leather, Super Soft Full Grain Leather Comfort Belt, Black, Size 36 (Waist 34)",S,FP,15,0.619,0.619,0.619,13768.6
628,1 1/4 leather belt without buckle full grain,21,B00O19RYE6,"Made in the USA One Piece Full Genuine Leather Belt Strap - 1-1/4"" (32MM) Wide (Black, 34)",E,TP,16,0.619,0.619,0.619,13768.6
628,1 1/4 leather belt without buckle full grain,21,B07PPPPFDK,"Mens Leather Ratchet Belt Strap Only 1 3/8” without Buckle (28""-42"" Waist Adjustable, Black leather -106)",E,TP,17,0.619,0.619,0.619,13768.6
628,1 1/4 leather belt without buckle full grain,21,B07W91SXSB,"Mens Leather belt Full Grain One Piece Vintage Distressed Style Snap on Strap for Interchangeable Buckles, 1 .25"" Wide, ATEO TAN,size 36,1043",S,FP,18,0.619,0.619,0.619,13768.6
628,1 1/4 leather belt without buckle full grain,21,B01MXPFNU2,"NPET Mens Leather Belt Full Grain Vintage Distressed Style Snap on Strap 1 1/2"" Wide Coffee 32""-34""",E,TP,19,0.619,0.619,0.619,13768.6
628,1 1/4 leather belt without buckle full grain,21,B014QROIGO,"Belt for buckle men Snap on Strap Full Grain One Piece Leather no buckle,1 1/2"" Wide, Made in USA, Black size 38",S,FP,20,0.619,0.619,0.619,13768.6
628,1 1/4 leather belt without buckle full grain,21,B00LNKAQOQ,"100% One-Piece Full Grain Leather Belt Strap with No Slot Hole 1 1/2"" Wide (Brown, 36)",E,TP,21,0.619,0.619,0.619,13768.6
628,1 1/4 leather belt without buckle full grain,21,B00SU52QO0,"BS304 Genuine Full Grain Vintage Leather Belt Strap with Snaps on 1-1/2""(38mm) wide (Tan, 38)",E,FN,,0.619,0.619,0.619,13768.6
628,1 1/4 leather belt without buckle full grain,21,B084PB28BP,"JASGOOD Leather belt Strap for Men,Black Snap Leather Belt No Buckle,Black without buckle,Suit for pant size 34-39 Inches",E,FN,,0.619,0.619,0.619,13768.6
628,1 1/4 leather belt without buckle full grain,21,B01M0RL7U4,Gelante Genuine Full Grain Leather Belt Strap without Belt Buckle G2016-BK-M,E,FN,,0.619,0.619,0.619,13768.6
628,1 1/4 leather belt without buckle full grain,21,B07TZ9DNNN,Falari Replacement Genuine Leather Dress Belt Strap Without Buckle Snap on Strap 33mm fit 35mm Buckle - Black - M,E,FN,,0.619,0.619,0.619,13768.6
628,1 1/4 leather belt without buckle full grain,21,B0756MXKHV,Falari Full Grain Belt Strap Without Buckle 35mm Strap ONLY 8002-DBN-XL44,E,FN,,0.619,0.619,0.619,13768.6
628,1 1/4 leather belt without buckle full grain,21,B07ZT8ZVCX,"Vatee's Women's Reversible Real Leather Replacement Belt Strap without Buckle 1""/25mm Wide Adjustable 43"" Long White/Black",E,FN,,0.619,0.619,0.619,13768.6
628,1 1/4 leather belt without buckle full grain,21,B07M9Y2CT1,"Vatee's Men's Adjustable Replacement Belt Strap Without Buckle Top Grain Genuine Leather 1.5""(38mm) Wide 49"" Long",E,FN,,0.619,0.619,0.619,13768.6
628,1 1/4 leather belt without buckle full grain,21,B07F3N2FZY,"1 1/4"" Snap On Embossed Floral Leaf Perforated Vintage Soft Cowhide Full Grain Thick Leather Casual Jean Belt, Brown | 30""",E,FN,,0.619,0.619,0.619,13768.6
632,1 1/4 receiver,11,B002YEFQFO,"CURT 45000 Class 2 Trailer Hitch Ball Mount, Fits 1-1/4-Inch Receiver, 3,500 lbs, 3/4-Inch Hole, 3-7/8-Inch Rise",E,TP,1,0.9091,0.9091,0.9091,12635.09
632,1 1/4 receiver,11,B07R4YD16B,MICTUNING 2 inches Class III/IV to 1-1/4 inches Class I/II Receiver Hitch Adapter Insert Sleeve Mount Adapter - 2 inches to 1.25 inches Receiver Reducer Converter for Bike Rack and Cargo Carriers,E,TP,2,0.9091,0.9091,0.9091,12635.09
632,1 1/4 receiver,11,B07JLZZJJ9,LFPartS 1/2 Inches Diameter Stainless Steel Trailer Hitch Pin Keeper Grip Clip Kit Fits 1 1/4 Receiver,E,TP,3,0.9091,0.9091,0.9091,12635.09
632,1 1/4 receiver,11,B07BN2KKHK,"Black Boar ATV/UTV Mount with Hitch Winch Strap Loop (2"" Ball 1 1/4"" Shank) (66024)",E,TP,4,0.9091,0.9091,0.9091,12635.09
632,1 1/4 receiver,11,B008CE09N4,MaxxHaul 70032 1-1/4 inches to 2 inches Hitch Adaptor,C,FP,5,0.9091,0.9091,0.9091,12635.09
632,1 1/4 receiver,11,B003AT49S2,"CURT 45015 Class 2 Trailer Hitch Ball Mount, Fits 1-1/4-Inch Receiver, 3,500 lbs, 3/4-Inch Hole, 5-Inch Rise",E,TP,6,0.9091,0.9091,0.9091,12635.09
632,1 1/4 receiver,11,B003AT19HQ,"CURT 45014 Class 2 Trailer Hitch Ball Mount, Fits 1-1/4-Inch Receiver, 3,500 lbs, 3/4-Inch Hole, 5-Inch Rise",E,TP,7,0.9091,0.9091,0.9091,12635.09
632,1 1/4 receiver,11,B075GHG431,BougeRV 1 1/4 Inch (1.25 Inch) Trailer Hitch Cover Plug Insert Rubber Hitch Plug Fits 1.25 Inch Receivers for Subaru Jeep,E,TP,8,0.9091,0.9091,0.9091,12635.09
632,1 1/4 receiver,11,B001IH8Q0A,"Reese Towpower 7020500 1-1/4"" to 2"" Receiver Adapter - 6"" Long",E,TP,9,0.9091,0.9091,0.9091,12635.09
632,1 1/4 receiver,11,B001GN1F6S,CURT 49506 1-1/4-Inch x 6-Inch Weld-On Raw Steel Trailer Hitch Receiver Tube,E,TP,10,0.9091,0.9091,0.9091,12635.09
632,1 1/4 receiver,11,B0049CHYGS,"CURT 45028 Class 1 Trailer Hitch Ball Mount, Fits 1-1/4-Inch Receiver, 2,000 lbs, 3/4-Inch Hole, 6-Inch Drop, 4-5/8-Inch Rise",E,TP,11,0.9091,0.9091,0.9091,12635.09
632,1 1/4 receiver,11,B07J5G6SLS,"LFPartS from 2"" to 1-1/4"" Metal Trailer Receiver Hitch Adapter Converter for and Cargo Carriers from 2 inches to 1.25 inches with Anti-Rattle No Wobble Stainless Steel Hitch Pin Bolt Kit",E,FN,,0.9091,0.9091,0.9091,12635.09
637,1 1/4” npt,13,B0087UYDPS,"Winters Instruments - PFQ804R1 -804R1 PFQ Series Stainless Steel 304 Single Scale Liquid Filled Pressure Gauge with Brass Internals, 0-100 psi, 2-1/2"" Dial Display, +/-1.5% Accuracy, 1/4"" NPT Bottom Mount",C,FP,1,0.7692,0.7692,0.7692,13121.04
637,1 1/4” npt,13,B07F9JYRBY,"Nigo Industrial Co. Brass Pipe Fitting, Hex Bushing Reducer, Nominal Pipe Size: 1/2"" NPT Male x 1/4"" NPT Female",E,TP,2,0.7692,0.7692,0.7692,13121.04
637,1 1/4” npt,13,B07Y1PF49S,"AIICIOO Full Port Ball Valve 2PC Stainless Steel Female Shut Off Valve with Blue Vinyl Handle for Water Oil Gas 1 1/4"" NPT(1.25 Inch)",E,TP,3,0.7692,0.7692,0.7692,13121.04
637,1 1/4” npt,13,B01EV4TV64,"1 1/4"" NPT Thread Plug gage 100% Checked Ship by FedEx Delivery in 4 Days",E,TP,4,0.7692,0.7692,0.7692,13121.04
637,1 1/4” npt,13,B08D6BHWQP,"Minimprover 20 PCS Solid Brass Pipe Fitting and Air Hose End Fitings,1/4"" NPT Male to 1/4"" Barb,Hose Barb Thread Pipe Adapter",E,TP,5,0.7692,0.7692,0.7692,13121.04
637,1 1/4” npt,13,B07B7PL8SW,"Drill America DWTPT1/4-1-1/4SET 6 Piece NPT Pipe Tap Set in Wooden Case (1/4"", 3/8"", 1/2"", 3/4"", 1"" and 1-1/4""), Carbon Steel, DWT Series, Uncoated (Bright), Small",S,FP,6,0.7692,0.7692,0.7692,13121.04
637,1 1/4” npt,13,B07N8SHSJQ,"Nigo Industrial Co. Brass Hose Fitting, Connector (1/4"" Barb x 1/4"" NPT Female, 1)",E,TP,7,0.7692,0.7692,0.7692,13121.04
637,1 1/4” npt,13,B07D2HF7ZL,"EDGE INDUSTRIAL Brass REDUCING HEX Bushing 1"" Male NPT X 1/4"" Female NPT Fuel / AIR/ Water / Oil/ Gas WOG (Qty 01)",E,TP,8,0.7692,0.7692,0.7692,13121.04
637,1 1/4” npt,13,B07PBPB367,TAILONZ PNEUMATIC Male Straight 1/4 Inch Tube OD x 1/4 Inch NPT Thread Push to Connect Fitting PC-1/4-N2 (Pack of 10),E,TP,9,0.7692,0.7692,0.7692,13121.04
637,1 1/4” npt,13,B07SC7HJH6,"Nigo Brass Pipe Fitting, Forged Brass Tee, 3-Way, NPT Female X NPT Female X NPT Male (1, 1/4"" x 1/4"" x 1/4"")",E,TP,10,0.7692,0.7692,0.7692,13121.04
637,1 1/4” npt,13,B07STM6HGX,"TAILONZ PNEUMATIC 5-in-1 1/4 Inch NPT AR2000 Mini Pressure Regulator Kit for Compressed Air Systems, Adjust 0 to 140 Psi",S,FP,11,0.7692,0.7692,0.7692,13121.04
637,1 1/4” npt,13,B07GT4WP3K,"Flagpole Revolving Truck Single Pulley Heavy Duty 1 1/4"" NPT Spindle USA Made",E,TP,12,0.7692,0.7692,0.7692,13121.04
637,1 1/4” npt,13,B003TWP2IG,"Lead Free Pipe Fitting, Hex Bushing, 3/4"" NPT Male X 1/4"" NPT Female",E,TP,13,0.7692,0.7692,0.7692,13121.04
637,1 1/4” npt,13,B000FMYGIK,"Parker A-Lok 4MSC4N-316 316 Stainless Steel Tube Fitting, Adapter, 1/4"" Tube OD x 1/4"" NPT Male",E,FN,,0.7692,0.7692,0.7692,13121.04
637,1 1/4” npt,13,B07S2GH668,TAILONZ PNEUMATIC 3 Pack SL-1/4-N1 Push to Connect Air Line Fitting Air Flow Control Valve 1/4 Inch od 1/8 Inch Npt Elbow 90 Degree Air Speed Control Valve Fitting Push Lock,E,FN,,0.7692,0.7692,0.7692,13121.04
637,1 1/4” npt,13,B00N2SGBT6,"Supply Giant CSCV1000 1 in. Male X 1/4 in. Female NPT Lead Free Bushing, Fitting with Hexagonal Head, Brass Construction, Higher Corrosion Resistance Economical & Easy to Install, 19",E,FN,,0.7692,0.7692,0.7692,13121.04
638,1 1/4” sink drain without overflow,26,B07HQFT7GG,Gimify Bathroom Sink Bottle Trap & Pop Up Drain Waste Trap Drain Kit without Overflow for Wall Hung Sink Chrome 1-1/4'',E,TP,1,0.7308,0.7308,0.7308,14180.73
638,1 1/4” sink drain without overflow,26,B07MNLSZ5N,"RANDOM Bathroom Faucet Vessel Vanity Sink Pop Up Drain Stopper without Overflow, Brushed Gold(Pop Up Drain Brushed Gold)",E,TP,2,0.7308,0.7308,0.7308,14180.73
638,1 1/4” sink drain without overflow,26,B07B9B4GJR,Keeney K820-76 Universal Push Button Bathroom Sink Drain Without Overflow - Chrome,E,TP,3,0.7308,0.7308,0.7308,14180.73
638,1 1/4” sink drain without overflow,26,B08FSVTP2J,"MENATT Round P-Trap Waste Pipe Kit Assembly, Bottle Trap Deodorant Type with 1 1/4"" Pop-up Drain Stopper without overflow, Bathroom Sink Siphon Drainer Plumbing Tube Chrome Finished",E,TP,4,0.7308,0.7308,0.7308,14180.73
638,1 1/4” sink drain without overflow,26,B08JK541KM,Bathroom Sink Drain without Overflow with Strainer Basket Detachable Vessel Sink Lavatory Vanity Pop Up Drain Stopper Polished Chrome,E,TP,5,0.7308,0.7308,0.7308,14180.73
638,1 1/4” sink drain without overflow,26,B00VWIR0A2,"KES Bathroom Sink Drain without Overflow Vessel Sink Lavatory Vanity Pop Up Drain Stopper Oil Rubbed Bronze Finish, S2008D-ORB",S,FP,6,0.7308,0.7308,0.7308,14180.73
638,1 1/4” sink drain without overflow,26,B07S5Z8HZC,"ORB Lavatory Sink Drain without Overflow, Bathroom Vessel Sink Oil Rubbed Bronze Pop Up Drain Stopper",E,TP,7,0.7308,0.7308,0.7308,14180.73
638,1 1/4” sink drain without overflow,26,B07N43C9Y2,"TRUSTMI Bottle P Trap Brass Round 1 1/4 Inch Decorative P-Trap, Adjustable Bathroom Basin Sink Waste Drain Kit, Wall Drainage, Matte Black",E,TP,8,0.7308,0.7308,0.7308,14180.73
638,1 1/4” sink drain without overflow,26,B07BB8Y5NT,"Plumb Pak K820-74 Universal Open Grid Bathroom Sink Drain Without Overflow, Polished Chrome",E,TP,9,0.7308,0.7308,0.7308,14180.73
638,1 1/4” sink drain without overflow,26,B07HLPNR9Z,"BATHLAVISH Bathroom Faucet Vessel Vanity Sink Pop up Drain Stopper without Overflow Oil Rubbed Bronze Fits Bathroom Standard Sink Hole 1-1/2"" to 1-3/4""",S,FP,10,0.7308,0.7308,0.7308,14180.73
638,1 1/4” sink drain without overflow,26,B07CTGRGX6,"HOMELODY Vessel Sink Drain, 1 5/8"" Bathroom Sink Drain with Removable Brass Strainer Basket, Anti-clogging Pop Up Drain Stopper Oil Rubbed Bronze without Overflow, HL8018AORB",S,FP,11,0.7308,0.7308,0.7308,14180.73
638,1 1/4” sink drain without overflow,26,B07V1HKVNG,"Pop Up Drain Stopper with Overflow, Bathroom Vanity Vessel Sink Drain, Matte Black",E,TP,12,0.7308,0.7308,0.7308,14180.73
638,1 1/4” sink drain without overflow,26,B06XY2HPQY,"KES Pop Up Drain Stopper for Bathroom Vessel Vanity Sink without Overflow, Brushed Nickel S2007D-BN",E,TP,13,0.7308,0.7308,0.7308,14180.73
638,1 1/4” sink drain without overflow,26,B07M7Y58RY,"G1 1/4"" Brass Bathroom Faucet Vessel Vanity Sink Pop up Drain Stopper Without Overflow for Bathroom Kitchen Sinks(Black Chrome)",E,TP,14,0.7308,0.7308,0.7308,14180.73
638,1 1/4” sink drain without overflow,26,B07RGHHBJR,"KES Bathroom Sink Drain with Strainer Basket Hair Catcher Anti Clog Pop Up Drain Stopper Vanity Vessel Sink without Overflow, Polished Chrome S2013D-CH",S,FP,15,0.7308,0.7308,0.7308,14180.73
638,1 1/4” sink drain without overflow,26,B001309YGM,"Moen 14078ORB Bathroom Vessel Sink Pop-Up Drain Assembly, Oil Rubbed Bronze",E,TP,16,0.7308,0.7308,0.7308,14180.73
638,1 1/4” sink drain without overflow,26,B01D8B405I,"KES Bathroom Sink Drain with Overflow Vessel Sink Lavatory Vanity Pop Up Drain Stopper Polished Chrome Finish, S2007A-CH",E,TP,17,0.7308,0.7308,0.7308,14180.73
638,1 1/4” sink drain without overflow,26,B07H8WLK7C,"Brass Round Bottle P Trap, Basin Sink Waste Trap Drain Tube Kit Adjustable Height, Brushed Nickel Finished",C,FP,18,0.7308,0.7308,0.7308,14180.73
638,1 1/4” sink drain without overflow,26,B07F13Y42Z,"REGALMIX Bathroom Sink Drain, Vessel Sink Pop Up Drain With Detachable Basket Stopper,Sink Drain Assembly Without Overflow Brushed Nickel, Anti-Explosion And Anti-Clogging Drain Strainer, RWF082B",E,TP,19,0.7308,0.7308,0.7308,14180.73
638,1 1/4” sink drain without overflow,26,B076DRZ1LV,Stainless Steel Bathroom Sink Flip Drain Stopper Without Overflow DFY002,E,TP,20,0.7308,0.7308,0.7308,14180.73
638,1 1/4” sink drain without overflow,26,B08LKC6XHT,"Zerodis Basin Sink Unslotted Pop Up Click Clack Sprung, Plug Pop Up Drain Assembly Non-Over for hroom Sink (Silver)",E,TP,21,0.7308,0.7308,0.7308,14180.73
638,1 1/4” sink drain without overflow,26,B082WSGWF9,"HANEBATH Brass Pop-up Drain with Strainer Basket, Bathroom Sink Drain Assembly less Overflow, Oil Rubbed Bronze",E,TP,22,0.7308,0.7308,0.7308,14180.73
638,1 1/4” sink drain without overflow,26,B07NDKWYR6,"RV Bathroom Sink Pop-Up Drain Without Overflow for Recreational Vehicles, 5th Wheels, Campers, and Trailers - Features Easy Installation (Parchment (Beige))",E,TP,23,0.7308,0.7308,0.7308,14180.73
638,1 1/4” sink drain without overflow,26,B08PBMZH4H,"ESFORT Pop Up Sink Drain Without Overflow, Bathroom Sink Pop Up Assembly Vessel Sink Drain, Brushed Gold",I,FP,24,0.7308,0.7308,0.7308,14180.73
638,1 1/4” sink drain without overflow,26,B00GMR51XG,"Decor Star PU-005 1 1/2"" Bathroom Faucet Vessel Vanity Sink Grid Drain Stopper Strainer Without Overflow Brushed Nickel (Regular)",C,FP,25,0.7308,0.7308,0.7308,14180.73
638,1 1/4” sink drain without overflow,26,B07B2YQLBL,"Oil Rubbed Bronze Pop Up Drain, Bathroom Vessel Lavatory Vanity Faucet Sink Drain Stopper, ORB without Overflow",E,TP,26,0.7308,0.7308,0.7308,14180.73
638,1 1/4” sink drain without overflow,26,B07W8218FZ,"SinkShroom Ultra Revolutionary Bathroom Sink Drain Protector, Stainless Steel Standalone",E,FN,,0.7308,0.7308,0.7308,14180.73
638,1 1/4” sink drain without overflow,26,B07W5PNSFW,"Drain Buddy No Installation Clog Preventing Bathroom Sink Stopper/Strainer, Fits 1.25” Bathroom Sink Drains | Chrome Plated Plastic Caps",E,FN,,0.7308,0.7308,0.7308,14180.73
638,1 1/4” sink drain without overflow,26,B0019W54LI,"Kingston Brass KB4002 Fauceture 19 Hole Grid Drain for Vessel Sink , Polished Brass",E,FN,,0.7308,0.7308,0.7308,14180.73
638,1 1/4” sink drain without overflow,26,B07DWS4MBW,"Brass Round Bottle P Trap, Basin Sink Waste Trap Drain Tube Kit Adjustable Height, Oil Rubbed Bronze Finished",E,FN,,0.7308,0.7308,0.7308,14180.73
638,1 1/4” sink drain without overflow,26,B00PVE19SW,"KES Bathroom Faucet Vessel Vanity Sink Pop Up Drain Stopper with Overflow Oil Rubbed Bronze, S2008A-ORB",E,FN,,0.7308,0.7308,0.7308,14180.73
638,1 1/4” sink drain without overflow,26,B07SDLN734,"2 Pack - 2.13"" Top / 1"" Basket- Sink Strainer Bathroom Sink, Utility, Slop, Laundry, RV and Lavatory Sink Drain Strainer Hair Catcher. 1/16"" Holes. Stainless Steel",E,FN,,0.7308,0.7308,0.7308,14180.73
638,1 1/4” sink drain without overflow,26,B07MX2M7W1,"Orhemus Brass Round Bottle P Trap, Basin Sink Waste Trap Drain Tube Kit Adjustable Height, Brushed Gold Finished",E,FN,,0.7308,0.7308,0.7308,14180.73
642,1 12 off-road vehicle not rc,9,B08NFWRLKL,"Peahog Rock Crawler Rc Car ,1:12 2.4g 4wd Rc Car Off-Road High-Speed Vehicle Minitary Truck Climb Rock Crawler Electric Hobby Grade RTR Toy for Kids Over 14 Years Old and Adults (Red)",E,TP,1,0.6667,0.6667,0.6667,13235.64
642,1 12 off-road vehicle not rc,9,B075ZPVRBW,"DOUBLE E RC Cars Remote Control Car 1:12 Off Road Monster Truck for Boy Adult Gifts ,2.4Ghz All Terrain Hobby Car with 2 Batteries,4WD Dual Motors LED Headlight Rock Crawler",E,TP,2,0.6667,0.6667,0.6667,13235.64
642,1 12 off-road vehicle not rc,9,B08Q4CPCT4,"RC Cars Outdoor Remote Control Trucks for Kids 1:12 Scale Monster Hobby RC Trucks High-Speed 3 Gear Shift 2.4GHz Off Road RC Truck with Two Rechargeable Batteries,Electric Toy for Boys Kids",I,FP,3,0.6667,0.6667,0.6667,13235.64
642,1 12 off-road vehicle not rc,9,B08867Z9J6,"DEERC RC Cars 1/12 Scales Remote Control Car 4WD Off Road Rock Crawler,2.4GHz All Terrain Monster Truck with Rear Fog Stream 5 LED Lighting Modes,2 Battery for 40+ Min Play,Toy Car for Boys and Adults",E,TP,4,0.6667,0.6667,0.6667,13235.64
642,1 12 off-road vehicle not rc,9,B08DFJ7RZP,"NQD 1:12 Radio Remote Control Truck, 4wd Off Road Rock Crawlers, All Terrain Climbing Car for Girls & Boys Big Monster Truck",I,FP,5,0.6667,0.6667,0.6667,13235.64
642,1 12 off-road vehicle not rc,9,B0912YKHM4,"Remote Control Car Building Blocks Kit,1:12 Scale MOC Off-Road Vehicle Toys,RC&APP Programming Controlled Climbing Cars Brick Toy for 6+ Years,Boy,Kids,Adult (Blue)",E,TP,6,0.6667,0.6667,0.6667,13235.64
642,1 12 off-road vehicle not rc,9,B08R3J1HG4,"RC Cars Outdoor Remote Control Trucks for Kids 1:12 Scale Monster Hobby RC Trucks High-Speed 3 Gear Shift 2.4GHz Off Road RC Truck with Two Rechargeable Batteries,Electric Toy for Boys Kids",E,TP,7,0.6667,0.6667,0.6667,13235.64
642,1 12 off-road vehicle not rc,9,B089W2PYJ4,"Hot Bee RC Cars 1:12 Remote Control Car for Boys, 2.4Ghz 4WD Off Road Monster Truck w/Six LED Lights, Two Rechargable Batteries, All Terrain Climbing Racing Car Toys Ideal Gifts for Kids & Adults",I,FP,8,0.6667,0.6667,0.6667,13235.64
642,1 12 off-road vehicle not rc,9,B07SZ77VV2,DOUBLE E RC Car 1:12 Remote Control Car Monster Trucks with Head Lights 4WD Off All Terrain RC Car Rechargeable Vehicles,E,TP,9,0.6667,0.6667,0.6667,13235.64
642,1 12 off-road vehicle not rc,9,B08CB2HVZV,"Remote Control Car, TREYWELL RC Cars Remote Control Truck, 2.4GHZ 1:18 Fast Racing Monster Car, Off Road Radio rc Cars for Boys with 4 Batteries for Kids Teens Adults Toys for 4,5,6,7,8,9,10 Years Old",E,FN,,0.6667,0.6667,0.6667,13235.64
642,1 12 off-road vehicle not rc,9,B07PPF8HC8,"BEZGAR 18 Toy Grade 1:14 Scale Remote Control Car, 2WD High Speed 20 Km/h All Terrains Electric Toy Off Road RC Monster Vehicle Truck Crawler with Two Rechargeable Batteries for Boys Kids and Adults",E,FN,,0.6667,0.6667,0.6667,13235.64
642,1 12 off-road vehicle not rc,9,B08NPD96WH,"Mukola Large Scale RC Car 1:12 Off Road Monster Truck Crawler with Head Lights, 4WD All Terrains Remote Control Car Vehicle with Two Rechargeable Batteries for Kids Adults",E,FN,,0.6667,0.6667,0.6667,13235.64
659,1 5/8 pop up drain without overflow,33,B07DF7143T,"Aquafaucet 1 5/8"" Bathroom Faucet Vessel Sink Drain Fits Bathroom Standard Sink Hole 1-1/2"" to 1-3/4"" Vanity Pop up Drain Assembly Stopper Without Overflow Copper",E,TP,1,0.8485,0.8485,0.8485,15590.36
659,1 5/8 pop up drain without overflow,33,B01MXZGDFW,"Beelee Bathroom Faucet Vessel Vanity Sink Pop Up Drain Stopper Without Overflow, Antique Brass Finish",E,TP,2,0.8485,0.8485,0.8485,15590.36
659,1 5/8 pop up drain without overflow,33,B077MBB3GV,MissMin Square pop up drain without overflow chrome for risen bathroom vessel sink universal push button drain non-overflow match with rectanglar faucets,E,TP,3,0.8485,0.8485,0.8485,15590.36
659,1 5/8 pop up drain without overflow,33,B00VWIQY40,"KES S2008D-4 Bathroom Faucet Vessel Vanity Sink Pop Up Drain Stopper without Overflow, Golden",I,FP,4,0.8485,0.8485,0.8485,15590.36
659,1 5/8 pop up drain without overflow,33,B07X53YWF3,Gaosin Solid Brass White Color Bathroom Faucet Sink Drain Stopper Vessel vanity Pop Up Drain Without Overflow,E,TP,5,0.8485,0.8485,0.8485,15590.36
659,1 5/8 pop up drain without overflow,33,B007B5PGA6,"Decor Star PU-003-TB 1 1/2"" Bathroom Faucet Vessel Vanity Sink Pop Up Drain Stopper Without Overflow Brushed Nickel",E,TP,6,0.8485,0.8485,0.8485,15590.36
659,1 5/8 pop up drain without overflow,33,B07Q7V81L4,"REGALMIX Vessel Sink Drain, Bathroom Faucet Vessel Sink Pop Up Drain Stopper without Overflow Brushed Nickel, Built-In Anti-Clogging Strainer,Fits Standard American Drain Hole1-1/2"" to 1-3/4"",R085B-BN",S,FP,7,0.8485,0.8485,0.8485,15590.36
659,1 5/8 pop up drain without overflow,33,B01CNNH6LM,"Yodel Bathroom Sink Drain Stopper Pop up Drain Without Overflow for Vessel Sink Lavatory Vanity,Chrome",S,FP,8,0.8485,0.8485,0.8485,15590.36
659,1 5/8 pop up drain without overflow,33,B07JQB3BFZ,"Era 1 5/8"" Bathroom Faucet Vessel Vanity Sink Pop up Drain Stopper Oil Rubbed Bronze Without Overflow",E,TP,9,0.8485,0.8485,0.8485,15590.36
659,1 5/8 pop up drain without overflow,33,B076M5LYMW,"KES Bathroom Sink Drain Stopper Vessel Vanity Pop Up Drain without Overflow, Oil Rubbed Bronze S2007D-ORB",E,TP,10,0.8485,0.8485,0.8485,15590.36
659,1 5/8 pop up drain without overflow,33,B07CTGRGX6,"HOMELODY Vessel Sink Drain, 1 5/8"" Bathroom Sink Drain with Removable Brass Strainer Basket, Anti-clogging Pop Up Drain Stopper Oil Rubbed Bronze without Overflow, HL8018AORB",E,TP,11,0.8485,0.8485,0.8485,15590.36
659,1 5/8 pop up drain without overflow,33,B07QXQG73M,"7Trees Bathroom Faucet Vessel Vanity Sink Pop Up Drain Stopper Assembly Without Overflow, Oil Rubbed Bronze",E,TP,12,0.8485,0.8485,0.8485,15590.36
659,1 5/8 pop up drain without overflow,33,B07RKT28ND,"KES Bathroom Sink Drain with Strainer Basket Hair Catcher Anti Clog Pop Up Drain Stopper Vanity Vessel Sink without Overflow, Matte Black S2013D-BK",E,TP,13,0.8485,0.8485,0.8485,15590.36
659,1 5/8 pop up drain without overflow,33,B002X3YQNE,"Inello Brushed Nickel 1 5/8"" Pop-up Drain No Overflow for Vessel Sinks",E,TP,14,0.8485,0.8485,0.8485,15590.36
659,1 5/8 pop up drain without overflow,33,B074J94XYG,"runmade Bathroom Faucet Vessel Vanity Sink Pop Up Drain Stopper without Overflow, Polished Chrome",E,TP,15,0.8485,0.8485,0.8485,15590.36
659,1 5/8 pop up drain without overflow,33,B0015C38DI,"Moen 140780BN Bathroom Vessel Sink Pop-Up Drain Assembly, Brushed Nickel",E,TP,16,0.8485,0.8485,0.8485,15590.36
659,1 5/8 pop up drain without overflow,33,B07S5ZVKW5,Black Lavatory Vessel Bathroom Vanity Faucet Pop Up Drain Stopper without Overflow,E,TP,17,0.8485,0.8485,0.8485,15590.36
659,1 5/8 pop up drain without overflow,33,B07V334HP1,Topstar Bathroom Faucet Vessel Vanity Sink Pop Up Drains Stopper without Overflow Solid Metal Brushed Gold,E,TP,18,0.8485,0.8485,0.8485,15590.36
659,1 5/8 pop up drain without overflow,33,B07KGTHDWV,"HIGHCRAFT DRN31 R1031 Vessel Strainer Pop Up Drain Assembly without Overflow Bathroom Faucet Vanity Sink Stopper Polished Nickel, 1-5/8 in. Diameter",E,TP,19,0.8485,0.8485,0.8485,15590.36
659,1 5/8 pop up drain without overflow,33,B07V5VTZSS,"Purelux Pop up Drain Stopper for Bathroom Sink Vessel or Vanity Sink Without Overflow, Matte Black Finish Spring Pop-Up Drain",E,TP,20,0.8485,0.8485,0.8485,15590.36
659,1 5/8 pop up drain without overflow,33,B00S5SRIO0,"Aquaterior Decor 1 1/2"" Bathroom Faucet Vessel Vanity Sink Pop Up Drain Stopper Without Overflow Antique Copper",S,FP,21,0.8485,0.8485,0.8485,15590.36
659,1 5/8 pop up drain without overflow,33,B004E0Z9LC,"DANCO (89461) Decorative Push-Button Sink Drain Without Overflow, 1-1/4 Inch, Chrome Finish, 1-Pack",S,FP,22,0.8485,0.8485,0.8485,15590.36
659,1 5/8 pop up drain without overflow,33,B07MNLSZ5N,"RANDOM Bathroom Faucet Vessel Vanity Sink Pop Up Drain Stopper without Overflow, Brushed Gold(Pop Up Drain Brushed Gold)",E,TP,23,0.8485,0.8485,0.8485,15590.36
659,1 5/8 pop up drain without overflow,33,B002QCPQ4U,"Decor Star PU-001-TC 1 5/8"" Bathroom Faucet Vessel Vanity Sink Pop Up Drain Stopper Without Overflow Chrome",E,TP,24,0.8485,0.8485,0.8485,15590.36
659,1 5/8 pop up drain without overflow,33,B08GWHCFSR,"Homevacious 1 5/8"" Bathroom Faucet Vessel Vanity Sink Pop Up Drain Assembly Stopper Fits Bathroom Standard Sink Hole 1-1/2"" to 1-3/4"" Matte Black Plug Without Overflow Lead-Free Push & Seal",E,TP,25,0.8485,0.8485,0.8485,15590.36
659,1 5/8 pop up drain without overflow,33,B0721SJNXT,"Greenspring Bathroom Sink Drain Without Overflow 1 5/8"" Pop Up Drain Stopper Assembly Vessel Vanity Sink Lavatory Commercial Bath Brass Brushed Nickel",E,TP,26,0.8485,0.8485,0.8485,15590.36
659,1 5/8 pop up drain without overflow,33,B08PBMZH4H,"ESFORT Pop Up Sink Drain Without Overflow, Bathroom Sink Pop Up Assembly Vessel Sink Drain, Brushed Gold",E,TP,27,0.8485,0.8485,0.8485,15590.36
659,1 5/8 pop up drain without overflow,33,B01A80Z5ZQ,"Aquafaucet Vessel Sink Drain 1 5/8"" Bathroom Faucet Pop-up Drain Assembly Stopper Without Overflow Sink Drain Brushed Nickel",E,TP,28,0.8485,0.8485,0.8485,15590.36
659,1 5/8 pop up drain without overflow,33,B01NBSHPQQ,"PF WaterWorks PF0324-BN-GR-NO ClogFREE Patented Never Clog Bathroom Sink/Lavatory Pop-Up Drain | Easy Remove Magnetic Stopper Without Overflow | CUPC Listed |, Gray ABS Body, Brushed Nickel",E,TP,29,0.8485,0.8485,0.8485,15590.36
659,1 5/8 pop up drain without overflow,33,B00JK20LB2,"Luxier DS01-TP 1 5/8"" Bathroom Faucet Vessel Vanity Sink Pop Up Drain Stopper Without Overflow White Ceramic Porcelain",E,TP,30,0.8485,0.8485,0.8485,15590.36
659,1 5/8 pop up drain without overflow,33,B07HQML4H9,Flybath Sink Drain Brass Oil Rubbed Bronze Finish Bathroom Faucet Small Pop Up Vessel Basin Sink Drain Stopper Without Overflow,E,TP,31,0.8485,0.8485,0.8485,15590.36
659,1 5/8 pop up drain without overflow,33,B07TP9FB7W,"BESTILL Bathroom Vessel Sink Drain Stopper, Push Pop Up Drain Without Overflow, Matte Black",E,TP,32,0.8485,0.8485,0.8485,15590.36
659,1 5/8 pop up drain without overflow,33,B0781XJDLF,"Brushed Nickel Pop Up Sink Drain without Overflow, Bathroom Faucet Vessel Sink Drain Stopper",E,TP,33,0.8485,0.8485,0.8485,15590.36
659,1 5/8 pop up drain without overflow,33,B08DFF43BC,"GZILA Bathroom Vessel Sink Drain, 1 5/8"" Brass Pop Up Drain With Removable Basket Strainer Stopper, White Ceramic Cap, Without Overflow, Chrome",E,FN,,0.8485,0.8485,0.8485,15590.36
659,1 5/8 pop up drain without overflow,33,B07F1G9FHL,"REGALMIX Bathroom Sink Drain, Vessel Sink Pop Up Drain With Detachable Basket Stopper,Anti-Explosion And Anti-Clogging Drain Strainer, Sink Drain Assembly Without Overflow Polished Chrome, RWF082A.",E,FN,,0.8485,0.8485,0.8485,15590.36
659,1 5/8 pop up drain without overflow,33,B00XBCJOMO,"KES Bathroom Sink Drain with Overflow Vessel Sink Lavatory Vanity Pop Up Drain Stopper Brushed Nickel, S2007A-BN",E,FN,,0.8485,0.8485,0.8485,15590.36
659,1 5/8 pop up drain without overflow,33,B00EP29N48,"Luxier DS01-TB 1 5/8"" Bathroom Faucet Vessel Vanity Sink Pop Up Drain Stopper Without Overflow Brushed Nickel",E,FN,,0.8485,0.8485,0.8485,15590.36
659,1 5/8 pop up drain without overflow,33,B06XGXSRXL,Sinkology TG01-AG Copper Decorative Solid Brass Bath Grid Drain Without Overflow in Aged,E,FN,,0.8485,0.8485,0.8485,15590.36
661,1 50 ml syringe without needle,9,B07PLSFCW1,"8pcs 20ml Plastic Large Tip Syringe Without Needle, with Caps, Multiple Uses for Scientific Lab, Measurement and Dispensing",S,FP,1,0.3333,0.3333,0.3333,12665.18
661,1 50 ml syringe without needle,9,B08G8F95TL,"5 Pack Syringe Without Needle 60ml, Large Plastic Syringes for Dispensing Measuring Refilling Liquid Pet Feeding Scientific Labs Draw Sauce Condiment Glue Jello Shot Lip Gloss DIY Tool (60ml)",S,FP,2,0.3333,0.3333,0.3333,12665.18
661,1 50 ml syringe without needle,9,B07SD6LLZM,"QuietN 350ml Syringe with Adapter, Plastic Large Syringe Without Needle for Scientific Lab Supplies, Pet Feeding Syringe Disposable, Liquid Measurement and Automotive Syringe Injection",S,FP,3,0.3333,0.3333,0.3333,12665.18
661,1 50 ml syringe without needle,9,B07GGQP7CQ,Frienda 4 Pack Large Plastic Syringe for Scientific Labs and Dispensing Multiple Uses Measuring Syringe Tools (60 ml),E,TP,4,0.3333,0.3333,0.3333,12665.18
661,1 50 ml syringe without needle,9,B08L2L4WS2,"20 ml Luer Slip Plastic Syringe Without Needle - 12 Pack Individually Sealed Syringe for Scientific Labs, Feeding Pets, Oil or Glue Applicator (20cc)",E,TP,5,0.3333,0.3333,0.3333,12665.18
661,1 50 ml syringe without needle,9,B07KPT5KGL,"20 Packs Plastic Syringe with Measurement, Suitable for Measuring, Watering, Refilling (10 ml)",I,FP,6,0.3333,0.3333,0.3333,12665.18
661,1 50 ml syringe without needle,9,B07P25XH8Z,20 Packs Plastic Syringe with Measurement Liquids Measuring Syringes Without Needle for Medicine Resin Epoxy Watering Refilling (3 ml),E,TP,7,0.3333,0.3333,0.3333,12665.18
661,1 50 ml syringe without needle,9,B08FFR6L7K,"CYGNUS SUPPLIES 4 Pack - 10ml Syringes Without Needle for Measuring, Lip Gloss, Liquid refilling, Dispensing, DIY Crafts, DIY Lip Gloss Accessories, Feeding Pets, Food, Scientific Labs",I,FP,8,0.3333,0.3333,0.3333,12665.18
661,1 50 ml syringe without needle,9,B07MHMN3Y8,4 Packs Plastic Syringe with Measurement Oral Liquids Measuring Syringes Without Needle for Medicine Resin Epoxy Dispensing Watering Refilling,S,FP,9,0.3333,0.3333,0.3333,12665.18
661,1 50 ml syringe without needle,9,B07C71C1LH,"3 Pcs 150ml Large Syringes, Sterile and Individual Sealed, Easy to Use and Clean, Plastic Garden Syringe for Liquid, Lip Gloss, Paint, Epoxy Resin, Oil, Watering Plants, Refilling…",E,FN,,0.3333,0.3333,0.3333,12665.18
661,1 50 ml syringe without needle,9,B08312QBMC,"BSTEAN 5 Pack 150ml Large Plastic Syringe Without Needle, Catheter Tip Syringe, Individual Wrap for Scientific, Measurement or Household Multiple Uses Tools",E,FN,,0.3333,0.3333,0.3333,12665.18
661,1 50 ml syringe without needle,9,B08DCYRHH1,"2 Pack Large Syringes (150 ML), Large Plastic Garden Industrial Syringes for Scientific Labs, Measuring, Watering, Refilling, Filtration Multiple Uses,More Size Choice:100ML",E,FN,,0.3333,0.3333,0.3333,12665.18
661,1 50 ml syringe without needle,9,B075CHDN9N,"2 Pack 150ml Syringes, Large Plastic Garden Syringe for Scientific Labs, Watering, Refilling",E,FN,,0.3333,0.3333,0.3333,12665.18
661,1 50 ml syringe without needle,9,B08K2W36FJ,"DEPEPE 2pcs 150ml Large Plastic Syringes with 2pcs 47in Handy Plastic Tubing and Luer Connections, Plastic Syringes for Liquid, Watering Plants, Scientific Labs, Refilling",E,FN,,0.3333,0.3333,0.3333,12665.18
661,1 50 ml syringe without needle,9,B08JPWB7RK,"2 PCS 150 ML Large Syringes, Plastic Garden Industrial Syringes for Scientific Labs, Measuring, Watering, Refilling, Filtration Multiple Uses ，More Size Choice：100ML",E,FN,,0.3333,0.3333,0.3333,12665.18
666,1 acre bug zapper outdoor without octenal attractant,19,B00004R9VZ,"Flowtron BK-15D Electronic Insect Killer, 1/2 Acre Coverage",E,TP,1,0.7368,0.7368,0.7368,13106.08
666,1 acre bug zapper outdoor without octenal attractant,19,B091FBTKLD,"TXDUE Bug Zapper Light Bulb 2 in 1 for Outdoor and Indoor, Electronic Mosquito Killer, Cordless, Waterproof, Portable Rechargeable Camping Lantern for Camping Home Garden Black",E,TP,2,0.7368,0.7368,0.7368,13106.08
666,1 acre bug zapper outdoor without octenal attractant,19,B08GX8C9XR,"BLACK+DECKER Bug Zapper and Mosquito Repellent | Fly Trap Pest Control for All Insects, Including Flies, Gnats Indoor & Outdoor",E,TP,3,0.7368,0.7368,0.7368,13106.08
666,1 acre bug zapper outdoor without octenal attractant,19,B07T74ZTZN,LiBa Zapper Electric Indoor Zapper Powerful 2800V Grid (2-Pack) - 4 Extra Replacement Bulbs,E,TP,4,0.7368,0.7368,0.7368,13106.08
666,1 acre bug zapper outdoor without octenal attractant,19,B07BFDRV23,"DynaTrap DT1050-TUN Insect and Mosquito Trap Twist On/Off, 1/2 Acre, Tungsten",S,FP,5,0.7368,0.7368,0.7368,13106.08
666,1 acre bug zapper outdoor without octenal attractant,19,B07KZQKWVP,"Zap It Bug Zapper Battery Powered (2xAA Included) Bug Zapper Racket, 3,500 Volt",I,FP,6,0.7368,0.7368,0.7368,13106.08
666,1 acre bug zapper outdoor without octenal attractant,19,B0053ZEH4C,"DynaTrap DT1100 Insect Trap Optional Wall Mount, 1/2 Acre Coverage, Black",S,FP,7,0.7368,0.7368,0.7368,13106.08
666,1 acre bug zapper outdoor without octenal attractant,19,B01G9FBKT4,"DynaTrap Insect Trap (DT2000XLP), XL, Black",E,TP,8,0.7368,0.7368,0.7368,13106.08
666,1 acre bug zapper outdoor without octenal attractant,19,B093FP7QYN,"Bug Zapper Outdoor Electric, Solar Powered LED Mosquito Killer Lamp with Double Head - Outdoor Garden Lawn Mosquito Repellent Path Light Mosquito Traps",E,TP,9,0.7368,0.7368,0.7368,13106.08
666,1 acre bug zapper outdoor without octenal attractant,19,B08YZ1JVJY,"Anysun Solar Powered Bug Zapper, Portable Rechargeable Insect Mosquito Killer Lantern, Gnats, Flies, Pests Attractant Trap, Waterproof and Indoor & Outdoor - Backyard, Patio, Deck, Garden, Camping",E,TP,10,0.7368,0.7368,0.7368,13106.08
666,1 acre bug zapper outdoor without octenal attractant,19,B08RN69F66,"LUFFYLIVE Bug Zapper, Electric Mosquito Zapper for Indoor & Outdoor, Electric Bug Zapper",E,TP,11,0.7368,0.7368,0.7368,13106.08
666,1 acre bug zapper outdoor without octenal attractant,19,B08V4X25K4,"Bug Zapper, Electric Insect Fly Traps, Mosquito Zappers, Mosquito Killer with Timing Function (Grey) (Grey)",E,TP,12,0.7368,0.7368,0.7368,13106.08
666,1 acre bug zapper outdoor without octenal attractant,19,B08R5S7D65,"GTOCS Bug Zapper Outdoor Electric, Fly Zapper Mosquito Zapper Electronic Insect Killer",E,TP,13,0.7368,0.7368,0.7368,13106.08
666,1 acre bug zapper outdoor without octenal attractant,19,B0196PJH0I,DynaTrap DT1775 1 Acre XL Mosquito and Insect Trap with AtraktaGlo Light - Black,E,TP,14,0.7368,0.7368,0.7368,13106.08
666,1 acre bug zapper outdoor without octenal attractant,19,B0042U6V5C,"DynaTrap DT2000XL Extra-Large Insect Trap 2 UV Bulbs, 1 Acre, Black",S,FP,15,0.7368,0.7368,0.7368,13106.08
666,1 acre bug zapper outdoor without octenal attractant,19,B07BFDY2T7,DynaTrap DT2000XLP-TUNSR 1 Acre Mosquito and Insect Outdoor Trap,E,TP,16,0.7368,0.7368,0.7368,13106.08
666,1 acre bug zapper outdoor without octenal attractant,19,B083RBJ6F6,"[2 in 1] Bug Zapper Outdoor Electric & Attractant - 4250V Electric Mosquito Zappers Fruit Fly Killer - Insect Fly Trap Indoor & Outdoor - Waterproof Light Bulb Lamp for Backyard, Patio, Home, Plug in",S,FP,17,0.7368,0.7368,0.7368,13106.08
666,1 acre bug zapper outdoor without octenal attractant,19,B08SJQB2CT,"BOYON Bug Zapper Outdoor & Indoor, Electric Mosquito Killer IPX4 Waterproof Fly Zapper Mosquito Attractant Trap 4200V High Effective Insect Killer for Patio Garden (Black) (Black)",E,TP,18,0.7368,0.7368,0.7368,13106.08
666,1 acre bug zapper outdoor without octenal attractant,19,B084Q29MC3,"BLACK+DECKER Bug Zapper, Electric UV Insect Catcher & Killer for Flies, Mosquitoes, Gnats & Other Small to Large Flying Pests, 1 Acre Outdoor Coverage for Home, Deck, Garden, Patio, Camping & More",E,TP,19,0.7368,0.7368,0.7368,13106.08
666,1 acre bug zapper outdoor without octenal attractant,19,B08T6672BY,"FVOAI Bug Zapper Outdoor, Electronic Mosquito Zapper Insect Trap for Outdoor and Indoor, Mosquito Killer Fly Trap for Patio",E,FN,,0.7368,0.7368,0.7368,13106.08
666,1 acre bug zapper outdoor without octenal attractant,19,B08YWQLJJ7,"Solar Powered Bug Zapper 3-in-1 Rechargeable Mosquito Killer Camping Lantern with SOS Emergency Light, Waterproof Electric Mosquito Zappers Insect Fly Pest Attractant Trap for Indoor Outdoor",E,FN,,0.7368,0.7368,0.7368,13106.08
666,1 acre bug zapper outdoor without octenal attractant,19,B07G4NJWTK,"DynaTrap 100603 Mosquito Outdoor Insect Trap Models DT600 and DT700 Rep Cartridge, 8 in, Atrakta Pod Lure",E,FN,,0.7368,0.7368,0.7368,13106.08
666,1 acre bug zapper outdoor without octenal attractant,19,B086R7WVZZ,"PIC Solar Insect Killer Torch (DFST), Bug Zapper and Flame Accent Light, Kills Bugs on Contact - Twin Pack",E,FN,,0.7368,0.7368,0.7368,13106.08
666,1 acre bug zapper outdoor without octenal attractant,19,B07BNV8H8F,"DynaTrap 100611 Atrakta Mosquito Lure Sachet Refills – 1 Pack , White",E,FN,,0.7368,0.7368,0.7368,13106.08
679,1 big plastic bin with lid not clear,9,B07L3H67FW,"Jekiyo Clear Plastic Storage Bin, 14 Quart Latching Box Container with Lid, 4 Packs",E,TP,1,0.4444,0.4444,0.4444,13319.6
679,1 big plastic bin with lid not clear,9,B07PR9NM54,"Rubbermaid Cleverstore Stackable Containers with Durable Latching Clear Lids, Visible Organization, Ideal for Large Item Storage for Garage and Basement, 95 Quart - 4 Pack",I,FP,2,0.4444,0.4444,0.4444,13319.6
679,1 big plastic bin with lid not clear,9,B081W3BS8P,"Homz 3441CLGRDC.02 Clear storage container with lid, 64 Quart (2 Pack), Grey, 2 Count",S,FP,3,0.4444,0.4444,0.4444,13319.6
679,1 big plastic bin with lid not clear,9,B082VWYN2W,"HOMZ Snaplock Clear Storage Bin with Lid, X Large-56 Quart (Set of 2), Grey, 2 Count",E,TP,4,0.4444,0.4444,0.4444,13319.6
679,1 big plastic bin with lid not clear,9,B071CLN8DS,"Homz Plastic Storage, Modular Stackable Storage Bins with Blue Latching Handles,112 Quart, Clear, Stackable, 2-Pack",S,FP,5,0.4444,0.4444,0.4444,13319.6
679,1 big plastic bin with lid not clear,9,B08NC15GBX,"ROOMLIFE Storage Bins with Lids and Handle Clear Containers Organizers Plastic Collapsible Decorative Storage Boxes for Office, Bedroom, Closet,Cars Toys Storage 1 Pack Foldable Big Capacity(Pink)",I,FP,6,0.4444,0.4444,0.4444,13319.6
679,1 big plastic bin with lid not clear,9,B06ZZXZZ2V,"Homz Plastic Storage, Modular Stackable Storage Bins with Blue Latching Handles, 66 Quart, Clear, 2-Pack",S,FP,7,0.4444,0.4444,0.4444,13319.6
679,1 big plastic bin with lid not clear,9,B07PFLRXN4,"IRIS USA TB Pearl Plastic Storage Bin Tote Organizing Container with Durable Lid and Secure Latching Buckles, 19 Qt, 6 Count",E,TP,8,0.4444,0.4444,0.4444,13319.6
679,1 big plastic bin with lid not clear,9,B08PV7P5DW,"WWahuayuan Foldable Storage Bin With Lid, Collapsible Plastic Storage Box, Stackable Clear Storage Case with Handle for Home/Office/Car/Kitchen (Blue)",E,TP,9,0.4444,0.4444,0.4444,13319.6
679,1 big plastic bin with lid not clear,9,B00IT3O7VS,Amscan 410017 Clear Slanted Plastic Jar with lid | 80 Oz | 1 Pc,E,FN,,0.4444,0.4444,0.4444,13319.6
679,1 big plastic bin with lid not clear,9,B089LLDN39,"HOOJO Refrigerator Organizer Bins - 8pcs Clear Plastic Bins For Fridge, Freezer, Kitchen Cabinet, Pantry Organization and Storage, BPA Free Fridge Organizer, 12.5"" Long",E,FN,,0.4444,0.4444,0.4444,13319.6
679,1 big plastic bin with lid not clear,9,B071CLNGBQ,"Homz Plastic Storage Bins, Snap Lock White Lids, 6 Quart, Clear, Stackable, 10-Pack",E,FN,,0.4444,0.4444,0.4444,13319.6
679,1 big plastic bin with lid not clear,9,B01H2NWDXY,"IRIS USA, Inc. MLB-360 Plastic Modular Storage Bin Tote Organizing Container with Durable Lid and Secure Latching Buckles, Large, Clear/Violet, 6 Pack",E,FN,,0.4444,0.4444,0.4444,13319.6
679,1 big plastic bin with lid not clear,9,B002BDTETW,"Sterilite 16428012 6 Quart/5.7 Liter Storage Box, White Lid with Clear Base (Pack of 12)",E,FN,,0.4444,0.4444,0.4444,13319.6
690,1 bushel laundry basket,5,B07DGDQT69,"STERILITE 1.5 Bushel/53 L Ultra Square Laundry Basket, Teal Splash,(Case of 4)",S,FP,1,0.6,0.6,0.6,11864.93
690,1 bushel laundry basket,5,B07GDZXTXC,"1 Bushel Laundry Basket, White, Pack of 12",E,TP,2,0.6,0.6,0.6,11864.93
690,1 bushel laundry basket,5,B0063KZRI6,"Sterilite, White 12178006 Laundry Basket, 19""",S,FP,3,0.6,0.6,0.6,11864.93
690,1 bushel laundry basket,5,B07JW18BY8,Set of 4 White Lightweight Plastic One Bushel Capacity Laundry Baskets,E,TP,4,0.6,0.6,0.6,11864.93
690,1 bushel laundry basket,5,B0771RY8JS,"Mainstays 1 Bushel / 35 Liter Laundry Basket , Case of 12 Classic Round Design",E,TP,5,0.6,0.6,0.6,11864.93
690,1 bushel laundry basket,5,B07GZRP348,"IRIS USA HLB-1 Comfort Carry Laundry Basket, White, 3 Pack",E,FN,,0.6,0.6,0.6,11864.93
690,1 bushel laundry basket,5,B00O28GASM,"Superio Laundry Basket Wicker Style, with Cut Out Handles, Beige with Brown Trim 40 Liter 10 Gallons, Laundry Bin for Dirty Cloths - 1 Bushel",E,FN,,0.6,0.6,0.6,11864.93
691,"1 by one, amplified, outdoor hdtv antenna",9,B07JN6FNZ4,"PBD Outdoor Digital Amplified HDTV Antenna, 150 Mile Motorized 360 Degree Rotation, Wireless Remote Control, 59FT RG6 Coax Cable, Coaxial Grounding Block, UHF VHF 1080P 4K, Support 2 TVs",S,FP,1,0.5556,0.5556,0.5556,12654.19
691,"1 by one, amplified, outdoor hdtv antenna",9,B07BGS1HS1,"1byone TV Antenna Amplified HDTV Digital Antenna Indoor/Outdoor-Long 120+ Miles Range with Booster Signal Support 4K 1080P UHF VHF Freeview Local Channels, 26FT Coax Cable/AC Adapter",E,TP,2,0.5556,0.5556,0.5556,12654.19
691,"1 by one, amplified, outdoor hdtv antenna",9,B07VRKM2C8,"1byone TV Antenna - Amplified HD Digital Indoor TV Antenna Up to 200+ Miles Range Support 4K 1080P and All TVs with HDTV Powerful Singal Booster, 17ft Coax Cable",E,TP,3,0.5556,0.5556,0.5556,12654.19
691,"1 by one, amplified, outdoor hdtv antenna",9,B07YN62TM1,"[Newest 2020] Five Star Outdoor Digital Amplified HDTV Antenna - up to 200 Mile Long Range,Directional 360 Degree Rotation,HD 4K 1080P FM Radio, Supports 5 TVs Plus Installation Kit and Mounting Pole",S,FP,4,0.5556,0.5556,0.5556,12654.19
691,"1 by one, amplified, outdoor hdtv antenna",9,B07S232GH1,"Outdoor TV Antenna, 1byone Amplified Digital 360° Omnidirectional Lo-VHF/H-VHF/UHF Indoor Attic Rooftop HDTV Antenna with 39ft. Coaxial Cable - Support 2 TVs",E,TP,5,0.5556,0.5556,0.5556,12654.19
691,"1 by one, amplified, outdoor hdtv antenna",9,B07H1KQ3SH,U MUST HAVE Amplified HD Digital TV Antenna Long 250+ Miles Range - Support 4K 1080p Fire tv Stick and All TV's - Indoor Smart Switch Amplifier Signal Booster - 18ft Coax HDTV Cable/AC Adapter (white),S,FP,6,0.5556,0.5556,0.5556,12654.19
691,"1 by one, amplified, outdoor hdtv antenna",9,B07TS32GFV,Outdoor Antenna - Amplified Digital HDTV Antenna 150 Miles Range 360 Degree Rotation- Support UHF/VHF 4K 1080P with Mounting Pole & 33 ft RG6 Coax Cable,S,FP,7,0.5556,0.5556,0.5556,12654.19
691,"1 by one, amplified, outdoor hdtv antenna",9,B0814JBKZD,Outdoor TV Antenna - 1byone 720°Omni-Directional Reception TV Antenna Built-in Amplifier Enhance UHF for Home/RV/Attic/Marine Up to 150 Miles with 32ft Coax Cable Free HDTV Channels,E,TP,8,0.5556,0.5556,0.5556,12654.19
691,"1 by one, amplified, outdoor hdtv antenna",9,B07R15CW3M,"1byone Omni Directional Outdoor TV Antenna, VHF/UHF 720° Reception UFO Clean Design Up to 150 Miles, Upgrade Exclusive Smartpass Amplified, Indoor/Outdoor/RV/Attic Use",E,TP,9,0.5556,0.5556,0.5556,12654.19
691,"1 by one, amplified, outdoor hdtv antenna",9,B00IF70QCW,Amplified HD Digital TV Antenna - Support 4K 1080p and All Older TV's - Indoor Smart Switch Amplifier Signal Booster - Coax HDTV Cable/AC Adapter,E,FN,,0.5556,0.5556,0.5556,12654.19
691,"1 by one, amplified, outdoor hdtv antenna",9,B07PLGSV4X,"Outdoor Digital Amplified HDTV Antenna, 150 Mile Motorized 360 Degree Rotation, Wireless Remote Control, 59FT RG6 Coax Cable, Coaxial, UHF VHF 1080P 4K, Support 2 TVs",E,FN,,0.5556,0.5556,0.5556,12654.19
691,"1 by one, amplified, outdoor hdtv antenna",9,B01KUXVKK0,"TV Antenna, 1byone Amplified Outdoor Digital HDTV Antenna 85-100 Miles Range with VHF/UHF Signal, Built-in High Gain and Low Noise Amplifier, Mounting Pole",E,FN,,0.5556,0.5556,0.5556,12654.19
691,"1 by one, amplified, outdoor hdtv antenna",9,B07R4X6NJB,"[New Version] HDTV Antenna - 1byone 360° Omni-Directional Reception Amplified Outdoor TV Antenna Long Range for Indoor,Outdoor,RV,Attic Support 4K 1080P UHF VHF Free HDTV Channels - Support 2 TVs",E,FN,,0.5556,0.5556,0.5556,12654.19
695,1 carry-on bag not exceeding 22 x 16 x 10 in,26,B0761Y7F8K,Steve Madden Luggage Wheeled Suitcase Under Seat Bag (Harlo Black),E,TP,1,0.8462,0.8462,0.8462,13865.46
695,1 carry-on bag not exceeding 22 x 16 x 10 in,26,B08N4NDZGM,"Portable Hand Trucks Luggage,80 lbs Capacity Heavy Duty Hand Cart with 4 Wheels and Adjustable Handle, Luggage Cart Dolly for Travel, Moving, Shopping and Office Use",I,FP,2,0.8462,0.8462,0.8462,13865.46
695,1 carry-on bag not exceeding 22 x 16 x 10 in,26,B00IAZPJ12,"Olympia 8 Pocket Rolling Duffel Bag, Black/Lime, 22 inch",E,TP,3,0.8462,0.8462,0.8462,13865.46
695,1 carry-on bag not exceeding 22 x 16 x 10 in,26,B084NYNTCR,"Samsonite Ascella X Softside Luggage, Teal, Underseater",E,TP,4,0.8462,0.8462,0.8462,13865.46
695,1 carry-on bag not exceeding 22 x 16 x 10 in,26,B01LZV4JP8,"Olympia Apache Ii 21"" Carry-on Spinner, Black+RED, One Size",E,TP,5,0.8462,0.8462,0.8462,13865.46
695,1 carry-on bag not exceeding 22 x 16 x 10 in,26,B07R4GLTR9,"Carry-on Tote Duffel Bag with Bottom Compartment, Slides over Luggage handle",E,TP,6,0.8462,0.8462,0.8462,13865.46
695,1 carry-on bag not exceeding 22 x 16 x 10 in,26,B00FB4X6FQ,"Rockland Pasadena Softside Spinner Wheel Luggage, Black, Carry-On 20-Inch",E,TP,7,0.8462,0.8462,0.8462,13865.46
695,1 carry-on bag not exceeding 22 x 16 x 10 in,26,B073B162BV,"ibeacos 5 in 1 Clear Makeup Bag Travel Accessories Beach Bag Cosmetic Pouch Toiletry Case Portable Carry on Transparent Make Up Organizer for Women Men, Rose Gold",I,FP,8,0.8462,0.8462,0.8462,13865.46
695,1 carry-on bag not exceeding 22 x 16 x 10 in,26,B074ZRLJHY,"American Tourister 4 Kix Expandable Softside Luggage, Black/Grey, Underseater",S,FP,9,0.8462,0.8462,0.8462,13865.46
695,1 carry-on bag not exceeding 22 x 16 x 10 in,26,B072JLP1Z4,"Briggs & Riley Sympatico-Luggage Cover, Black, Carry-On",E,TP,10,0.8462,0.8462,0.8462,13865.46
695,1 carry-on bag not exceeding 22 x 16 x 10 in,26,B0883DCC5M,"Vera Bradley Softside Rolling Work Bag, Felicity Paisley",E,TP,11,0.8462,0.8462,0.8462,13865.46
695,1 carry-on bag not exceeding 22 x 16 x 10 in,26,B07HLLY35L,"SwissGear 7272 Energie Hardside Luggage Carry-On Luggage With Spinner Wheels & TSA Lock, White, 19”",E,TP,12,0.8462,0.8462,0.8462,13865.46
695,1 carry-on bag not exceeding 22 x 16 x 10 in,26,B01M9J4W6Y,"Fila 22"" Lightweight Carry On Rolling Duffel Bag, Neon Lime, One Size",E,TP,13,0.8462,0.8462,0.8462,13865.46
695,1 carry-on bag not exceeding 22 x 16 x 10 in,26,B07H8SWKPC,"Samsonite Underseat Carry-On Spinner with USB Port, Purple, One Size",E,TP,14,0.8462,0.8462,0.8462,13865.46
695,1 carry-on bag not exceeding 22 x 16 x 10 in,26,B07BKKGVWT,"Travelpro Maxlite 5 Lightweight Underseat Carry-On Travel Tote Bag, Slate Green, 18-Inch",E,TP,15,0.8462,0.8462,0.8462,13865.46
695,1 carry-on bag not exceeding 22 x 16 x 10 in,26,B07BL9HM5S,"Travelpro Maxlite 5 Softside Lightweight Expandable Upright Luggage, Slate Green, Carry-On 22-Inch",E,TP,16,0.8462,0.8462,0.8462,13865.46
695,1 carry-on bag not exceeding 22 x 16 x 10 in,26,B07GCBTDR6,2 Pack Clear Toiletry Bag TSA Approved Travel Carry On Airport Airline Compliant Bag Quart Sized 3-1-1 Kit Luggage Pouch for Liquids Bottles Women and Men Set,E,TP,17,0.8462,0.8462,0.8462,13865.46
695,1 carry-on bag not exceeding 22 x 16 x 10 in,26,B07PBBKKQS,Osprey Transporter Carry On Luggage,E,TP,18,0.8462,0.8462,0.8462,13865.46
695,1 carry-on bag not exceeding 22 x 16 x 10 in,26,B01LOLDKBY,Lily Bloom Designer 15 Inch Carry On - Weekender Overnight Business Travel Luggage - Lightweight 2- Rolling Wheels Suitcase - Under Seat Rolling Bag for Women (On the Prowl),E,TP,19,0.8462,0.8462,0.8462,13865.46
695,1 carry-on bag not exceeding 22 x 16 x 10 in,26,B01LO4O5EC,"Lily Bloom Carry On Expandable Design Pattern Luggage With Spinner Wheels (20in, Bliss)",E,TP,20,0.8462,0.8462,0.8462,13865.46
695,1 carry-on bag not exceeding 22 x 16 x 10 in,26,B00503FUNE,"Rockland Fashion Softside Upright Luggage Set, Black, 2-Piece (14/19)",S,FP,21,0.8462,0.8462,0.8462,13865.46
695,1 carry-on bag not exceeding 22 x 16 x 10 in,26,B06Y1BRKMF,"Kenneth Cole Reaction Renegade 20” Carry-On Luggage Lightweight Hardside Expandable 8-Wheel Spinner Travel Cabin Suitcase, Rose Gold, inch",E,TP,22,0.8462,0.8462,0.8462,13865.46
695,1 carry-on bag not exceeding 22 x 16 x 10 in,26,B013WFNNZI,"Samsonite Omni PC Hardside Expandable Luggage with Spinner Wheels, Black, Carry-On 20-Inch",E,TP,23,0.8462,0.8462,0.8462,13865.46
695,1 carry-on bag not exceeding 22 x 16 x 10 in,26,B076ZTWFK4,Lily Bloom Design Pattern Carry on Bag Wheeled Cabin Tote (Elephant Rain),E,TP,24,0.8462,0.8462,0.8462,13865.46
695,1 carry-on bag not exceeding 22 x 16 x 10 in,26,B07BWJVWLY,Travelpro Luggage Maxlite 5 International Expandable Carry-On Spinner,E,TP,25,0.8462,0.8462,0.8462,13865.46
695,1 carry-on bag not exceeding 22 x 16 x 10 in,26,B071G2D5MM,"Amazon Basics Underseat Carry-On Rolling Travel Luggage Bag with Wheels, 14 Inches, Black",E,TP,26,0.8462,0.8462,0.8462,13865.46
695,1 carry-on bag not exceeding 22 x 16 x 10 in,26,B07NPSV1MQ,Excedrin Extra Strength Caplets for Headache Pain Relief 1 Pack of 300 Count,E,FN,,0.8462,0.8462,0.8462,13865.46
695,1 carry-on bag not exceeding 22 x 16 x 10 in,26,B00SV72EWQ,"Carhartt Legacy Travel Kit, Carhartt Brown",E,FN,,0.8462,0.8462,0.8462,13865.46
695,1 carry-on bag not exceeding 22 x 16 x 10 in,26,B00A6TKLRC,Hard White Wheat Berries • 100% Desiccant Free • 5 lbs • Non-GMO Project Verified • Kosher Parve • USA Grown • Field Traced • Burlap Bag,E,FN,,0.8462,0.8462,0.8462,13865.46
695,1 carry-on bag not exceeding 22 x 16 x 10 in,26,B07PHH9312,"Samsonite Solyte DLX Softside Luggage, Mediterranean Blue, Underseater",E,FN,,0.8462,0.8462,0.8462,13865.46
697,1 cc syringes without needles,16,B092HB1GVX,"Ulove Prs 12 Pack 1ml Plastic Syringe with Luer Lock for Scientific Labs, Measuring, Refilling or Little Animal Feeding(No Needle)",E,TP,1,1.0,1.0,1.0,13405.58
697,1 cc syringes without needles,16,B07G3CQBWK,"144 Pack 1ml 1cc Syringe, Luer Slip Tip Syringe Without Needle, No Cap, Non-Sterile, Not for Injection, Bulk Package, Not Individual",E,TP,2,1.0,1.0,1.0,13405.58
697,1 cc syringes without needles,16,B08JZ1T8RP,12 Pack - 1ml Plastic Syringes - Separate Sterile Packaging Small Syringe Without Needle for Plant Hydroponic Liquid Measurement Pets Feeding Tools (12Pcs 1ML/CC),E,TP,3,1.0,1.0,1.0,13405.58
697,1 cc syringes without needles,16,B07BQDRDC2,1ml Syringe Sterile with Luer Slip Tip - 100 Syringes by BH Supplies (No Needle) Individually Sealed,E,TP,4,1.0,1.0,1.0,13405.58
697,1 cc syringes without needles,16,B08XQH9F36,"50 Pieces 1 ml Plastic Syringes with Measurement Syringe Without Needle Oral Liquids Measuring Syringes for Feeding Pets,Scientific Labs Experiment, Refilling,Measuring Liquids, Oil or Glue Applicator",E,TP,5,1.0,1.0,1.0,13405.58
697,1 cc syringes without needles,16,B07GX4RJF3,"1ml Oral Syringe - 100 Pack – Luer Slip Tip, No Needle, Sterile Individually Blister Packed - Medicine Administration for Infants, Toddlers and Small Pets",E,TP,6,1.0,1.0,1.0,13405.58
697,1 cc syringes without needles,16,B08DWLNLXH,1ml Luer Slip Tip Syringe No Needle | 100 Pack Disposable Sterile Individually Wrapped | Universal Use | Doctor and Vet Preferred (100 Piece),E,TP,7,1.0,1.0,1.0,13405.58
697,1 cc syringes without needles,16,B007ZDHYTK,"Science Purchase 71HA1ST TB Slip-Tip Disposable Syringe MVI Without Needle, 1 mL",E,TP,8,1.0,1.0,1.0,13405.58
697,1 cc syringes without needles,16,B07G76Z5CJ,1ml Syringes with Caps (Pack of 100),E,TP,9,1.0,1.0,1.0,13405.58
697,1 cc syringes without needles,16,B08QFTSLJD,"22 Pack 1ml Plastic Syringe Without Needle with Measurement, No Needle Suitable for Scientific Labs, Refilling and Measuring Liquids, Feeding Pets, Oil or Glue Applicator (1ml)",E,TP,10,1.0,1.0,1.0,13405.58
697,1 cc syringes without needles,16,B07RPQCRHT,"BSTEAN 1ml 1cc Syringe with Luer Slip Tip, No Needle, Non-Sterile (Pack of 150)",E,TP,11,1.0,1.0,1.0,13405.58
697,1 cc syringes without needles,16,B07B7HXQ1P,"50 Pack 1ml 1cc Syringes, Buytra Plastic Syringe with Luer Slip Tip, No Needle, Non Sterile- Ideal for Measuring or Transfering Tiny Amount of Liquids(Without Cap)",E,TP,12,1.0,1.0,1.0,13405.58
697,1 cc syringes without needles,16,B092HDK2N4,"130 Pack Plastic Syringe with Measurement,Oral Liquids Measuring Syringes Without Needle for Medicine,Pet Feeding,Essential Oil,Scientific Labs(1 ml)",E,TP,13,1.0,1.0,1.0,13405.58
697,1 cc syringes without needles,16,B08LMRKDG7,"10 Pack 1ml Luer Lock Syringe Without Needle, Individually Sealed Wrapped, Uses for Scientific Lab, Measurement and Dispensing (1ML)",E,TP,14,1.0,1.0,1.0,13405.58
697,1 cc syringes without needles,16,B07SFK6Z5J,"1ml Syringe with Cap (100 Pack) | Oral Dispenser Without Needle, Luer Slip Tip, | Individually Wrapped Medicine Dropper for Infants & Pets",E,TP,15,1.0,1.0,1.0,13405.58
697,1 cc syringes without needles,16,B07PY77BHF,"DEPEPE 120pcs 1ml Luer Slip Tip Syringe with Caps, Without Needle, for Pet Feeding and Industrial Use",E,TP,16,1.0,1.0,1.0,13405.58
700,1 cent that does not have shipping payment,3,B07QJXJ1M1,"New!! 12 Pcs Budget Envelopes, Cardstock Cash Envelope System for Money Saving, Assorted Colors, Vertical Layout & Holepunched",I,FP,1,0.0,0.0,0.0,11883.88
700,1 cent that does not have shipping payment,3,B003E7XD50,"Red Double Raffle Ticket Roll, 2000/roll",I,FP,2,0.0,0.0,0.0,11883.88
700,1 cent that does not have shipping payment,3,B07WKG1HJ5,"Johnny's, Seasoning Salt, 16oz Bottle (Pack of 2)",I,FP,3,0.0,0.0,0.0,11883.88
700,1 cent that does not have shipping payment,3,B00TTZGVSC,"Good Cook Touch High-Temp Hamburger Meat Chopper, Black",E,FN,,0.0,0.0,0.0,11883.88
700,1 cent that does not have shipping payment,3,B07X25BNBR,"LEVOIT Air Purifier for Home Large Room, H13 True HEPA Filter Cleaner with Washable Filter for Allergies and Pets, Smokers, Mold, Pollen, Dust, Quiet Odor Eliminators for Bedroom, Vital 100 (White)",E,FN,,0.0,0.0,0.0,11883.88
700,1 cent that does not have shipping payment,3,B0773PWTY3,BESTOPE PRO Premium Synthetic Foundation Blending Face Powder Blush Concealers Eye Shadows Make Up Brushes Kit (RoseGold),E,FN,,0.0,0.0,0.0,11883.88
705,1 contacts not more than three dollars,3,B003H03SDQ,"Contact Lens Solution by Biotrue, Multi-Purpose Solution for Soft Contact Lenses, 10 Fl Oz (Pack of 2)",C,FP,1,0.0,0.0,0.0,11872.03
705,1 contacts not more than three dollars,3,B004O2A29E,"Clear Care Cleaning & Disinfecting Solution with Lens Case, Twin Pack, 12 Fl Oz",C,FP,2,0.0,0.0,0.0,11872.03
705,1 contacts not more than three dollars,3,B072N7WRHS,"Contact Lens Solution by Renu, Multi-Purpose Disinfectant, Advanced Formula Kills 99.9% of Germs, 12 Fl Oz (Pack of 2)",I,FP,3,0.0,0.0,0.0,11872.03
705,1 contacts not more than three dollars,3,B08LMT2QJZ,Small Travel Size Toiletries - Cute Makeup Pouches - Waterproof Zippered Bag for Women Beauty Purse Green CoCo,E,FN,,0.0,0.0,0.0,11872.03
705,1 contacts not more than three dollars,3,B071CV8CG2,PlayStation 4 Slim 1TB Console,E,FN,,0.0,0.0,0.0,11872.03
705,1 contacts not more than three dollars,3,B07XCZT474,AW 420D Clear Nylon Mini Makeup Travel Toiletry Bag Portable Lightweight Transparent Cosmetic Storage Organizer Pool S,E,FN,,0.0,0.0,0.0,11872.03
713,1 cup scoop without handle,5,B07FKY9DLR,"1 Cup (8 Oz. | 250 mL) Scoop for Measuring Coffee, Pet Food, Grains, Protein, Spices and Other Dry Goods (Pack of 1)",S,FP,1,0.2,0.2,0.2,12352.42
713,1 cup scoop without handle,5,B0009J4YAO,OXO Good Grips Flexible Scoop,S,FP,2,0.2,0.2,0.2,12352.42
713,1 cup scoop without handle,5,B00AKBI4LQ,American Metalcraft 1 Cup Stainless Steel Measuring Cup,S,FP,3,0.2,0.2,0.2,12352.42
713,1 cup scoop without handle,5,B08CL3KQ3V,Oval Measuring Scoop Stainless Steel Ice Cream Tea Food Measuring Scoop Multifunctional Measuring Scoop for Dry Liquid Baking Cooking or Dog Cat Food (1 Cup),E,TP,4,0.2,0.2,0.2,12352.42
713,1 cup scoop without handle,5,B08CKWMS1P,"4 Pieces Oval Measuring Scoops Set, 1/4 Cup 1/3 Cup 1/2 Cup 1 Cup Pet Food Measuring Scoops, Stainless Steel Oval Scoops, Multifunctional Ice Cream Tea Food Measuring Scoop for Dry or Liquid Baking",S,FP,5,0.2,0.2,0.2,12352.42
713,1 cup scoop without handle,5,B07K229RQ1,Coffee Scoop: U-Taste Durable 18/8 Stainless Steel Measuring Coffee Scoop 1 tablespoon & 2 tablespoon,E,FN,,0.2,0.2,0.2,12352.42
713,1 cup scoop without handle,5,B00DKY1O12,"iDesign Large Plastic Measuring Scoops for Baking, Kitchen Pantry, Pet Food, Laundry, Bath, 1/3 Cup, Set of 4, Clear",E,FN,,0.2,0.2,0.2,12352.42
713,1 cup scoop without handle,5,B00KH9PUDQ,New Star Foodservice 42931 Commercial Quality Stainless Steel Oval Measuring Cups and Spoons Combo Set,E,FN,,0.2,0.2,0.2,12352.42
713,1 cup scoop without handle,5,B07Q2HQZZB,"Disposable Measuring Cups for Resin - Pack of 20 8oz Clear Plastic Measuring Cup for Epoxy Resin, Stain, Paint Mixing - Half Pint Reusable Multipurpose Mixing Cups for Cooking and Baking",E,FN,,0.2,0.2,0.2,12352.42
720,1 dollar item free shipping,1,B01KEMPGPM,"Classic Man Snack Gift Basket-Summer Sausage, 100% Wisconsin Cheddar and Pepper Jack Cheese, Gourmet Dipping Pretzels, Sweet Tangy Mustard - Birthday, Thank you, Gourmet, Charcuterie gifts, Free Shipping. Perfect Christmas Food Gift!",I,FP,1,0.0,0.0,0.0,11873.64
720,1 dollar item free shipping,1,B072BYV875,"Canine Carry Outs Sausage Links Beef Flavor Dog Snacks, 5 Ounce Bag",E,FN,,0.0,0.0,0.0,11873.64
723,1 dollor toys,1,B0747R2565,"Pull Back Cars, Toys for 2 3 4 5 Year Old Boys Girls Toddlers, WINONE 12 Pack Kids Toys Vehicles and Racing Cars for Easter Egg Filler, Stocking Stuffers,, Party Favors for Kids",S,FP,1,0.0,0.0,0.0,11270.04
723,1 dollor toys,1,B01DQNG196,Forum Novelties Yonger Funny Shock Gag Pen Prank Trick Toys Gift Electric Shocking Pen with Battery,E,FN,,0.0,0.0,0.0,11270.04
725,1 ear headset without microphone,2,B01MUANWOL,Afterglow LVL 1 Wired Chat Headset With Noise Cancelling Microphone: Red - Nintendo Switch,S,FP,1,0.0,0.0,0.0,11585.75
725,1 ear headset without microphone,2,B094Z6VBHR,"Wireless Bluetooth Earpiece, Sewowibo Bluetooth Headset V5.0 with Dual Microphone Noise Canceling Ear-Hook Headphones, HandsFree Earbuds with Charging Case Perfect for Office Business Driving Meeting",I,FP,2,0.0,0.0,0.0,11585.75
725,1 ear headset without microphone,2,B07G12Z1HR,"SteelSeries Arctis 3 - All-Platform Gaming Headset - for PC, PlayStation 4, Xbox One, Nintendo Switch, VR, Android, and iOS - Black",E,FN,,0.0,0.0,0.0,11585.75
725,1 ear headset without microphone,2,B095RNSS1N,"Gaming Headset, Gaming Headphones with Microphone,for PS4,PS5, PC, Xbox One,Switch -Headset with Microphone,Noise Cancelling,LED,Soft Earmuffs,Surround Sound, Kids Headphones (Blue)",E,FN,,0.0,0.0,0.0,11585.75
729,1 ethernet port wall plate without keystone,8,B01EMKYYPK,"Buyer's Point 1 Port Cat6 Wall Plate, Female-Female White with Single Gang Low Voltage Mounting Bracket Device (1 Port)",E,TP,1,0.75,0.75,0.75,12354.34
729,1 ethernet port wall plate without keystone,8,B08NJYYSF1,"4 Pack Ethernet Wall Plate with Single Port, RJ45 Cat6 Female to Female Jack Inline Coupler Plates Ethernet Cable Faceplates (Blue)",E,TP,2,0.75,0.75,0.75,12354.34
729,1 ethernet port wall plate without keystone,8,B071G2QSNY,"VCE 2-Pack 1 Port Ethernet Wall Plate, Cat6 Female to Female Wall Jack RJ45 Keystone Inline Coupler Wall Plates, UL Listed - White",E,TP,3,0.75,0.75,0.75,12354.34
729,1 ethernet port wall plate without keystone,8,B07NMNWHNL,VCE 1 Port Keystone Wall Plate 10-Pack Single Gang Wall Plate for Keystone Jack and Modular Inserts in White - UL Listed,E,TP,4,0.75,0.75,0.75,12354.34
729,1 ethernet port wall plate without keystone,8,B07JDFSX66,VCE 10 Pack 4-Port Keystone Wall Plate Keystone Jack Modular Inserts- White UL Listed,I,FP,5,0.75,0.75,0.75,12354.34
729,1 ethernet port wall plate without keystone,8,B08RCV857H,"Wall Plate 2 Port (10 Pack), 1 Gang Wall Plate White for Keystone Jack, Insert, Coupler, Modular in White",E,TP,6,0.75,0.75,0.75,12354.34
729,1 ethernet port wall plate without keystone,8,B07529MTBX,"[UL Listed] VCE 2 Port Cat6 Female to Female Wall Plate, RJ45 Keystone Jack Inline Coupler FacePlates - White",S,FP,7,0.75,0.75,0.75,12354.34
729,1 ethernet port wall plate without keystone,8,B074HHDJWT,Cable Matters 10-Pack Low Profile 2-Port Keystone Jack Wall Plate in White,E,TP,8,0.75,0.75,0.75,12354.34
729,1 ethernet port wall plate without keystone,8,B08LKMSW7V,"4 Pack Ethernet Coax Wall Plates, Cat6 Coax Wall Plate with Ethernet Port and Gold-Plated TV Coax Cable F-Type Port (Blue)",E,FN,,0.75,0.75,0.75,12354.34
729,1 ethernet port wall plate without keystone,8,B000U5L3V0,"Leviton 43080-1S1 QuickPort Wallplate, Single Gang, 1-Port, Stainless Steel",E,FN,,0.75,0.75,0.75,12354.34
730,1 fake hawaiian foam flower not clip for ear,22,B01LYCI2HH,"Super Z Outlet Hula Girl Paper Foam Hibiscus Color Assorted Flower Lei Hawaiian Island Rainforest Theme Hair Clips for Costume, Birthday Party Favors, Event Decoration Supplies (12 Pack)",E,TP,1,0.8182,0.8182,0.8182,14801.67
730,1 fake hawaiian foam flower not clip for ear,22,B013DJOCTY,Goege 100 Pcs Diameter 2.4 Inch Artificial Plumeria Rubra Hawaiian Flower Petals For Wedding Party Decoration,E,TP,2,0.8182,0.8182,0.8182,14801.67
730,1 fake hawaiian foam flower not clip for ear,22,B07TF96Q3Q,"Pursuestar 50Pcs 2.4"" Mix Colors Foam Hawaiian Frangipani Artificial Plumeria Flower Hat Hair Clips for Home Wedding Party Beach Vacation Decoration",E,TP,3,0.8182,0.8182,0.8182,14801.67
730,1 fake hawaiian foam flower not clip for ear,22,B011ZJ4VA4,Calcifer 30pcs 1.97''Hawaii Hawaiian Plumeria Flower Clips Bridal Wedding Party Beach Hair Clips,E,TP,4,0.8182,0.8182,0.8182,14801.67
730,1 fake hawaiian foam flower not clip for ear,22,B0799KYKLF,Ewanda store 100 Pcs Diameter 2.0 Inch Assorted Color Artificial Plumeria Rubra Hawaiian Foam Frangipani Flower Petals for Weddings Party Decoration,E,TP,5,0.8182,0.8182,0.8182,14801.67
730,1 fake hawaiian foam flower not clip for ear,22,B07T23T62Y,"LW 50 pcs Artificial Plumeria Foam Egg Flower Frangipani Heads, Headband Wreath Hawaii Beach Party Wedding Decorations (White)",S,FP,6,0.8182,0.8182,0.8182,14801.67
730,1 fake hawaiian foam flower not clip for ear,22,B0135U3SKU,DreamLily Women's Fashion 3 Pcs Hawaiian White Plumeria Flower Foam Hair Clip Balaclavas for Beach (White),S,FP,7,0.8182,0.8182,0.8182,14801.67
730,1 fake hawaiian foam flower not clip for ear,22,B01JG13R8U,"SallyFashion Foam Artificial Plumeria Rubra Flower Heads Frangipani Wedding Decoration Flowers Plumeria Flower Head/Hawaiian Plumeria Foam Flower (2.7"",50 pcs)",E,TP,8,0.8182,0.8182,0.8182,14801.67
730,1 fake hawaiian foam flower not clip for ear,22,B0799L5P5N,Ewanda store 100 Pcs Diameter 1.6 Inch Assorted Color Artificial Plumeria Rubra Hawaiian Foam Frangipani Flower Petals for Weddings Party Decoration,E,TP,9,0.8182,0.8182,0.8182,14801.67
730,1 fake hawaiian foam flower not clip for ear,22,B00XVR7VSS,Sealike 100 Pcs Diameter 2.4 Inch Artificial Plumeria Rubra Hawaiian Flower Petals for Wedding Party Decoration with Stylus White,E,TP,10,0.8182,0.8182,0.8182,14801.67
730,1 fake hawaiian foam flower not clip for ear,22,B08HXW4NDT,"50 pcs 10 Color Plumeria Artificial Flower Frangipani Water Floating Plumeria Artificial Flower Frangipani for Pool Decoration and Bathtub (Flower Dia: 6cm/2.36 inch, 01)",E,TP,11,0.8182,0.8182,0.8182,14801.67
730,1 fake hawaiian foam flower not clip for ear,22,B01N2MIBOD,"(50) Assorted Hawaiian Plumeria Frangipani Silk Flower Heads - 3"" - Artificial Flowers Head Fabric Floral Supplies Wholesale Lot for Wedding Flowers Accessories Make Bridal Hair Clips Headbands Dress",E,TP,12,0.8182,0.8182,0.8182,14801.67
730,1 fake hawaiian foam flower not clip for ear,22,B01DTU3TNM,Healthcom 100 Pcs 2.4 Inch White Artificial Plumeria Rubra Hawaiian Flower Petals Hair Hat Wreath Floral Premium Hawaiian Foam Frangipani Flowers for DIY Home Beach Wedding Party Decoration,E,TP,13,0.8182,0.8182,0.8182,14801.67
730,1 fake hawaiian foam flower not clip for ear,22,B0799JPRF4,Ewanda store 100 Pcs Diameter 3.2 Inch Assorted Color Artificial Plumeria Rubra Hawaiian Foam Frangipani Flower Petals for Weddings Party Decoration,E,TP,14,0.8182,0.8182,0.8182,14801.67
730,1 fake hawaiian foam flower not clip for ear,22,B01N391WEM,"(50) Assorted Pink Hawaiian Plumeria Frangipani Silk Flower Heads - 3"" - Artificial Flowers Head Fabric Floral Supplies Wholesale Lot for Wedding Flowers Accessories Make Bridal Hair Clips Headbands",E,TP,15,0.8182,0.8182,0.8182,14801.67
730,1 fake hawaiian foam flower not clip for ear,22,B01KVDXJPI,Ewanda store 100 Pcs Diameter 1.6 Inch Artificial Plumeria Rubra Hawaiian Foam Frangipani Flower Petals for Weddings Party Decoration(Ivory),S,FP,16,0.8182,0.8182,0.8182,14801.67
730,1 fake hawaiian foam flower not clip for ear,22,B01F7JIYMO,Happy Will 50 Pcs Hawaiian Foam Artificial Plumeria Rubra Hawaiian Flower Petals for Wedding Party Decoration (50),E,TP,17,0.8182,0.8182,0.8182,14801.67
730,1 fake hawaiian foam flower not clip for ear,22,B01MF6X0F3,HugeStore 100 Pcs Diameter 2.4 Inch Artificial Frangipani Plumeria Hawaiian Flower Petals for Wedding Decor Decoration White,E,TP,18,0.8182,0.8182,0.8182,14801.67
730,1 fake hawaiian foam flower not clip for ear,22,B084TJPJBN,Toyvian Artificial Flowers Heads Hibiscus Hawaiian Flowers for Craft DIY Art Project Scrapbooking Tabletop Decoration Tropical Luau Party Favors Supplies Purple,E,TP,19,0.8182,0.8182,0.8182,14801.67
730,1 fake hawaiian foam flower not clip for ear,22,B071JDFPFH,"Pack of 50 Pieces Beautiful Colorful Handmade Mini Diameter 1.4"" Artificial Frangipani Plumeria Hawaiian Flower for Wedding Party Home Office Decoration Handwork (Assorted Color)",E,TP,20,0.8182,0.8182,0.8182,14801.67
730,1 fake hawaiian foam flower not clip for ear,22,B01AK74C7E,Pursuestar 100Pcs White Foam Hawaiian Frangipani Artificial Plumeria Flower Petals Cap Hair Hat Wreath Floral DIY Home Wedding Decoration 5cm,E,TP,21,0.8182,0.8182,0.8182,14801.67
730,1 fake hawaiian foam flower not clip for ear,22,B07FZK47ML,"Hawaiian Hibiscus Flower Hair Clip,Fabric Artificial Tropical Flower Hairpin Barrette Hair Accessories for Luau Beach Party(8pcs with Assorted Colors)",I,FP,22,0.8182,0.8182,0.8182,14801.67
730,1 fake hawaiian foam flower not clip for ear,22,B000WZ4JGO,Hibiscus Flowers for Tabletop Decoration (24),E,FN,,0.8182,0.8182,0.8182,14801.67
730,1 fake hawaiian foam flower not clip for ear,22,B07HMHWBTN,Fake flower heads in bulk Wholesale for Crafts DIY Artificial Silk Rose Peony Heads Decorative Stamen Fake Flowers for Wedding Home Birthday Decoration Vases Decor Supplies 30PCS 4.5cm (Colorful),E,FN,,0.8182,0.8182,0.8182,14801.67
730,1 fake hawaiian foam flower not clip for ear,22,B01N5RA7UR,Oojami Hibiscus Flowers for Tabletop Decoration,E,FN,,0.8182,0.8182,0.8182,14801.67
730,1 fake hawaiian foam flower not clip for ear,22,B075KJ3CSV,"Hawaiian Luau Party Supplies-Hawaiian Leis(36Ct) with (16pcs)Hawaiian Flower Hair Clips, Perfect for Your Hawaii Luaus",E,FN,,0.8182,0.8182,0.8182,14801.67
731,1 fancy box without lids,2,B08PFRK8VD,"JOHOUSE Gift Box, 8 inches Large White Gift Box, with Cover Ribbon and Lafite for Wedding, Christmas Gifts, Valentines Day",S,FP,1,0.0,0.0,0.0,11561.41
731,1 fancy box without lids,2,B07HCZ8WW3,"PACKHOME Gift Box 9.5x7x4 Inches, Groomsman Box, Rectangle Collapsible Box with Magnetic Lid for Gift Packaging (Matte Black, Grain Texture)",S,FP,2,0.0,0.0,0.0,11561.41
731,1 fancy box without lids,2,B08Q3FMWJT,"BLK&WH Gift Box 14x9.5x4.5 Inches, Large Gift Box with Lid, White Gift Box, Bridesmaid Proposal Box, Collapsible Gift Box with Magnetic Lid (Matte White)",E,FN,,0.0,0.0,0.0,11561.41
731,1 fancy box without lids,2,B06ZZ3XHBW,"HOMZ 3410CLRDC.05 Plastic Storage, Modular Stackable Storage Bins with Blue Latching Handles, 7.5 Quart, Clear, 5-Pack",E,FN,,0.0,0.0,0.0,11561.41
737,1 for 1 chlorine free pads without wings,10,B00TDEMB9C,"Seventh Generation Pantiliner Pads, Free & Clear, 50 count",S,FP,1,0.3,0.3,0.3,11660.11
737,1 for 1 chlorine free pads without wings,10,B0979L6WHT,"Sofy Organic Cotton Sanitary Pads for Women – Certified Regular Napkins, Super Absorbent, Chemical Free, Unscented, Ultra Thin, Leak Protection (1 Reg+2 Trial pks, 24 Count Total)",S,FP,2,0.3,0.3,0.3,11660.11
737,1 for 1 chlorine free pads without wings,10,B01536MCXI,"Natracare Slim Fitting Ultra Pads with Wings, Regular, Made with Certified Organic Cotton, Ecologically Certified Cellulose Pulp and Plant Starch (1 Pack, 14 Pads Total)…",I,FP,3,0.3,0.3,0.3,11660.11
737,1 for 1 chlorine free pads without wings,10,B07C57MRRS,"Seventh Generation Ultra Thin Pads with Wings, Super Absorbency, 32 Count",E,TP,4,0.3,0.3,0.3,11660.11
737,1 for 1 chlorine free pads without wings,10,B003X08A2Y,"Seventh Generation Ultrathin Pads, Super Long, 16 ct",S,FP,5,0.3,0.3,0.3,11660.11
737,1 for 1 chlorine free pads without wings,10,B000C9N5VK,"Seventh Generation Ultra Thin Pads, Overnight with wings, Chlorine Free, 14 count, 12 Pack (Packaging May Vary)",S,FP,6,0.3,0.3,0.3,11660.11
737,1 for 1 chlorine free pads without wings,10,B000C9SDPS,"Seventh Generation Maxi Pads, Regular Absorbency, Chlorine Free, 24 count, 12 Pack (Packaging May Vary)",E,TP,7,0.3,0.3,0.3,11660.11
737,1 for 1 chlorine free pads without wings,10,B0014JWTIM,"Seventh Generation Ultrathin Pads, Overnight with wings, Free & Clear Chlorine Free, 14 count",E,TP,8,0.3,0.3,0.3,11660.11
737,1 for 1 chlorine free pads without wings,10,B01KHD3T1G,"Seventh Generation Ultrathin Pads, Overnight with wings, Free & Clear, 14 count",I,FP,9,0.3,0.3,0.3,11660.11
737,1 for 1 chlorine free pads without wings,10,B004HL8QC2,Seventh Generation - Chlorine Free Ultra-thin Pads Super Long With Wings - 16 Pads (2 Pack),S,FP,10,0.3,0.3,0.3,11660.11
737,1 for 1 chlorine free pads without wings,10,B07M7GVGJW,"L. Organic Cotton & Chlorine-Free Liners, Ultra Thin, 100 Count",E,FN,,0.3,0.3,0.3,11660.11
737,1 for 1 chlorine free pads without wings,10,B01IZ5EYJO,"Always Ultra Thin Pads for Women, Size 1 Regular Absorbency Without Wings Unscented, 44 Count - Pack of 3 (132 Count Total)",E,FN,,0.3,0.3,0.3,11660.11
737,1 for 1 chlorine free pads without wings,10,B07192ZQ3L,"Rael Organic Cotton Sanitary Pads - Overnight Size, Heavy Absorbency, Unscented, Ultra Thin Pads for Women (20 Count)",E,FN,,0.3,0.3,0.3,11660.11
737,1 for 1 chlorine free pads without wings,10,B0014GW1CO,"Seventh Generation Maxi Pads, Regular, Free & Clear Chlorine Free, 24 count",E,FN,,0.3,0.3,0.3,11660.11
737,1 for 1 chlorine free pads without wings,10,B002PKC39O,"SEVENTH GENERATION Free & Clear Maxi Pads, 24 Count (2 Pack)",E,FN,,0.3,0.3,0.3,11660.11
737,1 for 1 chlorine free pads without wings,10,B006R6U9SY,"U by Kotex Security Ultra Thin Feminine Pads, Heavy Absorbency, Unscented, 56 Count",E,FN,,0.3,0.3,0.3,11660.11
737,1 for 1 chlorine free pads without wings,10,B003CP156I,"Always Xtra Protection Daily Feminine Panty Liners for Women, Regular, Unscented, 50 Count - Pack of 6 (300 Total Count)",E,FN,,0.3,0.3,0.3,11660.11
745,1 gallon ziplock bags the kind without the zip clip,18,B084267T5M,"DiRose Gallon Bags Pack of 250 – 1 Gallon Reclosable Storage Bags – Practical and Durable Design – Food Safe Non-BPA Material – Easy Zip Closure – Ideal for Food, Snacks, Dog Treats, Organizing",S,FP,1,0.6667,0.6667,0.6667,13363.05
745,1 gallon ziplock bags the kind without the zip clip,18,B00BZQM146,Glad Zipper Food Storage Plastic Bags - Gallon Size - 40 Count (Package May Vary),S,FP,2,0.6667,0.6667,0.6667,13363.05
745,1 gallon ziplock bags the kind without the zip clip,18,B0065284NW,"Glad Food Storage and Freezer 2 in 1 Zipper Bags - Gallon Size - 36 Count, Pack of 9 (Package May Vary)",E,TP,3,0.6667,0.6667,0.6667,13363.05
745,1 gallon ziplock bags the kind without the zip clip,18,B003UEGZNE,"Ziploc Freezer Bags with New Grip 'n Seal Technology, Gallon, 28 Count",E,TP,4,0.6667,0.6667,0.6667,13363.05
745,1 gallon ziplock bags the kind without the zip clip,18,B07BJ469BR,"Amazon Brand - Solimo Freezer Gallon Bags, 90 Count",E,TP,5,0.6667,0.6667,0.6667,13363.05
745,1 gallon ziplock bags the kind without the zip clip,18,B003OWRA72,"Ziploc Gallon Food Storage Freezer Slider Bags, Power Shield Technology for More Durability, 24 Count",E,TP,6,0.6667,0.6667,0.6667,13363.05
745,1 gallon ziplock bags the kind without the zip clip,18,B01NCDWR8A,"SC Johnson Professional Freezer Bags, For Food Organization and Storage, Double Zipper, 2 Gallon, 100 Count",S,FP,7,0.6667,0.6667,0.6667,13363.05
745,1 gallon ziplock bags the kind without the zip clip,18,B085G7QGRR,"Reusable Gallon Freezer Bags - 6 Pack 1 Gallon Storage Bags, Leakproof Silicone and Plastic Free Gallon Ziplock Bags for Marinate Meats Cereal Sandwich Snack Travel Items Meal Prep Home Organization",E,TP,8,0.6667,0.6667,0.6667,13363.05
745,1 gallon ziplock bags the kind without the zip clip,18,B092P4NN69,"[9""X12"" Inches 100 pk] Heavy Weight Storage Freezer Slider Bags 9""X12"" Storage Large 1 Gallon Quality Bags for Food Home Office Clothing Packaging Shipping & All Purpose Needs 100 Ct 3 Mil Thick",I,FP,9,0.6667,0.6667,0.6667,13363.05
745,1 gallon ziplock bags the kind without the zip clip,18,B014OUTFPW,"Hefty Slider Storage Bags, Gallon Size, 30 Count (4 Pack), 120 Total",S,FP,10,0.6667,0.6667,0.6667,13363.05
745,1 gallon ziplock bags the kind without the zip clip,18,B00CQAHOCO,"Ziploc Gallon Food Storage Freezer Bags, Grip 'n Seal Technology for Easier Grip, Open, and Close, 60 Count",E,TP,11,0.6667,0.6667,0.6667,13363.05
745,1 gallon ziplock bags the kind without the zip clip,18,B07BMYXYP9,Diversey-100946912 CRYOVAC Resealable Double Zipper Gallon Freezer Bags (30 Bags),E,TP,12,0.6667,0.6667,0.6667,13363.05
745,1 gallon ziplock bags the kind without the zip clip,18,B07NQVYCG3,"Ziploc Gallon Food Storage Slider Bags, Power Shield Technology for More Durability, 26 Count, Pack of 4 (104 Total Bags)",E,TP,13,0.6667,0.6667,0.6667,13363.05
745,1 gallon ziplock bags the kind without the zip clip,18,B07BJ495GL,"Amazon Brand - Solimo Gallon Food Storage Bags, 120 Count",E,TP,14,0.6667,0.6667,0.6667,13363.05
745,1 gallon ziplock bags the kind without the zip clip,18,B01HC0I57K,"Glad Trash & Food Storage Food Storage and Freezer 2 in 1 Zipper Bags - Gallon Size - 36 Count Each (Pack of 3), Transparent (10602052)",E,TP,15,0.6667,0.6667,0.6667,13363.05
745,1 gallon ziplock bags the kind without the zip clip,18,B01JLPJM8U,"Hefty Slider Storage Bags, Gallon Size, 66 Count",S,FP,16,0.6667,0.6667,0.6667,13363.05
745,1 gallon ziplock bags the kind without the zip clip,18,B00HG1GG6S,"Ziploc Gallon Food Storage Bags, Grip 'n Seal Technology for Easier Grip, Open, and Close, 75 Count",E,TP,17,0.6667,0.6667,0.6667,13363.05
745,1 gallon ziplock bags the kind without the zip clip,18,B01N1M359Q,"SC Johnson Professional Ziploc Storage Bags with New Grip 'n Seal Technology, For Food Organization and Storage, Double Zipper, Gallon, 250 Count",E,TP,18,0.6667,0.6667,0.6667,13363.05
745,1 gallon ziplock bags the kind without the zip clip,18,B003U6A3C6,"Ziploc Storage Bags, Double Zipper Seal & Expandable Bottom, Large, 5 Count, Big Bag",E,FN,,0.6667,0.6667,0.6667,13363.05
745,1 gallon ziplock bags the kind without the zip clip,18,B00JC9TJQ6,"Glad Zipper Food Storage Plastic Bags - Gallon Size - 50 Count, Pack of 4 (Package May Vary)",E,FN,,0.6667,0.6667,0.6667,13363.05
745,1 gallon ziplock bags the kind without the zip clip,18,B07VFSNBW1,"Reusable Gallon Storage Bags - Stand up Ziplock Gallon Freezer Bags - 3 Pack LEAKPROOF 1 Gallon Size Bags - for Marinate Meats, Snack, Sandwich, Fruit, Travel Items, Cereal, Veggies, Home Organization",E,FN,,0.6667,0.6667,0.6667,13363.05
745,1 gallon ziplock bags the kind without the zip clip,18,B07PZ8HLWD,"Ziploc Gallon Food Storage Freezer Bags, Grip 'n Seal Technology for Easier Grip, Open, and Close, 30 Count, Pack of 4 (120 Total Bags)",E,FN,,0.6667,0.6667,0.6667,13363.05
745,1 gallon ziplock bags the kind without the zip clip,18,B01MSSW11O,"SC Johnson Professional Ziploc Freezer Bags, For Food Organization and Storage, Double Zipper, Gallon, 250 Count",E,FN,,0.6667,0.6667,0.6667,13363.05
745,1 gallon ziplock bags the kind without the zip clip,18,B083J4GF5N,Reusable Storage Bags - 12 Pack BPA FREE Freezer Bags Food Container for Sous Vide Liquid Lunch Snack Sandwich Marinate Meat Fruits Cereal Size Gallon Large Plastic Containers,E,FN,,0.6667,0.6667,0.6667,13363.05
749,1 gpm propane water heater not adapter,15,B08V521V9N,Camplux Outdoor Portable Hot Water Heater Propane Instant 2.11 GPM On Demand Camping Gas Tankless Water Heater,E,TP,1,0.4,0.4,0.4,14677.64
749,1 gpm propane water heater not adapter,15,B0084CPEFW,"Rinnai V65iP Propane Tankless Hot Water Heater, 6.5 GPM, Indoor Installation",S,FP,2,0.4,0.4,0.4,14677.64
749,1 gpm propane water heater not adapter,15,B0084CPEE8,"Rinnai V65EP Tankless Hot Water Heater, 6.5 GPM, Propane, Outdoor Installation",S,FP,3,0.4,0.4,0.4,14677.64
749,1 gpm propane water heater not adapter,15,B083GQPRW6,"Camplux 2.64 GPM Tankless Propane Water Heater, Outdoor Portable Gas Water Heater with Overheating Protection, Instant Propane Hot Water Heater for RV, Camping, Cabins, Barns, White",E,TP,4,0.4,0.4,0.4,14677.64
749,1 gpm propane water heater not adapter,15,B089LVTZP2,"FOGATTI Propane Tankless Water Heater Indoor for Home Gas 3.7 GPM 67℉Rise (5.5 GPM 45℉ Rise), High Efficiency Instant Hot On Demand Multiple Points of Use",S,FP,5,0.4,0.4,0.4,14677.64
749,1 gpm propane water heater not adapter,15,B002Y0K6AI,"Eccotemp FVI12-LP Liquid Propane Gas Tankless Water Heaters, White",S,FP,6,0.4,0.4,0.4,14677.64
749,1 gpm propane water heater not adapter,15,B07FTK91YG,Camplux Pro 6L 1.58 GPM Outdoor Portable Propane Tankless Water Heater With 1.2 GPM Water Pump,E,TP,7,0.4,0.4,0.4,14677.64
749,1 gpm propane water heater not adapter,15,B01N1ZM1TS,"Camplux Tankless Water Heater, 2.64 GPM On Demand Instant Hot Water Heater,Propane Tankless Water Heater for Shower, White",S,FP,8,0.4,0.4,0.4,14677.64
749,1 gpm propane water heater not adapter,15,B084GWH3CR,RecPro RV Tankless Water Heater | On Demand Hot Water Heater | Gas Water Heater | Remote Control Included (White),S,FP,9,0.4,0.4,0.4,14677.64
749,1 gpm propane water heater not adapter,15,B07CPT43F3,"VEVOR 12L Propane Hot Water Heater 3.2GPM Stainless Steel Use Liquefied Propane Gas,Shower Head Kit Wall-Mounted,Suit for Household or Outdoor, Silver",S,FP,10,0.4,0.4,0.4,14677.64
749,1 gpm propane water heater not adapter,15,B076S341ZH,Ridgeyard Fashion 6L Portable Propane Gas Tankless Water Heater with Shower Head 6L for Cabins,E,TP,11,0.4,0.4,0.4,14677.64
749,1 gpm propane water heater not adapter,15,B08Z8D2XZQ,"Camplux 5L Outdoor Portable Water Heater, 1.32 GPM Tankless Propane Gas Water Heater for RV, Camping, Barns, White",E,TP,12,0.4,0.4,0.4,14677.64
749,1 gpm propane water heater not adapter,15,B07KGFPVG6,"Hike Crew Portable Propane Water Heater & Shower Pump – Compact Outdoor Cleaning & Showering System w/LCD & Auto Safety Shutoff for Instant Hot Water While Camping, Hiking – Carry Case Included",E,TP,13,0.4,0.4,0.4,14677.64
749,1 gpm propane water heater not adapter,15,B0777K889Q,"Tankless Water Heater, Camplux Constant Propane Water Heater, 3.18 GPM On Demand Water Heater, Instant Hot Water Heater, Indoor, Black",S,FP,14,0.4,0.4,0.4,14677.64
749,1 gpm propane water heater not adapter,15,B01I1FU1FE,Camplux 16L Outdoor 4.22 GPM Digital Display Propane Gas Tankless Water Heater,S,FP,15,0.4,0.4,0.4,14677.64
749,1 gpm propane water heater not adapter,15,B08XX3N3N7,"Propane Tankless Water Heater, GASLAND Outdoors BS158 1.58GPM 6L Portable Gas Water Heater, Instant Propane Water Heater, RV Camping Water Heater, Overheating Protection, Easy to Install",E,FN,,0.4,0.4,0.4,14677.64
749,1 gpm propane water heater not adapter,15,B07TP8W2B7,"Camplux Pro 1.58 GPM Tankless Propane Water Heater, Outdoor Propane Gas Water Heater with Portable Handle, Portable Gas Water Heater for Camping,Cabins,White",E,FN,,0.4,0.4,0.4,14677.64
749,1 gpm propane water heater not adapter,15,B01MS9DVEE,"Rheem RTEX-24 24kW 240V Electric Tankless Water Heater, Gray",E,FN,,0.4,0.4,0.4,14677.64
749,1 gpm propane water heater not adapter,15,B082PRMBG3,Camplux Tankless Water Heater Electric with LED Display 120V Instant Water Heaters Under Sink 3.5kw TE04,E,FN,,0.4,0.4,0.4,14677.64
749,1 gpm propane water heater not adapter,15,B07MDZC6KG,"Tankless Water Heater Electric 5.5kw 240V, ECOTOUCH Point-of-Use Hot Water Heater Digital Display,Electric Instant Hot Water Heater with Self-modulating,Overheating Protection,White",E,FN,,0.4,0.4,0.4,14677.64
749,1 gpm propane water heater not adapter,15,B0789DTY5L,"Camplux ME25 Mini Tank Electric Water Heater 2.5-Gallon with Cord Plug,1.5kW at 120 Volts",E,FN,,0.4,0.4,0.4,14677.64
749,1 gpm propane water heater not adapter,15,B084TMGHXX,"Camplux 2.64 GPM Portable Propane Water Heater, Tankless Propane Gas Water Heater with Digital Display, On Demand Hot Gas Water Heater for Campings, Road Trips, White",E,FN,,0.4,0.4,0.4,14677.64
749,1 gpm propane water heater not adapter,15,B01MXDZCKM,Eccotemp L5 1.5 GPM Portable Outdoor Tankless Water Heater,E,FN,,0.4,0.4,0.4,14677.64
749,1 gpm propane water heater not adapter,15,B07D7SY8DR,"Eemax EEM24013 Electric Tankless Water Heater, Blue",E,FN,,0.4,0.4,0.4,14677.64
755,1 hp pool pump without filter,3,B07ST5VNV1,"Hayward W3SP2610X15 Super Pump Pool Pump, 1.5 HP",S,FP,1,0.0,0.0,0.0,12127.65
755,1 hp pool pump without filter,3,B06WGVDDVW,"XtremepowerUS 1.5HP Inground Pool Pump 5280GPH 1.5"" NPT Inlet/Outlet 220V Dual Speed",S,FP,2,0.0,0.0,0.0,12127.65
755,1 hp pool pump without filter,3,B007VEW6EG,Waterway Plastics PH1150-6 1.5 hp Hi-Flo Above Ground Pool Pump,S,FP,3,0.0,0.0,0.0,12127.65
755,1 hp pool pump without filter,3,B00ZTRLD2I,Lanchez Submersible Utility 3/4 HP Pump with 4450 GPH Flow for Water Removal， Drain Pump for Swimming Pool Garden Pond Basement，Transfer Pump 25 feet Power Cord,E,FN,,0.0,0.0,0.0,12127.65
755,1 hp pool pump without filter,3,B0062FTMV0,WAYNE CDU1000 1 HP Submersible Cast Iron and Stainless Steel Sump Pump with Integrated Vertical Float Switch - 58321-WYN2,E,FN,,0.0,0.0,0.0,12127.65
755,1 hp pool pump without filter,3,B00554SP3K,WAYNE CDU980E 3/4 HP Submersible Cast Iron and Stainless Steel Sump Pump With Integrated Vertical Float Switch,E,FN,,0.0,0.0,0.0,12127.65
758,1 in blank buttons without pin backs,5,B07ZCS9J71,BUYGOO 50Pcs 1.5 inch Acrylic Design Button Badge Clear Button Pin Badges Kit for DIY Crafts and Children's Paper Craft Activities and More,E,TP,1,0.4,0.4,0.4,12043.35
758,1 in blank buttons without pin backs,5,B075WCF2TY,Aboat 25 Sets Design a Button Clear Acrylic Button Badges Kit with Pins for DIY Crafts and Craft Activities (2.36 Inch),I,FP,2,0.4,0.4,0.4,12043.35
758,1 in blank buttons without pin backs,5,B07JJW94NZ,Sumind 36 Pack 1.5 Inch Acrylic Design Button Badge Clear Button Pin Badges Kit for Craft Supplies or DIY Badges,E,TP,3,0.4,0.4,0.4,12043.35
758,1 in blank buttons without pin backs,5,B07JYPFJPC,"Bignc 20 Set Clear Plastic Craft Button with Pin,Pins Buttons Design a Button for DIY Crafts(2.36 Inch)",I,FP,4,0.4,0.4,0.4,12043.35
758,1 in blank buttons without pin backs,5,B07SCYB7QZ,BUYGOO 30Pcs 2.4 inch Acrylic Design Button Badge Clear Button Pin Badges Kit for DIY Crafts and Children's Paper Craft Activities and More,I,FP,5,0.4,0.4,0.4,12043.35
758,1 in blank buttons without pin backs,5,B071R1W829,"Rustark 120Pcs 3 Sizes Silver Tone Pin Back Clasp Brooch for Badge Crafts, Jewelry Crafting, Sewing Fabric, Making Corsage - Small/Medium/Large",E,FN,,0.4,0.4,0.4,12043.35
758,1 in blank buttons without pin backs,5,B00RCDXCMG,GANSSIA 1 Inch Black Resin Buttons 25mm Sewing Flatback Button for Garment DIY Craft Decoration Pack of 50PCS,E,FN,,0.4,0.4,0.4,12043.35
758,1 in blank buttons without pin backs,5,B07C3LSGLZ,FJSM 30 Sets 2.4 inch Badge Button Pin Round DIY Button Badge Acrylic Design Clear Plastic Large Pin Button Badge Kit for Children's DIY Craft Supplies,E,FN,,0.4,0.4,0.4,12043.35
759,1 in clear round acrylic disk without hole,11,B0925X7N7T,Jetec 8 Pieces Clear Acrylic Sheets Round Acrylic Discs 1/12 Inch Thick Acrylic Panel Transparent Acrylic Board for DIY Craft Project Signs Picture Frame Display (4 Inch),S,FP,1,0.8182,0.8182,0.8182,13075.79
759,1 in clear round acrylic disk without hole,11,B07TK8XYMF,"Tupalizy 1 Inch Clear Circular Acrylic Game Accessories Miniature Bases Flat Discs Counter Markers for Miniature Stands, Tabletop Decor, , Terrain Building and Cake Decoration, 1.8mm Thick, 25 Pack",E,TP,2,0.8182,0.8182,0.8182,13075.79
759,1 in clear round acrylic disk without hole,11,B09BBRW537,"20 Laser Cut Clear Acrylic Blank Round Discs Smooth Edge Transparent Plexiglass Circles 3/16 inch (4.5 mm) Thick with or Without Holes DIY Crafts Keychains Jewelry Gift Tags (1"", with Hole)",E,TP,3,0.8182,0.8182,0.8182,13075.79
759,1 in clear round acrylic disk without hole,11,B08PZ29L1T,"16 Pieces Acrylic Sheet 0.08 Inch Thick Circle Acrylic Blanks Plastic Disc Round Acrylic Panel Circle Acrylic Sheets Sign for Picture Frame Painting DIY Crafts (Clear,4 Inch/ 10.16 cm)",E,TP,4,0.8182,0.8182,0.8182,13075.79
759,1 in clear round acrylic disk without hole,11,B085XX31XJ,"Clear Acrylic Disks, Round Circles for Arts and Craft Supplies (3 Inches, 20 Pack)",E,TP,5,0.8182,0.8182,0.8182,13075.79
759,1 in clear round acrylic disk without hole,11,B08PG6MK5S,STYLEZONE 20 Pack Clear Acrylic Disks Round Circles for DIY Projects Arts and Craft Supplies 2.5 Inches,S,FP,6,0.8182,0.8182,0.8182,13075.79
759,1 in clear round acrylic disk without hole,11,B07ZRNNQXK,"40 Laser Cut Clear Acrylic Blank Round Discs Smooth Edge Transparent Plexiglass Circles 1/8 inch (3 mm) with or Without Holes DIY Crafts Keychains Jewelry Gift Tags (1"", with Hole)",E,TP,7,0.8182,0.8182,0.8182,13075.79
759,1 in clear round acrylic disk without hole,11,B07ZPB3L6B,"30 Laser Cut Clear Acrylic Blank Round Discs Smooth Edge Transparent Plexiglass Circles 1/8 inch (3 mm) with or Without Holes DIY Crafts Keychains Jewelry Gift Tags (1"", No Hole)",E,TP,8,0.8182,0.8182,0.8182,13075.79
759,1 in clear round acrylic disk without hole,11,B09BC812WD,"30 Laser Cut Clear Acrylic Blank Round Discs Smooth Edge Transparent Plexiglass Circles 3/16 inch (4.5 mm) Thick with or Without Holes DIY Crafts Keychains Jewelry Gift Tags (1"", No Hole)",E,TP,9,0.8182,0.8182,0.8182,13075.79
759,1 in clear round acrylic disk without hole,11,B08Q3X9M33,"BILLIOTEAM 24 PCS 3 Inch Acrylic Disks,1/8"" Thickness,Clear Acrylic Round Circles Blanks for DIY Crafts,Vinyl Projects,DIY Keychains,Decorative Ornaments,Name Plates (No Hole)",E,TP,10,0.8182,0.8182,0.8182,13075.79
759,1 in clear round acrylic disk without hole,11,B07ZKV3BK6,"100 Laser Cut Clear Acrylic Blank Round Discs Smooth Edge Transparent Plexiglass Circles 1/8 inch (3 mm) with or Without Holes DIY Crafts Keychains Jewelry Gift Tags (1"", with Hole)",E,TP,11,0.8182,0.8182,0.8182,13075.79
759,1 in clear round acrylic disk without hole,11,B07ZHLXB8M,"20 Laser Cut Clear Acrylic Blank Round Discs Smooth Edge Transparent Plexiglass Circles 1/8 inch (3 mm) with or Without Holes DIY Crafts Keychains Jewelry Gift Tags (1"", with Hole)",E,FN,,0.8182,0.8182,0.8182,13075.79
759,1 in clear round acrylic disk without hole,11,B086QT1KXM,"BigOtters Acrylic Keychain Blanks, Acrylic Transparent Circle Discs 120pcs Clear Keychains Including 30pcs Acrylic Blanks, 30pcs Keychain Tassels, 30pcs Key Chain Rings and 30pcs Jump Rings for DIY Keychain Crafting",E,FN,,0.8182,0.8182,0.8182,13075.79
765,1 inch 3 ring binder without clear pocket,20,B07HJYG8PT,"4 Pack 1.5 Inch 3 Ring Binders, Rugged Design for Home, Office, and School, Designed for of 8.5 Inch x 11 Inch Paper, Red, Purple, Aqua, Lime Green, 4 Binder Assorted Pack, Made in USA",E,TP,1,0.7,0.7,0.7,13771.39
765,1 inch 3 ring binder without clear pocket,20,B07G4MVQPJ,"Better Office Products, 3 Ring Poly Binder with Pocket, 1 Inch, Letter Size, 4 Pack-Assorted Colors",E,TP,2,0.7,0.7,0.7,13771.39
765,1 inch 3 ring binder without clear pocket,20,B007YCOMWY,"QuickFit Heavy Duty 8.5 x 14 Inch Landscape Spreadsheet View Binder, 1 Inch, Round Ring, Black (95011L)",S,FP,3,0.7,0.7,0.7,13771.39
765,1 inch 3 ring binder without clear pocket,20,B004I01IU4,"Cardinal 3 Ring Binder, 1 Inch FreeStand Binder with Magnetic Cover Flap, Shelf Pull and 5 Color-Coded Rings, ONE-TOUCH Easy Open Locking Slant-D Rings, Holds 250 Sheets, White",E,TP,4,0.7,0.7,0.7,13771.39
765,1 inch 3 ring binder without clear pocket,20,B07TCS47XC,"1 Inch 3 Ring Binders,SEEKIND View Binders,Holds Up to 8.5""11"" Paper,Customizable Clear Cover,for Home,Office, and School Supply,6 Pack",E,TP,5,0.7,0.7,0.7,13771.39
765,1 inch 3 ring binder without clear pocket,20,B073Z1Q8SN,"4 Pack 3 inch 3 Ring Binders, Rugged Heavy Duty Design for Home, Office, and School, Holds up to 625 Sheets of 8.5 Inch x 11 Inch Paper, White, 4 Binders",S,FP,6,0.7,0.7,0.7,13771.39
765,1 inch 3 ring binder without clear pocket,20,B07BFHPDD2,"Blue Summit Supplies 10 Pack of 1/2 Inch 3 Ring Economy Binders, Black, Bulk Clear Cover Binders for Home, Office, and School, 8 1/2 Inch x 11 Inch Paper, Value Pack",I,FP,7,0.7,0.7,0.7,13771.39
765,1 inch 3 ring binder without clear pocket,20,B0063C5NP6,"Avery Mini Durable View 3 Ring Binder, 1/2 Inch Round Rings, 1 White Binder (27726)",I,FP,8,0.7,0.7,0.7,13771.39
765,1 inch 3 ring binder without clear pocket,20,B07DFZWYW4,"AVERY + Amy Tangerine Designer Collection Binder, 1""Round Rings, 175-Sheet Capacity, Watercolor Rainbow (28322)",E,TP,9,0.7,0.7,0.7,13771.39
765,1 inch 3 ring binder without clear pocket,20,B01F9R3D9I,"Cardinal Economy 3 Ring Binder, 1 Inch, Presentation View, Black, Holds 225 Sheets, Nonstick, PVC Free, 4 Pack of Binders (79512)",E,TP,10,0.7,0.7,0.7,13771.39
765,1 inch 3 ring binder without clear pocket,20,B00974KT7O,"Filexec Products 1-Inch 3 Ring Binder, Clear, Pack of 2 (50297-64223)",E,TP,11,0.7,0.7,0.7,13771.39
765,1 inch 3 ring binder without clear pocket,20,B07TK2JTZT,"Blue Summit Supplies Mini 3-Ring Binder, Junior 1 Inch Mini Binder, Small 3-Ring Binder, Small Size Fits 5 1/2 x 8 1/2 Binder Paper, Set of Small Binders Ideal for Playbills or Planner, Black, 6 Pack",E,TP,12,0.7,0.7,0.7,13771.39
765,1 inch 3 ring binder without clear pocket,20,B07MVH9SDW,"Blue Summit Supplies Mini 3-Ring Binder, Junior 1 Inch Mini Binder, Small 3-Ring Binder, Small Size Fits 5 1/2 x 8 1/2 Binder Paper, Set of Small Binders Ideal for Playbills or Planner, White, 6 Pack",E,TP,13,0.7,0.7,0.7,13771.39
765,1 inch 3 ring binder without clear pocket,20,B0017P1FYM,"Avery Economy Binder with 2 Inch Round Ring, Black, One Binder (3501)",S,FP,14,0.7,0.7,0.7,13771.39
765,1 inch 3 ring binder without clear pocket,20,B07H9LJN3T,"Travigo 3-Ring Zipper Business Leather Portfolio Folder| 1.25"" 3-Ring Binder Professional Business Folder Resume Document Organizer|Exterior Pocket | Guesseted File Pocket| 8-1-2"" Writing Pad (Black)",E,TP,15,0.7,0.7,0.7,13771.39
765,1 inch 3 ring binder without clear pocket,20,B00A45VF2S,"Cardinal Economy 3-Ring Binders, 1"", Round Rings, Holds 225 Sheets, ClearVue Presentation View, Non-Stick, White, Carton of 12 (90621)",E,TP,16,0.7,0.7,0.7,13771.39
765,1 inch 3 ring binder without clear pocket,20,B00B1FKDKU,"AVERY Heavy Duty View 3 Ring Binder, 1"" One Touch EZD Ring, Holds 8.5"" x 11"" Paper, 1 Red Binder (79170)",E,TP,17,0.7,0.7,0.7,13771.39
765,1 inch 3 ring binder without clear pocket,20,B00006B8KL,"Avery 1"" Economy View 3 Ring Binder, Round Ring, Holds 8.5"" x 11"" Paper, 1 White Binder (5711)",E,TP,18,0.7,0.7,0.7,13771.39
765,1 inch 3 ring binder without clear pocket,20,B079NN9ND1,"DocIt 4 Pocket Binder, Multi Pocket Folder and 1-inch 3 Ring Binder, Perfect for School, Office and Project Organization, Holds 300 Letter Size Papers, Grey (00939-GY)",S,FP,19,0.7,0.7,0.7,13771.39
765,1 inch 3 ring binder without clear pocket,20,B08DN75G46,"Comix 3 Ring Binder with Pocket,1 inch Round Ring Binder Holds 8.5 x 11 Inch 175 Sheets for School,Office, Assorted Color(Red,,Blue,Teal,Green), 4-Pack (EA119)",E,TP,20,0.7,0.7,0.7,13771.39
765,1 inch 3 ring binder without clear pocket,20,B07DFZX1BS,"AVERY + Amy Tangerine Designer Collection Binder, 1""Round Rings, 175-Sheet Capacity, Blank Canvas (28323)",E,FN,,0.7,0.7,0.7,13771.39
765,1 inch 3 ring binder without clear pocket,20,B01F9R3CY4,"Cardinal Economy 3 Ring Binder, 1 Inch, Presentation View, White, Holds 225 Sheets, Nonstick, PVC Free, 4 Pack of Binders (79510)",E,FN,,0.7,0.7,0.7,13771.39
765,1 inch 3 ring binder without clear pocket,20,B003O3GS9M,"Mead 1 Inch 3 Ring Binder, Tri-Fold, 3 Pockets, Purple/Pink (72161)",E,FN,,0.7,0.7,0.7,13771.39
765,1 inch 3 ring binder without clear pocket,20,B07WRRTBD7,"Sooez Binder Pouch, 2 Pack Pencil Pouch 3 Ring Fabric Pencil Pouches Black Pencil Case Pencil Bags,Pencil Bags with Zipper, Zippered Pencil Pouch for 3 Ring Binder (Black)",E,FN,,0.7,0.7,0.7,13771.39
765,1 inch 3 ring binder without clear pocket,20,B07C425X2N,"Better Office Sheet Protectors, 50 Pack",E,FN,,0.7,0.7,0.7,13771.39
765,1 inch 3 ring binder without clear pocket,20,B01EXIQHWO,"Samsill Fashion Color 3 Ring Storage Binders, 1 Inch Round Ring, Assorted Colors May Vary (Blue Coconut, Dragon Fruit, Blueberry), Bulk Binders - 6 Pack, Model Number: MP21398",E,FN,,0.7,0.7,0.7,13771.39
774,1 inch hose clamps,16,B01M9ITMDI,"Size #12 (5/8"" ~ 1-1/4"") All Stainless Hose Clamp, 1/2"" Bandwidth, Pack of 10",E,TP,1,0.9375,0.9375,0.9375,12514.95
774,1 inch hose clamps,16,B07G9TZLRM,Selizo 40Pcs Hose Clamp Including 7 Sizes Adjustable Pipe Tube Clamps 304 Stainless Steel Hose Clips,E,TP,2,0.9375,0.9375,0.9375,12514.95
774,1 inch hose clamps,16,B012ZLEZ6G,10PC Steel T-Bolt Clamps Turbo Intake Intercooler Clamp for 1 inch Hose (32-37mm，10 Pcs),E,TP,3,0.9375,0.9375,0.9375,12514.95
774,1 inch hose clamps,16,B076Q7ZK19,"Hose Clamp, LOKMAN 60 Pieces Stainless Steel Adjustable 6-38mm Range Worm Gear Hose Clamp, Fuel Line Clamp for Plumbing, Automotive And Mechanical Applications",E,TP,4,0.9375,0.9375,0.9375,12514.95
774,1 inch hose clamps,16,B017L17YGS,"Cambridge Worm Gear Hose Clamps SAE Size 12, Adjustable 1 1/16-in to 1 1/4-in, Stainless Steel Band and Housing, Zinc Plated Screw, 10 Pack",E,TP,5,0.9375,0.9375,0.9375,12514.95
774,1 inch hose clamps,16,B0036R4TDI,"Precision Brand-33070 M8P Micro Seal, Miniature Partial Stainless Worm Gear Hose Clamp, 7/16"" - 1"" (Pack of 10)",E,TP,6,0.9375,0.9375,0.9375,12514.95
774,1 inch hose clamps,16,B00XAK7ATG,"Koehler Enterprises KE16BX 10 Piece Hose Clamp Box (Size SAE 16),silver",E,TP,7,0.9375,0.9375,0.9375,12514.95
774,1 inch hose clamps,16,B07HC9SBQJ,"Hose Clamps, Senignol 60 Pieces Stainless Steel Adjustable 8-38mm Range Worm Gear Hose Clamp Assortment Kit, Fuel Line Clamp for Plumbing, Automotive and Mechanical Applications",E,TP,8,0.9375,0.9375,0.9375,12514.95
774,1 inch hose clamps,16,B00I7TANC6,"Breeze 63020H Marine Grade Power-Seal Stainless Steel Hose Clamp, Worm-Drive, SAE Size, 13/16"" to 1-3/4"" Diameter Range, 1/2"" Band Width (Pack of 10)",E,TP,9,0.9375,0.9375,0.9375,12514.95
774,1 inch hose clamps,16,B07RBBZ56Q,"Upgr8 Stainless Steel T-Bolt Clamps Range 1.37"" - 1.73"" 35MM~44MM For 1"" Silicone Coupler Hose (2 Pack)",E,TP,10,0.9375,0.9375,0.9375,12514.95
774,1 inch hose clamps,16,B001HWGML6,"Precision Brand - 35280 B20HS All Stainless Worm Gear Hose Clamp, 3/4"" - 1-3/4"" (Pack of 10)",E,TP,11,0.9375,0.9375,0.9375,12514.95
774,1 inch hose clamps,16,B008MG1QKM,"Breeze 62012H Power-Seal Stainless Steel Hose Clamp, Worm-Drive, SAE Size 12, 11/16"" to 1-1/4"" Diameter Range, 1/2"" Bandwidth (Pack of 10)",E,TP,12,0.9375,0.9375,0.9375,12514.95
774,1 inch hose clamps,16,B003NR8LWQ,"Breeze - 9416H Liner Stainless Steel Hose Clamp, Worm-Drive, SAE Size 16, 13/16"" to 1-1/2"" Diameter Range, 1/2"" Bandwidth (Pack of 10)",E,TP,13,0.9375,0.9375,0.9375,12514.95
774,1 inch hose clamps,16,B07VH43P7F,"Hose Clamp, 10 Pieces Stainless Steel Adjustable 16-25mm Range Worm Gear Hose Clamp, Fuel Line Clamp for Plumbing, Automotive and Mechanical Applications",E,TP,14,0.9375,0.9375,0.9375,12514.95
774,1 inch hose clamps,16,B004I43AO2,"Brennan 2701-06-06-FG, Steel JIC Tube Fitting, 06MJ-06MJ Bulkhead, 90 Degree Elbow, 3/8"" Tube OD, Male",I,FP,15,0.9375,0.9375,0.9375,12514.95
774,1 inch hose clamps,16,B002086E3W,"Precision Brand M8S Micro Seal, Miniature All Stainless Worm Gear Hose Clamp, 7/16"" - 1"" (Pack of 10)",E,TP,16,0.9375,0.9375,0.9375,12514.95
774,1 inch hose clamps,16,B01HPE185E,"LOKMAN 20 Pack 1 Inch Stainless Steel Cable Clamp, Rubber Cushioned Insulated Clamp, Metal Clamp, Tube Holder for Tube, Pipe or Wire Cord Installation",E,FN,,0.9375,0.9375,0.9375,12514.95
775,1 inch hot air brush,16,B08143HCDC,"3-in-1 Hair Dryer Brush, Hair Dryer & Volumizer in one, Hair Curler Straightener Dryer Brush in One, Negative Ion Hair Blow Dryer Styler,Lightweight Hot Air Brush for Fast Drying Salon Results",E,TP,1,1.0,0.9375,0.9677,13201.68
775,1 inch hot air brush,16,B07ZRR1PY6,"Hair Dryer Brush, YaFex Hot Air Brush Dryer & Volumizer with 2 Styling Heads",E,TP,2,1.0,0.9375,0.9677,13201.68
775,1 inch hot air brush,16,B081VKHVFR,"Salon One Step Hair Dryer and Volumizer, ManKami Hot Air Brush 3 in 1 Hair Dryer Brush Anti-Scald Negative Ion Hair Straightener Brush Comb Curler Styler for All Hair Types",E,TP,3,1.0,0.9375,0.9677,13201.68
775,1 inch hot air brush,16,B07QV4FZX8,"Hot Air Brush, 3-in-1 One-Step Hair Dryer and Volumizer, Negative Ion Hair Dryer Brush Styler, Ceramic Lightweight Styling Brush for Hair Drying, Styling, Curling, Straightening, Shine and Hair Volume",E,TP,4,1.0,0.9375,0.9677,13201.68
775,1 inch hot air brush,16,B07SHF4VS9,"Hot Air Brush, One Step Hair Dryer & Volumizer, 3-in-1 Hair Dryer Brush Styler for Straightening, Curling, Salon Negative Ion Ceramic Blow Dryer Lightweight Hot Air Modeling Brush",E,TP,5,1.0,0.9375,0.9677,13201.68
775,1 inch hot air brush,16,B000PXYAL2,REVLON 500W Curl and Volumize All in One Hot Air Kit,E,TP,6,1.0,0.9375,0.9677,13201.68
775,1 inch hot air brush,16,B00BJEOITU,"INFINITIPRO BY CONAIR Titanium Ceramic Hot Air Brush, 1 Inch Drying & Styling Hot Air Brush",E,TP,7,1.0,0.9375,0.9677,13201.68
775,1 inch hot air brush,16,B07X7PX5PD,HOT TOOLS Professional 1” Hot Air Styling Brush,E,TP,8,1.0,0.9375,0.9677,13201.68
775,1 inch hot air brush,16,B07Y3TNT36,"Hot Air Brush, Hair Dryer Brush, Portable Hair Dryer & Volumizer, Straightener, Salon Styler Combo with Three Interchangeable Brush Heads, Anti-Scald Negative Ion Dryer Brush, Low Noise Design",E,TP,9,1.0,0.9375,0.9677,13201.68
775,1 inch hot air brush,16,B00005A43X,"Conair 2-in-1 Hot Air Curling Combo, Includes 1.5-inch Curl Brush and 1-inch Aluminum Bristle Brush",E,TP,10,1.0,0.9375,0.9677,13201.68
775,1 inch hot air brush,16,B01MXGO26J,"Conair Pro Ceramic Tools Porcelain Series FarInfrared Hot Air Brush 34 Inch Standard, Black, 1 Count",E,TP,11,1.0,0.9375,0.9677,13201.68
775,1 inch hot air brush,16,B07SC8FC5G,"One-Step Hair Dryer & Volumizer Hot Air Brush, 3-in-1 Hair Dryer Brush Styler for Straightening, Curling, Salon Negative Ion Ceramic Lightweight Blow Dryers Straightener Curl Hair Brush",E,TP,12,1.0,0.9375,0.9677,13201.68
775,1 inch hot air brush,16,B07ZTBNLXZ,"Ceramic Hot Air Brush Styler and Dryer One-Step Hair Dryer and Volumizer Lightweight 1000W Blow Dryer Brush Ionic 3 in 1 Curling Brush Hair Dryer with ALCI Safety Plug, 1.25 Inch",E,TP,13,1.0,0.9375,0.9677,13201.68
775,1 inch hot air brush,16,B0018CBBPW,"Helen of Troy 1574 Tangle Free Hot Air Brush, White, 1 Inch Barrel",E,TP,14,1.0,0.9375,0.9677,13201.68
775,1 inch hot air brush,16,B00EQDRXZM,"Conair 2 in 1 Hot Air Brush, with 1.5"" Aluminum Barrel and 1"" Natural Boar and Nylon Bristle Brush Attachment, with Cool Tip, and Safety Stand, and Three Position Switch, with Tangle Free Cord",E,TP,15,1.0,0.9375,0.9677,13201.68
775,1 inch hot air brush,16,B07MR55RBK,"SwanMyst Curling Iron Brush, Dual Voltage Travel-Friendly 1 Inch Tourmaline Ceramic Ionic Hair Curler Hot Brush, Anti-Scald Instant Heat Up Curling Wand with Teeth Styling Brush",E,FN,,1.0,0.9375,0.9677,13201.68
778,1 inch mending plate,4,B07KVQFBZ5,"Glarks 35-Pieces 2 inch/ 3 inch/ 4 inch Stainless Steel Flat Straight Brace Brackets Mending Joining Plates Repair Fixing Bracket Connector and 80pcs Screws Set, Total 115pcs, Silver",S,FP,1,0.5,0.5,0.5,12211.32
778,1 inch mending plate,4,B07D8QMLPR,"Sumnacon 8 Pcs Stainless Steel Flat Plates - 4 Inch Heavy Duty Mending Plate Straight Corner Brace Brackets Connector Furniture Repair Fixing Joint with Screws, Silver",S,FP,2,0.5,0.5,0.5,12211.32
778,1 inch mending plate,4,B00J9Q101E,"Hillman 851490 Hardware Essentials Mending Plate Zinc (10"" X 1"")",E,TP,3,0.5,0.5,0.5,12211.32
778,1 inch mending plate,4,B012GWTM4Y,Simpson Strong Tie MP14 20-Gauge 1 in. x 4 in. Mending Plate 100-per Box,E,TP,4,0.5,0.5,0.5,12211.32
778,1 inch mending plate,4,B0891QBMBP,"TOPPROS Pack of 20 Flat Metal Straight Brace Bracket 0.06inch Thickness Metal Flat Straight Mending Plates Fixing Corner Brace,2.4inch x 1.5 inch",E,FN,,0.5,0.5,0.5,12211.32
778,1 inch mending plate,4,B07CNQH21G,"uxcell Repair Plate, 22mmx8mm, Flat Fixing Mending Corner Brace Bracket Connector, Pack of 10",E,FN,,0.5,0.5,0.5,12211.32
781,1 inch paint brushes for acrylic painting,19,B015ZBIP3M,Marrywindix 9pcs Flat Pointed Tip Nylon Hair Acrylic Watercolor Brush Artists Paint Brush Set Black,E,TP,1,0.5263,0.5263,0.5263,13435.51
781,1 inch paint brushes for acrylic painting,19,B07JHQ4L4F,Pro Grade - Paint Brushes - 5 Ea - Paint Brush Set,S,FP,2,0.5263,0.5263,0.5263,13435.51
781,1 inch paint brushes for acrylic painting,19,B000PGRPU2,"Wooster Brush Q3108-1 Softip Paintbrush, 1-Inch, White",E,TP,3,0.5263,0.5263,0.5263,13435.51
781,1 inch paint brushes for acrylic painting,19,B075L8LCTG,"Detail Paint Brushes Set 10pcs Miniature Brushes for Fine Detailing & Art Painting - Acrylic, Watercolor,Oil,Models, Warhammer 40k.",E,TP,4,0.5263,0.5263,0.5263,13435.51
781,1 inch paint brushes for acrylic painting,19,B00VDXMLZA,Sargent Art 56-3101 40 Piece Flat Jumbo Brush Set,E,TP,5,0.5263,0.5263,0.5263,13435.51
781,1 inch paint brushes for acrylic painting,19,B0043G9ATO,"Princeton Select Artiste, Series 3750, Paint Brush for Acrylic, Watercolor and Oil, Oval Mop, 1 Inch",E,TP,6,0.5263,0.5263,0.5263,13435.51
781,1 inch paint brushes for acrylic painting,19,B075SV2QQ6,"LIGHTWISH Set of 7 Flat Paint Brushes for Applying Gesso, Acrylic paint, Oil paint, Watercolor",S,FP,7,0.5263,0.5263,0.5263,13435.51
781,1 inch paint brushes for acrylic painting,19,B0018MD600,"Royal Brush Golden Taklon Paint Brushs, Assorted Sizes, Set of 3",S,FP,8,0.5263,0.5263,0.5263,13435.51
781,1 inch paint brushes for acrylic painting,19,B085RQXL94,Paint Brushes Nylon Hair 13pcs Fiberlt Head Long Handle Acrylic Paint Brush Set for Canvas Painting Oil Paint Professional Painting Kits (Filbert 13pcs Longer Handle),S,FP,9,0.5263,0.5263,0.5263,13435.51
781,1 inch paint brushes for acrylic painting,19,B075F8962Q,"Artlicious Paint Brush Set - Pack of 25, Assorted Variety, All-Purpose Paint Brushes - Use with Acrylic, Oil, Watercolor, Gouache Paints, Face Nail Art, Miniature Detailing and Rock Painting",S,FP,10,0.5263,0.5263,0.5263,13435.51
781,1 inch paint brushes for acrylic painting,19,B078XK3KTV,Pro Grade - Chip Paint Brushes - 96 Ea 1 Inch Chip Paint Brush,E,TP,11,0.5263,0.5263,0.5263,13435.51
781,1 inch paint brushes for acrylic painting,19,B00J2J252Q,"Princeton Select Artiste, Series 3750, Paint Brush for Acrylic, Watercolor and Oil, Black Mop, 1 Inch",E,TP,12,0.5263,0.5263,0.5263,13435.51
781,1 inch paint brushes for acrylic painting,19,B07X9SRV4H,"UPINS 30 Pcs Flat Paint Brushes,Small Brush Bulk for Detail Painting",S,FP,13,0.5263,0.5263,0.5263,13435.51
781,1 inch paint brushes for acrylic painting,19,B072X4S1ZY,"Mont Marte Art Paint Brushes Set for Painting, 10 Variety of Brushes Types for Class, Kids, Artists- Nice Art Brushes for Acrylic Painting",S,FP,14,0.5263,0.5263,0.5263,13435.51
781,1 inch paint brushes for acrylic painting,19,B07P81GLRD,"Acrylic Paint Brush Set, 6 Packs / 60 pcs Nylon Hair Brushes for All Purpose Oil Watercolor Painting Artist Professional Kits",S,FP,15,0.5263,0.5263,0.5263,13435.51
781,1 inch paint brushes for acrylic painting,19,B092CQSW1Y,"60 Pcs Round Paint Brushes,Small Brush Bulk for Detail Painting",S,FP,16,0.5263,0.5263,0.5263,13435.51
781,1 inch paint brushes for acrylic painting,19,B08R7JG2F4,"FAATCOI 20 PCs 1-Inch Paint Brush Set, Small Paintbrushes for Acrylic Painting, Flat Paint Brushes Bulk for Wall Home Decoration Furniture Glues Varnishes, Synthetic Bristles and Plastic Handle",E,TP,17,0.5263,0.5263,0.5263,13435.51
781,1 inch paint brushes for acrylic painting,19,B07BNHLTWG,"Genuine 12 Piece 1 inch Premium Multi Use SRT bristles Paint Brushes,Paint Brushes for Kids,Paint Brushes,Touch up Paint Brush,paintbrushes,Artist Paint Brush,Artist Paint Brushes,School,Office",E,TP,18,0.5263,0.5263,0.5263,13435.51
781,1 inch paint brushes for acrylic painting,19,B08RXBN5TN,"One Inch Flat Bright Paint Brush, Pack of 4, Premium Quality Synthetic Sable Hair for Acrylic Watercolor Oil Gouache Painting by Students, Professionals and Artists",E,TP,19,0.5263,0.5263,0.5263,13435.51
781,1 inch paint brushes for acrylic painting,19,B00N64IKHW,"ZEM Brush Student Golden Synthetic Brushes Wash / Glaze Set Sizes 1/2"", 3/4"", 1""",E,FN,,0.5263,0.5263,0.5263,13435.51
781,1 inch paint brushes for acrylic painting,19,B0027AAMJK,Martin/ F. Weber Bob Ross 1-Inch Landscape Brush (CR6401),E,FN,,0.5263,0.5263,0.5263,13435.51
781,1 inch paint brushes for acrylic painting,19,B0043G7L2C,"Princeton Select Artiste, Series 3750, Paint Brush for Acrylic, Watercolor and Oil, Flat Wash, 1 Inch",E,FN,,0.5263,0.5263,0.5263,13435.51
781,1 inch paint brushes for acrylic painting,19,B06XC8Q3BZ,"LorDac Arts Paint Brush Set, 7 Artist Brushes for Painting with Acrylic, Gouache, Oil and Watercolor. Professional Art Quality on Canvas, Wood, Face and Models. Includes Carrying Case Travel Kit",E,FN,,0.5263,0.5263,0.5263,13435.51
781,1 inch paint brushes for acrylic painting,19,B07QQRB9YD,"SEEFOUN Paint Brushes, 6 Pcs Paint Brushes for Acrylic Painting, Flat Paint Brushes Set, Watercolor/Gouache/Oil Paint Brushes, Paint Brushes for Kids, Students & Artists",E,FN,,0.5263,0.5263,0.5263,13435.51
781,1 inch paint brushes for acrylic painting,19,B01LZB5AVC,FolkArt Soft Grip Wash Brush Set,E,FN,,0.5263,0.5263,0.5263,13435.51
781,1 inch paint brushes for acrylic painting,19,B079TKW4W1,"2 Pack - 1"" Wide Highline Premium Bristle Paint Brushes",E,FN,,0.5263,0.5263,0.5263,13435.51
781,1 inch paint brushes for acrylic painting,19,B00J8HCPHM,"FolkArt Plaid Nylon Brush Set, 50559 Brown (3-Piece)",E,FN,,0.5263,0.5263,0.5263,13435.51
781,1 inch paint brushes for acrylic painting,19,B07PQSBVT7,"Set of 2 1 inch European Professional Paint Brushes - Natural Bristles/Wood Handle - for Paint with Acrylic, Chalk, Oil Based, Latex, Stain, Watercolor, Wax, Varnish and etc Paints.",E,FN,,0.5263,0.5263,0.5263,13435.51
785,1 inch ribbon satin,37,B08JCT38T1,Ribbon 1 inch Ruby Ribbons for Crafts Gift Ribbon Satin Solid Ribbon Roll 1 in x 25 Yards,E,TP,1,0.9459,0.9459,0.9459,15371.04
785,1 inch ribbon satin,37,B08GC8TM3Q,"IHKFILAN Double Face Satin Ribbon 1Inchx25Yards Double Sided Solid Polyester Ribbon for Gift Wrapping Party Hair Braids Bow Baby Shower Decoration Floral Arrangement Craft Supplies,Light Sliver",E,TP,2,0.9459,0.9459,0.9459,15371.04
785,1 inch ribbon satin,37,B07P578VX7,"Chenkou Craft 40 Yards Single Side 1""(25mm) Solid Satin Ribbon Ribbons Assorted Craft Bow Party Decoration Packing Ribbons (1""(25mm))",E,TP,3,0.9459,0.9459,0.9459,15371.04
785,1 inch ribbon satin,37,B08J7M77PM,Ribbon 1 inch Electric Yellow Neon Yellow Ribbons for Crafts Gift Ribbon Light Lime Satin Solid Ribbon Roll 1 in x 25 Yards,E,TP,4,0.9459,0.9459,0.9459,15371.04
785,1 inch ribbon satin,37,B07H68MVW9,50 Yards Farbic Satin Ribbon 1 inch with 25 Colors Solid Hair Bow Party Wedding Supply,E,TP,5,0.9459,0.9459,0.9459,15371.04
785,1 inch ribbon satin,37,B01HXCF8EA,LaRibbons 1 Inch Wide Double Face Satin Ribbon - 25 Yard (030-Black),E,TP,6,0.9459,0.9459,0.9459,15371.04
785,1 inch ribbon satin,37,B08JCD7W54,Ribbon 1 inch Gold Ribbons for Crafts Gift Ribbon Satin Solid Ribbon Roll 1 in x 25 Yards,E,TP,7,0.9459,0.9459,0.9459,15371.04
785,1 inch ribbon satin,37,B094NRPTD5,"UnionJoy 1 inch Silk Satin Ribbon Double Face Solid Colored Ribbon, Ribbons for Crafts, Hair Bows, Gift Wrapping, Wedding Party Decoration, 20 Colors with 2 Yards Each, Total 40 Yards Per Package",E,TP,8,0.9459,0.9459,0.9459,15371.04
785,1 inch ribbon satin,37,B0792GS2VR,"Morex Ribbon Swiss Satin Ribbon, 1"" x 27 yd, Mauve",E,TP,9,0.9459,0.9459,0.9459,15371.04
785,1 inch ribbon satin,37,B08PBN2R2N,"arricraft 20 Yards × 1 Inch Single Side Velvet Ribbon, Satin Ribbon Roll for Wedding, Gift Wrapping, Hair Bows, Flower Arranging, Home Decorating ( Olive )",E,TP,10,0.9459,0.9459,0.9459,15371.04
785,1 inch ribbon satin,37,B078YKTCCT,Ribest 1 inch 50 Yards Solid Double Face Satin Ribbon Per Roll for DIY Hair Accessories Scrapbooking Gift Packaging Party Decoration Wedding Flowers Navy,E,TP,11,0.9459,0.9459,0.9459,15371.04
785,1 inch ribbon satin,37,B08CMD42C9,"Tommot Colored Satin Ribbon 10 Colors 1 inch Width 5 Yard/Roll, Suitable for Making Crafts, Bows, Gift Wrapping, Wedding Party Decorations, etc",E,TP,12,0.9459,0.9459,0.9459,15371.04
785,1 inch ribbon satin,37,B07VL342GS,"12 Color 300 Yard Satin Ribbon Rolls ,12 Rolls(25 mm Wide),Satin Ribbon Fabric Ribbon Embellish Ribbon Ribbon for Bows Crafts Gifts Party Wedding Garlands Decor",E,TP,13,0.9459,0.9459,0.9459,15371.04
785,1 inch ribbon satin,37,B095Y8TVFG,"1"" Satin Ribbon, 100 Yards Black Double Faced Polyester Satin Ribbon Fabric Ribbons for Gift Wrapping, Bows Making, Crafts, Halloween Christmas Home Wedding Decoration",E,TP,14,0.9459,0.9459,0.9459,15371.04
785,1 inch ribbon satin,37,B095SD2H8J,"Ivory Satin Ribbon 1 Inches x 25 Yards, Solid Color Fabric Ribbon for Gift Wrapping, Crafts, Hair Bows Making, Wreath, Wedding Party Decoration and Sewing Projects",E,TP,15,0.9459,0.9459,0.9459,15371.04
785,1 inch ribbon satin,37,B095SMQ2LN,"1 Inch Green Satin Ribbon Double Face Solid Satin Ribbon for Gift Wrapping, Wedding, Party Decoration, DIY Hair Accessories, Sewing, Invitation Embellishments (50 Yards)",E,TP,16,0.9459,0.9459,0.9459,15371.04
785,1 inch ribbon satin,37,B08X1WZ8CZ,"HUIHUANG 1 inch Satin Ribbon Solid Color Ribbon Assorted Double Faced Satin Fabric Hair Ribbon for Crafts, Gift Wrapping, Wedding Party Decor, 20 Colors with 2 Yards Each, Total 40 Yards Per Package",E,TP,17,0.9459,0.9459,0.9459,15371.04
785,1 inch ribbon satin,37,B07TJH3H82,"Livder Double Face Satin Ribbon Roll, 1 inch Wide 50 Yard Length for Party Decoration, DIY Hair Accessories, Sewing, Gift Wrapping, Invitation Embellishments (Black)",E,TP,18,0.9459,0.9459,0.9459,15371.04
785,1 inch ribbon satin,37,B09BF5ZH9K,"SDF 25675 Satin Double Faced Ribbon for DIY Sewing, Crafting, Gift Wrapping, (1"" x 25 Yards, Gold)",E,TP,19,0.9459,0.9459,0.9459,15371.04
785,1 inch ribbon satin,37,B07X2NG8D9,"4 Rolls Sheer Chiffon Ribbon Organza Satin Ribbon Chiffon Packing Ribbon for Wedding Gift Bouquets Wrapping Party Wreath Decorations, 49 Yards/Roll(4 Colors)",S,FP,20,0.9459,0.9459,0.9459,15371.04
785,1 inch ribbon satin,37,B093T18R22,200pcs Mini Satin Ribbon Bows Flowers Red Craft Satin Ribbon Bows 1 Inch Pre-Tied Ribbon Satin Bows Small Christmas Satin Ribbon Bows for DIY Crafts Gift Wedding Party Sewing Scrapbooking(Red),E,TP,21,0.9459,0.9459,0.9459,15371.04
785,1 inch ribbon satin,37,B077JGFBF2,"Topenca Supplies 1-1/2 Inches x 50 Yards Double Face Solid Satin Ribbon Roll, White",E,TP,22,0.9459,0.9459,0.9459,15371.04
785,1 inch ribbon satin,37,B07RXQ3WQS,"David Angie Double Face Satin Ribbon Set 20 Solid Color Rolls 100 Yard Fabric Ribbon 1"" for Wedding Party Decorations Gift Wrapping Bows Making (1"")",E,TP,23,0.9459,0.9459,0.9459,15371.04
785,1 inch ribbon satin,37,B08YJN725D,"Solid Color Turquoise Blue Satin Ribbon, 1 Inches x 25 Yards Fabric Satin Ribbon for Gift Wrapping, Crafts, Hair Bows Making, Wreath, Wedding Party Decoration and Other Sewing Projects",E,TP,24,0.9459,0.9459,0.9459,15371.04
785,1 inch ribbon satin,37,B01M98FXD3,Molshine 50yd x 1 inch Colorful Double Face Satin Ribbon for Handcraft DIY Clothing Holiday Decoration Wedding- Rainbow Seven Color,E,TP,25,0.9459,0.9459,0.9459,15371.04
785,1 inch ribbon satin,37,B07JMJN4CY,"JB370-25 Double Sided Satin Ribbon Roll, 3/8"",1"",2"" Wide, 25 Yards (Silver,Red,Royal Blue,Navy Blue,Purple,Vanilla) (Navy Blue, 1"" x 25 Yard)",E,TP,26,0.9459,0.9459,0.9459,15371.04
785,1 inch ribbon satin,37,B0975SB39S,"SATINPARTY 400 Yard Satin Ribbon Single Face 16 Solid Color Silk Satin Ribbon Set,25 Yard per Roll in 1'' Wide,16 Rolls,Perfect for Gift Wrapping Christmas Halloween Decro(1'',2.5MM,16 Rolls)",E,TP,27,0.9459,0.9459,0.9459,15371.04
785,1 inch ribbon satin,37,B08T24G2SW,"NOYI TRAXD 20 Yards Dark Grey 1 inch Wide Double Faced Polyester Satin Ribbon for Craft,Wedding,Gift Wrapping,Bow Making & Other Projects",E,TP,28,0.9459,0.9459,0.9459,15371.04
785,1 inch ribbon satin,37,B072KD5JK4,"ITIsparkle 1"" Inch Double Faced Satin Ribbon 50 Yards-Roll Set for Gift Wrapping Scrap Books Party Favor Hair Braids Baby Shower Decoration Floral Arrangement Craft Supplies, Burgundy 277# Ribbon",E,TP,29,0.9459,0.9459,0.9459,15371.04
785,1 inch ribbon satin,37,B0948699K9,"250 Yards 1"" Wide Double Face Satin Ribbon, 10 Solid Color Ribbon Assortment, 25 Yard Each, Great for Sewing, Gift Wrapping, Hair Bows, Flower Arranging, Home Decorating",E,TP,30,0.9459,0.9459,0.9459,15371.04
785,1 inch ribbon satin,37,B077RTBR29,"SWTOOL 1"" Solid Satin Ribbon 50 Yards Roll for Wedding Details, Sewing Projects, Gift Wrapping, Invitation Embellishments and Crafting Projects Etc (White)",S,FP,31,0.9459,0.9459,0.9459,15371.04
785,1 inch ribbon satin,37,B079K718FS,"VATIN 1 inch Double Faced Polyester Satin Ribbon Hot Red - 25 Yard Spool, Perfect for Wedding, Wreath, Baby Shower,Packing and Other Projects.",E,TP,32,0.9459,0.9459,0.9459,15371.04
785,1 inch ribbon satin,37,B07RDBZS68,"ATRibbons 50 Yards 1 Inch Wide Satin Ribbon Perfect for Wedding,Handmade Bows and Gift Wrapping,25 Yards/Roll x 2 Rolls (White)",E,TP,33,0.9459,0.9459,0.9459,15371.04
785,1 inch ribbon satin,37,B091GK1K81,"Nsilu 25 Yards 1-1/2 inches Wide Satin Ribbon Suitable for Wedding, Party and Gift Box Packaging Ribbon (White, 1-1/2"")",E,TP,34,0.9459,0.9459,0.9459,15371.04
785,1 inch ribbon satin,37,B07LG23YJX,Humphrey's Craft 1 Inch Black Double Faced Satin Ribbon - 50 Yards Variety of Color for Crafts Gift Wrapping DIY Bows Bouquet Decoration Sewing Christmas Tree Wedding and Invitation Card.,E,TP,35,0.9459,0.9459,0.9459,15371.04
785,1 inch ribbon satin,37,B076F46QSL,"Summer-Ray 40 Yards (20 x 2 Yards) Double Sided Satin Ribbon 1"" (25mm) 20 Mixed Colors Value Pack",E,TP,36,0.9459,0.9459,0.9459,15371.04
785,1 inch ribbon satin,37,B01FDK1H80,White 1 Inch Satin Ribbon. 50 Yards Gift Wrapping Spool by Drency Ribbons,E,TP,37,0.9459,0.9459,0.9459,15371.04
785,1 inch ribbon satin,37,B07F8QRLHR,"JESEP 16 Rolls 400 Yards Solid Satin Fabric Ribbon Multi-Color Packing for Gift Package Wrapping Hair Bow Clips Accessories, Crafting, Sewing, Wedding, Decorator, etc (7/8"" 20MM)",E,FN,,0.9459,0.9459,0.9459,15371.04
785,1 inch ribbon satin,37,B086TVDVX4,AVANAVA 1 Inch Wide Double Face Satin Ribbon - 50 Yards (352-Classic Blue),E,FN,,0.9459,0.9459,0.9459,15371.04
787,1 inch threaded elbow connector,9,B07VRX2HQJ,"1"" Pipe Fitting Tee DN25 Threaded Cast Black Malleable Iron for Steampunk Vintage Shelf Bracket DIY Plumbing Pipe Decor Furniture (10, 1"")",C,FP,1,0.5556,0.5556,0.5556,12722.13
787,1 inch threaded elbow connector,9,B07SFYWJRJ,"letsFix 3-Way 1 inch PVC Fitting, PVC Elbow PVC Pipe Connectors - Furniture Grade for DIY PVC Shelf, PVC Structures, PVC Greenhouse, PVC Frame... Fit for 1 inch SCH40 PVC Pipe, White [Pack of 10]",E,TP,2,0.5556,0.5556,0.5556,12722.13
787,1 inch threaded elbow connector,9,B003OYJEC4,"Lead Free Brass Pipe Fitting, 45 Degree Street Elbow, Class 125, 1"" NPT Male X Female",E,TP,3,0.5556,0.5556,0.5556,12722.13
787,1 inch threaded elbow connector,9,B009F3MHLS,"Spears 1406 Series PVC Tube Fitting, 90 Degree Elbow, Schedule 40, Gray, 1"" Barbed",E,TP,4,0.5556,0.5556,0.5556,12722.13
787,1 inch threaded elbow connector,9,B01MQ4CCG0,"1"" x 3/4"" Male Hex Nipple Threaded Reducer Connector Pipe Fitting/Adapter,Stainless Steel 304 NPT",C,FP,5,0.5556,0.5556,0.5556,12722.13
787,1 inch threaded elbow connector,9,B07ZLWB3L7,"Home TZH Pipe Fitting, 30 Pack 1"" Grey Floor Flange/Elbow/Tee Combo for Industrial vintage style, Flanges/Elbow/Tee with Threaded Hole for DIY Project/Furniture/Shelving Decoration (30, 1"")",S,FP,6,0.5556,0.5556,0.5556,12722.13
787,1 inch threaded elbow connector,9,B009F3MPRE,"Spears 1413 Series PVC Tube Fitting, 90 Degree Elbow, Schedule 40, Gray, 1"" Barbed x NPT Male",E,TP,7,0.5556,0.5556,0.5556,12722.13
787,1 inch threaded elbow connector,9,B07TCT1CJ6,"1"" 3-Way Side Outlet Tee, Home TZH Cast Malleable Iron 3 Way Corner Pipe Fittings for Industrial vintage style DIY Project/Furniture/Shelving Decoration (10, 1"")",S,FP,8,0.5556,0.5556,0.5556,12722.13
787,1 inch threaded elbow connector,9,B07W6KRH9R,"1"" Pipe Fitting Elbow, Home TZH DN25 Threaded Cast Black Malleable Iron for Steampunk Vintage Shelf Bracket DIY Plumbing Pipe Decor Furniture (10, 1"")",E,TP,9,0.5556,0.5556,0.5556,12722.13
787,1 inch threaded elbow connector,9,B01M2X8FA7,"Stainless Steel 304 Threaded Cast Pipe Fitting, 90 Degree Street Elbow, 1"" NPT Female x 1"" NPT Male",E,FN,,0.5556,0.5556,0.5556,12722.13
787,1 inch threaded elbow connector,9,B0714861DW,"Supply Giant VQNF1 90 Degree Elbow x Male Pipe Fittings Push to Connect Pex, CPVC, 1 Inch, Brass, 1"", Brass &amp Copper",E,FN,,0.5556,0.5556,0.5556,12722.13
787,1 inch threaded elbow connector,9,B009F3MMTK,"Spears 1407 Series PVC Tube Fitting, 90 Degree Elbow, Schedule 40, Gray, 1-1/2"" Barbed x NPT Female",E,FN,,0.5556,0.5556,0.5556,12722.13
787,1 inch threaded elbow connector,9,B073YNWC8P,"SELLERS360 3Way 1 inch PVC Fittings Corner Cross Elbow 45 90 Degree for Greenhouse Shed Pipe, Tent Connection, Furniture Build Grade SCH40 [Pack of 12]",E,FN,,0.5556,0.5556,0.5556,12722.13
789,1 inch white felt letters,5,B01N0ND3F3,"Outus 1 Inch Adhesive Felt Letters Felt Alphabet Letters Stickers for DIY Craft Ornament, 500 Pieces, Assorted Colors",S,FP,1,0.4,0.4,0.4,12218.01
789,1 inch white felt letters,5,B07GP4V3M6,"1 Inch Letters for Flet Letter Board,188 Pieces Including Letters, Numbers & Symbols for Changeable Plstic Letter Board by Veskaoty (White)",S,FP,2,0.4,0.4,0.4,12218.01
789,1 inch white felt letters,5,B00LNIQ4IK,Color Splash! Adhesive Felt Letter Assortment (Pack of 500),S,FP,3,0.4,0.4,0.4,12218.01
789,1 inch white felt letters,5,B001701PDS,"New Image Group 1NL-01573 Stick-It Felt Numbers and Letters, 1-Inch, White, 80-Pack",E,TP,4,0.4,0.4,0.4,12218.01
789,1 inch white felt letters,5,B07N6CXKVC,"NOVARENA 1"" White or Gold or Pink Felt Letter Board Letters - 3/4"" or 1"" or 2"" | 340 or 300 or 186 Count Extra Set of Letterboard Letters, Numbers, Symbols & Emojis",E,TP,5,0.4,0.4,0.4,12218.01
789,1 inch white felt letters,5,B06X19BT47,"White Felt Upper Case Letters Sticker Craft Set, 1 3/4 Inch, 40 Letters",E,FN,,0.4,0.4,0.4,12218.01
789,1 inch white felt letters,5,B0018OALK6,"New Image Group NL-0650 Stick It Felt Numbers and Letters, 2-Inch, White, 80 Pcs",E,FN,,0.4,0.4,0.4,12218.01
789,1 inch white felt letters,5,B076FFRRTP,Felt Like Sharing Plastic Letter Board Letters Only (348 Pieces) – 1” Letter Board Letters for Changeable Felt Letter Board – White Letter Board Accessories – Perfect Gift Set,E,FN,,0.4,0.4,0.4,12218.01
793,1 item received second item not in package,3,B01MZHNFZK,"Dawn Platinum Erasing Dish Foam Bundle, 2 Refills and Pump, Fresh Rapids Scent, 30.9 Fluid Ounce (2 PACK and PUMP)",I,FP,1,0.0,0.0,0.0,11957.63
793,1 item received second item not in package,3,B07NX4386X,Dettol Original Liquid Handwash - 750 ml with Instant Hand Sanitizer - 50 ml,I,FP,2,0.0,0.0,0.0,11957.63
793,1 item received second item not in package,3,B07V34NQNW,"2 Boxes Dried Flowers for Nail Art, KISSBUTY 24 Colors Dry Flowers Mini Real Natural Flowers Nail Art Supplies 3D Applique Nail Decoration Sticker for Tips Manicure Decor (Gypsophila Flowers Leaves)",I,FP,3,0.0,0.0,0.0,11957.63
793,1 item received second item not in package,3,B073QMN75M,"Frito-Lay Snacks Variety Pack 35, Classic Mix, 1 Count",E,FN,,0.0,0.0,0.0,11957.63
793,1 item received second item not in package,3,B07DKMCDY5,"Orajel Baby Daytime and Nighttime Non-Medicated Cooling Gels for Teething, 2 tubes, 0.18 oz each",E,FN,,0.0,0.0,0.0,11957.63
793,1 item received second item not in package,3,B079FV8QB9,"Softsoap Moisturizing Liquid Hand Soap, Soothing Clean Aloe Vera - 7.5 Fluid Ounces (6 Pack)",E,FN,,0.0,0.0,0.0,11957.63
796,1 l brackets without screws,6,B08G1CPGZJ,"Small L Brackets (50 Pieces) Stainless Stee Support 90 Degree Corner Bracket Silver Corner Braces for Wood, Plexiglass, Furniture",E,TP,1,0.1667,0.1667,0.1667,12363.87
796,1 l brackets without screws,6,B07N1KJBSW,"8 PCS Heavy Duty Corner Brace, FANDAMEI 40x40mm Stainless Steel Joint Right Angle Brackets with Screws, 90 Degree Wall Brackets Hanger for Shelves, Tables, Dressers, Chairs, Silver",S,FP,2,0.1667,0.1667,0.1667,12363.87
796,1 l brackets without screws,6,B07QG19QMQ,"20 Pieces Stainless Stee L Bracket (0.78 x 0.78 inch，20 x 20 mm) Corner Braces Joint Right Angle Bracket Fastener L Shaped Corner Fastener Joints Support Bracket, 40 Pieces Screws Included",S,FP,3,0.1667,0.1667,0.1667,12363.87
796,1 l brackets without screws,6,B07PY7TMFZ,Corner Brace Alamic Right Angle Bracket Stainless Steel Black Corner Braces Joint Right Angle Bracket Shelf Bracket with Screws 20 x 20mm - 12 Pcs,S,FP,4,0.1667,0.1667,0.1667,12363.87
796,1 l brackets without screws,6,B08QD6PF1D,"40PCS L Bracket Corner Brace Small L Brackets for Wood, Metal Corner Bracket, Stainless Steel Right Angle Bracket for Wood Furniture Chair Drawer Cabinet with 80PCS Screws (0.79 x 0.79 inch)",S,FP,5,0.1667,0.1667,0.1667,12363.87
796,1 l brackets without screws,6,B07GXJMFP7,"24 Pieces Stainless Steel Corner Braces (1.57 x 1.57 inch，40 x 40 mm) Joint Right Angle Bracket Fastener L Shaped Corner Fastener Joints Support Bracket, 96 Pieces Screws Included",I,FP,6,0.1667,0.1667,0.1667,12363.87
796,1 l brackets without screws,6,B08Q8197RF,"Black Stainless Steel Shelf Bracket,Joint Right Angle Bracket,L Shape Heavy Duty Metal Corner Brace Shelf Supporter (16 Pcs) (1.5x1.18x1.18x0.06)",E,FN,,0.1667,0.1667,0.1667,12363.87
796,1 l brackets without screws,6,B07MZLLVXC,"YUMORE L Bracket, 5"" x 3"" Max Load: 35lb/15KG Heavy Duty Stainless Steel Solid Shelf Support Corner Brace Joint Right Angle Bracket, Pack of 4",E,FN,,0.1667,0.1667,0.1667,12363.87
796,1 l brackets without screws,6,B07BMSXGJ9,Adhesive Hooks Heavy Duty Sticky Hooks for Hanging Wall Hangers Without Nails 15 pounds (Max) 180 Degree Rotating Seamless Stick on Wall Hooks Bathroom Kitchen Office Outdoors-10 Packs,E,FN,,0.1667,0.1667,0.1667,12363.87
796,1 l brackets without screws,6,B07QPFYJDD,"4 Pack - L11"" x H 6"" x W 1.5"", 5mm Thick Rustic Shelf Bracket, Iron Shelf Brackets, Metal Shelf Bracket, Industrial Shelf Bracket, Modern Shelf Bracket, Decorative Shelving, Shelf Supports with Screws",E,FN,,0.1667,0.1667,0.1667,12363.87
796,1 l brackets without screws,6,B0714FP9LB,"16PCS L Bracket Corner Brace Double Holes Brackets for Wood, Teenitor Metal Corner Bracket, 1.57x1.57 Inch Stainless Steel Right Angle Bracket for Wood Furniture Chair Drawer Cabinet with 64PCS Screws",E,FN,,0.1667,0.1667,0.1667,12363.87
801,1 light switch dimmer without plate,9,B089Q8BDHV,"Single Pole Electrical Dimmer Switch for Dimmable LED Lights,CFL,Incandescent and Halogen Lamp Bulbs,120 Vac, 600/150 W,Screwless Wall Plate Included,UL Listed,White(1 Pack)",I,FP,1,0.4444,0.4444,0.4444,12567.5
801,1 light switch dimmer without plate,9,B08VR8XFWC,"meross Smart Dimmer Switch with Remote - WiFi Light Switches Single Pole, No Hub Needed, Voice and Remote Control, Compatible with Alexa, Google Home and SmartThings, Neutral Wire Required - Upgraded",S,FP,2,0.4444,0.4444,0.4444,12567.5
801,1 light switch dimmer without plate,9,B01N0TGKJ9,"mySelectSmart GE Dimmable Wireless Control Switch, On/Off & Full, 1 Outlet, 150 ft. Range from Plug-in Receiver, Ideal for Lamps & Indoor Lighting, No Wiring Needed, 37781, Dimming Remote",E,TP,3,0.4444,0.4444,0.4444,12567.5
801,1 light switch dimmer without plate,9,B07HM6L48C,"Lutron Caseta Smart Home Dimmer Switch and Pico Remote Kit, Works with Alexa, Apple HomeKit, and the Google Assistant | P-PKG1WB-WH | White",E,TP,4,0.4444,0.4444,0.4444,12567.5
801,1 light switch dimmer without plate,9,B01M3XJUAD,"Lutron Caseta Deluxe Smart Dimmer Switch (2 Count) Kit | Works with Alexa, Apple HomeKit, and the Google Assistant | P-BDG-PKG2W-A | White",E,TP,5,0.4444,0.4444,0.4444,12567.5
801,1 light switch dimmer without plate,9,B08V1Z91MS,"LB17020 LED Dimmer Switch - On/Off Wall Dimmer Switch with Dimmable Slide, for LED/CFL/Incandescent/Halogen Bulbs - 3 Way Single Pole, 600W max, Cover Plate Included",S,FP,6,0.4444,0.4444,0.4444,12567.5
801,1 light switch dimmer without plate,9,B007BJULYS,"GE Push-Button Countdown Timer Switch, 5-15-30 Minute/1-2-4 Hour, ON/Off, No Neutral Wire Needed, Ideal for Lights, Exhaust Fans, Heaters, Wall Plate Included, 15318 , White",I,FP,7,0.4444,0.4444,0.4444,12567.5
801,1 light switch dimmer without plate,9,B079775ZZQ,"Kasa Smart Dimmer Switch HS220, Single Pole, Needs Neutral Wire, 2.4GHz Wi-Fi Light Switch Works with Alexa and Google Home, UL Certified,, No Hub Required",S,FP,8,0.4444,0.4444,0.4444,12567.5
801,1 light switch dimmer without plate,9,B01EZV35QU,"Kasa Smart Light Switch HS200, Single Pole, Needs Neutral Wire, 2.4GHz Wi-Fi Light Switch Works with Alexa and Google Home, UL Certified, No Hub Required , White",E,TP,9,0.4444,0.4444,0.4444,12567.5
801,1 light switch dimmer without plate,9,B00A13XPDA,"AMERELLE 149TTRDB Chelsea Steel Double Toggle/Single Rocker-GFCI Wallplate, Aged Bronze",E,FN,,0.4444,0.4444,0.4444,12567.5
801,1 light switch dimmer without plate,9,B00A13XPBC,"AMERELLE 149TTDDB Chelsea Steel Double Toggle Wallplate, 2 1 Duplex, Aged Bronze",E,FN,,0.4444,0.4444,0.4444,12567.5
801,1 light switch dimmer without plate,9,B08GX6Z3BS,"ENERLITES Toggle Light Switch Wall Plate, Mid-Size 1-Gang 4.88"" x 3.11"", Unbreakable Polycarbonate Thermoplastic, UL Listed, 8811M-LA-10PCS, Light Almond, 10 Pack",E,FN,,0.4444,0.4444,0.4444,12567.5
801,1 light switch dimmer without plate,9,B00A13XNRS,"AMERELLE 149RRRDB Chelsea Steel Triple Rocker-GFCI Wallplate, Aged Bronze",E,FN,,0.4444,0.4444,0.4444,12567.5
801,1 light switch dimmer without plate,9,B01I0FQGAY,"ENERLITES Decorator Light Switch or Receptacle Outlet Wall Plate, Gloss Finish, Size 1-Gang 4.50"" x 2.76"", Unbreakable Polycarbonate Thermoplastic, UL Listed, 8831-W, White",E,FN,,0.4444,0.4444,0.4444,12567.5
813,1 mg melatonin without xylitol,14,B000U5ZPJ6,"Natrol Melatonin Time Release Tablets, Helps You Fall Asleep Faster, Stay Asleep Longer, Strengthen Immune System, 100% Vegetarian, 1mg, 90 Count",E,TP,1,0.6429,0.6429,0.6429,12960.75
813,1 mg melatonin without xylitol,14,B01BLVYXN6,"Natrol Melatonin 1mg Fast Dissolve Tablets, Strawberry, 90-Count (Pack of 3)",E,TP,2,0.6429,0.6429,0.6429,12960.75
813,1 mg melatonin without xylitol,14,B01AMAONJ6,"Bluebonnet Nutrition EarthSweet Melatonin 1 mg Fast-Acting Quick Dissolve Nighttime Relaxation & Restful Sleep Support - Sleep Aid - Gluten-Free, Vegan - Raspberry Flavor - 120 Chewable Tablets",E,TP,3,0.6429,0.6429,0.6429,12960.75
813,1 mg melatonin without xylitol,14,B0013NB6ZQ,"Nature's Bounty Melatonin 100% Drug Free Sleep Aid, Dietary Supplement, Promotes Relaxation and Sleep Health, 1mg, 180 Tablets",E,TP,4,0.6429,0.6429,0.6429,12960.75
813,1 mg melatonin without xylitol,14,B005GU1J4K,"Natrol Melatonin Tablets, Helps You Fall Asleep Faster, Stay Asleep Longer, Strengthen Immune System, 100% Vegetarian, 1mg, 180 Count",E,TP,5,0.6429,0.6429,0.6429,12960.75
813,1 mg melatonin without xylitol,14,B08M112L5D,Melatonin Gummies 1 MG - Low Dose for Gentle Sleep Aid Chewable Natural Vegan Gummy Chewables for Sleeping - 60 Day Supply,E,TP,6,0.6429,0.6429,0.6429,12960.75
813,1 mg melatonin without xylitol,14,B00C3Q5JVE,"Natrol Melatonin Fast Dissolve Tablets, Helps You Fall Asleep Faster, Stay Asleep Longer, Easy to Take, Dissolves in Mouth, Strengthen Immune System, Maximum Strength, Strawberry Flavor, 1mg, 90 Count",E,TP,7,0.6429,0.6429,0.6429,12960.75
813,1 mg melatonin without xylitol,14,B07FM9HHYR,"First Honey® Manuka Honey Cream for Dry & Itchy Skin | Fast Relief for Eczema, Rosacea, Psoriasis, & Dermatitis | Natural & No Fillers | Safe for Babies & Toddlers | 1.75 oz",I,FP,8,0.6429,0.6429,0.6429,12960.75
813,1 mg melatonin without xylitol,14,B01MAWIGWT,"Zarbee's Naturals Sleep with Melatonin Supplement, Berry Flavored, Multi, 50 Count",I,FP,9,0.6429,0.6429,0.6429,12960.75
813,1 mg melatonin without xylitol,14,B071KN44Z8,Pure Encapsulations Melatonin-SR | Sustained Release Supplement to Support Restful Sleep and The Body's Natural Sleep/Wake Cycle* | 60 Capsules,I,FP,10,0.6429,0.6429,0.6429,12960.75
813,1 mg melatonin without xylitol,14,B00JCO3ALG,"Luna | #1 Sleep Aid on Amazon | Naturally Sourced Ingredients | 60 Non-Habit Forming Vegan Capsules | Herbal Supplement with Melatonin, Valerian Root, Chamomile | Sleeping Pills for Adults",E,TP,11,0.6429,0.6429,0.6429,12960.75
813,1 mg melatonin without xylitol,14,B08L9ZKHCK,"Carlyle Melatonin 1 mg | 400 Low Dose Tablets | Drug Free Sleep Aid | Vegetarian, Non-GMO, Gluten Free",E,TP,12,0.6429,0.6429,0.6429,12960.75
813,1 mg melatonin without xylitol,14,B07PP3MMR5,"M&M'S Hazelnut Spread Full Size Chocolate Candy Packs, 1.35-Ounce Pouch 24-Count Box",I,FP,13,0.6429,0.6429,0.6429,12960.75
813,1 mg melatonin without xylitol,14,B003MG0V1W,"Solgar Melatonin 10mg, 60 Tablets - High-Dosage - Helps Promote Relaxation & Sleep - Clinically-Studied Melatonin - Supports Natural Sleep Cycle - Vegan, Gluten Free, Dairy Free, Kosher - 60 Servings",I,FP,14,0.6429,0.6429,0.6429,12960.75
813,1 mg melatonin without xylitol,14,B07N48MTTH,"SugarBear Sleep, Vegan Gummy Vitamins with Melatonin, 5-HTP, Magnesium, L-Theanine, Valerian Root, Lemon Balm (1 Month Supply)",E,FN,,0.6429,0.6429,0.6429,12960.75
813,1 mg melatonin without xylitol,14,B00K7I5DIO,Best Naturals Melatonin 10mg (Non-GMO) Tablets - Helps Promote Relaxation & Sleep - 120 Count,E,FN,,0.6429,0.6429,0.6429,12960.75
813,1 mg melatonin without xylitol,14,B08FQXWT93,"Advanced Sleep Melatonin Tablets, 15 mg Per Serving, 365 Tablets, Promotes Quality Sleep with 1-Year Supply, Premium Melatonin Sleep Aid, Supports Nighttime Sleep Aid and Relaxation, Non-GMO",E,FN,,0.6429,0.6429,0.6429,12960.75
813,1 mg melatonin without xylitol,14,B01E14X7SM,"Natrol Melatonin Fast Dissolve Tablets, Helps You Fall Asleep Faster, Stay Asleep Longer, Easy to Take, Dissolve in Mouth, Strengthen Immune System, Maximum Strength, Strawberry Flavor, 10mg, 100Count",E,FN,,0.6429,0.6429,0.6429,12960.75
813,1 mg melatonin without xylitol,14,B07CG8WXFN,K9 Select Melatonin for Dogs - 180 1 mg Melatonin - Beef Flavored Chewable Tablets - Specially Formulated for Smaller Dogs,E,FN,,0.6429,0.6429,0.6429,12960.75
823,1 ml plastic tuberculin syringes without needles,18,B07BQDRDC2,1ml Syringe Sterile with Luer Slip Tip - 100 Syringes by BH Supplies (No Needle) Individually Sealed,E,TP,1,0.8333,0.8333,0.8333,13686.76
823,1 ml plastic tuberculin syringes without needles,18,B07VF8CKGL,"1ml Syringe Sterile with Luer Lock Tip, BH SUPPLIES - (No Needle) Individually Sealed - 100 Syringes",E,TP,2,0.8333,0.8333,0.8333,13686.76
823,1 ml plastic tuberculin syringes without needles,18,B07MHMN3Y8,4 Packs Plastic Syringe with Measurement Oral Liquids Measuring Syringes Without Needle for Medicine Resin Epoxy Dispensing Watering Refilling,S,FP,3,0.8333,0.8333,0.8333,13686.76
823,1 ml plastic tuberculin syringes without needles,18,B01LZ80YOV,"Care Touch 1mL Syringe with Luer Slip Tip - 10 Sterile, Individually-Wrapped Syringes (No Needle) - Great for Dispensing Oral Medicine to Children & Pets, Home Care, and Precision Applications",E,TP,4,0.8333,0.8333,0.8333,13686.76
823,1 ml plastic tuberculin syringes without needles,18,B08HFJ5HLL,1ml Sterile Luer Slip Tip Syringe - with Covers -100 Syringes by BH Supplies (No Needle) Individually Sealed,E,TP,5,0.8333,0.8333,0.8333,13686.76
823,1 ml plastic tuberculin syringes without needles,18,B089M8VJC6,"12 Pack 1ml Plastic Syringe - Individually Sealed Syringe for Scientific Labs, Feeding Pets, Plant Hydroponic, Oil or Glue Applicator (12 Pack)",E,TP,6,0.8333,0.8333,0.8333,13686.76
823,1 ml plastic tuberculin syringes without needles,18,B01N01TO2O,"BSTEAN 1ml 1cc Syringe with Luer Slip Tip, No Needle, Non-Sterile (Pack of 50)",E,TP,7,0.8333,0.8333,0.8333,13686.76
823,1 ml plastic tuberculin syringes without needles,18,B08M63N2FV,"30 Pack 1ml Plastic Syringe, Luer Slip Tip, Individually Sealed, with Measurement, for Oral, Medicine Student, Refilling, Feed Pets, Oil or Glue Applicator",E,TP,8,0.8333,0.8333,0.8333,13686.76
823,1 ml plastic tuberculin syringes without needles,18,B08LMRKDG7,"10 Pack 1ml Luer Lock Syringe Without Needle, Individually Sealed Wrapped, Uses for Scientific Lab, Measurement and Dispensing (1ML)",E,TP,9,0.8333,0.8333,0.8333,13686.76
823,1 ml plastic tuberculin syringes without needles,18,B07G76Z5CJ,1ml Syringes with Caps (Pack of 100),E,TP,10,0.8333,0.8333,0.8333,13686.76
823,1 ml plastic tuberculin syringes without needles,18,B08MJM5Q7P,"LUTER 12Pcs 1ml Plastic Syringes, No Needle Plastic Syringe with Measurement for Scientific Labs Experiment, Dispensing, Measuring Liquids, Watering, Feeding Pets, Oil or Glue Applicator",E,TP,11,0.8333,0.8333,0.8333,13686.76
823,1 ml plastic tuberculin syringes without needles,18,B08JZ1T8RP,12 Pack - 1ml Plastic Syringes - Separate Sterile Packaging Small Syringe Without Needle for Plant Hydroponic Liquid Measurement Pets Feeding Tools (12Pcs 1ML/CC),E,TP,12,0.8333,0.8333,0.8333,13686.76
823,1 ml plastic tuberculin syringes without needles,18,B07QM74NWG,"12 Pack - 1ml Plastic Syringe with Measurement, No Needle Suitable for Refilling and Measuring Liquids, Feeding Pets, Oil or Glue Applicator",E,TP,13,0.8333,0.8333,0.8333,13686.76
823,1 ml plastic tuberculin syringes without needles,18,B07L3NSPD8,"20 Packs Plastic Syringe with Measurement, Oral Liquids Measuring Syringes for Medicine Animal Pet Water Feeding Refilling (1 ml)",E,TP,14,0.8333,0.8333,0.8333,13686.76
823,1 ml plastic tuberculin syringes without needles,18,B07SFK6Z5J,"1ml Syringe with Cap (100 Pack) | Oral Dispenser Without Needle, Luer Slip Tip, | Individually Wrapped Medicine Dropper for Infants & Pets",S,FP,15,0.8333,0.8333,0.8333,13686.76
823,1 ml plastic tuberculin syringes without needles,18,B07GX4RJF3,"1ml Oral Syringe - 100 Pack – Luer Slip Tip, No Needle, Sterile Individually Blister Packed - Medicine Administration for Infants, Toddlers and Small Pets",E,TP,16,0.8333,0.8333,0.8333,13686.76
823,1 ml plastic tuberculin syringes without needles,18,B08DWLNLXH,1ml Luer Slip Tip Syringe No Needle | 100 Pack Disposable Sterile Individually Wrapped | Universal Use | Doctor and Vet Preferred (100 Piece),E,TP,17,0.8333,0.8333,0.8333,13686.76
823,1 ml plastic tuberculin syringes without needles,18,B0946RPVNW,"K-ELewon 35"" Large Square Fashion Scarves Women's Satin Silk Feeling Hair Wrapping Scarfs Night Sleeping Headscarf (Z07)",I,FP,18,0.8333,0.8333,0.8333,13686.76
823,1 ml plastic tuberculin syringes without needles,18,B07T8F2RKB,"Easy Touch Syringes, 30 Gauge 1cc ½, 100 Syringes Each Box (0.5 30Gx1/2)",E,FN,,0.8333,0.8333,0.8333,13686.76
823,1 ml plastic tuberculin syringes without needles,18,B01DARHDV8,"Care Touch CTSLL10 10mL Syringe Only with Luer Lock Tip (No Needle), Shape (Pack of 100)",E,FN,,0.8333,0.8333,0.8333,13686.76
823,1 ml plastic tuberculin syringes without needles,18,B07PPQ9FYD,"Brandzig Ultra-Fine Insulin Syringes 31G 1cc 5/16"" 100-Pack",E,FN,,0.8333,0.8333,0.8333,13686.76
826,1 ml vet syringe without needle with cap,8,B07SD93N7M,"3ml Syringe with Cap (100 Pack) | Oral Dispenser Without Needle, Luer Slip Tip | Individually Wrapped Medicine Dropper for Infants & Pets",S,FP,1,0.75,0.75,0.75,12705.07
826,1 ml vet syringe without needle with cap,8,B01JJYYWH4,"Care Touch Luer Lock Tip Syringes 5 mL - 100 Disposable Syringes Without Needles - Great for Oral Medicine, Home Care, and Hobbies",S,FP,2,0.75,0.75,0.75,12705.07
826,1 ml vet syringe without needle with cap,8,B07G3CQBWK,"144 Pack 1ml 1cc Syringe, Luer Slip Tip Syringe Without Needle, No Cap, Non-Sterile, Not for Injection, Bulk Package, Not Individual",E,TP,3,0.75,0.75,0.75,12705.07
826,1 ml vet syringe without needle with cap,8,B08M63N2FV,"30 Pack 1ml Plastic Syringe, Luer Slip Tip, Individually Sealed, with Measurement, for Oral, Medicine Student, Refilling, Feed Pets, Oil or Glue Applicator",E,TP,4,0.75,0.75,0.75,12705.07
826,1 ml vet syringe without needle with cap,8,B07GX4RJF3,"1ml Oral Syringe - 100 Pack – Luer Slip Tip, No Needle, Sterile Individually Blister Packed - Medicine Administration for Infants, Toddlers and Small Pets",E,TP,5,0.75,0.75,0.75,12705.07
826,1 ml vet syringe without needle with cap,8,B07LH2BRJX,100Pack 1ml Syringes with Caps,E,TP,6,0.75,0.75,0.75,12705.07
826,1 ml vet syringe without needle with cap,8,B07PY77BHF,"DEPEPE 120pcs 1ml Luer Slip Tip Syringe with Caps, Without Needle, for Pet Feeding and Industrial Use",E,TP,7,0.75,0.75,0.75,12705.07
826,1 ml vet syringe without needle with cap,8,B07GJ2BHXY,"100 Pack Luer Slip Syringe with Cap, 1Milliliter 1cc Syringe No Needle, Non-Sterile, Not for Injection",E,TP,8,0.75,0.75,0.75,12705.07
826,1 ml vet syringe without needle with cap,8,B08DWLNLXH,1ml Luer Slip Tip Syringe No Needle | 100 Pack Disposable Sterile Individually Wrapped | Universal Use | Doctor and Vet Preferred (100 Piece),E,FN,,0.75,0.75,0.75,12705.07
826,1 ml vet syringe without needle with cap,8,B07RRSK529,"BSTEAN 1ml 1cc Syringe with Luer Slip Tip and Caps, No Needle (Pack of 100)",E,FN,,0.75,0.75,0.75,12705.07
833,1 ms monitor 144hz,15,B0918Q2RKZ,BenQ MOBIUZ EX3415R 34'' Ultrawide Curved Monitor for Gaming | 144Hz 1ms| HDRi Optimization | Dual Speakers + Subwoofer | FreeSync Premium | Eye-Care & Height/Tilt Adjustable Stand,E,TP,1,0.9333,0.9333,0.9333,14149.61
833,1 ms monitor 144hz,15,B09B8WLYGD,"ASUS ROG Strix 27” 4K HDR 144Hz DSC Gaming Monitor (XG27UQR) - UHD (3840 x 2160), IPS, 1ms, Extreme Low Motion Blur, DisplayHDR 400, DCI-P3 90%, G-SYNC Compatible, Eye Care, DisplayPort, HDMI, USB 3.0",E,TP,2,0.9333,0.9333,0.9333,14149.61
833,1 ms monitor 144hz,15,B07KGMQGDT,"Sceptre E255B-1658A 25"" 165Hz 144Hz 1ms AMD FreeSync gaming LED Monitor 2x HDMI 2.0 1x DisplayPort RTS FPS Build-in Speakers, Machine Black, Metallic Black",E,TP,3,0.9333,0.9333,0.9333,14149.61
833,1 ms monitor 144hz,15,B08WWKJGDV,"Sceptre IPS 27 inch Gaming LED Monitor up to 165Hz 144Hz 1ms DisplayPort HDMI, FreeSync FPS RTS Build-in Speakers Gunmetal Black 2021 (E275B-FPT165)",E,TP,4,0.9333,0.9333,0.9333,14149.61
833,1 ms monitor 144hz,15,B091G34M7P,"Acer Nitro XV282K KVbmiipruzx 28"" UHD (3840 x 2160) Agile-Splendor IPS Gaming Monitor | AMD FreeSync Premium | 144Hz | 1ms | TUV/Eyesafe | 1 x Display Port 1.2, 2 x HDMI 2.1 & 4 x USB Ports",E,TP,5,0.9333,0.9333,0.9333,14149.61
833,1 ms monitor 144hz,15,B08D5H24N8,ViewSonic VX3268-2KPC-MHD 32 Inch 1440p Curved 144Hz 1ms Gaming Monitor with FreeSync Premium Eye Care HDMI and DP,E,TP,6,0.9333,0.9333,0.9333,14149.61
833,1 ms monitor 144hz,15,B088MKB54B,"ASUS TUF Gaming VG27VH1B 27” Curved Monitor, 1080P Full HD, 165Hz (Supports 144Hz), Extreme Low Motion Blur, Adaptive-sync, FreeSync Premium, 1ms, Eye Care, HDMI D-Sub, BLACK",S,FP,7,0.9333,0.9333,0.9333,14149.61
833,1 ms monitor 144hz,15,B08FF3HDW5,"SAMSUNG Odyssey G5 Series 32-Inch WQHD (2560x1440) Gaming Monitor, 144Hz, Curved, 1ms, HDMI, Display Port, FreeSync Premium (LC32G55TQWNXZA)",E,TP,8,0.9333,0.9333,0.9333,14149.61
833,1 ms monitor 144hz,15,B093T8773S,"MSI Full HD Non-Glare 1ms 1920 x 1080 144Hz Refresh Rate Resolution Free Sync 24"" Curved Gaming Monitor (Optix G24C6P) - Black",E,TP,9,0.9333,0.9333,0.9333,14149.61
833,1 ms monitor 144hz,15,B08GYLHM2T,"LG 27'' Ultragear 4K UHD Nano IPS 1ms 144Hz G-Sync Compatible Gaming Monitor, Black (27GN95B-B)",E,TP,10,0.9333,0.9333,0.9333,14149.61
833,1 ms monitor 144hz,15,B083K17XLH,"MSI 24” FHD (1920 x 1080) Non-Glare with Super Narrow Bezel 144Hz 1ms 16:9 HDMI/DP AMD Radeon FreeSync IPS Gaming Monitor (OPTIX G241), Black",E,TP,11,0.9333,0.9333,0.9333,14149.61
833,1 ms monitor 144hz,15,B0865GK92R,"MSI 24"" FHD 1500R Curvature Non-Glare Super Narrow Bezel 1ms 1920 x 1080 144Hz Refresh Rate Tilt Adjustment FreeSync Curved Gaming Monitor (Optix G24C4), Black",E,TP,12,0.9333,0.9333,0.9333,14149.61
833,1 ms monitor 144hz,15,B06ZYHZ6R6,"Acer XFA240 bmjdpr 24"" Gaming G-SYNC Compatible Monitor 1920 x 1080, 144hz Refresh Rate, 1ms Response Time with Height, Pivot, Swivel & Tilt, Black",E,TP,13,0.9333,0.9333,0.9333,14149.61
833,1 ms monitor 144hz,15,B07MQBPMJ2,"Acer Nitro XV272U Pbmiiprzx 27"" WQHD (2560 x 1440) IPS G-SYNC Compatible Monitor, 144Hz, 1ms VRB, VESA Certified DisplayHDR400, DCI-P3, Delta E<2",E,TP,14,0.9333,0.9333,0.9333,14149.61
833,1 ms monitor 144hz,15,B0817JCFJN,"ASUS TUF Gaming 25"" 1080P Monitor (VG259Q) - Full HD, IPS, 144Hz, 1ms, Extreme Low Motion Blur, Speaker, Adaptive-Sync, G-SYNC Compatible, VESA Mountable, DisplayPort, HDMI, Height Tilt Adjustable",E,TP,15,0.9333,0.9333,0.9333,14149.61
833,1 ms monitor 144hz,15,B08FJHMTZJ,"AOC G2490VX 24"" Class Frameless Gaming Monitor, FHD 1920x1080, 1ms 144Hz, FreeSync Premium, 126% sRGB / 93% DCI-P3, 3Yr Re-Spawned Zero Dead Pixels, Black",E,FN,,0.9333,0.9333,0.9333,14149.61
838,1 ounce plastic disposable portion cups without lids,4,B07ZQRBV2M,"PlastiMade Clear Disposable Plastic Portion Cups With Lids (100 Sets - 1 Oz) - Disposable Condiment Cups, Sauce/Dip/Dressing Cups, Souffle Cups & Jello Shot Cups With Lids | Great Sampling Containers",I,FP,1,0.5,0.5,0.5,12388.9
838,1 ounce plastic disposable portion cups without lids,4,B07Z7J444C,"[200Sets-1oz] Small Plastic Containers With Lids,Plastic Cups With Lids ,Jello Shot Cups,Souffle Cups,Condiment Sauce Cups",I,FP,2,0.5,0.5,0.5,12388.9
838,1 ounce plastic disposable portion cups without lids,4,B07KT4WKR4,"TashiBox 1oz-100 Sets Plastic Disposable Jello Shot Cups with Lids/Souffle Portion/Sauce Salad Dressing/Condiment Cups, 100 pack Clear Plastic Disposable Food Containers with Lids (1 Ounce)…",E,TP,3,0.5,0.5,0.5,12388.9
838,1 ounce plastic disposable portion cups without lids,4,B079L1WYPJ,"TashiBox 1 oz disposable portion cups with lids, set of 200 - jello shot cups, souffle cups, sampling cups, sauce cups",E,TP,4,0.5,0.5,0.5,12388.9
838,1 ounce plastic disposable portion cups without lids,4,B078TQJQCC,"1 oz, Paper Souffle Portion Cups - Value set of 500",E,FN,,0.5,0.5,0.5,12388.9
838,1 ounce plastic disposable portion cups without lids,4,B07GXCMSQC,"TashiBox Disposable Mini Cups, Portion Cups (No Lids), 200 Count (1 oz)",E,FN,,0.5,0.5,0.5,12388.9
841,1 oz dropper bottles glass,15,B078N18QD1,"Vivaplex, 12, Assorted Colors, 1 oz Glass Bottles, With Glass Eye Droppers",E,TP,1,1.0,1.0,1.0,12360.42
841,1 oz dropper bottles glass,15,B081VHRL46,"Eye Dropper Bottle, Hoa Kinh 48 Pack 1 oz 30ml Amber Glass Dropper Bottle with Droppers, 2 Funnels for Essential Oils, Perfumes (Brown, 1oz)",E,TP,2,1.0,1.0,1.0,12360.42
841,1 oz dropper bottles glass,15,B086DJN6VZ,"Dropper Bottles, RUCKAE Glass Dropper Bottle with Eye Dropper(1oz,24Pack), Dropper for Essential Oils, Colognes, Perfumes, with 2 Extra Fine Mist Sprayers, Funnel and Pen (Cobalt Blue)",E,TP,3,1.0,1.0,1.0,12360.42
841,1 oz dropper bottles glass,15,B074TXQCBD,DropperStop 1oz Amber Glass Dropper Bottles (30mL) with Tapered Glass Droppers - Pack of 99,E,TP,4,1.0,1.0,1.0,12360.42
841,1 oz dropper bottles glass,15,B00I4BQXVW,"Premium Vials B36-pk12 Boston Round Glass Bottle with Dropper, 1 oz Capacity, Clear (Pack of 12)",E,TP,5,1.0,1.0,1.0,12360.42
841,1 oz dropper bottles glass,15,B07QCWYLDH,"PrettyCare Eye Dropper Bottle 1 oz (24 Pack Clear Glass Bottles 30ml with Golden Caps, 2 Extra Measured Pipettes, 48 Labels, 2 Funnels ) Empty Tincture Bottles for Essential Oils, Perfume",E,TP,6,1.0,1.0,1.0,12360.42
841,1 oz dropper bottles glass,15,B01MXONUR2,"Vivaplex, 12, Clear, 1 oz Glass Bottles, with Glass Eye Droppers",E,TP,7,1.0,1.0,1.0,12360.42
841,1 oz dropper bottles glass,15,B00SS49UVA,"12, Amber, 1 oz Glass Bottles, with Glass Eye Droppers",E,TP,8,1.0,1.0,1.0,12360.42
841,1 oz dropper bottles glass,15,B07TKVJH6Q,"Kingrol 24 Pack Amber Glass Bottles with Glass Eye Dropper, 1 oz Dropper Bottles for Essential Oils, Perfumes, Aromatherapy, Chemistry Lab Chemicals",E,TP,9,1.0,1.0,1.0,12360.42
841,1 oz dropper bottles glass,15,B07ZNK3ZDJ,"12, 1 oz Dropper Bottles for Essential Oils with 3 Stainless Steel Funnels & 1 Long Glass Dropper - 30ml Amber Glass Bottles with Eye Droppers - Tincture Bottles, Leak Proof Travel Bottles for Liquids",E,TP,10,1.0,1.0,1.0,12360.42
841,1 oz dropper bottles glass,15,B0836NVVLM,"YoleShy 1oz Glass Dropper Bottle,99 Pack Amber Glass Bottles with Glass Droppers and Black Cap for Essential Oils, Lab Chemicals, Perfumes",E,TP,11,1.0,1.0,1.0,12360.42
841,1 oz dropper bottles glass,15,B083HYZLWG,"June Fox Glass Dropper Bottle,99 Pack 1oz Blue Glass Bottles with Glass Droppers and Black Cap for Essential Oils, Lab Chemicals, Perfumes",E,TP,12,1.0,1.0,1.0,12360.42
841,1 oz dropper bottles glass,15,B018Y3K2H0,"12, Cobalt Blue, 1 oz, Glass Bottles, with Glass Eye Droppers",E,TP,13,1.0,1.0,1.0,12360.42
841,1 oz dropper bottles glass,15,B088JX9RVJ,"1 oz Eye Dropper Bottle(48 Pack), Eternal Moment 30ml Amber Glass Bottles with Glass Eye Dropper for Essential Oils, Chemistry Lab Chemicals, Colognes & Perfumes",E,TP,14,1.0,1.0,1.0,12360.42
841,1 oz dropper bottles glass,15,B074KQXWC6,"Vivaplex, 12, Green, 1 oz Glass Bottles, With Glass Eye Droppers",E,TP,15,1.0,1.0,1.0,12360.42
846,1 pack blue braiding hair pre stretched,1,B08GYTGPJV,Celie 10pack Ombre Braiding Hair Pre Stretched Braiding Hair 3 Tone Yaki Synthetic Colorful Hair (26in 1B/Dark blue/light blue),S,FP,1,0.0,0.0,0.0,12399.22
846,1 pack blue braiding hair pre stretched,1,B081GSVGGB,Pre-Stretched Braiding Hair Extensions 26 Inch Omber Colors Prefessional Perm Yaki Hot Water Setting Braiding Hair Easy Braids Synthetic Hair Extensions 3Packs(Green Ombre Blue),E,FN,,0.0,0.0,0.0,12399.22
847,1 pack blue fairy lights battery without timer,12,B07JMJ686Q,YKB 6 Pack Pink Fairy String Lights Battery Operated Fairy Lights Starry String Lights on 3.3ft/1m Silvery Copper Wire DIY Christmas Decoration Costume Wedding Party Halloween Easter,I,FP,1,0.5,0.5,0.5,13040.59
847,1 pack blue fairy lights battery without timer,12,B074TBPJ5V,YIHONG 4 Set Fairy Lights Battery Operated - 16.4ft Led Christmas String Lights 8 Modes 50 LED Starry Lights - Copper Wire Firefly Lights for Wedding Birthday Party Christmas Decoration- Warm White,S,FP,2,0.5,0.5,0.5,13040.59
847,1 pack blue fairy lights battery without timer,12,B07RJRSP8G,"24 Packs Fairy Light Battery Operated(Batteries Included),10.2FT 30LEDs Copper Wire Firefly Lights,Mini Starry String Lights for DIY Wedding Party Mason Jars Christmas Decorations (Warm White)",E,TP,3,0.5,0.5,0.5,13040.59
847,1 pack blue fairy lights battery without timer,12,B08118PJPB,18 Pack Fairy Lights Battery Operated 6.6ft 20 Led Mini String Lights Silver Wire Starry Lights for DIY Wedding Party Festival Halloween Christmas (Warm White),E,TP,4,0.5,0.5,0.5,13040.59
847,1 pack blue fairy lights battery without timer,12,B07WG18RLT,12 Pack Led Fairy Lights Battery Operated String Lights Waterproof Silver Wire 7 Feet 20 Led Firefly Starry Moon Lights for DIY Wedding Party Bedroom Patio Christmas Warm White,E,TP,5,0.5,0.5,0.5,13040.59
847,1 pack blue fairy lights battery without timer,12,B01MAY5HHO,"Accmor 4 Pack 10ft/3m 30 LEDs Mini Bulb Battery Operated Fairy String Lights,Super Bright Starry Lights for Gift Wedding Party Bedroom Home Halloween Decoration, Crafts (Warm White)",E,TP,6,0.5,0.5,0.5,13040.59
847,1 pack blue fairy lights battery without timer,12,B074SK25S9,"10PCS Fairy Lights Battery Operated,Waterproof Copper Wire 6.5 Feet Fairy String Lights 20 Led Firefly Starry Moon Lights for Home Party Wedding Christmas Table Decoration(Warm White)",S,FP,7,0.5,0.5,0.5,13040.59
847,1 pack blue fairy lights battery without timer,12,B08419JVYC,"Edvision Fairy Lights 12Pack Battery Operated String Lights 7FT 20LED Christmas Lights Silver Wire Mason Jar Lights for Wedding Birthday Party Ceremony Halloween Thanksgiving Decoration, Warm White",S,FP,8,0.5,0.5,0.5,13040.59
847,1 pack blue fairy lights battery without timer,12,B075SYL9YQ,"CYLAPEX 12 PCS Fairy Lights Cool White 3.3FT Silvery Copper Wire 20 LED String Lights Battery Powered, Starry String Lights Battery Operated Firefly Lights for Costume DIY Wedding Home Party Christmas",E,TP,9,0.5,0.5,0.5,13040.59
847,1 pack blue fairy lights battery without timer,12,B0861961Q2,24 Pack Led Fairy Lights Battery Operated String Lights Waterproof Silver Wire 7 Feet 20 Led Firefly Starry Moon Lights for DIY Wedding Party Bedroom Patio Christmas Warm White,E,TP,10,0.5,0.5,0.5,13040.59
847,1 pack blue fairy lights battery without timer,12,B01COK5IFA,6 Pack Led Fairy Lights Battery Operated String Lights Waterproof Silver Wire 7 Feet 20 Led Firefly Starry Moon Lights for DIY Wedding Party Bedroom Patio Christmas Warm White,S,FP,11,0.5,0.5,0.5,13040.59
847,1 pack blue fairy lights battery without timer,12,B07XQD2M6M,12 Pack Fairy Lights 7Ft 20 Led Firefly Lights Battery Operated String Lights Silver Wire Starry Moon Lights for DIY Wedding Bedroom Indoor Party Christmas Decorations Pure White,S,FP,12,0.5,0.5,0.5,13040.59
847,1 pack blue fairy lights battery without timer,12,B07ZFFZ9HF,"JosMega Upgraded Larger Solar Powered Fairy String Lights 8 Mode Twinkle Lighting Outdoor Waterproof Auto On/Off, Christmas Decoration",E,FN,,0.5,0.5,0.5,13040.59
847,1 pack blue fairy lights battery without timer,12,B08K8CW59L,"Fairy Lights Battery Operated, 33 Ft Battery Powered String Light, 100 LED Warm White Battery Fairy Light for Bedroom Christmas Halloween Party Wedding",E,FN,,0.5,0.5,0.5,13040.59
847,1 pack blue fairy lights battery without timer,12,B0811T37DC,"Tasodin led Fairy Lights Waterproof 16.4ft String Lights Battery Operated for Wedding, Home, Garden, Party, Christmas Decoration, White",E,FN,,0.5,0.5,0.5,13040.59
847,1 pack blue fairy lights battery without timer,12,B01FOITH9M,"CYLAPEX 6 Pack Fairy Lights Battery Operated String Lights, 20 LED on 3.3ft Silvery Copper Wire, Firefly Fairy String Lights Warm White for Wedding Party Mason Jar Christmas Decorations Bedroom Decor",E,FN,,0.5,0.5,0.5,13040.59
847,1 pack blue fairy lights battery without timer,12,B07T7W7PNK,"Aluan Fairy Lights 100 LED 33 FT Copper Wire Christmas Lights USB & Battery Powered Waterproof LED String Lights with 8 Modes for Indoor Outdoor Bedroom Wedding Party Patio Decor, Warm White",E,FN,,0.5,0.5,0.5,13040.59
847,1 pack blue fairy lights battery without timer,12,B013TEEKOK,"[6-PACK] 7Feet Starry String Lights,Fairy String Lights 20 Micro Starry Leds On Silvery Copper Wire. 2pcs CR2032 Batteries Included,Works for Wedding Centerpiece,Party,Christmas,Table Decor,Warm White",E,FN,,0.5,0.5,0.5,13040.59
856,1 per day bariatric multivitamin capsules without iron,8,B001FY1KAE,"Bariatric Fusion Mixed Berry Complete Chewable Bariatric Multivitamin For Bariatric Surgery Patients Including Gastric Bypass and Sleeve Gastrectomy, 120 Tablets",E,TP,1,0.625,0.625,0.625,12827.07
856,1 per day bariatric multivitamin capsules without iron,8,B071L78LLB,NATURELO One Daily Multivitamin for Women 50+ (Iron Free) - Menopause Support for Women Over 50 - Whole Food Supplement - Non-GMO - No Soy - 60 Capsules | 2 Month Supply,E,TP,2,0.625,0.625,0.625,12827.07
856,1 per day bariatric multivitamin capsules without iron,8,B07JGFHQ5P,"Bariatric Fusion Mixed Berry Bariatric Multivitamin Soft Chews for Post Bariatric Surgery Patients Including Gastric Bypass and Sleeve Gastrectomy, 60 Count, 1 Month Supply",S,FP,3,0.625,0.625,0.625,12827.07
856,1 per day bariatric multivitamin capsules without iron,8,B07HJFZ9YV,"Bariatric Fusion Bariatric Multivitamin ONE per Day Capsule with 45mg of Iron for Post Bariatric Surgery Patients Including Gastric Bypass and Sleeve Gastrectomy, 30 Count, 1 Month Supply",E,TP,4,0.625,0.625,0.625,12827.07
856,1 per day bariatric multivitamin capsules without iron,8,B00JREK09G,Bariatric Once-A-Day Multivitamin 90 Ct Capsule-45mg Iron Made for Gastric Bypass Sleeve WLS Surgery,I,FP,5,0.625,0.625,0.625,12827.07
856,1 per day bariatric multivitamin capsules without iron,8,B00Y3QDOGO,Methyl Multi Without Iron - 240 Vegetable Capsules | This Vegan Formula Features Activated Vitamin Cofactors and Folate as Quatrefolic® (5-MTHF) | Patented Albion TRAACS Chelated Mineral Complexes,E,TP,6,0.625,0.625,0.625,12827.07
856,1 per day bariatric multivitamin capsules without iron,8,B07HGJKGST,"Bariatric Fusion Bariatric Multivitamin Capsules Without Iron for Post Bariatric Surgery Patients Including Gastric Bypass and Sleeve Gastrectomy, 2 Capsules Daily, 180 Count, 3 Month Supply",S,FP,7,0.625,0.625,0.625,12827.07
856,1 per day bariatric multivitamin capsules without iron,8,B08DF8Q482,"Bariatric Advantage - Ultra Solo Once-Per-Day Multivitamin Capsule for Bariatric Surgery Patients, Without Iron, 30ct",E,TP,8,0.625,0.625,0.625,12827.07
856,1 per day bariatric multivitamin capsules without iron,8,B00ILYYNUA,"Bariatric Advantage – Chewable Advanced Multi EA - Multivitamin for Bariatric Surgery Patients Including Gastric Bypass, Sleeve Gastrectomy, and DS, Mixed Fruit, 60 ct",E,FN,,0.625,0.625,0.625,12827.07
856,1 per day bariatric multivitamin capsules without iron,8,B00OJGEQ0G,"BariMelts Multivitamin, Dissolvable Bariatric Vitamins, Natural Fruit Flavor, 60 Fast Melting Tablets",E,FN,,0.625,0.625,0.625,12827.07
856,1 per day bariatric multivitamin capsules without iron,8,B00OKNCI0S,"BariMelts Calcium Citrate, Dissolvable Bariatric Vitamins, Natural Berry Flavor, 120 Fast Melting Tablets",E,FN,,0.625,0.625,0.625,12827.07
858,1 peter jen wilkin,2,143005154X,1 Peter Bible Study Book: A Living Hope in Christ (Gospel Coalition),E,TP,1,1.0,1.0,1.0,12014.2
858,1 peter jen wilkin,2,1430051558,1 Peter: A Living Hope in Christ - Leader Kit,E,TP,2,1.0,1.0,1.0,12014.2
861,1 pint mason jars without words,24,B07VVKKLRS,"Mason Jars, SPANLA 16 OZ Mason Jars Glass Jars with Regular Lids and Bands, Ideal for Jam, Honey, Wedding Favors, Shower Favors, Baby Foods, DIY Magnetic Spice Jars, 12 PACK, 12 Whiteboard Labels",E,TP,1,0.5833,0.5833,0.5833,14456.15
861,1 pint mason jars without words,24,B00LB69GK2,Ball Regular Mouth Pint 16-oz Mason Jars with Lid and Band (1-Pack),S,FP,2,0.5833,0.5833,0.5833,14456.15
861,1 pint mason jars without words,24,B0764L6ZR9,"Ball Regular Mouth Mason Jars with Lids and Bands, 16-Ounces (4-Pack)",S,FP,3,0.5833,0.5833,0.5833,14456.15
861,1 pint mason jars without words,24,B07VWSPXRG,"Ball Mason Jar, Pint Clear Glass Heritage Series, 16-Ounces, Set of 4",I,FP,4,0.5833,0.5833,0.5833,14456.15
861,1 pint mason jars without words,24,B07MZ97158,"Ball Regular Mouth 16-Ounces Mason Jar with Lids and Bands (12-Units), 12-Pack, AS SHOWN",E,TP,5,0.5833,0.5833,0.5833,14456.15
861,1 pint mason jars without words,24,B07RKQ4JS3,"KAMOTA Mason Jars 16 oz With Regular Lids and Bands, Ideal for Jam, Honey, Wedding Favors, Shower Favors, Baby Foods, DIY Magnetic Spice Jars, 18 PACK, 20 Whiteboard Labels Included",E,TP,6,0.5833,0.5833,0.5833,14456.15
861,1 pint mason jars without words,24,B00RNFSYVC,Ball Regular Mouth Pint 16-oz Mason Jar with Lids and Bands (Pack of 24),E,TP,7,0.5833,0.5833,0.5833,14456.15
861,1 pint mason jars without words,24,B08FHT9PCB,"15 Pcs Mason Jars 16 oz with Lids, Regular Mouth Canning Jars with Metal Airtight Lids and Bands, Extra Leak-Proof Colored Lids, Chalkboard Labels, Marker, for Meal Prep, Food Storage, Canning, Preserving",S,FP,8,0.5833,0.5833,0.5833,14456.15
861,1 pint mason jars without words,24,B081SGLXMJ,"Glotoch Mason Jars 8 OZ with Lids and Bands, 12 Pack Regular Mouth Jelly Jars Bulk, Canning Jars for Jam/ Honey/ Spice with 1 Brush and 12 Chalkboard Labels",E,TP,9,0.5833,0.5833,0.5833,14456.15
861,1 pint mason jars without words,24,B08L64SCFP,"Mason Jars, 16oz 12pcs Glass Canning Jars with Lids, Regular Mouth Jars Ideal for Oats, Wedding Favors, Drinking, Salads, DIY Jam Jars",I,FP,10,0.5833,0.5833,0.5833,14456.15
861,1 pint mason jars without words,24,B000VDYUJI,"Kerr Wide Mouth Pint Glass Mason Jars 16-Ounces with Lids and Bands 12-Count per (1-Case), Clear",E,TP,11,0.5833,0.5833,0.5833,14456.15
861,1 pint mason jars without words,24,B071KTNCSC,"Ball Wide Mouth Pint 16-Ounce Glass Mason Jar with Lids and Bands, 12-Count, 12-Pack, Clear",S,FP,12,0.5833,0.5833,0.5833,14456.15
861,1 pint mason jars without words,24,B01LYFJ7WP,"Golden Spoon Mason Jars, With Regular Lids, and Lids for Drinking, Regular Mouth, Dishwasher Safe, BPA Free, (Set of 6) (16 oz/Pint)",E,TP,13,0.5833,0.5833,0.5833,14456.15
861,1 pint mason jars without words,24,B08MZH2L7S,"Foruisin 16 OZ(12-Set) Smooth Sided Wide Mouth Mason Jars with Lids and Bands, Transparent Glass Canning Jar Ideal for Jellies, Smoothies, Salsas, Sauces, Relishes, Fruit Butters",E,TP,14,0.5833,0.5833,0.5833,14456.15
861,1 pint mason jars without words,24,B07T3FS56M,"Glass Mason Jars (6 Pack) - Regular Mouth Jam Jelly Jars, Metal Airtight Lid, USDA Approved Dishwasher Safe USA Made Pickling, Preserving, Decorating, Canning Jar, Craft and Dry Food Storage (16 Ounce)",S,FP,15,0.5833,0.5833,0.5833,14456.15
861,1 pint mason jars without words,24,B01EV99PWE,12 Ball Mason Jar with Lid - Regular Mouth - 16 oz by Jarden (Packs of 12),C,FP,16,0.5833,0.5833,0.5833,14456.15
861,1 pint mason jars without words,24,B000SN0WES,"Ball Pint Jar, Regular Mouth, Set of 12, (16 oz)",E,TP,17,0.5833,0.5833,0.5833,14456.15
861,1 pint mason jars without words,24,B08NJJJQZH,"Luckore Mason Jars Wide Mouth 16 oz Set of 12, Canning Glass Jars with Metal Airtight Lids, Ideal for Meal Prep, Food Storage, Canning, Fermenting, Jam, Honey, Yogurt, Jellies",E,TP,18,0.5833,0.5833,0.5833,14456.15
861,1 pint mason jars without words,24,B07KQQYJC6,"Encheng 16 oz Glass Jars With Lids,Wide Mouth Ball Mason Jars For Storage,Canning Jars For Pickles,Herb,Jelly,Jams,Honey,Dishware Safe,Set Of 15 …",E,TP,19,0.5833,0.5833,0.5833,14456.15
861,1 pint mason jars without words,24,B07RZVPM35,"Ball Wide Mouth Mason Jars 16 oz [6 Pack] With mason jar lids and Bands, Ball mason jars 16 oz - For Canning, Fermenting, Pickling - Jar Decor - Microwave/Freeze/Dishwasher Safe + SEWANTA Jar Opener",S,FP,20,0.5833,0.5833,0.5833,14456.15
861,1 pint mason jars without words,24,B07PGLPCFN,"SXUDA 16 oz Mason Jars with Silver Lids and Bands Regular Mouth Canning Jars for Jam, Honey, Jelly, Wedding Favors, Shower Favors, Baby Foods, DIY Magnetic Spice Jars, 12 PACK",E,TP,21,0.5833,0.5833,0.5833,14456.15
861,1 pint mason jars without words,24,B07DPRLQJG,"Ball Wide Mouth Pint 16-Ounces Mason Jars with Lids and Bands, (Set of 3)",S,FP,22,0.5833,0.5833,0.5833,14456.15
861,1 pint mason jars without words,24,B07VTSKN53,"Wide Mouth Mason Jars 16oz, VERONES 6 Pack 16 oz Wide Mouth Mason Jars with Lids and Bands, Ideal for Jam, Honey, Wedding Favors, Shower Favors, Baby Foods",E,TP,23,0.5833,0.5833,0.5833,14456.15
861,1 pint mason jars without words,24,B014V7RSE8,"Ball Glass Mason Jar with Lid and Band, Regular Mouth, 12 Jars",E,TP,24,0.5833,0.5833,0.5833,14456.15
861,1 pint mason jars without words,24,B08M3TGPS3,"Mason jars 16 oz 15 Pack – Glass Jars For Food Storage With Gold Metal Lids, Set Of 15 With 20 Labels",E,FN,,0.5833,0.5833,0.5833,14456.15
861,1 pint mason jars without words,24,B07N3S558V,"KAMOTA Mason Jars 16 OZ With Regular Lids and Bands, Ideal for Meal Prep, Jam, Honey, Wedding Favors, Shower Favors, Baby Foods, DIY Magnetic Spice Jars, 12 PACK, 20 Whiteboard Labels Included",E,FN,,0.5833,0.5833,0.5833,14456.15
861,1 pint mason jars without words,24,B07JNPZZQ9,"Mason Jars 8 OZ, VERONES 8 OZ Canning Jars Jelly Jars With Regular Lids, Ideal for Jam, Honey, Wedding Favors, Shower Favors, Baby Foods, 15 PACK",E,FN,,0.5833,0.5833,0.5833,14456.15
861,1 pint mason jars without words,24,B01B3GXVKA,"Ball 4-Ounce Quilted Crystal Jelly Jars with Lids and Bands, Set of 12-3 Pack (Total 36 Jars)",E,FN,,0.5833,0.5833,0.5833,14456.15
861,1 pint mason jars without words,24,B0854176GN,"Regular-Mouth Glass Mason Jars, 16-Ounce (5-Pack) Canning Jars with Silver Metal Airtight Lids for Meal Prep, Food Storage, Canning, Drinking, Overnight Oats, Jelly, Dry Food, Spices, Salads, Yogurt",E,FN,,0.5833,0.5833,0.5833,14456.15
861,1 pint mason jars without words,24,B07VD4DS5D,"Apexstone Mason Jar 16 oz Regular Mouth,Mason Jar 16 oz with Lids,16 oz Mason Jars with Lids,16 oz Mason Jars Regular Mouth,Mason Jar 16 oz Set of 4",E,FN,,0.5833,0.5833,0.5833,14456.15
861,1 pint mason jars without words,24,B075DM567J,"Ball Mason Jar Pint Wide Mouth Clear Glass W/Lids and Bands, 16-Ounces (Set of 4)",E,FN,,0.5833,0.5833,0.5833,14456.15
861,1 pint mason jars without words,24,B07VSWW6BG,"Wide Mouth Mason Jars 16 oz, KAMOTA 16oz Mason Jars Canning Jars Jelly Jars With Wide Mouth Lids and Bands, Ideal for Jam, Honey, Wedding Favors, Shower Favors, Baby Foods, 6 PACK",E,FN,,0.5833,0.5833,0.5833,14456.15
861,1 pint mason jars without words,24,B07QCN67QM,"CUCUMI 12pcs 3.4oz Small Glass Favor Jars, 100ml Small Glass Bottles with Cork Lids, Mini Jars Milk Bottles, Party Favors Wedding Favors Potion Bottles with 25pcs Label Tags and 20m Burlap Ribbon",E,FN,,0.5833,0.5833,0.5833,14456.15
861,1 pint mason jars without words,24,B07N3SXV24,"KAMOTA Mason Jars 12 oz With Regular Lids and Bands, Ideal for Jam, Honey, Wedding Favors, Shower Favors, Baby Foods, DIY Magnetic Spice Jars, 12 PACK, 20 Whiteboard Labels Included",E,FN,,0.5833,0.5833,0.5833,14456.15
862,1 plas 7 pro,8,B07QTXX694,"LK 3 Pack Screen Protector Compatible with Oneplus 7 Pro/Oneplus 7t Pro/Oneplus 7 Pro 5G, Ultrasonic Fingerprint Compatible, Flexible TPU Film HD Transparent, Case Friendly",C,FP,1,0.5,0.5,0.5,13043.89
862,1 plas 7 pro,8,B07SGYLZ17,for One Plus 7 Pro Privacy Screen Protector-[2 Pack][3D Curved][Anti-Scratch] 9H Hardness Tempered Glass Film Anti-Spy Screen Protector without Fingerprint Sensor,C,FP,2,0.5,0.5,0.5,13043.89
862,1 plas 7 pro,8,B07YQ8YQCW,OnePlus 7 Pro US Model GM1915 8GB RAM 256GB ROM T-Mobile Unlocked Single SIM Mirror Gray (Renewed),E,TP,3,0.5,0.5,0.5,13043.89
862,1 plas 7 pro,8,B07SCSW632,ISADENSER OnePlus 7 Pro Case Stand Mirror OnePlus 7 Pro Case Case View Flip Plating Mirror Makeup Glitter Slim Shockproof Full 360 Body Protective Case for OnePlus 7 Pro Mirror Blue,C,FP,4,0.5,0.5,0.5,13043.89
862,1 plas 7 pro,8,B07RDXN6T6,"OnePlus 7 Pro Dual Sim Factory Unlocked US Model GM1917 8GB+256GB Nebula Blue (ATT, Verizon, Tmobile) - US Warranty",E,TP,5,0.5,0.5,0.5,13043.89
862,1 plas 7 pro,8,B07RY67KWY,Spigen Tough Armor Designed for OnePlus 7 Pro Case (2019) - Black,C,FP,6,0.5,0.5,0.5,13043.89
862,1 plas 7 pro,8,B085PPG5WN,OnePlus 7 Pro GM1915 256GB Sprint+GSM Unlocked - Nebula Blue (Renewed),E,TP,7,0.5,0.5,0.5,13043.89
862,1 plas 7 pro,8,B07S4755CM,OnePlus 7 Pro 256GB ROM 8GB RAM Factory Unlocked 6.67 inch QHD+ AMOLED 90Hz Display Dual SIM Mirror Gray,E,TP,8,0.5,0.5,0.5,13043.89
862,1 plas 7 pro,8,B07RCGY3VD,"Oneplus 7 Pro GM1910 256GB, 8GB, Dual Sim, 6.67 inch, 48MP Main Lens Triple Camera, GSM Unlocked International Model, No Warranty (Nebula Blue)",E,FN,,0.5,0.5,0.5,13043.89
862,1 plas 7 pro,8,B07ZQCFFSL,"OnePlus 7T PRO HD1910 256GB, 8GB, Dual Sim, 6.67 inch, 48MP Main Lens, Triple Lens Camera, GSM Unlocked International Model, No Warranty (Haze Blue)",E,FN,,0.5,0.5,0.5,13043.89
862,1 plas 7 pro,8,B07ZQSQCN9,"OnePlus 7T HD1900 128GB, 8GB, Dual Sim, 6.55 inch, 48MP Main Lens, Triple Lens Camera, GSM Unlocked International Model, No Warranty (Glacier Blue)",E,FN,,0.5,0.5,0.5,13043.89
862,1 plas 7 pro,8,B07V3TL48P,OnePlus 6T A6013 128GB Mirror Black - US Version T-Mobile GSM Unlocked Phone (Renewed),E,FN,,0.5,0.5,0.5,13043.89
866,1 port coax 1 port cat5e without wall plate,3,B074HGD1R3,Cable Matters 10-Pack Low Profile 1 Port Keystone Jack Wall Plate in White,C,FP,1,0.0,0.0,0.0,12229.2
866,1 port coax 1 port cat5e without wall plate,3,B00RYTQEBO,RiteAV 15A Power Outlet 4 Port HDMI 1 x Cat5e Ethernet Coax Cable TV Wall Plate,I,FP,2,0.0,0.0,0.0,12229.2
866,1 port coax 1 port cat5e without wall plate,3,B08NXD9JS8,"8 Pack Cat6 Coax Wall Plates, Cat6 Ethernet Port and Cable TV Coax Gold-Plated F-Type Port Wall Plate (Blue)",S,FP,3,0.0,0.0,0.0,12229.2
866,1 port coax 1 port cat5e without wall plate,3,B004TNOV2W,"Leviton 41641-W QuickPort Decora Insert, 1-Port, White",E,FN,,0.0,0.0,0.0,12229.2
866,1 port coax 1 port cat5e without wall plate,3,B08PKFF9YF,"4 Pack Ethernet Wall Plate Outlet Rj45 Cat6 Wall Plate Keystone Jack 1 Port Female to Female, Compatible with Cat6/6e/5/5e Ethernet Devices",E,FN,,0.0,0.0,0.0,12229.2
866,1 port coax 1 port cat5e without wall plate,3,B00029IYUM,"Leviton 5G108-RW5 GigaMax 5E QuickPort Connector, Cat 5E, White",E,FN,,0.0,0.0,0.0,12229.2
869,1 puzzle frame included,5,B01M74UGXP,"MCS Frame for Puzzles, Black, 20 x 27 in or Smaller",E,TP,1,1.0,1.0,1.0,11587.83
869,1 puzzle frame included,5,B075JP45WD,Star Right Self-Correcting Counting Puzzle with Realistic Art to Set of 35 (70 pieces) with 1 Puzzle Frame Included,E,TP,2,1.0,1.0,1.0,11587.83
869,1 puzzle frame included,5,B0754LD6J1,"Star Right Educational Spelling Puzzle Game with Realistic Art, Learning Toys for Ages 4+, 3 and 4 Letter Words, Set of 26 (91 Pieces) with 1 Puzzle Frame Included",E,TP,3,1.0,1.0,1.0,11587.83
869,1 puzzle frame included,5,B075JPWYHZ,Star Right Self-Correcting “How We Go” Puzzle with Realistic Art to Set of 20 (40 pieces) with 1 Puzzle Frame Included,E,TP,4,1.0,1.0,1.0,11587.83
869,1 puzzle frame included,5,B075JQ1BGN,"Star Right Self-Correcting Heads & Tails Animal Match Puzzle with Realistic Art, Set of 20 (40 pieces) with 1 Puzzle Frame Included",E,TP,5,1.0,1.0,1.0,11587.83
870,1 pvc slip coupling without stop,28,B00HZSD7JQ,"Supply Giant 6I46 Flexible Pvc Coupling with Stainless Steel Clamps, 1-1/2, Black",E,TP,1,0.6786,0.6786,0.6786,13597.37
870,1 pvc slip coupling without stop,28,B07STL5N3N,"(Pack of 5) EFIELD Höger 1/2 Inch x 1/2 Male Adapter Push to Connect Pex Copper, CPVC With Disconnect Clip, 1/2 Inch, Brass Lead Free-5 Pieces",I,FP,2,0.6786,0.6786,0.6786,13597.37
870,1 pvc slip coupling without stop,28,B004TIYM8U,C429-012 11/4 COUPLING,E,TP,3,0.6786,0.6786,0.6786,13597.37
870,1 pvc slip coupling without stop,28,B0811W6MSG,"(Pack of 2) EFIELD Höger 3/4 Inch Straight Coupling Push-Fit Fitting to Connect Pex, Copper, CPVC With A Disconnect Clip, No-Lead Free Brass-2 Pieces",S,FP,4,0.6786,0.6786,0.6786,13597.37
870,1 pvc slip coupling without stop,28,B01E0DONG4,"SharkBite PVC Fitting UIP3016A 3/4 inch X 3/4 inch, PVC Connector for PVC Pipe Repair",E,TP,5,0.6786,0.6786,0.6786,13597.37
870,1 pvc slip coupling without stop,28,B00310ZOIY,"SharkBite U020LFA Straight Connector Plumbing 1 In, PEX Fittings, Push-to-Connect, Coupler, Copper, CPVC, 1 inch",E,TP,6,0.6786,0.6786,0.6786,13597.37
870,1 pvc slip coupling without stop,28,B002R7X9XO,"Campbell Well Point 1-1/2 """,E,TP,7,0.6786,0.6786,0.6786,13597.37
870,1 pvc slip coupling without stop,28,B007Q2GAMM,C436-010 1 MA ADAPTER,E,TP,8,0.6786,0.6786,0.6786,13597.37
870,1 pvc slip coupling without stop,28,B000H5WOZM,"NDS SNX-0750-B PVC Snap-Fix Repair Coupling, 0.75 Inch, White",E,TP,9,0.6786,0.6786,0.6786,13597.37
870,1 pvc slip coupling without stop,28,B000H5S1A4,"NDS CPC-1500 1-1/2-Inch Compression PVC Compression Coupling, Gray",E,TP,10,0.6786,0.6786,0.6786,13597.37
870,1 pvc slip coupling without stop,28,B0079JXSTK,"Banjo NIP100-SH Polypropylene Pipe Fitting, Short Nipple, Schedule 80, 1"" NPT Male, 2"" Length",E,TP,11,0.6786,0.6786,0.6786,13597.37
870,1 pvc slip coupling without stop,28,B07GPXJ4HJ,Supply Giant 6I44x2 Flexible Pvc Coupling with Stainless Steel Clamps 1 inch Black (pack of 2),S,FP,12,0.6786,0.6786,0.6786,13597.37
870,1 pvc slip coupling without stop,28,B000H5Q9BW,"NDS CPC-1000 1-Inch Compression PVC Compression Coupling, Gray",E,TP,13,0.6786,0.6786,0.6786,13597.37
870,1 pvc slip coupling without stop,28,B07TD9QN8G,"Supply Giant DDDM0034-5 Straight Copper Coupling Fittings With Sweat Ends, 3/4 Inch",E,TP,14,0.6786,0.6786,0.6786,13597.37
870,1 pvc slip coupling without stop,28,B004L4BBKO,Santa Buddies,I,FP,15,0.6786,0.6786,0.6786,13597.37
870,1 pvc slip coupling without stop,28,B085ZGWPHC,"MasBros Foam for Bottles Glittering for 3/4"" PVC Pipe,for Bottles with Mouth Opening Width About 2"",Cup Turner Foam Insert,The Smallest Foam of The 4 pcs Set, 6PCs Pack(for Pipe OD 1.05"")",I,FP,16,0.6786,0.6786,0.6786,13597.37
870,1 pvc slip coupling without stop,28,B000KKS61A,"NDS QF-0750 Flo Control Quick-Fix Expansion Pipe Repair Coupling, 3/4 In, Socket X Spigot, 150 Psi, Pvc, 3/4-Inch",E,TP,17,0.6786,0.6786,0.6786,13597.37
870,1 pvc slip coupling without stop,28,B00JG4AJKC,CHARLOTTE PIPE 1 SCH 40 Coupling SXS Contractor Pack Pressure (10 Unit Bag),E,TP,18,0.6786,0.6786,0.6786,13597.37
870,1 pvc slip coupling without stop,28,B000KE7CAM,"Mueller Industries 164-637HC 1-1/2"" SXS PVC UNION, 1-1/2-Inch",E,TP,19,0.6786,0.6786,0.6786,13597.37
870,1 pvc slip coupling without stop,28,B002STYS6I,"SharkBite U068LFA 1/2"" x 3/4"" FNPT Lead Free Reducing Connector, Pack of 1, Brass",I,FP,20,0.6786,0.6786,0.6786,13597.37
870,1 pvc slip coupling without stop,28,B009F3KR06,"Spears 497 Series PVC Pipe Fitting, Union with EPDM O-Ring, Schedule 40, 1"" Socket",E,TP,21,0.6786,0.6786,0.6786,13597.37
870,1 pvc slip coupling without stop,28,B000H5ODEM,"NDS U-1000-T 1-Inch Threaded PVC Schedule 80 Union, Gray",I,FP,22,0.6786,0.6786,0.6786,13597.37
870,1 pvc slip coupling without stop,28,B002UPXRVM,"SharkBite U3016LFA Slip Coupling 3/4 inch, Repair Plumbing Fitting Pipe Connector, Push-to-Connect, Copper, CPVC",E,TP,23,0.6786,0.6786,0.6786,13597.37
870,1 pvc slip coupling without stop,28,B00DPHGUMW,"Dura Plastic FRC-010-S 1-Inch Flexible Repair Coupling, White",C,FP,24,0.6786,0.6786,0.6786,13597.37
870,1 pvc slip coupling without stop,28,B08FFTXTD7,"Hydroseal PVC Pipe Fitting, 2"" Union JETSTREAM, Schedule 80, Grey, EPDM O-Ring, Socket x Socket, F1970, SCH80 (2"")",E,TP,25,0.6786,0.6786,0.6786,13597.37
870,1 pvc slip coupling without stop,28,B008JF44KK,"NDS 118-10 Pro-Span 1"" Expansion Repair Coupling, 1-Inch, White",S,FP,26,0.6786,0.6786,0.6786,13597.37
870,1 pvc slip coupling without stop,28,B009F3KQ9S,"Spears 497 Series PVC Pipe Fitting, Union with EPDM O-Ring, Schedule 40, 3/4"" Socket",E,TP,27,0.6786,0.6786,0.6786,13597.37
870,1 pvc slip coupling without stop,28,B01CYW8K6C,"Schedule 40 PVC Pipe Slip x Slip Coupling (1 1/4"" Dia. (5 Pack)) - 429-012",E,TP,28,0.6786,0.6786,0.6786,13597.37
870,1 pvc slip coupling without stop,28,B07KZMV74L,uxcell 32mm Straight PVC Pipe Fitting Coupling Adapter Connector 10 Pcs,E,FN,,0.6786,0.6786,0.6786,13597.37
870,1 pvc slip coupling without stop,28,B01E0DOKVM,SharkBite PVC Connector UIP140A 1 inch X 1 inch Male NPT Plumbing Fitting,E,FN,,0.6786,0.6786,0.6786,13597.37
870,1 pvc slip coupling without stop,28,B00GP9CCF6,"LASCO 20-3120 PVC Repair Coupling, 3/4-Inch X 18-Inch",E,FN,,0.6786,0.6786,0.6786,13597.37
870,1 pvc slip coupling without stop,28,B000BQK6G6,Genova Products 30405CP 1/2-Inch Male Iron Pipe Thread PVC Pipe Adapter Slip by Male Iron Pipe Thread - 10 Pack,E,FN,,0.6786,0.6786,0.6786,13597.37
870,1 pvc slip coupling without stop,28,B00ID8RGJO,"Orbit 35679 1"" PVC-Lock Flex Repair, 1-Inch",E,FN,,0.6786,0.6786,0.6786,13597.37
870,1 pvc slip coupling without stop,28,B000BQWH1S,"Campbell Well Point 2 """,E,FN,,0.6786,0.6786,0.6786,13597.37
870,1 pvc slip coupling without stop,28,B000M5MC2W,"NDS SNX-1000-B PVC Snap-Fix Repair Coupling, 1-Inch, White",E,FN,,0.6786,0.6786,0.6786,13597.37
870,1 pvc slip coupling without stop,28,B000BO8EE4,"Plumb Pak, White Keeney 46WK 1-1/4-Inch by 1-1/2-Inch Straight Extension Coupling Trap Adapter, 1-1/2-Inch 1-1/2-Inch",E,FN,,0.6786,0.6786,0.6786,13597.37
870,1 pvc slip coupling without stop,28,B007Q2GRVG,U4801 11/2 HXH COUPLING PVC,E,FN,,0.6786,0.6786,0.6786,13597.37
871,1 qt saucepan without lid stainless steel,6,B00DG08B7U,"360 Stainless Steel Sauce Pan with Lid, Handcrafted in the USA, Surgical Grade Stainless Steel Saucepan, Induction Cookware, Waterless Cookware, Dishwasher Safe, Oven Safe, Professional Grade. 1 Quart",I,FP,1,0.3333,0.3333,0.3333,12602.7
871,1 qt saucepan without lid stainless steel,6,B003A84EK6,"Küchenprofi Stainless Steel Saucepan with Clad Bottom, 32-Ounce",E,TP,2,0.3333,0.3333,0.3333,12602.7
871,1 qt saucepan without lid stainless steel,6,B07PJ68P6D,"TeamFar 1qt Saucepan, Stainless Steel Sauce Pan with Lid, Milk Pan Cookware Professional with Long Heatproof Handle, Non Toxic & Healthy, Rust Free & Dishwasher Safe",S,FP,3,0.3333,0.3333,0.3333,12602.7
871,1 qt saucepan without lid stainless steel,6,B00213JLY0,"Cuisinart 719-14 Chef's Classic Stainless 1-Quart Saucepan with Cover,Silver",E,TP,4,0.3333,0.3333,0.3333,12602.7
871,1 qt saucepan without lid stainless steel,6,B000058AK7,"Farberware Classic Stainless Steel Sauce Pan/Saucepan with Lid, 1 Quart, Silver,50000",S,FP,5,0.3333,0.3333,0.3333,12602.7
871,1 qt saucepan without lid stainless steel,6,B083XH17J9,"VENTION Thick Stainless Steel Saucepan, Heavy Duty Classic Pans, Food Grade Saucepans with Cover, Support for Stove and Induction, Suitable for Milk, Making Candy and Baby Food, 1 Quart",S,FP,6,0.3333,0.3333,0.3333,12602.7
871,1 qt saucepan without lid stainless steel,6,B08MWYFSSV,"Neoflam 51405 1qt Saucepan Butter Warmer Milk Boiling|Melting Pot, Ecolon Healthy Ceramic Nonstick Coating PFOA-free, 2 Pour Spouts, Lightweight, Pink, 1 Quart",E,FN,,0.3333,0.3333,0.3333,12602.7
871,1 qt saucepan without lid stainless steel,6,B06Y3ZPKRR,"Küchenprofi Stainless Steel Saucepan with Clad Bottom, 45-Ounce",E,FN,,0.3333,0.3333,0.3333,12602.7
871,1 qt saucepan without lid stainless steel,6,B08RQBRZ9T,"Millvado Granite 1 Quart Saucepan: Naturally Nonstick Sauce Pots - Speckled Enamel Ware Cookware - Small Sauce Pan for Cooking and Boiling - Granite Cooking Pot for Stovetop, Campfire, Outdoor Stove",E,FN,,0.3333,0.3333,0.3333,12602.7
871,1 qt saucepan without lid stainless steel,6,B00213JO92,Cuisinart 619-14 Chef's Classic Nonstick Hard-Anodized 1-Quart Saucepan with Cover,E,FN,,0.3333,0.3333,0.3333,12602.7
878,1 seat sofa without arm restcover,15,B07TCQP5GB,"Solid Colour Armless Sofa Bed Cover Polyester Spandex Stretch Futon Slipcover 3 Seater Elastic Full Folding Couch Sofa Cover fits Folding Sofa Bed Without Armrests 80"" x 50"" in (Gray)",E,TP,1,0.6667,0.6667,0.6667,14123.56
878,1 seat sofa without arm restcover,15,B07WKDZXSJ,Armless Sofa Bed Cover Stretch Futon Slipcover Velvet Plush Thicker 3 Seat Full Folding Sofa Couch Futon Furniture Protector Cover Without Armrests (Silver Grey),E,TP,2,0.6667,0.6667,0.6667,14123.56
878,1 seat sofa without arm restcover,15,B07G82J6C8,Armless Sofa Cover Futon Slipcover Stretch Spandex Printed Folding Sofa Bed Non-Armrest Couch Furniture Protector Washable Sofa Cover Without Armrests (Colorful Bohemia),I,FP,3,0.6667,0.6667,0.6667,14123.56
878,1 seat sofa without arm restcover,15,B08ZN1XK2H,Armless Futon Slipcover Folding Sofa Cover Stretch Elastic Couch Shield Furniture Protector for Foldable Futon Sofa Bed Without Armrests (White Black Triangle),E,TP,4,0.6667,0.6667,0.6667,14123.56
878,1 seat sofa without arm restcover,15,B08NVY14TS,"CRFATOP Printed Armless Futon Slipcover, Stretch Futon Cover Non-Slip Without Armrests Slipcover Protector, M, 06",C,FP,5,0.6667,0.6667,0.6667,14123.56
878,1 seat sofa without arm restcover,15,B07GR1NSSP,"CHUN YI Stretch Armless Sofa Slipcover Elastic Fitted Full Folding Futon Cover Without Armrests with Elastic Bottom for Kids, Removable Machine Washable Furniture Sofa for Futon Couch (Ivory White)",E,TP,6,0.6667,0.6667,0.6667,14123.56
878,1 seat sofa without arm restcover,15,B08ZMZLPQD,Armless Futon Slipcover Folding Sofa Cover Stretch Elastic Couch Shield Furniture Protector for Foldable Futon Sofa Bed Without Armrests (Yellow Black),E,TP,7,0.6667,0.6667,0.6667,14123.56
878,1 seat sofa without arm restcover,15,B08ZN12276,Armless Futon Slipcover Folding Sofa Cover Stretch Elastic Couch Shield Furniture Protector for Foldable Futon Sofa Bed Without Armrests (White Grey),I,FP,8,0.6667,0.6667,0.6667,14123.56
878,1 seat sofa without arm restcover,15,B08ZN1XK2K,Armless Futon Slipcover Folding Sofa Cover Stretch Elastic Couch Shield Furniture Protector for Foldable Futon Sofa Bed Without Armrests (White Yellow),E,TP,9,0.6667,0.6667,0.6667,14123.56
878,1 seat sofa without arm restcover,15,B08ZMXT3Q7,Armless Futon Slipcover Folding Sofa Cover Stretch Elastic Couch Shield Furniture Protector for Foldable Futon Sofa Bed Without Armrests (Orange Grey),E,TP,10,0.6667,0.6667,0.6667,14123.56
878,1 seat sofa without arm restcover,15,B07J6QD61J,"Easy-Going Stretch Sofa Slipcover Armless Sofa Cover Furniture Protector Without Armrests Slipcover Soft with Elastic Bottom for Kids, Spandex Jacquard Fabric Small Checks(futon,Chocolate)",S,FP,11,0.6667,0.6667,0.6667,14123.56
878,1 seat sofa without arm restcover,15,B07QBYC8GG,ele ELEOPTION Futon Cover Armless Sofa Slipcover Stretch Sofa Bed Cover Protector Without Armrests Elastic Spandex Modern Simple Mattress Folding Couch Shield Sofa Cover Machine Washable(Black),E,TP,12,0.6667,0.6667,0.6667,14123.56
878,1 seat sofa without arm restcover,15,B08ZN1Q55S,Armless Futon Slipcover Folding Sofa Cover Stretch Elastic Couch Shield Furniture Protector for Foldable Futon Sofa Bed Without Armrests (Black Grey),E,TP,13,0.6667,0.6667,0.6667,14123.56
878,1 seat sofa without arm restcover,15,B08ZMZ2SC9,Armless Futon Slipcover Folding Sofa Cover Stretch Elastic Couch Shield Furniture Protector for Foldable Futon Sofa Bed Without Armrests (White Black),E,TP,14,0.6667,0.6667,0.6667,14123.56
878,1 seat sofa without arm restcover,15,B07G73T1CT,MIFXIN Armless Sofa Cover Stretch Sofa Bed Slipcover Protector Spandex Non-Slip Settee Folding Couch Sofa Futon Cover Without Armrests Lightweight Stretch Furniture Protector (Black),S,FP,15,0.6667,0.6667,0.6667,14123.56
878,1 seat sofa without arm restcover,15,B07BYFC5LS,"H.VERSAILTEX 100% Waterproof Quilted Recliner Chair Cover Recliner Cover Recliner Slipcover for Living Room, Secure with Elastic Strap and Non Slip Puppy Paw Silicone Backing (Standard, Brown)",E,FN,,0.6667,0.6667,0.6667,14123.56
878,1 seat sofa without arm restcover,15,B07S87BCP8,"CHUN YI Stretch Diamond Lattice Armchair Couch Cushion Cover Suitable for 1 Settee, Sofa Seat Slipcover with Spandex Rhombus Jacquard Fabric(Small,Light Gray)",E,FN,,0.6667,0.6667,0.6667,14123.56
878,1 seat sofa without arm restcover,15,B07NS6GFG1,"RHF Sofa Slipcover, Couch Covers for 3 Cushion Couch, Sofa Cover for 3 Cushion Couch, Couch Covers for Dogs, Couch Cover for 3 Cushion Couch (Dark Grey-Sofa)",E,FN,,0.6667,0.6667,0.6667,14123.56
878,1 seat sofa without arm restcover,15,B07YJPBRK1,"Easy-Going 100% Waterproof Futon Cover, Dual Waterproof Couch Cover for Futon, Stretch Jacquard Armless Sofa Cover, Leakproof Furniture Protector for Kids, Pets, Dog and Cat ( Futon, Ivory)",E,FN,,0.6667,0.6667,0.6667,14123.56
878,1 seat sofa without arm restcover,15,B07NXCXC21,"TIANSHU Stretch Futon Cover Armless Sofa Bed Cover, Anti-Slip Protector for Couch Without Armrests, Spandex Jacquard Fabric Futon Slipcovers (Gray)",E,FN,,0.6667,0.6667,0.6667,14123.56
883,1 square container without lids small,4,B072N4Y9XY,AOZITA 24 Pcs Glass Spice Jars/Bottles - 4oz Empty Square Spice Containers with Spice Labels - Shaker Lids and Airtight Metal Caps - Silicone Collapsible Funnel Included,I,FP,1,0.0,0.0,0.0,12067.95
883,1 square container without lids small,4,B07YCQW48L,"DWËLLZA KITCHEN Airtight Food Storage Containers with Lids – 6 Pieces All Same Size - Pantry Container for Spices, Candy, Nuts, Coffee and Tea, Clear Plastic BPA-Free, Keeps Food Fresh & Dry",S,FP,2,0.0,0.0,0.0,12067.95
883,1 square container without lids small,4,B092763HYP,"24pcs Glass Spice Jars,4oz Empty Square Glass Bottles Spice Containers with Black Caps,336 Waterproof Spice Labels,1pcs Silicone Collapsible ​Funnel Test Tube Brush Chalk Marker (24)",S,FP,3,0.0,0.0,0.0,12067.95
883,1 square container without lids small,4,B08HV56P6N,"Citylife 1.3 QT 10 Pack Small Storage Bins Plastic Storage Container Stackable Box with Lids for Organizing, Clear White",I,FP,4,0.0,0.0,0.0,12067.95
883,1 square container without lids small,4,B07YJHD78K,"Bayco 10 Pack Glass Meal Prep Containers, Glass Food Storage Containers with Lids, Airtight Glass Lunch Bento Boxes, BPA-Free & Leak Proof (10 lids & 10 Containers)",E,FN,,0.0,0.0,0.0,12067.95
883,1 square container without lids small,4,B07X5YFC8J,"Rubbermaid Leak-Proof Brilliance Food Storage Set, 1.3 Cup Plastic Containers with Lids, Microwave and Dishwasher Safe, 5-Pack, Clear",E,FN,,0.0,0.0,0.0,12067.95
883,1 square container without lids small,4,B01JCNEJVQ,"Rubbermaid Brilliance Food Storage Container, Large, 9.6 Cup, Clear 1991158",E,FN,,0.0,0.0,0.0,12067.95
883,1 square container without lids small,4,B07MHBRHGB,Plastic Food Storage Containers with Lids - 50 Pack (32oz),E,FN,,0.0,0.0,0.0,12067.95
884,1 step motorhome cleaner without washing,11,B008PBNHBA,Basic H2 Organic Super Cleaning Concentrate 16oz 473mL Makes 48 Gallons,S,FP,1,0.4545,0.4545,0.4545,12508.58
884,1 step motorhome cleaner without washing,11,B01EOSDY5G,Rejuvenate High Performance Outdoor Window Spray and Rinse Cleaner with Hose End Adapter Instantly Removes Grime and Dirt Streak-Free Shine (32 oz),I,FP,2,0.4545,0.4545,0.4545,12508.58
884,1 step motorhome cleaner without washing,11,B071V6RLWT,"RMR-86 Pro Instant Mold Stain & Mildew Stain Remover - Contractor Grade Cleaning Solution, Professional Quality Formula, Odor Removal, 1 Gallon",E,TP,3,0.4545,0.4545,0.4545,12508.58
884,1 step motorhome cleaner without washing,11,B071XB18BF,CarGuys Super Cleaner - Effective All Purpose Cleaner - Best for Leather Vinyl Carpet Upholstery Plastic Rubber and Much More! - 18 oz Kit,I,FP,4,0.4545,0.4545,0.4545,12508.58
884,1 step motorhome cleaner without washing,11,B074V8GJ9Q,"CLR PRO Heavy Duty Cleaner, Industrial Strength, Multi-Purpose Degreaser, 26 Ounce Spray Bottle",S,FP,5,0.4545,0.4545,0.4545,12508.58
884,1 step motorhome cleaner without washing,11,B00EXIVUFO,STAR BRITE Instant Hull Cleaner - Clean Stains & Scum Lines on Boat Hulls Easily & Effortlessly - 32 OZ (081732SS),E,TP,6,0.4545,0.4545,0.4545,12508.58
884,1 step motorhome cleaner without washing,11,B06ZZLCRWS,"Method Naturally Derived Daily Shower Eucalyptus Mint Cleaner Refill, 68 Ounce",I,FP,7,0.4545,0.4545,0.4545,12508.58
884,1 step motorhome cleaner without washing,11,B06Y29P334,"STAR BRITE One Step Teak Cleaner & Brightener - 32 OZ (094932) , White",E,TP,8,0.4545,0.4545,0.4545,12508.58
884,1 step motorhome cleaner without washing,11,B07LHB3B2Q,SHINE ARMOR Ceramic Coating Fortify Quick Coat Car Wax Polish Spray Waterless Wash & Wax Hydrophobic Top Coat Polish & Polymer Paint Sealant Detail Protection,E,TP,9,0.4545,0.4545,0.4545,12508.58
884,1 step motorhome cleaner without washing,11,B00X04JRMU,"Wet or Waterless Car Wash Wax Kit 144 oz. Aircraft Quality for your Car, RV, Boat, Motorcycle. Guaranteed the Best Wash Wax. Anywhere, Anytime, Home, Office, School, Garage, Parking Lots.",E,TP,10,0.4545,0.4545,0.4545,12508.58
884,1 step motorhome cleaner without washing,11,B07DV21X32,Simple Green Oxy Solve Total Outdoor Pressure Washer Cleaner – 1 Gal,I,FP,11,0.4545,0.4545,0.4545,12508.58
884,1 step motorhome cleaner without washing,11,B07Q2MKX5C,"Bissell SpotClean ProHeat Portable Spot and Stain Carpet Cleaner, 2694, Blue",E,FN,,0.4545,0.4545,0.4545,12508.58
884,1 step motorhome cleaner without washing,11,B075P7J8BB,"Eureka Blaze Stick Vacuum Cleaner, Powerful Suction 3-in-1 Small Handheld Vac with Filter for Hard Floor Lightweight Upright Home Pet Hair, Dark Black",E,FN,,0.4545,0.4545,0.4545,12508.58
884,1 step motorhome cleaner without washing,11,B072KDDS51,Ollieroo Step Stool Portable Lightweight Folding Steel Step Ladder with Non Skid Rubber Platform One Step 330-Pound Capacity,E,FN,,0.4545,0.4545,0.4545,12508.58
884,1 step motorhome cleaner without washing,11,B07WNG4PQN,"Baban Squeegee Window Cleaner 2 in 1 Window Cleaning Tool with Elbow and Straight Extension Pole, 61'' Telescopic Window Washing Equipment with Bendable Head for Car Indoor Outdoor High Windows (2 Pad",E,FN,,0.4545,0.4545,0.4545,12508.58
884,1 step motorhome cleaner without washing,11,B01IQ9R37E,"Mrs. Meyer's Clean Day Multi-Surface Cleaner Spray, Everyday Cleaning Solution for Countertops, Floors, Walls and More, Lemon Verbena, 16 fl oz - Pack of 3 Spray Bottles",E,FN,,0.4545,0.4545,0.4545,12508.58
884,1 step motorhome cleaner without washing,11,B0064O7VYY,One Step - 8 oz.,E,FN,,0.4545,0.4545,0.4545,12508.58
885,1 strap bathing suit without a stretchy belly,25,B0833QYHQD,CLUCI Tummy Control Swimsuits for Women One Piece Ruched Swimming Bathing Suits Deep V Neck Sexy Plunge Swimwear Monokini,E,TP,1,0.64,0.64,0.64,14436.39
885,1 strap bathing suit without a stretchy belly,25,B07FFTB9HG,Upopby Women's Vintage Padded Push up One Piece Swimsuits Tummy Control Bathing Suits Plus Size Swimwear Blue 14,E,TP,2,0.64,0.64,0.64,14436.39
885,1 strap bathing suit without a stretchy belly,25,B084VPKJY3,CLUCI One Piece Swimsuits for Women Ruched Tommy Control Swimming Bathing Suits Vintage Push Up Padded Slimming Swimwear,S,FP,3,0.64,0.64,0.64,14436.39
885,1 strap bathing suit without a stretchy belly,25,B01F6M5MN6,COCOSHIP White & Navy Blue Striped Vintage Sailor Pin Up Swimsuit One Piece Skirtini Cover Up Beachwear L(US10),S,FP,4,0.64,0.64,0.64,14436.39
885,1 strap bathing suit without a stretchy belly,25,B082N23MDQ,RXRXCOCO Women V Neck One Piece Swimsuits Tummy Control Ruched Swimwear Halter Bathing Suit Black XX-Large,S,FP,5,0.64,0.64,0.64,14436.39
885,1 strap bathing suit without a stretchy belly,25,B07BQHZ88D,Hilor Women's One Piece Swimsuits One Shoulder Swimwear Asymmetric Ruffle Monokinis Bathing Suits Black 8,E,TP,6,0.64,0.64,0.64,14436.39
885,1 strap bathing suit without a stretchy belly,25,B07NW9HYX4,"CUPSHE Women's Tropical Leaf Print Lined Lace Up Back Padded One Piece Swimsuit, S",E,TP,7,0.64,0.64,0.64,14436.39
885,1 strap bathing suit without a stretchy belly,25,B081SPYS6R,Smismivo Women's Tummy Control Swimwear Plus Size Halter One Piece Retro Swimsuit Sexy Ruched Vintage Slimming Bathing Suit Navy Blue,S,FP,8,0.64,0.64,0.64,14436.39
885,1 strap bathing suit without a stretchy belly,25,B08P5W1B6V,BALEAF Women's Swimdress Swimsuits One Piece Plus Size Modest Long Swim Dress Black 42,I,FP,9,0.64,0.64,0.64,14436.39
885,1 strap bathing suit without a stretchy belly,25,B07GV6FLMV,Tempt Me Green Leaves One Piece Swimsuit for Women High Waisted Tummy Control Black Cutout Monokini Bathing Suit XL,E,TP,10,0.64,0.64,0.64,14436.39
885,1 strap bathing suit without a stretchy belly,25,B07DPKR1FK,Firpearl Women's Halter One Piece Swimsuits Braid Macrame Ruched Tummy Control Swimwear RoyalBlue US8,E,TP,11,0.64,0.64,0.64,14436.39
885,1 strap bathing suit without a stretchy belly,25,B07B3GC5Q9,Tempt Me Navy Blue Tankini Bathing Suits for Women Two Piece One Shoulder Swim Top with Shorts Swimsuits S,E,TP,12,0.64,0.64,0.64,14436.39
885,1 strap bathing suit without a stretchy belly,25,B01N1FZBWC,Tempt Me Women's Black Off Shoulder One Piece Swimsuits Flounce Ruffle Bathing Suits S,S,FP,13,0.64,0.64,0.64,14436.39
885,1 strap bathing suit without a stretchy belly,25,B07D52XW8D,"Miraclesuit Women's Swimwear Must Haves Oceanus Tummy Control V-Neckline One Piece Swimsuit, Black, 16",E,TP,14,0.64,0.64,0.64,14436.39
885,1 strap bathing suit without a stretchy belly,25,B07TH2HCQL,Aqua Eve Plus Size Swimsuit Women One Piece Swimsuit Tummy Control High Neck Bathing Suit Ruched Swimwear Wine 14W,E,TP,15,0.64,0.64,0.64,14436.39
885,1 strap bathing suit without a stretchy belly,25,B082D934JX,"CUPSHE Women's Pink Stripe Ruffled One Piece Swimsuit, L",E,TP,16,0.64,0.64,0.64,14436.39
885,1 strap bathing suit without a stretchy belly,25,B077JMT8HX,Tempt Me Women One Piece Swimsuit Navy Blue High Neck Mesh Ruched Swimwear S,E,TP,17,0.64,0.64,0.64,14436.39
885,1 strap bathing suit without a stretchy belly,25,B07H58T2TV,Hilor Women's Shirred Halter One Piece Swimsuits Macrame Back Swimwear Solid Bathing Suits Coral Red 16,S,FP,18,0.64,0.64,0.64,14436.39
885,1 strap bathing suit without a stretchy belly,25,B07B4BGSJP,"W YOU DI AN Women's Swimsuits One Piece Tummy Control Front Cross Backless Swimsuit Bathing Suit (L, Black)",E,TP,19,0.64,0.64,0.64,14436.39
885,1 strap bathing suit without a stretchy belly,25,B076J9ZP35,Holipick Women White Polka Dot Tankini Swimsuits with Boy Shorts Tummy Control Two Piece Bathing Suits Ruffle Swim Tank Top Swimwear L,S,FP,20,0.64,0.64,0.64,14436.39
885,1 strap bathing suit without a stretchy belly,25,B08CN11DDP,TcIFE Women's One Piece Swimsuits Tummy Control Swimwear Flattering High Waisted Monokini Bathing Suits for Women…,E,TP,21,0.64,0.64,0.64,14436.39
885,1 strap bathing suit without a stretchy belly,25,B07KF3YRT4,"CUPSHE Women's V Neck Shirring Swimsuit,Orange, L",E,TP,22,0.64,0.64,0.64,14436.39
885,1 strap bathing suit without a stretchy belly,25,B07RV9Y12X,"CUPSHE Women's One Piece Swimsuit High Neck Tummy Control Swimwear Bathing Suit Turquoise, XXL",E,TP,23,0.64,0.64,0.64,14436.39
885,1 strap bathing suit without a stretchy belly,25,B07K7K9QP3,BALEAF Women's Athletic Training Adjustable Strap One Piece Swimsuit Swimwear Bathing Suit Wine Red 38,E,TP,24,0.64,0.64,0.64,14436.39
885,1 strap bathing suit without a stretchy belly,25,B07MKFJLXV,"PRETTYGARDEN Women One Piece Swimsuit U Neck Tummy Control Swimwear Slimming Strap Backless Bathing Suit（Z-Black,Medium）",S,FP,25,0.64,0.64,0.64,14436.39
885,1 strap bathing suit without a stretchy belly,25,B07NPNGMC5,SweatyRocks Women's Bathing Suits One Shoulder Ribbed Bikini Set High Waisted Swimsuits Black Medium,E,FN,,0.64,0.64,0.64,14436.39
885,1 strap bathing suit without a stretchy belly,25,B07D6N6Q34,Hilor Women's One Piece Swimwear Front Crossover Swimsuits Hollow Bathing Suits Monokinis White S/US4-6,E,FN,,0.64,0.64,0.64,14436.39
885,1 strap bathing suit without a stretchy belly,25,B01MZ69EMW,HOTAPEI Sexy Tankini Swimsuits for Women Color Block Womens Summer Boy Shorts Racerback Two Pieces Bathing Suits Black White Zigzag Print Swimwear Medium,E,FN,,0.64,0.64,0.64,14436.39
885,1 strap bathing suit without a stretchy belly,25,B07CMY1CPT,ZAFUL Womens Two Piece Swimsuits One Shoulder Sexy Low Waist Bikini Set Swimsuit Red,E,FN,,0.64,0.64,0.64,14436.39
885,1 strap bathing suit without a stretchy belly,25,B08XTMG9GX,SOLY HUX Girl's One Shoulder Cut Out Bikini Bathing Suit Two Piece Swimsuits Black 130,E,FN,,0.64,0.64,0.64,14436.39
885,1 strap bathing suit without a stretchy belly,25,B085432NLX,Yonique Blouson Tankini Swimsuits for Women Bathing Suits Two Piece Loose Fit Swimwear Red Floral L,E,FN,,0.64,0.64,0.64,14436.39
885,1 strap bathing suit without a stretchy belly,25,B07MXD6X18,SweatyRocks Women's Bathing Suits One Shoulder Cutout One Piece Swimsuit Swimwear Monokini Blue Medium,E,FN,,0.64,0.64,0.64,14436.39
885,1 strap bathing suit without a stretchy belly,25,B00ZHKU4V8,"BIKMAN One-Piece Snorkeling Surfing Swim Suit Short Sleeves Plus Size Swimwear- Sun Protection (L(Weight:132lbs-143lbs), Blue)",E,FN,,0.64,0.64,0.64,14436.39
885,1 strap bathing suit without a stretchy belly,25,B08BFDMWJ9,beautyin Women's One Piece Boyleg Athletic Swimsuits Water Aerobics Swimwear,E,FN,,0.64,0.64,0.64,14436.39
896,1 tb usb drive,13,B08FGZBCWQ,"USB Flash Drive (1 TB) High-Speed Data Storage Thumb Stick | Store Movies, Pictures, Documents | PC, Smartphone, Mac Support",E,TP,1,0.9231,0.9231,0.9231,12279.85
896,1 tb usb drive,13,B07KCYNT7X,PNY 1TB PRO Elite USB 3.0 Flash Drive - 400MB/s,E,TP,2,0.9231,0.9231,0.9231,12279.85
896,1 tb usb drive,13,B07D7Q41PM,SAMSUNG MUF-256AB/AM FIT Plus 256GB - 400MB/s USB 3.1 Flash Drive,S,FP,3,0.9231,0.9231,0.9231,12279.85
896,1 tb usb drive,13,B087R89JPJ,"USB Flash Drive, USB 2.0 Memory Stick Thumb Drive Jump Drive Fold Storage Pendrive Swivel Design, Black (1TB)",E,TP,4,0.9231,0.9231,0.9231,12279.85
896,1 tb usb drive,13,B07VTWX8MN,"WD 1TB My Passport Portable External Hard Drive HDD, USB 3.0, USB 2.0 Compatible, Black - WDBYVG0010BBK-WESN",E,TP,5,0.9231,0.9231,0.9231,12279.85
896,1 tb usb drive,13,B08F54NX3Z,"elevavie 1TB USB Flash Drive, Thumb Drive,Portable USB Memory Stick,1000GB Pen Drive Come with Keychain for PC/Laptop/External Storage Data(1000GB Silver)",E,TP,6,0.9231,0.9231,0.9231,12279.85
896,1 tb usb drive,13,B08DXP9CB2,"E&jing USB 2.0 Flash Drive 1TB Memory Stick for Computer/Laptop, High Speed Thumb Drive for Storing Photo/Video/Music/File, External Data Storage Jump Drive with Rotated Design",E,TP,7,0.9231,0.9231,0.9231,12279.85
896,1 tb usb drive,13,B08HWR594S,"USB Flash Drive (1 TB) High-Speed Data Storage Thumb Stick | PC, Smartphone, Mac Support | Store Movies, Pictures, Documents |",E,TP,8,0.9231,0.9231,0.9231,12279.85
896,1 tb usb drive,13,B07NY9WR28,1TB USB Flash Drive Memory Stick for Laptop / PC / Computer,E,TP,9,0.9231,0.9231,0.9231,12279.85
896,1 tb usb drive,13,B06VVS7S94,"WD 1TB Elements Portable External Hard Drive HDD, USB 3.0, Compatible with PC, Mac, PS4 & Xbox - WDBUZG0010BBK-WESN",E,TP,10,0.9231,0.9231,0.9231,12279.85
896,1 tb usb drive,13,B08B5PD9Z9,Dorypal USB Flash Drive 1TB 2.0 Thumb Drive High-Speed Data Storage Memory Stick for Computers Waterproof Pen Drive -Silver,E,TP,11,0.9231,0.9231,0.9231,12279.85
896,1 tb usb drive,13,B08FHT71DG,"E&jing USB 2.0 Flash Drive 1TB Memory Stick for Computer/Laptop, High Speed Thumb Drive for Storing Photo/Video/Music/File, External Data Storage Jump Drive with Rotated Design",E,TP,12,0.9231,0.9231,0.9231,12279.85
896,1 tb usb drive,13,B07MY4KWFK,"Seagate Backup Plus Slim 1TB External Hard Drive Portable HDD – Black USB 3.0 for PC Laptop and Mac, 1 year Mylio Create, 2 Months Adobe CC Photography (STHN1000400)",E,TP,13,0.9231,0.9231,0.9231,12279.85
896,1 tb usb drive,13,B079H8PZPV,"Toshiba Canvio Advance 1TB Portable External Hard Drive USB 3.0, Blue - HDTC910XL3AA",E,FN,,0.9231,0.9231,0.9231,12279.85
907,1 wheel skates without breaks,16,B00XA30DTM,"Roller Derby Firestar Youth Girl's Quad Roller Skates, White/Pink, Size 01",E,TP,1,0.5,0.5,0.5,13600.88
907,1 wheel skates without breaks,16,B073R1LS7G,"New Bounce Adjustable Inline Skates for Kids - 4 Wheel Blades Roller Skates for Boys, Girls, Teens, and Young Adults Outdoor Rollerskates for Beginners & Advanced | Blue",I,FP,2,0.5,0.5,0.5,13600.88
907,1 wheel skates without breaks,16,B07V4HMD3N,Sulifeel Rainbow Unicorn 4 Size Adjustable Light up Roller Skates for Girls Boys for Kids - Medium(13C-3Y US),S,FP,3,0.5,0.5,0.5,13600.88
907,1 wheel skates without breaks,16,B000GVKJYK,CHICAGO SKATES Bullet Men's Speed Roller Skate -Black Size 7 (B-10007),S,FP,4,0.5,0.5,0.5,13600.88
907,1 wheel skates without breaks,16,B077V3ZJ6Z,"Lenexa Hoopla Roller Skates for Girls, Boys, and Young Adults - Unisex Quad Roller Skates for Kids, Youth, and Beginners - White, Pink (Youth 2)",S,FP,5,0.5,0.5,0.5,13600.88
907,1 wheel skates without breaks,16,B08RNNLLYZ,"Quad Roller Skates for Kids Girls with Adjustable Size (Age 3-9), Double Brakes, Luminous Wheels, 3-Point Balance, Include Knee Pads Elbow Pads Wrist Guards",S,FP,6,0.5,0.5,0.5,13600.88
907,1 wheel skates without breaks,16,B085RR3L6N,"Gonex Inline Skates for Girls Boys Kids, Adjustable Skates Outdoor Blades Inline Roller Skates for Children Teens Women with Light Up Wheels for Indoor Outdoor Backyard Skating, Green M",E,TP,7,0.5,0.5,0.5,13600.88
907,1 wheel skates without breaks,16,B00P4QKB5O,"Xino Sports Kids Inline Skates for Girls & Boys - Adjustable Roller Blades with LED Illuminating Light Up Wheels - Youth Skates Can Be Used Indoors & Outdoors (Blue, Youth Big Kid Medium - 1-4)",S,FP,8,0.5,0.5,0.5,13600.88
907,1 wheel skates without breaks,16,B07Y2QN17W,XinoSports Kids Inline Skates for Girls & Boys - Adjustable Roller Blades with LED Illuminating Light Up Wheels - Youth Skates Can Be Used Indoors & Outdoors - Sizes for Ages 5-20 - Aqua Medium - 1-4,E,TP,9,0.5,0.5,0.5,13600.88
907,1 wheel skates without breaks,16,B08RYXKNCP,"JAJAHOHO Roller Skates for Girls, Adjustable Convertible 2-in-1 Skates, Junior Size 6 7 8 9, Tri-Wheels to Inline Skates 3 Wheels, Roller Blades for Kids Boys Toddler Outdoor (Blue, Junior Size 6-9)",E,TP,10,0.5,0.5,0.5,13600.88
907,1 wheel skates without breaks,16,B08FY7KJHG,"LOCAVUN Adjustable Light up Inline Skates for Kids, Hard Shell Roller Blades for Girls and Boys (Orange&Blue, Medium - (US 12C-2Y))",E,TP,11,0.5,0.5,0.5,13600.88
907,1 wheel skates without breaks,16,B07KYG5SYF,"Inline Skates Kids, Roller Skates Adjustable Illuminating Wheels, Safe and Durable for Boys and Girls (R3-Black&White, M-2-5)",S,FP,12,0.5,0.5,0.5,13600.88
907,1 wheel skates without breaks,16,B07DYP79BM,"Roller Derby Fun Roll Boy's Jr Adjustable Roller Skate, Medium (11-2)",I,FP,13,0.5,0.5,0.5,13600.88
907,1 wheel skates without breaks,16,B073RDBN2Y,"MammyGol Adjustable Inline Skates for Kids with Light up Wheels,Flashing Beginner Roller Skates for Boys and Girls Size 1-4",E,TP,14,0.5,0.5,0.5,13600.88
907,1 wheel skates without breaks,16,B087CJV869,"Gonex Roller Skates for Girls Kids Boys Women with Light up Wheels and Adjustable Sizes for Indoor Outdoor, M",E,TP,15,0.5,0.5,0.5,13600.88
907,1 wheel skates without breaks,16,B095PFCCKY,"Wuwer Classic Roller Skates for Women and Men Four-Wheel Flashing Women's Roller Skates for Beginner Girls Indoor Outdoor with Shoes Bag (Pink Flash,35-US:4.5)",E,TP,16,0.5,0.5,0.5,13600.88
907,1 wheel skates without breaks,16,B093H5D6B4,"QSLITE Inline Roller Skates,Adjustable Inline Skates for Kids and Adults with Full Light Up Wheels, Outdoor Roller Blades for Women Men,Outdoor Indoor Backyard Skating",E,FN,,0.5,0.5,0.5,13600.88
907,1 wheel skates without breaks,16,B018SRBNLQ,Inventist Orbitwheel Boardless Skateboard - Wheeled Red & Black Sport Skates - Compact and Easy to Carry - Transportation Has Never Been So Fun Portable and Convenient,E,FN,,0.5,0.5,0.5,13600.88
907,1 wheel skates without breaks,16,B07BBHN39H,"2pm Sports Cytia Pink Girls Adjustable Illuminating Inline Skates with Light up Wheels, Fun Flashing Beginner Roller Skates for Kids - Medium(13C-3Y US)",E,FN,,0.5,0.5,0.5,13600.88
907,1 wheel skates without breaks,16,B07X3MJNZC,"Hiboy Adjustable Inline Skates with All Light up Wheels, Outdoor & Indoor Illuminating Roller Skates for Boys, Girls, Beginners",E,FN,,0.5,0.5,0.5,13600.88
907,1 wheel skates without breaks,16,B07G34LL58,"Segway Ninebot Drift W1, Electric Roller Skates Hovershoes, Two Wheels Self-Balancing Scooter with RGB LED",E,FN,,0.5,0.5,0.5,13600.88
907,1 wheel skates without breaks,16,B07V35YGR7,"MUXSAM 1Pc Roller Skate Brakes Block Pad, Universal Skating Safety Brake Pad, Non-Slip Brake Pad Skateboard Parts for Inline Roller Skate(Black)",E,FN,,0.5,0.5,0.5,13600.88
907,1 wheel skates without breaks,16,B07FD4278Y,Blades Roller Skates Adjustable Blade Skate for Kids Boys Girls Ages 6-12 Youth Inline Skates with Light Up Wheels Inline Blades Roller Skates for Children Teens Roller Women Blades,E,FN,,0.5,0.5,0.5,13600.88
907,1 wheel skates without breaks,16,B071F3PJ5V,"2pm Sports Vinal Boys Adjustable Flashing Inline Skates, All Wheels Light Up, Fun Illuminating Skates for Kids and Youths - Azure Medium(1Y-4Y US)",E,FN,,0.5,0.5,0.5,13600.88
911,1 year baby mouth without teeth cleaner,27,B07SG2L425,"Slotic Baby Toothbrush for 0-2 Years, Safe and Sturdy, Toddler Oral Care Teether Brush, Extra Soft Bristle for Baby Teeth and Infant Gums, Dentist Recommended (4-Pack)",I,FP,1,0.7778,0.7778,0.7778,14993.0
911,1 year baby mouth without teeth cleaner,27,B085ZF4S8K,"Baby Toothbrush, Baby Tongue Cleaner, 40Pcs Disposable Infant Toothbrush Clean Baby Mouth, Gauze Toothbrush Infant Oral Cleaning Stick Dental Care for 0-36 Month Baby + Free 1Pcs Finger Toothbrush",E,TP,2,0.7778,0.7778,0.7778,14993.0
911,1 year baby mouth without teeth cleaner,27,B07BSBY4XH,MUNKCARE Oral Care Swabs Disposable- Blue 100 Counts,E,TP,3,0.7778,0.7778,0.7778,14993.0
911,1 year baby mouth without teeth cleaner,27,B0836GKZ4T,"Baby Toothbrush,Infant Toothbrush,Baby Tongue Cleaner,Infant Toothbrush,Baby Tongue Cleaner Newborn,Toothbrush Tongue Cleaner Dental Care for 0-36 Month Baby,36 Pcs + Free 4 Pcs",E,TP,4,0.7778,0.7778,0.7778,14993.0
911,1 year baby mouth without teeth cleaner,27,B07F6H2GXL,MUNKCARE Oral Mouth Swabs Sponge- Untreated and Unflavored for Baby & Elderly Oral Cleaning White 150 Counts,E,TP,5,0.7778,0.7778,0.7778,14993.0
911,1 year baby mouth without teeth cleaner,27,B00NL5ARRW,"Nuby 4-Stage Oral Care Set with 1 Silicone Finger Massager, 2 Massaging Brushes, 1 Nylon Bristle Toddler Tooth Brush, Green/Aqua",E,TP,6,0.7778,0.7778,0.7778,14993.0
911,1 year baby mouth without teeth cleaner,27,B07H9NGJK2,"Bilibaby 3Pcs/Set Baby Tongue Cleaner/Scraper Newborn+Soft Bristle Toothbrush+Silicone Training Teeth Brush for Kids,Infants,Toddlers,3 Stage Oral Care Set,Bpa Free",E,TP,7,0.7778,0.7778,0.7778,14993.0
911,1 year baby mouth without teeth cleaner,27,B0795VHRY1,"Colgate Kids Toothbrush, Trolls, Extra Soft with Suction Cups - 4Count",I,FP,8,0.7778,0.7778,0.7778,14993.0
911,1 year baby mouth without teeth cleaner,27,B01CKKOIZU,"Jordan Step 1 Baby Toothbrush, 0-2 Years, Soft Bristles, BPA Free 4 Pack",E,TP,9,0.7778,0.7778,0.7778,14993.0
911,1 year baby mouth without teeth cleaner,27,B073XXCBHP,Dr. Brown's Finger Toothbrush,E,TP,10,0.7778,0.7778,0.7778,14993.0
911,1 year baby mouth without teeth cleaner,27,B07W55BV6M,"Extra Soft Toothbrush for Sensitive Gums, Micro-Nano Manual Toothbrush with 20000 Soft Floss Bristle for Gum Care, Protect Fragile Gums Good Cleaning Effect (2 Pack)",I,FP,11,0.7778,0.7778,0.7778,14993.0
911,1 year baby mouth without teeth cleaner,27,B001GIQVRG,"Brilliant Baby’s 1st Toothbrush - Silicone First Toothbrush for Babies and Toddlers - Kids Love Them, Blue, 1 Count",I,FP,12,0.7778,0.7778,0.7778,14993.0
911,1 year baby mouth without teeth cleaner,27,B00E3EL2Q0,Colgate My First Baby and Toddler Training Toothbrush and Fluoride Free Toothpaste Set for Ages 0-2 Years,E,TP,13,0.7778,0.7778,0.7778,14993.0
911,1 year baby mouth without teeth cleaner,27,B088F2BHTW,Serlife Baby Teeth Soft Gauze Infant Finger Clean Oral Toothbrush 120Pcs Infant Mouth Cleaner for 0-36 Months,E,TP,14,0.7778,0.7778,0.7778,14993.0
911,1 year baby mouth without teeth cleaner,27,B0916D36YV,"[50-Pack] Dear Bear Baby Oral Cleaner, Newborn Baby Tongue Cleaner with Paper Handle, Infant Toothbrush, Disposable Soft Gauze Baby Toothbrush for 0-36 Months Baby",E,TP,15,0.7778,0.7778,0.7778,14993.0
911,1 year baby mouth without teeth cleaner,27,B085X5BTBN,"100 Pcs Baby Disposable Gauze Toothbrush,Baby Tongue Cleaner Scraper Newborn,Infant Mouth Oral Care Cleaning Swabs for 0-36 Month",E,TP,16,0.7778,0.7778,0.7778,14993.0
911,1 year baby mouth without teeth cleaner,27,B06XSPXXXK,"BabyBaus: Baby Finger Toothbrush | Easy Oral Hygiene for Kids, Toddlers, Babies and Pets | Soft, Massaging Bristles, Ergonomic Design – Set of 3, with 3 Cases in Blue, Pink, Clear",E,TP,17,0.7778,0.7778,0.7778,14993.0
911,1 year baby mouth without teeth cleaner,27,B08K4RDVH1,"48PCS Baby Toothbrush, Newborn Baby Tongue Cleaner Toothbrush Clean Baby Gums Disposable Tongue Cleaner Soft Gauze Toothbrush Infant Oral Cleaning Stick Dental Care for 0-36 Months Baby",E,TP,18,0.7778,0.7778,0.7778,14993.0
911,1 year baby mouth without teeth cleaner,27,B0872YT3KD,"[40-Pack] Papablic Baby Tongue Cleaner, Upgrade Gum Cleaner with Paper Handle for Babies and Infants Ages 0-2 Years",E,TP,19,0.7778,0.7778,0.7778,14993.0
911,1 year baby mouth without teeth cleaner,27,B0881HKDNV,Tongueclear Baby Dry Wipes | Tooth and Gum Wipes | Baby Tongue Cleaner | Stage 1 Birth to First Teeth | 0-36 Months | 60 Count,S,FP,20,0.7778,0.7778,0.7778,14993.0
911,1 year baby mouth without teeth cleaner,27,B08X38B3FT,"60 PCS Baby Toothbrush, Bigtrans Infant Toothbrush Cleaner Baby Gums Disposable Tongue Cleaner Gauze Toothbrush Infant Oral Cleaning Stick Dental Care for 0-36 Months Baby",E,TP,21,0.7778,0.7778,0.7778,14993.0
911,1 year baby mouth without teeth cleaner,27,B0882WQ8VY,"Baby Toothbrush & Toddler Toothbrush for Age 0-2 Years Old. Extra Soft Toothbrush with 10000 Soft Floss Bristle for Baby Gum Care, Dentist Recommended (3 Pack)",E,TP,22,0.7778,0.7778,0.7778,14993.0
911,1 year baby mouth without teeth cleaner,27,B07JXNL2F5,"FridaBaby Baby's First Toothbrush with Case, 3 Months +",E,TP,23,0.7778,0.7778,0.7778,14993.0
911,1 year baby mouth without teeth cleaner,27,B01LZAGSIU,"12 Pcs Baby Toothbrush Set, Soft Toddler Finger Toothbrush Bath Essentials, Newborns Tooth Brush for 0-24 Month Infant",E,TP,24,0.7778,0.7778,0.7778,14993.0
911,1 year baby mouth without teeth cleaner,27,B08C771BVW,"Baby Tongue Cleaner, Baby Toothbrush, 42Pcs Disposable Infant Toothbrush Clean Baby Mouth,Gauze Gum Cleaner Toothbrush Baby Oral Cleaning Stick Dental Care for 0-36 Month Baby+Free 1 Finger Toothbrush",E,TP,25,0.7778,0.7778,0.7778,14993.0
911,1 year baby mouth without teeth cleaner,27,B083R1ZF7P,Baby Finger Toothbrush for Training Teething - Infant & Toddles & Lids Teeth Brush Soft Babies Toothbrushes Oral Cleaning Massager to Train Your Child Healthy Oral Habits -3 PCS,E,TP,26,0.7778,0.7778,0.7778,14993.0
911,1 year baby mouth without teeth cleaner,27,B00KTD9J5A,Oral-B Pro-Health Stage 1 Baby Soft Toothbrush 1 ea,I,FP,27,0.7778,0.7778,0.7778,14993.0
911,1 year baby mouth without teeth cleaner,27,B07JJQ6R9P,"360º Bristle Silicone Baby Finger Toothbrush, 100% BPA Free for Toddlers and Infants 3 Months and Up, Full Surround Design for Teeth and Gum Cleaning; 2 Sets of Finger Brushes – Clear",E,FN,,0.7778,0.7778,0.7778,14993.0
911,1 year baby mouth without teeth cleaner,27,B07VGLVVCC,"Farber Baby Toddler Toothbrushes Set – Infant Toothbrush 6 Pack with Compact, Soft Bristles and Easy Grip Handle Includes 2 Suction Cup Toothbrush Holders and Toothpaste Squeezer (Pink)",E,FN,,0.7778,0.7778,0.7778,14993.0
911,1 year baby mouth without teeth cleaner,27,B013W6CCGI,"Dr. Brown's Infant-to-Toddler Toothbrush Set, 1.4 Ounce, Pink",E,FN,,0.7778,0.7778,0.7778,14993.0
911,1 year baby mouth without teeth cleaner,27,B07Y9BMV4B,"Baby Toothbrush, Infant Toothbrush Clean Baby Gums Disposable Tongue Cleaner Gauze Toothbrush Infant Oral Cleaning Stick Dental Care for 0-36 Month Baby",E,FN,,0.7778,0.7778,0.7778,14993.0
911,1 year baby mouth without teeth cleaner,27,B00N6NLWWS,"Brilliant Baby Toothbrush by Baby Buddy - for Ages 4-24 Months, Micro Bristles Clean All-Around Mouth, Kids Love Them, Blue, 1 Count",E,FN,,0.7778,0.7778,0.7778,14993.0
911,1 year baby mouth without teeth cleaner,27,B08VFJ3S6P,"100 Pcs Infant Toothbrush, Tongue Cleaner, Disposable Tongue Cleaning Gauze Toothbrush, Oral Cleaning Stick, 0-36 Month Baby Oral Care",E,FN,,0.7778,0.7778,0.7778,14993.0
915,1 year old frame party favors,2,B078T91YY7,"100 pcs Kraft Gift Marking Tags Price Labels Display Tags Strung for Crafts & Gifts. Personalize & Price Your Merchandise (1 1/4"" x 1 7/8"" (32 x 47 mm))",I,FP,1,0.0,0.0,0.0,12488.04
915,1 year old frame party favors,2,B079LWRP79,"Vileafy Kindergarten Kids Puzzles - Party Favors for Kids Ages 3-5 Years Old, Wooden Preschool Puzzles for Boys and Girls, 12-Pack Toddlers Puzzles with Individual Storage Tray & Organza Bags",I,FP,2,0.0,0.0,0.0,12488.04
915,1 year old frame party favors,2,B07WNGS3B3,MALLMALL6 Toy 4th Monthly Milestone Photos Banner Newborn 12 Month Photo Banner Toys 4th 1st Birthday Decoration Party Supplies Woody Buzz Lightyear Bo Peep Jessie for 1 Year Old Baby Boys Girls,E,FN,,0.0,0.0,0.0,12488.04
915,1 year old frame party favors,2,B07XW75BM7,MALLMALL6 Frozen 12 Months Photo Banner Frozen 1st Birthday Party Supplies Decoration Princess Monthly Milestone Photos Banner Elsa Anna Snow Queen Stickers Baby Shower Party Favors for 1 Year Old Kids,E,FN,,0.0,0.0,0.0,12488.04
917,1 year old girl gifts,24,B076DN6SJD,Bowtique Emilee Baby Shower Headband Kit DIY Headband Kit makes over 30 Headbands - Blue and Pink,I,FP,1,0.5833,0.5833,0.5833,13925.55
917,1 year old girl gifts,24,B07RJTKZ45,"adidas Baby Goletto VII FG Sneaker, Black/White/Red, 10K M US Kids",I,FP,2,0.5833,0.5833,0.5833,13925.55
917,1 year old girl gifts,24,B07GN31TZ9,"Conomus Piano Keyboard Toy for Kids, 1 2 3 4 Year Old Girls First Birthday Gift , 24 Keys Multifunctional Musical Electronic Toy Piano for Toddlers …",E,TP,3,0.5833,0.5833,0.5833,13925.55
917,1 year old girl gifts,24,1481457918,My First Busy Book (The World of Eric Carle),I,FP,4,0.5833,0.5833,0.5833,13925.55
917,1 year old girl gifts,24,B077TKWW6Y,"Woodland Large stag buck head 1 to 4 Piece baby girl nursery crib bedding, Personalized,Ruffled Quilt, rail guard,bed skirt, crib sheet, floral deer, fawn forest,Mint,Coral,Gray,Pink",I,FP,5,0.5833,0.5833,0.5833,13925.55
917,1 year old girl gifts,24,168052206X,Now You Are One (Little Bird Greetings),E,TP,6,0.5833,0.5833,0.5833,13925.55
917,1 year old girl gifts,24,B06XWGPRJQ,"Dr. Woods Unscented Baby Mild Liquid Castile Soap, 32 Ounce (Pack of 2)",I,FP,7,0.5833,0.5833,0.5833,13925.55
917,1 year old girl gifts,24,B0899N49QG,BETTINA Cute Elephant Bath Toy - Electric Automatic Water Pump with Hand Shower Sprinkler-Bath Toys Bathtub Toys for Toddlers Babies Kids 3 4 5 Year Old Girls Boys Gifts,I,FP,8,0.5833,0.5833,0.5833,13925.55
917,1 year old girl gifts,24,B00DCWM1M8,"LeapFrog Shapes and Sharing Picnic Basket (Frustration Free Packaging), Pink",E,TP,9,0.5833,0.5833,0.5833,13925.55
917,1 year old girl gifts,24,B001G8GUX6,Medela SoftfeederTM Sterile - Medela 6100018S,I,FP,10,0.5833,0.5833,0.5833,13925.55
917,1 year old girl gifts,24,B07MWZS94P,"Shalofer 1st Birthday Girl Outfit Baby Girl First Birthday Leapard Outfit Wild One Shirt (Black,12-18 Months)",E,TP,11,0.5833,0.5833,0.5833,13925.55
917,1 year old girl gifts,24,B000ARTNRE,"Similac Sensitive Infant Formula with Iron, Ready to Feed, 1 qt (Pack of 6)",I,FP,12,0.5833,0.5833,0.5833,13925.55
917,1 year old girl gifts,24,B07GKKYHQV,Le Papillon Pink Princess Tent Kids Ball Pit 1st Gift Toddler Girl Easy Pop Up Fold into a Carrying Case Play Tent Indoor & Outdoor Use.(Balls Not Included),E,TP,13,0.5833,0.5833,0.5833,13925.55
917,1 year old girl gifts,24,B07NYFM6WQ,JustMyDress Baby Baptism Christening Headband Newborn Hairband with Bow JB181 (2 Pcs-Set D),I,FP,14,0.5833,0.5833,0.5833,13925.55
917,1 year old girl gifts,24,B01CEAA6TS,"HITOP Kids Sprinklers for Outside, Splash Pad for Toddlers & Baby Pool 3-in-1 60"" Water Toys Gifts for 1 2 3 4 5 Year Old Boys Girls Splash Play Mat (Mermaid)",E,TP,15,0.5833,0.5833,0.5833,13925.55
917,1 year old girl gifts,24,B07KW5FZMG,"SKYFIELD Wooden Animal Puzzles for Toddlers 1 2 3 Years Old, Boys & Girls Educational Toys Gift with 4 Animal Patterns, Bright Vibrant Color Shapes, Customize Gift Box Ready",E,TP,16,0.5833,0.5833,0.5833,13925.55
917,1 year old girl gifts,24,B01MQ3YP7Y,VTech Pull and Sing Puppy,E,TP,17,0.5833,0.5833,0.5833,13925.55
917,1 year old girl gifts,24,B079334FZ7,"Skechers Kids Girls Shuffle LITE-Mini Mermaid Sneaker, Gold, 7 Toddler",I,FP,18,0.5833,0.5833,0.5833,13925.55
917,1 year old girl gifts,24,B07B7319TG,"LeapFrog Shapes & Sharing Picnic Basket, Pink",E,TP,19,0.5833,0.5833,0.5833,13925.55
917,1 year old girl gifts,24,B07M79K46H,"Baby Balance Bike - Baby Bicycle for 6-24 Months, Sturdy Balance Bike for 1 Year Old, Perfect as First Bike or Birthday Gift, Safe Riding Toys for 1 Year Old Boy Girl Ideal Baby Bike (Pink)",E,TP,20,0.5833,0.5833,0.5833,13925.55
917,1 year old girl gifts,24,B00CCIKII2,LeapFrog Musical Rainbow Tea Set,E,TP,21,0.5833,0.5833,0.5833,13925.55
917,1 year old girl gifts,24,B07FYT8Z8Z,"TOYVENTIVE Wooden Kids Baby Activity Cube - Girls Gift Set | 1st Birthday Gifts Toys for 1 One, 2 Year Old Girl | Developmental Toddler Educational Learning Girl Toys 12-18 Months | Bead Maze",E,TP,22,0.5833,0.5833,0.5833,13925.55
917,1 year old girl gifts,24,B07CRX1BDG,"VTech Sit-to-Stand Learning Walker (Frustration Free Packaging), Pink",E,TP,23,0.5833,0.5833,0.5833,13925.55
917,1 year old girl gifts,24,B078WM314M,"Learning Resources Spike The Fine Motor Hedgehog - 14 Pieces, Ages 18 months+ Fine Motor and Sensory Toy, Counting & Color Recognition Toys, Educational Toys for Toddlers",E,TP,24,0.5833,0.5833,0.5833,13925.55
917,1 year old girl gifts,24,B073CCQZS1,Fisher-Price Laugh & Learn My Smart Purse,E,FN,,0.5833,0.5833,0.5833,13925.55
917,1 year old girl gifts,24,B07CCFDZZ1,"VTech Care for Me Learning Carrier, Pink (Frustration Free Packaging)",E,FN,,0.5833,0.5833,0.5833,13925.55
917,1 year old girl gifts,24,B07V1RJSFQ,MAGIFIRE Wooden Toddler Puzzles Gifts Toys for 1 2 3 Year Old Boys Girls Baby Infant Kid Learning Educational 6 Animal Shape Jigsaw Eco Friendly Child Kid Montessori Stem Travel Toy,E,FN,,0.5833,0.5833,0.5833,13925.55
917,1 year old girl gifts,24,B071ZYMC2Q,"Simple Joys by Carter's Baby Girls 6-Piece Snug Fit Cotton Pajama Set, Bunny/Animals Green, 12 Months",E,FN,,0.5833,0.5833,0.5833,13925.55
917,1 year old girl gifts,24,B072M6PVCZ,"Simple Joys by Carter's Girls' Toddler 2-Piece Assorted Rash guard Sets, Navy/Pink, 2T",E,FN,,0.5833,0.5833,0.5833,13925.55
917,1 year old girl gifts,24,B00V4GDT0C,"Animal Adventure | Sweet Seats | Teal Unicorn Children's Plush Chair, Larger :14"" x 19"" x 20""",E,FN,,0.5833,0.5833,0.5833,13925.55
917,1 year old girl gifts,24,B0187SV4L0,Amazon eGift Card - Happy For You (Animated) [American Greetings],E,FN,,0.5833,0.5833,0.5833,13925.55
917,1 year old girl gifts,24,B01M5AWZKC,"M SANMERSEN Piano Mat, Musical Keyboard Playmat 39.5"" Electronic Music Animal Touch Play Blanket Funny Xmas Gift Toy",E,FN,,0.5833,0.5833,0.5833,13925.55
917,1 year old girl gifts,24,B01MSM0UJM,"Simple Joys by Carter's Baby Girls' 6-Piece Little Character Set, Pink/Mint Ruffle, 18 Months",E,FN,,0.5833,0.5833,0.5833,13925.55
917,1 year old girl gifts,24,B07BPZNM9G,"LeapFrog Scout and Violet 100 Words Book (Amazon Exclusive), Purple",E,FN,,0.5833,0.5833,0.5833,13925.55
927,"1"" sds drill bit",14,B00004RHER,"DEWALT SDS Max Bit for Rotary Hammer, 1-Inch x 16-Inch x 21-1/2-Inch, 4-Cutter (DW5819)",E,TP,1,1.0,1.0,1.0,13333.02
927,"1"" sds drill bit",14,B0050PUGG8,"IVY Classic 10250 1 x 6-Inch Premium Carbide Masonry Drill Bit, 1/2-Inch Reduced Shank, 1/Card",E,TP,2,1.0,1.0,1.0,13333.02
927,"1"" sds drill bit",14,B000H0XQWW,"DEWALT SDS+ Hammer Bit, Rock Carbide, 1-1/8-Inch x 16-Inch x 18-Inch (DW5469)",E,TP,3,1.0,1.0,1.0,13333.02
927,"1"" sds drill bit",14,B0000TZX9E,BOSCH HC4051 1 In. x 21 In. Spline Speed-X Rotary Hammer Bit,E,TP,4,1.0,1.0,1.0,13333.02
927,"1"" sds drill bit",14,B00J9MI3OK,"Cle-Line C20950 Carbide-Tipped Masonry Drill, High Speed Steel with Carbide Tip, Steam Oxide Finish, Reduced Shank, 118-Degree Radial Point, 1"" Drill Diameter",E,TP,5,1.0,1.0,1.0,13333.02
927,"1"" sds drill bit",14,B0000224Z5,DEWALT DW5464 1-Inch by 8-Inch by 10-Inch ROCK CARBIDE SDS Plus Hammer Bit,E,TP,6,1.0,1.0,1.0,13333.02
927,"1"" sds drill bit",14,B0002YOPGO,Bosch HCBG26 1 In. x 6 In. BlueGranite Carbide Hammer Drill Bit,E,TP,7,1.0,1.0,1.0,13333.02
927,"1"" sds drill bit",14,B001AHOV3Y,BOSCH HC2163 1 In. x 10 In. SDS-plus Bulldog Rotary Hammer Bit,E,TP,8,1.0,1.0,1.0,13333.02
927,"1"" sds drill bit",14,B01N1U1MO7,BOSCH LBH016 1 x 12 Round Hammer Drill Bit,E,TP,9,1.0,1.0,1.0,13333.02
927,"1"" sds drill bit",14,B0009H5P5Y,"BULLDOG SDS-PLUS SHANK BIT 2 CT 1"" X 16"" X 18""",E,TP,10,1.0,1.0,1.0,13333.02
927,"1"" sds drill bit",14,B00B4ZMY22,"Drill America - DAM6X1 1"" x 6"" Carbide Tipped Masonry Drill Bit, Dam Series",E,TP,11,1.0,1.0,1.0,13333.02
927,"1"" sds drill bit",14,B00004RHCU,DEWALT DW5466 1-Inch by 16-Inch by 18-Inch Rock Carbide SDS Plus Hammer Bit,E,TP,12,1.0,1.0,1.0,13333.02
927,"1"" sds drill bit",14,B07SQB5DHZ,"Erie Tools 5 Piece 24"" SDS Masonry Drill Bit Set fits Milwaukee Hilti Bosch Tungsten Carbide Tip 3/8"", 1/2"", 5/8"", 7/8"" & 1""",E,TP,13,1.0,1.0,1.0,13333.02
927,"1"" sds drill bit",14,B00004RHBY,DEWALT DW5249 1-Inch x 12-Inch Carbide Hammer Drill Bit,E,TP,14,1.0,1.0,1.0,13333.02
