query_id,query,n_exact_gt,product_id,product_title,esci_label,type,pred_rank,precision,recall,f1,latency_ms
2,!qscreen fence without holes,10,B001OJXVKW,Windscreen4less Heavy Duty Privacy Screen Fence in Color Solid Black 6' x 50' Brass Grommets 150 GSM - Customized,E,TP,1,0.5,0.5,0.5,33733.08
2,!qscreen fence without holes,10,B07R6P8TK8,"Amgo 4' x 50' Black Fence Privacy Screen Windscreen,with Bindings & Grommets, Heavy Duty for Commercial and Residential, 90% Blockage, Cable Zip Ties Included, (Available for Custom Sizes)",E,TP,2,0.5,0.5,0.5,33733.08
2,!qscreen fence without holes,10,B07DS1YCRZ,ColourTree 4' x 50' Green Fence Privacy Screen Windscreen Cover Fabric Shade Tarp Netting Mesh Cloth - Commercial Grade 170 GSM - Cable Zip Ties Included - We Make Custom Size,S,FP,3,0.5,0.5,0.5,33733.08
2,!qscreen fence without holes,10,B0019Y6TTC,Garden Creations JB4710 Extendable Instant Fence,E,TP,4,0.5,0.5,0.5,33733.08
2,!qscreen fence without holes,10,B018JYCD9Y,"Zippity Outdoor Products ZP19002 No Dig Fence Newport, 36""H x 72""W, White",S,FP,5,0.5,0.5,0.5,33733.08
2,!qscreen fence without holes,10,B01JLK7L56,Amagabeli Decorative Garden Fence Outdoor Coated Metal Rustproof 32in x 10ft Landscape Wrought Iron Wire Border Folding Patio Fences Flower Bed Fencing Barrier Section Panels Decor Picket Edging Black,I,FP,6,0.5,0.5,0.5,33733.08
2,!qscreen fence without holes,10,B08NG85RHL,Orgrimmar Green 6’x50’ Fence Privacy Screen Heavy Duty Garden Fence Mesh Shade Net Cover for Outdoor Wall Porch Patio Backyard Balcony,E,TP,7,0.5,0.5,0.5,33733.08
2,!qscreen fence without holes,10,B01N4AMZ8Y,"Houseables Plastic Mesh Fence, Construction Barrier Netting, Green, 4'x100' Feet, 1 Roll, Garden Fencing, Fences Wrap, Above Ground, for Snow, Poultry, Chicken, Safety, Deer, Patio, Garden Netting",S,FP,8,0.5,0.5,0.5,33733.08
2,!qscreen fence without holes,10,B07DS3J3MB,ColourTree 6' x 50' Black Fence Privacy Screen Windscreen Cover Fabric Shade Tarp Netting Mesh Cloth - Commercial Grade 170 GSM - Cable Zip Ties Included - We Make Custom Size,S,FP,9,0.5,0.5,0.5,33733.08
2,!qscreen fence without holes,10,B07R3TNQDM,"Amgo 6' x 50' Black Fence Privacy Screen Windscreen,with Bindings & Grommets, Heavy Duty for Commercial and Residential, 90% Blockage, Cable Zip Ties Included, (Available for Custom Sizes)",E,TP,10,0.5,0.5,0.5,33733.08
2,!qscreen fence without holes,10,B07DHX8YH2,"Zippity Outdoor Products ZP19026 Lightweight Portable Vinyl Picket Fence Kit w/Metal Base(42"" H x 92"" W), White",E,FN,,0.5,0.5,0.5,33733.08
2,!qscreen fence without holes,10,B018JYCD80,"Zippity Outdoor Products ZP19001 No Dig Madison Vinyl Picket Fence, White, 30"" x 56"" (1 Box, 2 Panels), 1 x Pack of 2",E,FN,,0.5,0.5,0.5,33733.08
2,!qscreen fence without holes,10,B01EYHHO2G,"Zippity Outdoor Products ZP19014 Premium Vinyl Privacy Screen, 48""W x 48""H (Unassembled), White",E,FN,,0.5,0.5,0.5,33733.08
2,!qscreen fence without holes,10,B077Z8Z8D8,"DAP INC 18741 Platinum 16OZ Patch Filler, 16.0 Fl Oz, White",E,FN,,0.5,0.5,0.5,33733.08
2,!qscreen fence without holes,10,B07MFP4PPQ,"Sunnyglade 6 feet x 50 feet Privacy Screen Fence Heavy Duty Fencing Mesh Shade Net Cover for Wall Garden Yard Backyard (6 ft X 50 ft, Green)",E,FN,,0.5,0.5,0.5,33733.08
12,#1 black natural hair dye without ammonia or peroxide,22,B003CJJD22,"Naturcolor Haircolor Hair Dye - Sagebrush Brown, 4 Fl Oz (6N)",E,TP,1,0.6818,0.6818,0.6818,17445.47
12,#1 black natural hair dye without ammonia or peroxide,22,B00KJRX8JY,Redken Color Fusion Advanced Performance Color Cream 5N Neutral by Redken [Beauty],I,FP,2,0.6818,0.6818,0.6818,17445.47
12,#1 black natural hair dye without ammonia or peroxide,22,B00BP8OQ4W,"Garnier Olia Ammonia-Free Brilliant Color Oil-Rich Permanent Hair Color, 6.0 Light Brown (Pack of 1) Brown Hair Dye (Packaging May Vary)",S,FP,3,0.6818,0.6818,0.6818,17445.47
12,#1 black natural hair dye without ammonia or peroxide,22,B07L1PCSXT,"Clairol Natural Instincts Semi-Permanent Hair Dye, 2 Black Hair Color, 3 Count",E,TP,4,0.6818,0.6818,0.6818,17445.47
12,#1 black natural hair dye without ammonia or peroxide,22,B01I000RA4,Zenia Pure Natural Henna Powder Hair Dye Color 100 grams (3.5oz),E,TP,5,0.6818,0.6818,0.6818,17445.47
12,#1 black natural hair dye without ammonia or peroxide,22,B0856TD2Z2,"Herb Speedy PPD Free Hair Dye, Ammonia Free Hair Color Soft Black Contains Sun Protection Odorless No more Eye and/or Scalp Irritations From Coloring For Sensitive Scalp",E,TP,6,0.6818,0.6818,0.6818,17445.47
12,#1 black natural hair dye without ammonia or peroxide,22,B002KRHIH4,MANIC PANIC Purple Haze Hair Dye Classic,I,FP,7,0.6818,0.6818,0.6818,17445.47
12,#1 black natural hair dye without ammonia or peroxide,22,B0046NEYB8,"SoftSheen-Carson Dark & Natural Hair Color for Men 5 Minutes, Natural Looking Gray Coverage for Up To 6 Weeks, Shampoo-in Permanent Hair Dye, Jet Black, Ammonia Free, Natural Black",E,TP,8,0.6818,0.6818,0.6818,17445.47
12,#1 black natural hair dye without ammonia or peroxide,22,B001E5ED30,"Clairol Natural Instincts Semi-Permanent Hair Dye for Men, M19 Black Hair Color, 3 Count",E,TP,9,0.6818,0.6818,0.6818,17445.47
12,#1 black natural hair dye without ammonia or peroxide,22,B07DG84Z8R,"Permanent Hair Color by Revlon, Permanent Hair Dye, Colorsilk with 100% Gray Coverage, Ammonia-Free, Keratin and Amino Acids, 11 Soft Black, 4.4 Oz (Pack of 3)",E,TP,10,0.6818,0.6818,0.6818,17445.47
12,#1 black natural hair dye without ammonia or peroxide,22,B0798QYSCW,Nisha Natural Henna Based Hair Color (Natural Black) 10GM Pack of 10,E,TP,11,0.6818,0.6818,0.6818,17445.47
12,#1 black natural hair dye without ammonia or peroxide,22,B07YDZQDK1,"Revlon Total Color Permanent Hair Color, Clean and Vegan, 100% Gray Coverage Hair Dye, 30 Darkest Brown, 3.5 oz",S,FP,12,0.6818,0.6818,0.6818,17445.47
12,#1 black natural hair dye without ammonia or peroxide,22,B000GWJ43G,"Herbatint Permanent Haircolor Gel, 1N Black, 4.56 Ounce",E,TP,13,0.6818,0.6818,0.6818,17445.47
12,#1 black natural hair dye without ammonia or peroxide,22,B0001TQCSO,"Naturtint Permanent Hair Color 5N Light Chestnut Brown (Pack of 1), Ammonia Free, Vegan, Cruelty Free, up to 100% Gray Coverage, Long Lasting Results",S,FP,14,0.6818,0.6818,0.6818,17445.47
12,#1 black natural hair dye without ammonia or peroxide,22,B078WS99YM,"naturcolor Haircolor Hair Dye - Burdock, 4 Fl Oz (4N)",E,TP,15,0.6818,0.6818,0.6818,17445.47
12,#1 black natural hair dye without ammonia or peroxide,22,B07BVV4MMW,"Garnier Hair Color Nutrisse Nourishing Creme, 20 Soft Black (Black Tea), 2 Count",I,FP,16,0.6818,0.6818,0.6818,17445.47
12,#1 black natural hair dye without ammonia or peroxide,22,B001E0VWRA,"Naturtint Permanent Hair Color 3N Dark Chestnut Brown (Pack of 6), Ammonia Free, Vegan, Cruelty Free, up to 100% Gray Coverage, Long Lasting Results",E,TP,17,0.6818,0.6818,0.6818,17445.47
12,#1 black natural hair dye without ammonia or peroxide,22,B078WSD1NW,"naturcolor Haircolor Hair Dye - Light Burdock, 4 Ounce (5N)",E,TP,18,0.6818,0.6818,0.6818,17445.47
12,#1 black natural hair dye without ammonia or peroxide,22,B01LTHLDAS,"REVLON Colorsilk Beautiful Color Permanent Hair Color with 3D Gel Technology & Keratin, 100% Gray Coverage Hair Dye, 12 Natural Blue Black",E,TP,19,0.6818,0.6818,0.6818,17445.47
12,#1 black natural hair dye without ammonia or peroxide,22,B016R952BO,"ONC NATURALCOLORS (1N Black) 4 fl. oz. (120 mL) Healthier Permanent Hair Dye with Certified Organic Ingredients, Ammonia Free, Vegan Friendly, 100% Gray Coverage",E,TP,20,0.6818,0.6818,0.6818,17445.47
12,#1 black natural hair dye without ammonia or peroxide,22,B07CCDV8TJ,"Herb Speedy PPD Free Hair Dye, Ammonia Free Hair Color Dark Brown Contains Sun Protection Odorless No more Eye and/or Scalp Irritations From Coloring For Sensitive Scalp",E,TP,21,0.6818,0.6818,0.6818,17445.47
12,#1 black natural hair dye without ammonia or peroxide,22,B078WS2PP3,"naturcolor Haircolor - Poppy Seed Hair Dye, 4 Fl Oz (2N)",S,FP,22,0.6818,0.6818,0.6818,17445.47
12,#1 black natural hair dye without ammonia or peroxide,22,B0086XL9DK,"Hair Color For All by Discovery Naturals | Natural Hair Dye For Men & Women I 100% Natural & Chemical-Free Pure Hair & Beard Color, Midnight Natural Black",E,FN,,0.6818,0.6818,0.6818,17445.47
12,#1 black natural hair dye without ammonia or peroxide,22,B00F2LGCRC,"Wella Color Charm Demi Permanent Hair Color3N Dark Natural Brown, 2 Ounce (Pack of 1)",E,FN,,0.6818,0.6818,0.6818,17445.47
12,#1 black natural hair dye without ammonia or peroxide,22,B07SBTDXV4,"Clairol Professional Beautiful Advanced Gray Solutions 1a Midnight Black, 3 oz",E,FN,,0.6818,0.6818,0.6818,17445.47
12,#1 black natural hair dye without ammonia or peroxide,22,B07D9P7S14,"L'Oreal Paris Excellence Creme Permanent Hair Color, 3 Natural Black, 100 percent Gray Coverage Hair Dye, Pack of 2",E,FN,,0.6818,0.6818,0.6818,17445.47
12,#1 black natural hair dye without ammonia or peroxide,22,B000H5HY7A,"Herbatint Permanent Haircolor Gel, 5N Light Chestnut (5N) 4.56 Fl Oz",E,FN,,0.6818,0.6818,0.6818,17445.47
12,#1 black natural hair dye without ammonia or peroxide,22,B07B9Y13C6,Indus Valley Damage Free Permanent Gel Hair Color (Black 1.0),E,FN,,0.6818,0.6818,0.6818,17445.47
12,#1 black natural hair dye without ammonia or peroxide,22,B07C4QR12V,"Herb Speedy PPD Free Hair Dye, Ammonia Free Hair Color Natural Black Contains Sun Protection Odorless No more Eye and/or Scalp Irritations From Coloring For Sensitive Scalp",E,FN,,0.6818,0.6818,0.6818,17445.47
13,#1 rated resveratrol supplement without tea leaves,33,B00LPW9X32,"BRI Nutrition Resveratrol Maximum Strength Veggie Capsules Supplement, 60 Count",I,FP,1,0.7273,0.7273,0.7273,18881.74
13,#1 rated resveratrol supplement without tea leaves,33,B08J1ZDJTY,Genex 99% Trans Resveratrol Capsules 1000mg Serving Pure Micronized Pharmaceutical Grade Trans-Resveratrol Made in a GMP & NSF Certified Facility,E,TP,2,0.7273,0.7273,0.7273,18881.74
13,#1 rated resveratrol supplement without tea leaves,33,B0015ZUSBA,Jarrow Formulas Resveratrol 100 mg - 60 Veggie Caps - Resveratrol + Vitamin C - Antioxidant & Cardiovascular Support - 60 Servings,E,TP,3,0.7273,0.7273,0.7273,18881.74
13,#1 rated resveratrol supplement without tea leaves,33,B08HVQ71X1,"Nutrica Life Trans Resveratrol Supplement 500mg Potent Anti Aging Formula, Powerful Antioxidant for Heart & Cellular Health, Anti-Inflammatory & Brain Booster Supplements with Bioperine, 60 Vegan Caps",E,TP,4,0.7273,0.7273,0.7273,18881.74
13,#1 rated resveratrol supplement without tea leaves,33,B083F5WC2P,ProHealth Longevity 1000 mg Trans Resveratrol Plus 420 mg Certified Organic Polyphenol Complex That Improves Absorption up to 1544%,E,TP,5,0.7273,0.7273,0.7273,18881.74
13,#1 rated resveratrol supplement without tea leaves,33,B07DQZSZGK,"Amazon Brand - Revly Trans-Resveratrol, 250 mg, 60 Capsules, 2 Month Supply, Vegan",E,TP,6,0.7273,0.7273,0.7273,18881.74
13,#1 rated resveratrol supplement without tea leaves,33,B088JTCWCQ,"RESVERATROL (Most Potent) Natural Antioxidant Supplement, Piperine Enhanced. Anti-Aging, Boosts Immune System, Cardiovascular Health, 100% Vegan, 1200mg, Highest Absorption Trans-Resveratrol",E,TP,7,0.7273,0.7273,0.7273,18881.74
13,#1 rated resveratrol supplement without tea leaves,33,B07B1247Q6,"ResVitale Resveratrol 500mg - Anti Aging Skin Care Antioxidants Supplement for Heart Health & Daily Immune Support - Natural Trans Resveratrol Supplement with Grape Extract & Quercetin, 60 Veggie Caps",E,TP,8,0.7273,0.7273,0.7273,18881.74
13,#1 rated resveratrol supplement without tea leaves,33,B013GVCD6I,"Zhou Resveratrol Supplement | Healthy Aging, Immune System & Heart Health Support | Powerful Antioxidant Benefits | 30 Servings, 60 Veg Caps",E,TP,9,0.7273,0.7273,0.7273,18881.74
13,#1 rated resveratrol supplement without tea leaves,33,B01N3746GJ,"RESVERATROL1450 - 90day Supply, 1450mg per Serving of Potent Antioxidants & Trans-Resveratrol, Promotes Anti-Aging, Cardiovascular Support, Maximum Benefits (1bottle)",C,FP,10,0.7273,0.7273,0.7273,18881.74
13,#1 rated resveratrol supplement without tea leaves,33,B005JAT50C,"Garden of Life Heart Resveratrol Supplement, Raw Whole Food Antioxidant Formula for Heart Health, 60 Count",E,TP,11,0.7273,0.7273,0.7273,18881.74
13,#1 rated resveratrol supplement without tea leaves,33,B01E1VJTU0,MAAC10 - Trans Resveratrol 500mg Supplement (Micronized Pharmaceutical Grade 99% Pure Trans-Resveratrol Extract + BioPerine for Superior Absorption) (2X 250mg Capsules 60ct),E,TP,12,0.7273,0.7273,0.7273,18881.74
13,#1 rated resveratrol supplement without tea leaves,33,B07NLMLB84,Resveratrol 1400mg 120 Capsules High Potency Trans-Resveratrol with Powerful Antioxidents Acai Grapeseed Green Tea Supports Cellular and Cardiovascular Health Anti-Aging,E,TP,13,0.7273,0.7273,0.7273,18881.74
13,#1 rated resveratrol supplement without tea leaves,33,B08V1FLW6B,"NMN + Trans-Resveratrol 99% Purity+ Black Pepper 1100mg, for Max Absorption, Powerful Antioxidant & Anti-Aging Supplements for Heart, Immune & Skin Health (60 Capsules (Pack of 1))",E,TP,14,0.7273,0.7273,0.7273,18881.74
13,#1 rated resveratrol supplement without tea leaves,33,B078WZGZ51,Resveratrol & Polyphenol Complex 1450 mg 180 Vegetarian Caps (Non-GMO & Gluten Free) + Vitamin C - Supports Cardiovascular Health and Healthy Immune Function*,S,FP,15,0.7273,0.7273,0.7273,18881.74
13,#1 rated resveratrol supplement without tea leaves,33,B00820C5CQ,ResVitale Resveratrol - Bordeaux Berry 30 Chews,E,TP,16,0.7273,0.7273,0.7273,18881.74
13,#1 rated resveratrol supplement without tea leaves,33,B08P3SZLXF,"Adora Organics Resveratrol 1600mg - Antioxidents Quercetin Trans-Resveratrol 180 Capsules. Supports Healthy Aging and Promotes Immune, Blood Sugar and Joint Support",E,TP,17,0.7273,0.7273,0.7273,18881.74
13,#1 rated resveratrol supplement without tea leaves,33,B015QGG0GK,"Pure Resveratrol - 2000mg - Strongest, Most Effective Blend on Amazon - 90 Capsules - Order Risk Free",E,TP,18,0.7273,0.7273,0.7273,18881.74
13,#1 rated resveratrol supplement without tea leaves,33,B07N95VS9T,"Resveratrol 1600mg per serving of Organic Trans-Resveratrol & Potent Antioxidants, Pure Extra Strength Complex, Anti-Aging, Radiant Skin, Blood Sugar and Immunity Support- 45 Day Supply",E,TP,19,0.7273,0.7273,0.7273,18881.74
13,#1 rated resveratrol supplement without tea leaves,33,B01GS6Q300,"Resveratrol Supplement - Extra Strength 1400mg Formula for Healthy Aging, Immune Support & Heart Health - 60 Vegan Capsules with Trans-Resveratrol, Green Tea Leaf, Acai Berry & Grape Seed Extract",I,FP,20,0.7273,0.7273,0.7273,18881.74
13,#1 rated resveratrol supplement without tea leaves,33,B083H3NJDK,Sylan Trans Resveratrol 1000mg 180 Capsules Antioxidant Anti Aging Supplement Supports Heart Health Natural Weight Loss Joint Support Brain Function & Immune System Health Veggie Non-GMO Made in USA,E,TP,21,0.7273,0.7273,0.7273,18881.74
13,#1 rated resveratrol supplement without tea leaves,33,B07R634S5D,Ultra High Purity Resveratrol Capsules - 98% Trans-Resveratrol - Highly Purified and Highly Bioavailable - 60 Caps Reservatrol Supplement,E,TP,22,0.7273,0.7273,0.7273,18881.74
13,#1 rated resveratrol supplement without tea leaves,33,B08WYPXKLD,Resveratrol and NMN 1500mg Blend - Ultra High Purity and 3rd Party Tested - with Trimethylglycine for Important Methylation Factors - Optimal NMN Supplement and NAD Supplement - 90 Capsules,E,TP,23,0.7273,0.7273,0.7273,18881.74
13,#1 rated resveratrol supplement without tea leaves,33,B08WJMN5PP,Resveratrol 1200mg - Premium Resveratrol Supplement - Antioxidants Supplement - Trans Resveratrol - 60 Capsules,E,TP,24,0.7273,0.7273,0.7273,18881.74
13,#1 rated resveratrol supplement without tea leaves,33,B01CG9GCCW,Resveratrol 500mg 180 Capsules - Nutrissence - 90 Servings of 1000mg or 60 Servings of 1500mg,E,TP,25,0.7273,0.7273,0.7273,18881.74
13,#1 rated resveratrol supplement without tea leaves,33,B07S391Y5Q,"Nutrivein Resveratrol 1450mg - Antioxidant Supplement 120 Capsules – Supports Healthy Aging and Promotes Immune, Blood Sugar and Joint Support - Made with Trans-Resveratrol, Green Tea Leaf, Acai Berry",S,FP,26,0.7273,0.7273,0.7273,18881.74
13,#1 rated resveratrol supplement without tea leaves,33,B01N3LZY3O,"Resveratrol Supplement - Potent 1400mg Formula with Trans Resveratrol, Quercetin, Grape Seed, Green Tea, Acai and Red Wine Extract - 60 Veggie Capsules",E,TP,27,0.7273,0.7273,0.7273,18881.74
13,#1 rated resveratrol supplement without tea leaves,33,B07CVPPL64,"Life Extension Optimized Resveratrol, 60 Vegetarian Capsules",E,TP,28,0.7273,0.7273,0.7273,18881.74
13,#1 rated resveratrol supplement without tea leaves,33,B08N2XFKX9,"Optimal Resveratrol Supplement - 1200mg Antioxidants & Trans-Resveratrol - Promotes Anti-Aging, Cardiovascular Support, Radiant Skin, Immune Defense, Enhances Blood Sugar, & Joint Health – 60 CT",E,TP,29,0.7273,0.7273,0.7273,18881.74
13,#1 rated resveratrol supplement without tea leaves,33,B084GRS9JB,Legendairy Milk® Liquid Gold® - Herbal Breastfeeding Supplement to Increase Milk Supply - Contains Goats Rue and Milk Thistle,I,FP,30,0.7273,0.7273,0.7273,18881.74
13,#1 rated resveratrol supplement without tea leaves,33,B003B6UL5Y,"Dragon Herbs - Tonic Alchemy - Superfood Green Powder Blend - 9.5 oz - 100% Vegan - Herbs, Probiotics, Vegetables, Fruits, Sprouts, Whole Grasses, Seaweed, Antioxidants …",I,FP,31,0.7273,0.7273,0.7273,18881.74
13,#1 rated resveratrol supplement without tea leaves,33,B00EDJN330,"Celery Seed Extract by Natural Factors, Herbal Supplement for a Healthy Circulatory System, 120 Capsules",I,FP,32,0.7273,0.7273,0.7273,18881.74
13,#1 rated resveratrol supplement without tea leaves,33,B08C68JY6F,"Airborne Elderberry Extract + Vitamin C 200mg (per serving) - Chewable Tablets (32 count in a box), Sugar Free Immune Support Supplement, Non-GMO, Naturally Flavored, No Color Added, Antioxidants",I,FP,33,0.7273,0.7273,0.7273,18881.74
13,#1 rated resveratrol supplement without tea leaves,33,B00AQ4JYLG,Puritan's Pride Resveratrol 100 mg / 120 Softgels,E,FN,,0.7273,0.7273,0.7273,18881.74
13,#1 rated resveratrol supplement without tea leaves,33,B002WC8178,"Reserveage, Resveratrol 500 mg, Antioxidant Supplement for Heart and Cellular Health, Supports Healthy Aging, Paleo, Keto, 60 Capsules",E,FN,,0.7273,0.7273,0.7273,18881.74
13,#1 rated resveratrol supplement without tea leaves,33,B08GYJD3D3,"NAOMI Organic Trans Resveratrol Supplement 250mg with Quercetin, Anti Aging Supplement for Cardiovascular Health, Anti Inflammatory and Brain Booster Supplement, 60 Veggie Capsules",E,FN,,0.7273,0.7273,0.7273,18881.74
13,#1 rated resveratrol supplement without tea leaves,33,B01CD3UVAK,"100% Natural Resveratrol - 1000mg Per Serving Max Strength (180 Capsules) Antioxidant Supplement, Trans-Resveratrol Pills for Heart Health & Pure Weight Loss, Trans Resveratrol for Anti-Aging",E,FN,,0.7273,0.7273,0.7273,18881.74
13,#1 rated resveratrol supplement without tea leaves,33,B0812F3JGG,"Trans-Resveratrol Powder with Natural Vitamin E, 5 Ounce, Premium Resveratrol Supplement and Resveratrol Complex, Super Antioxidant for Cardiovascular & Immune System Support, Vegan Friendly",E,FN,,0.7273,0.7273,0.7273,18881.74
13,#1 rated resveratrol supplement without tea leaves,33,B07Y8XPLK1,"Resveratrol Supplement 1200 mg Antioxidant Complex - Highly Potent Natural Trans-Resveratrol Pills for Anti-Aging, Cardiovascular Support, Immune System and Brain Function, for Men Women, 90 Capsules",E,FN,,0.7273,0.7273,0.7273,18881.74
13,#1 rated resveratrol supplement without tea leaves,33,B003G94KN0,"Resveratrol 500 Complex Red Wine Extract Natural Antioxidant Supplement for Cardiovascular & Immune System Health, 120 Capsules",E,FN,,0.7273,0.7273,0.7273,18881.74
13,#1 rated resveratrol supplement without tea leaves,33,B074HDY5SG,Genex Resveratrol 1500mg Per Serving- Max Strength - Antioxidant Supplement Extract | Trans-Resveratrol Works Well with NMN Nicotinamide Mononucleotide Made in a GMP Facility 30-Day Supply,E,FN,,0.7273,0.7273,0.7273,18881.74
13,#1 rated resveratrol supplement without tea leaves,33,B002G75WZI,"NOW Supplements, Natural Resveratrol 200 mg with Red Wine Extract, 120 Veg Capsules",E,FN,,0.7273,0.7273,0.7273,18881.74
17,#10 envelopes self seal,16,B0791LT1RS,"Kraft Mini Envelopes Brown Kraft Envelopes for Gift Cards and Business Cards (4""x2.75"" 100 Pack)",I,FP,1,0.8125,0.8125,0.8125,17082.54
17,#10 envelopes self seal,16,B00V5DGIL6,"Amazon Basics #10 Security Tinted Business Envelopes, Moisture Sealed, 4 1/8-Inch x 9 1/2 Inch - Pack of 500",E,TP,2,0.8125,0.8125,0.8125,17082.54
17,#10 envelopes self seal,16,B078S5ZL5D,500 Self Seal Security Mailing Envelopes - #10 White Letter Businesses Envelopes -500 Peel and Seal Tinted Windowless # 10 Envelope - Printer Friendly - Self Stick Bulk Envelops,E,TP,3,0.8125,0.8125,0.8125,17082.54
17,#10 envelopes self seal,16,B001UOVN56,"Quality Park Colored Envelope, Traditional, #10, Red, 25 per Pack (11134)",I,FP,4,0.8125,0.8125,0.8125,17082.54
17,#10 envelopes self seal,16,B07CXXVXLC,"Number 10 White Envelopes, Self-Seal, Security Tinted Envelope, no Moisture Required - Windowless - Ideal for Home, Office Secure Mailing - Quick-Seal Closure - 4-1/8 x 9-1/2 Inches - (100)",E,TP,5,0.8125,0.8125,0.8125,17082.54
17,#10 envelopes self seal,16,B075HBY7DY,"Ohuhu 500#10 Envelopes SELF SEAL Business Envelope Windowless Design, Security Tint Pattern for Secure Mailing, Invoices, Statements & Legal Document, 4-1/8 x 9-1/2 Inches",E,TP,6,0.8125,0.8125,0.8125,17082.54
17,#10 envelopes self seal,16,B07C28VWVN,"Office Deed 500 #10 Self Seal Double Window Security Envelopes-Designed for Business Statements, Quickbooks Invoices, and Return Envelopes 4 1/8 X 9 ½’’",E,TP,7,0.8125,0.8125,0.8125,17082.54
17,#10 envelopes self seal,16,B016V06OYS,"#10 Security Self-Seal Envelopes, Windowless Design, Premium Security Tint Pattern, Ultra Strong Quick-Seal Closure - EnveGuard - Size 4-1/8 x 9-1/2 Inches - White - 24 LB - 500 Count (34010)",E,TP,8,0.8125,0.8125,0.8125,17082.54
17,#10 envelopes self seal,16,B000N4C1LO,"Mead #10 Envelopes, Press-It Seal-It, White, 50/Box (75024)",E,TP,9,0.8125,0.8125,0.8125,17082.54
17,#10 envelopes self seal,16,B07FK9PCZB,"Quality Park #10 Self-Seal Security Envelopes, Security Tint and Pattern, Redi-Strip Closure, 24-lb White Wove, 4-1/8"" x 9-1/2"", 100/Box (QUA69117)",E,TP,10,0.8125,0.8125,0.8125,17082.54
17,#10 envelopes self seal,16,B06XDRJ316,"#10 Double Window Envelopes - 550 Per Box - SELF SEAL - Security Envelopes - Designed for Business Statements, QuickBooks Invoices, and Legal Documents - Peel & Seal - 4 1/8"" x 9 1/2"" - 24 LB",E,TP,11,0.8125,0.8125,0.8125,17082.54
17,#10 envelopes self seal,16,B000T9MP5U,"Mead No.10 Envelopes, Security, Press-it Seal-it, 4-1/8"" X 9-1/2"", White, 45 Per Box (75026)",E,TP,12,0.8125,0.8125,0.8125,17082.54
17,#10 envelopes self seal,16,B07R4TGNCF,Mailing Envelopes Self Seal - #10 Security White Letter Businesses Envelopes -100 Peel and Seal Tinted Windowless # 10 Envelope - Printer Friendly - Self Stick Bulk Envelops,E,TP,13,0.8125,0.8125,0.8125,17082.54
17,#10 envelopes self seal,16,B07GSPSWY5,"Amazon Basics #9 Envelopes with Peel & Seal, Double Window, Security Tinted, 500-Pack",I,FP,14,0.8125,0.8125,0.8125,17082.54
17,#10 envelopes self seal,16,B005JZT1ZG,"Office Depot Clean Seal(TM) Security Envelopes, 10 (4 1/8in. x 9 1/2in.), White, Box of 250, 77148",E,TP,15,0.8125,0.8125,0.8125,17082.54
17,#10 envelopes self seal,16,B01D0OANU4,"#10 Security Tinted Self-Seal Envelopes - No Window - EnveGuard, Size 4-1/8 X 9-1/2 Inches - White - 24 LB - 100 Count (34100)",E,TP,16,0.8125,0.8125,0.8125,17082.54
17,#10 envelopes self seal,16,B06VVLD2GL,"Amazon Basics #10 Security-Tinted Self-Seal Business Letter Envelopes, Peel & Seal Closure - 500-Pack, White",E,FN,,0.8125,0.8125,0.8125,17082.54
17,#10 envelopes self seal,16,B0186D2JGK,"Top Flight PSTF10NWT #10 Envelopes, Strip & Seal, Security Tinted, White Paper, 24 lb, 500 Count",E,FN,,0.8125,0.8125,0.8125,17082.54
17,#10 envelopes self seal,16,B001MBK5UG,"Staples Easy Close No. 10 Security-Tint Envelopes, 4-1/8 x 9-1/2 inches, Box of 100",E,FN,,0.8125,0.8125,0.8125,17082.54
18,#10 envelopes without security tint,11,B001MBK5UG,"Staples Easy Close No. 10 Security-Tint Envelopes, 4-1/8 x 9-1/2 inches, Box of 100",S,FP,1,0.2727,0.2727,0.2727,16770.03
18,#10 envelopes without security tint,11,B085VV4TV5,"#8 Double Window Security Check Envelopes, No.8 Double Window Bussiness Envelopes Designed for QuickBooks Checks - Computer Printed Checks - 3 5/8 X 8 11/16 (NOT for INVOICES) - 24 LB - 500 Count",S,FP,2,0.2727,0.2727,0.2727,16770.03
18,#10 envelopes without security tint,11,B07CXXVXLC,"Number 10 White Envelopes, Self-Seal, Security Tinted Envelope, no Moisture Required - Windowless - Ideal for Home, Office Secure Mailing - Quick-Seal Closure - 4-1/8 x 9-1/2 Inches - (100)",S,FP,3,0.2727,0.2727,0.2727,16770.03
18,#10 envelopes without security tint,11,B085WJMWC9,"#10 Security Self-Seal Envelopes, No.10 Windowless Bussiness Envelopes, Security Tinted with Printer Friendly Design - Size 4-1/8 x 9-1/2 Inch - White - 24 LB - 500 Count",E,TP,4,0.2727,0.2727,0.2727,16770.03
18,#10 envelopes without security tint,11,B07RP3F2LW,"BAZIC Security Self Seal Envelope 4 1/8"" x 9 1/2"" #10, No Window Tint Pattern Mailing Envelopes, Peel & Seal, Office Checks Invoices (30/Pack), 1-Pack",E,TP,5,0.2727,0.2727,0.2727,16770.03
18,#10 envelopes without security tint,11,B016V06OYS,"#10 Security Self-Seal Envelopes, Windowless Design, Premium Security Tint Pattern, Ultra Strong Quick-Seal Closure - EnveGuard - Size 4-1/8 x 9-1/2 Inches - White - 24 LB - 500 Count (34010)",I,FP,6,0.2727,0.2727,0.2727,16770.03
18,#10 envelopes without security tint,11,B07GJKFC5X,"ValBox #10 Security Envelopes Self Seal, No. 10 Windowless Security Tint Pattern, Secure Mailing Envelopes, 4-1/8x9-1/2 Inches, 24 LB White Business Envelopes, 200 Count",S,FP,7,0.2727,0.2727,0.2727,16770.03
18,#10 envelopes without security tint,11,B07GJCSF8Z,"ValBox 500 Count #10 Security Self-Seal Envelopes Windowless Design Security Tint Pattern for Secure Mailing 4-1/8x9-1/2"" ,White Business Envelopes",S,FP,8,0.2727,0.2727,0.2727,16770.03
18,#10 envelopes without security tint,11,B01N175R8R,500 No. 10 Self Seal Security Envelopes - 10 Envelopes Self Seal Designed for Secure Mailing - Security Tinted with Printer Friendly Design - Number 10 Size 4 1/8 x 9 ½ Inch - Pack of 500,S,FP,9,0.2727,0.2727,0.2727,16770.03
18,#10 envelopes without security tint,11,B071R9SBXJ,100 No. 10 Self Seal Security Envelopes - Designed for Secure Mailing - Security Tinted with Printer Friendly Design - Number 10 Size 4 1/8 x 9 ½ Inch (100 Pack),S,FP,10,0.2727,0.2727,0.2727,16770.03
18,#10 envelopes without security tint,11,B06Y3SQG57,500 No. 10 Security Envelopes - Gummed Flap - Tamper Proof Design - Security Tinted with Printer Friendly Design - Number 10 Size 4 1/8 x 9 ½ Inch - Pack of 500,E,TP,11,0.2727,0.2727,0.2727,16770.03
18,#10 envelopes without security tint,11,B000DT87J4,"Quality Park Redi-Strip Catalog Envelopes, 10"" x 13"", Brown Kraft, Box of 100",E,FN,,0.2727,0.2727,0.2727,16770.03
18,#10 envelopes without security tint,11,B01FWMM738,"EnDoc 10x13 Open End Self Seal Envelopes - Bright White 28lb Heavyweight Paper 10 x 13 Inches Envelope for Home, Mailing Documents, Office, Business, Legal or School - 35 Pack",E,FN,,0.2727,0.2727,0.2727,16770.03
18,#10 envelopes without security tint,11,B074M9XL6R,"500#10 Security White Envelopes - GUMMED Seal, Windowless Design, Premium Security Tint Pattern for Secure Mailing - Size 4-1/8 x 9-1/2 Inches - White - 24 LB - 500 Count (34020)",E,FN,,0.2727,0.2727,0.2727,16770.03
18,#10 envelopes without security tint,11,B015773LQK,"500#10 Single Left Window SELF Seal Security Envelopes - Super Strong Quick-Seal Self Sealing Closure, Security Tinted, Size 4-1/8 x 9-1/2 Inches, 24 LB - 500 Count (35210)",E,FN,,0.2727,0.2727,0.2727,16770.03
18,#10 envelopes without security tint,11,B08NW4LRQC,"Quality Park #10 Self-Seal Security Envelopes, Security Tint and Pattern, Redi-Strip Closure, 24-lb White Wove, 4-1/8"" x 9-1/2"", 100/Box (QUA69117), 1 Pack",E,FN,,0.2727,0.2727,0.2727,16770.03
18,#10 envelopes without security tint,11,B007YX2KB8,"BAZIC Self Seal White Envelope 4 1/8"" x 9 1/2"" #10, No Window Mailing Envelopes, Peel & Seal Mailer for Business Invoice Check (40/Pack), 1-Pack",E,FN,,0.2727,0.2727,0.2727,16770.03
18,#10 envelopes without security tint,11,B07R4TGNCF,Mailing Envelopes Self Seal - #10 Security White Letter Businesses Envelopes -100 Peel and Seal Tinted Windowless # 10 Envelope - Printer Friendly - Self Stick Bulk Envelops,E,FN,,0.2727,0.2727,0.2727,16770.03
18,#10 envelopes without security tint,11,B07PX9X51C,"ValBox 10x13 Self Seal Catalog Envelopes 150 Packs Large White Envelopes with Peel and Seal Flap for Mailing, Organizing and Storage",E,FN,,0.2727,0.2727,0.2727,16770.03
19,#10 standard no tint no window not self seal,6,B01D0OANU4,"#10 Security Tinted Self-Seal Envelopes - No Window - EnveGuard, Size 4-1/8 X 9-1/2 Inches - White - 24 LB - 100 Count (34100)",E,TP,1,0.5,0.5,0.5,16208.74
19,#10 standard no tint no window not self seal,6,B06VVLD2GL,"Amazon Basics #10 Security-Tinted Self-Seal Business Letter Envelopes, Peel & Seal Closure - 500-Pack, White",E,TP,2,0.5,0.5,0.5,16208.74
19,#10 standard no tint no window not self seal,6,B0186D2JGK,"Top Flight PSTF10NWT #10 Envelopes, Strip & Seal, Security Tinted, White Paper, 24 lb, 500 Count",I,FP,3,0.5,0.5,0.5,16208.74
19,#10 standard no tint no window not self seal,6,B078HHGY2L,CheckSimple Personalized #10 Self-Seal Standard Mailing Envelopes - (500 Envelopes) Custom Non-Window,E,TP,4,0.5,0.5,0.5,16208.74
19,#10 standard no tint no window not self seal,6,B00V5DGIL6,"Amazon Basics #10 Security Tinted Business Envelopes, Moisture Sealed, 4 1/8-Inch x 9 1/2 Inch - Pack of 500",I,FP,5,0.5,0.5,0.5,16208.74
19,#10 standard no tint no window not self seal,6,B016V06OYS,"#10 Security Self-Seal Envelopes, Windowless Design, Premium Security Tint Pattern, Ultra Strong Quick-Seal Closure - EnveGuard - Size 4-1/8 x 9-1/2 Inches - White - 24 LB - 500 Count (34010)",I,FP,6,0.5,0.5,0.5,16208.74
19,#10 standard no tint no window not self seal,6,B07PDNRRMC,"500#8 Double Window Self Seal Security Envelopes - for Business Checks, QuickBooks & Quicken Checks, Size 3 5/8 x 8 11/16 Inches - Checks Fit Perfectly - Not for Invoices, 500 Count(30180)",E,FN,,0.5,0.5,0.5,16208.74
19,#10 standard no tint no window not self seal,6,B01N175R8R,500 No. 10 Self Seal Security Envelopes - 10 Envelopes Self Seal Designed for Secure Mailing - Security Tinted with Printer Friendly Design - Number 10 Size 4 1/8 x 9 ½ Inch - Pack of 500,E,FN,,0.5,0.5,0.5,16208.74
19,#10 standard no tint no window not self seal,6,B08CK95JS3,"ValBox 500 Count #10 Double Window Envelopes 4-1/8x9-1/2"" Self Seal Security Envelopes for QuickBooks Invoices, Business Statements and Legal Documents",E,FN,,0.5,0.5,0.5,16208.74
27,#2 pencils,15,B071JM699P,"Amazon Basics Woodcased #2 Pencils, Pre-sharpened, HB Lead - Box of 150, Bulk Box",E,TP,1,0.8667,0.8667,0.8667,17390.0
27,#2 pencils,15,B004X4KRW0,"Dixon No. 2 Yellow Pencils, Wood-Cased, Black Core, #2 HB Soft, 12-Count (14402)",E,TP,2,0.8667,0.8667,0.8667,17390.0
27,#2 pencils,15,B07ZGDX5MT,"Wood-Cased #2 HB Pencils, Yellow, Pre-sharpened, Class Pack, 1000 pencils",E,TP,3,0.8667,0.8667,0.8667,17390.0
27,#2 pencils,15,B001G9G6XY,"TICONDEROGA My First Pencils, Wood-Cased #2 HB Soft, Pre-Sharpened with Eraser, Includes Bonus Sharpener, Yellow, 4-Pack (33309)",E,TP,4,0.8667,0.8667,0.8667,17390.0
27,#2 pencils,15,B07NW9N6W5,"Wood-Cased #2 HB Pencils, Yellow, Pre-sharpened, Class Pack, 576 pencils in box by Madisi",E,TP,5,0.8667,0.8667,0.8667,17390.0
27,#2 pencils,15,B006CSPZK4,"Pre-Sharpened Pencil, 2, Yellow Barrel, 30/Pack - DIX13830",E,TP,6,0.8667,0.8667,0.8667,17390.0
27,#2 pencils,15,B000JEAAP2,"Ticonderoga Pencils, Wood-Cased Graphite #2 HB Soft, Pre-Sharpened, Yellow, 12 Count (X13806)",E,TP,7,0.8667,0.8667,0.8667,17390.0
27,#2 pencils,15,B00ZPW8Y9M,"Half Pencils with Eraser - Golf, Classroom, Pew, Short, Mini - Hexagon, Sharpened, Non Toxic, #2 Pencil, Color - Natural, (Box of 48) Golf Pocket Pencils",I,FP,8,0.8667,0.8667,0.8667,17390.0
27,#2 pencils,15,B00SAI7NRM,Rose Art DDR64 #2 HB Lead USA Gold Standard Yellow Pencils 24 Pack,E,TP,9,0.8667,0.8667,0.8667,17390.0
27,#2 pencils,15,B07ZGD1SL3,"Wood-Cased #2 HB Pencils, Yellow, Pre-sharpened, Class Pack, 320 pencils",E,TP,10,0.8667,0.8667,0.8667,17390.0
27,#2 pencils,15,B082CLHSPD,"Rarlan Wood-Cased #2 HB Pencils, Pre-sharpened, 200 Count Classpack",E,TP,11,0.8667,0.8667,0.8667,17390.0
27,#2 pencils,15,B004X4KRPM,"Ticonderoga Pencils, Wood-Cased, Graphite #2 HB Soft, Black, 24-Pack (13926)",E,TP,12,0.8667,0.8667,0.8667,17390.0
27,#2 pencils,15,B08HRZZY5C,"Hello Spring Flag,Spring Garden Flag Double Sided Welcome Burlap Seasonal House and Bird Spring House Flags 28x40 Inch Summer Yard Signs Outdoor Decor for Homes,Gardens,Patio or Lawn with 2 Grommets",I,FP,13,0.8667,0.8667,0.8667,17390.0
27,#2 pencils,15,B00125Q75Y,"TICONDEROGA Pencils, Wood-Cased, Unsharpened, Graphite #2 HB Soft, Yellow, 96-Pack (13872)",E,TP,14,0.8667,0.8667,0.8667,17390.0
27,#2 pencils,15,B07D34ZQ7J,#2 HB Pencils - Wood Cased Yellow Pencils - Pre-sharpened - Box of 144 by Cezan,E,TP,15,0.8667,0.8667,0.8667,17390.0
27,#2 pencils,15,B07FV9P5D1,"Wood-Cased #2 HB Pencils, Yellow, Pre-sharpened, 16 Packs of 12-Count, 192 pencils in box by Madisi",E,FN,,0.8667,0.8667,0.8667,17390.0
27,#2 pencils,15,B07T8K1HJG,"Ticonderoga Neon Pencils, #2 Pre-Sharpened Wood Pencils with Erasers, 18-Count, 13018",E,FN,,0.8667,0.8667,0.8667,17390.0
34,#4 pads without wings,26,B00068E5G6,"U by Kotex Security Maxi Feminine Pads, Regular Absorbency, Unscented, 24 Count",I,FP,1,0.5769,0.5769,0.5769,18336.96
34,#4 pads without wings,26,B0771Y7YQ1,"Rael Organic Cotton Sanitary Pads - Large Size, Ultra Thin Pads for Women, Natural Sanitary Napkins with Wings (24 Total)",S,FP,2,0.5769,0.5769,0.5769,18336.96
34,#4 pads without wings,26,B00OJPBESO,Always Ultra Thin Super Long Pads Without Wings - 20 Count (2 Pack),E,TP,3,0.5769,0.5769,0.5769,18336.96
34,#4 pads without wings,26,B0039NMC6K,"Always Maxi Size 2 Super Pads for Women, Without Wings, Unscented, 42 Count - Pack of 3 (126 Count Total)",E,TP,4,0.5769,0.5769,0.5769,18336.96
34,#4 pads without wings,26,B0001KOCHG,"Always Ultra Thin Long Super Pads, 20-Count",S,FP,5,0.5769,0.5769,0.5769,18336.96
34,#4 pads without wings,26,B01KL1DOTG,"ALWAYS Ultra Thin Size 2 Super Pads Without Wings Unscented, 40 Count",E,TP,6,0.5769,0.5769,0.5769,18336.96
34,#4 pads without wings,26,B079RJP3JJ,"Stayfree Ultra Thin Overnight Pads with Wings, For Women, Reliable Protection and Absorbency of Feminine Moisture, Leaks and Periods, 40 count - Pack of 3",I,FP,7,0.5769,0.5769,0.5769,18336.96
34,#4 pads without wings,26,B08CMJNSR8,"Rael Organic Incontinence Pads Ultimate - Organic Bladder Control and Postpartum Pads, 4-Layer Core with Leak Guard Technology (20 Count)",E,TP,8,0.5769,0.5769,0.5769,18336.96
34,#4 pads without wings,26,B01N7HMX75,"U by Kotex Security Maxi Pads with Wings, Overnight, Unscented, 112 Count (4 Packs of 28)",S,FP,9,0.5769,0.5769,0.5769,18336.96
34,#4 pads without wings,26,B01IAI9UZ4,"Always Ultra Thin Pads without Wings, Long Super 20 ea (Pack of 3)",E,TP,10,0.5769,0.5769,0.5769,18336.96
34,#4 pads without wings,26,B079RJPH42,"Stayfree Ultra Thin Super Long Pads with Wings For Women, Reliable Protection and Absorbency of Feminine Moisture, Leaks and Periods, 32 count - Pack of 4",I,FP,11,0.5769,0.5769,0.5769,18336.96
34,#4 pads without wings,26,B00BYFV9OG,"Always Ultra Thin Pads Without Wings, Unscented, Long Super 40 ea",E,TP,12,0.5769,0.5769,0.5769,18336.96
34,#4 pads without wings,26,B001G7QSGQ,"Always Ultra Thin Pads for Women, Size 1 Regular Absorbency Without Wings Unscented, 44 Count - Pack of 3 (132 Count Total)",I,FP,13,0.5769,0.5769,0.5769,18336.96
34,#4 pads without wings,26,B000FFBMRK,"U by Kotex Security Ultra Thin Feminine Pads, Regular Absorbency, Unscented, 176 Count (4 Packs of 44) (Packaging May Vary)",E,TP,14,0.5769,0.5769,0.5769,18336.96
34,#4 pads without wings,26,B07BNTBPQX,Rael Organic Cotton Sanitary Pads - Certified Organic Cotton Large Pads 1 Pack and Overnight Pads 1 Pack,S,FP,15,0.5769,0.5769,0.5769,18336.96
34,#4 pads without wings,26,B0029NYQME,"Always Ultra Thin Regular Without Wings, Unscented Pads, Multicolor, 22 Count (Pack of 4)",E,TP,16,0.5769,0.5769,0.5769,18336.96
34,#4 pads without wings,26,B08518TBQH,"Seventh Generation Ultra Thin Pads, Super Long, 40Count",E,TP,17,0.5769,0.5769,0.5769,18336.96
34,#4 pads without wings,26,B075RH2QRR,"Leak Proof Protective Panties for Women Menstrual Period / Girls Heavy Flow/ Postpartum Bleeding/ Urinary Incontinence (Pack of 3) (Black, S / 22-25 Waist)",I,FP,18,0.5769,0.5769,0.5769,18336.96
34,#4 pads without wings,26,B001E6KHAW,"Always Maxi Feminine Pads without Wings, Long/Super, Unscented, 22 Count",E,TP,19,0.5769,0.5769,0.5769,18336.96
34,#4 pads without wings,26,B01IAI9WNO,"Always Ultra Thin Pads without Wings, Long Super 20 ea (Pack of 4)",E,TP,20,0.5769,0.5769,0.5769,18336.96
34,#4 pads without wings,26,B00N26564O,"Always Ultra Thin Regular Without Wings, Unscented Pads 44 Count",E,TP,21,0.5769,0.5769,0.5769,18336.96
34,#4 pads without wings,26,B01IULAZ5K,"Always Infinity Feminine Pads for Women, Size 2, 96 Count, Heavy Absorbency, Unscented (32 Count, Pack of 3-96 Count Total)",E,TP,22,0.5769,0.5769,0.5769,18336.96
34,#4 pads without wings,26,B001G7QUZU,"Always Maxi Size 4 Overnight Pads for Women, Without Wings, Unscented, 28 Count - Pack of 3 (84 Count Total)",E,TP,23,0.5769,0.5769,0.5769,18336.96
34,#4 pads without wings,26,B00P2XZKZ0,Outdoor Freestyle Rocker Portable Rocking Chair & Outdoor Camping ChairGCI,I,FP,24,0.5769,0.5769,0.5769,18336.96
34,#4 pads without wings,26,B0014GXBTG,"Seventh Generation Ultrathin Pads, Regular with wings, Free & Clear, 18 count",I,FP,25,0.5769,0.5769,0.5769,18336.96
34,#4 pads without wings,26,B0052RF17S,"Always Pads, Ultra Thin, Without Wings, Regular 22 Pads",E,TP,26,0.5769,0.5769,0.5769,18336.96
34,#4 pads without wings,26,B01IAI6SD6,Always Maxi Pads Long Super without Wings 22 ea (Pack of 2),E,FN,,0.5769,0.5769,0.5769,18336.96
34,#4 pads without wings,26,B01IZ5EYJO,"Always Ultra Thin Pads for Women, Size 1 Regular Absorbency Without Wings Unscented, 44 Count - Pack of 3 (132 Count Total)",E,FN,,0.5769,0.5769,0.5769,18336.96
34,#4 pads without wings,26,B006R6U9SY,"U by Kotex Security Ultra Thin Feminine Pads, Heavy Absorbency, Unscented, 56 Count",E,FN,,0.5769,0.5769,0.5769,18336.96
34,#4 pads without wings,26,B00IVNCCRM,"Always Maxi Pads without Wings, Unscented, Regular Pack of 2",E,FN,,0.5769,0.5769,0.5769,18336.96
34,#4 pads without wings,26,B000FFFGX6,"U by Kotex Security Maxi Feminine Pads, Overnight Absorbency, Unscented, 112 Count (4 Packs of 28) (Packaging May Vary)",E,FN,,0.5769,0.5769,0.5769,18336.96
34,#4 pads without wings,26,B00XQEOTMC,"ALWAYS Ultra Thin Size 2 Super Pads Without Wings Unscented, 40 Count, Pack of 3",E,FN,,0.5769,0.5769,0.5769,18336.96
34,#4 pads without wings,26,B007X4SZZI,Always Infinity Pads - Heavy Flow without Wings Unscented,E,FN,,0.5769,0.5769,0.5769,18336.96
34,#4 pads without wings,26,B01IAIA95O,"Always Ultra Thin Pads Without Wings, Unscented, Long Super 40 ea (Pack of 4)",E,FN,,0.5769,0.5769,0.5769,18336.96
34,#4 pads without wings,26,B00LTK2S7S,"Always Discreet Incontinence and Postpartum Liners, Very Light Absorbency, Long Length, 132 Count, Packaging may vary",E,FN,,0.5769,0.5769,0.5769,18336.96
34,#4 pads without wings,26,B005OICT84,"Stayfree Maxi Pads for Women, Super - 66 Count",E,FN,,0.5769,0.5769,0.5769,18336.96
34,#4 pads without wings,26,B000GCNB6C,"Always Maxi Feminine Pads for Women, Regular Absorbency, 24 Count, No Wings, Unscented (24 Count)",E,FN,,0.5769,0.5769,0.5769,18336.96
36,#5 machine screws,1,B000FN5TD0,"Stainless Steel Machine Screw, Plain Finish, Flat Head, Phillips Drive, 1/4"" Length, #5-40 Threads (Pack of 100)",E,TP,1,1.0,1.0,1.0,15728.28
37,#5 orb to not fitting,7,B07B882FK8,Orbit Solenoid,I,FP,1,0.0,0.0,0.0,15840.84
37,#5 orb to not fitting,7,B07QCHF991,"Nicesail Orb Magnifying Makeup Mirrors for Wall 8 Inch, Double-Side 10x Magnifying Mirror Mounted, Oil Rubbed Bronze (8 Inch, 10X)",I,FP,2,0.0,0.0,0.0,15840.84
37,#5 orb to not fitting,7,B004B8FIZO,100-Piece Orbrium Toys Triple-Loop Wooden Train Set Fits Thomas Brio Chuggington,I,FP,3,0.0,0.0,0.0,15840.84
37,#5 orb to not fitting,7,B07YZ4X395,"Emopeak 24Pcs Christmas Balls Ornaments for Xmas Christmas Tree - 4 Style Shatterproof Christmas Tree Decorations Hanging Ball for Holiday Wedding Party Decoration (Navy Blue, 1.6""/4.2CM)",I,FP,4,0.0,0.0,0.0,15840.84
37,#5 orb to not fitting,7,B07GB16VSR,"TACFUN 3 Pack 1"" High & 0.75"" Medium & 0.5"" Low Riser 5 Slot 20mm See Through Scope Mount",I,FP,5,0.0,0.0,0.0,15840.84
37,#5 orb to not fitting,7,B001ET77PC,"Dr. Bronner’s - Pure-Castile Bar Soap (Rose, 5 ounce, 6-Pack) - Made with Organic Oils, For Face, Body and Hair, Gentle and Moisturizing, Biodegradable, Vegan, Cruelty-free, Non-GMO",I,FP,6,0.0,0.0,0.0,15840.84
37,#5 orb to not fitting,7,B01MRWSV91,"Shapemags 30 Piece Set Magnet Building Tiles Magnetic Blocks - Round Dome Set for Arches, Tunnels and Rounded Windows Building, Award Winning STEM Educational 3D Construction Blocks Set",I,FP,7,0.0,0.0,0.0,15840.84
37,#5 orb to not fitting,7,B07F3WH1KZ,EVIL ENERGY 10AN 90 Degree Push Lock Hose Fitting End Black,E,FN,,0.0,0.0,0.0,15840.84
37,#5 orb to not fitting,7,B07HXKQWBJ,BLACK 10AN AN-10 to M18x1.5 NPT Male Thread Straight Aluminum Fitting Adapter,E,FN,,0.0,0.0,0.0,15840.84
37,#5 orb to not fitting,7,B078Z4CV2J,ICT Billet -6AN Flare to 6 Oring ORB Male Fuel Pump Rail Adapter Fitting Flare Hose Plumbing Oil Straight Thread Regulator Port Fluid End Black Anodized F06AN060R,E,FN,,0.0,0.0,0.0,15840.84
37,#5 orb to not fitting,7,B07TPT23S7,"6AN Flare to 3/8 Hose Barb Fuel Line Fitting Adapter Aluminum 6 AN Male to 3/8"" Push-on Barbed Pipe Connector Black",E,FN,,0.0,0.0,0.0,15840.84
37,#5 orb to not fitting,7,B08LPC9JTB,2 Pieces 6 AN ORB Male to 5/16 SAE Quick-Disconnect Female Fuel Pump Adapter Push-On EFI Fitting Aluminum O-ring,E,FN,,0.0,0.0,0.0,15840.84
37,#5 orb to not fitting,7,B07FKB255M,"EVIL ENERGY 6AN Male To 5/16"" SAE Quick Disconnect Male Push On EFI Fitting Adapter Aluminum",E,FN,,0.0,0.0,0.0,15840.84
37,#5 orb to not fitting,7,B07V27X9SB,EVIL ENERGY AN6 6AN Flare to 6AN ORB Male O-ring Boss Fuel Pump Rail Adapter Fitting Aluminum Black Pack of 2,E,FN,,0.0,0.0,0.0,15840.84
42,#8 merchandising tags without string,18,B083P32KH3,"SmartSign Blank Manila Shipping Tags with Wire, Size #8 | 13pt Cardstock Tags, 6 1/4"" x 3 1/8"", Pack of 100",S,FP,1,0.6111,0.6111,0.6111,16908.69
42,#8 merchandising tags without string,18,B00F63P2YA,"Office Depot Shipping Tags with Wires, 4 3/4in. x 2 3/8in, Pack of 100, XS007005A",I,FP,2,0.6111,0.6111,0.6111,16908.69
42,#8 merchandising tags without string,18,B00485MJG6,"Avery Unstrung Shipping Tags, 11.5 pt. Stock, 2-3/4"" x 1-3/8"", 1,000 Manila Hang Tags (12301)",E,TP,3,0.6111,0.6111,0.6111,16908.69
42,#8 merchandising tags without string,18,B00A7FB0XO,"Large (1.75"" X 2.875"") White Blank Merchandise Tag. Case of 2,000 Tags.",E,TP,4,0.6111,0.6111,0.6111,16908.69
42,#8 merchandising tags without string,18,B07ZD3CGS1,300 Pieces Marking Tags Kraft Price Tags Writable Blank Price Labels Display Tags with Elastic Hanging String(1.38 x 0.71 Inch),S,FP,5,0.6111,0.6111,0.6111,16908.69
42,#8 merchandising tags without string,18,B00I0EU22Y,"Merchandise Tags #8, White, Scalloped, Hole (no Strings), 2 7/8 x 1 3/4, Box of 1000",E,TP,6,0.6111,0.6111,0.6111,16908.69
42,#8 merchandising tags without string,18,B0089P2BR8,"SmartSign Dark Green Tags | 13pt Cardstock Tag, 2.375"" x 4.75"", Pack of 1000",E,TP,7,0.6111,0.6111,0.6111,16908.69
42,#8 merchandising tags without string,18,B0089P7B6Y,"SmartSign Pack of 1000 Repair Tags with Attached String | 2.625"" x 5.25"" Manila Cardstock",I,FP,8,0.6111,0.6111,0.6111,16908.69
42,#8 merchandising tags without string,18,B0776SL6WV,"1000 PCS Price Tags, Clothes Size Tags Coupon Tags Making Tag Store Tags Clothing Tags, 1.94"" X 1.38"" with Exquisite Box Package",E,TP,9,0.6111,0.6111,0.6111,16908.69
42,#8 merchandising tags without string,18,B077XBR4RZ,"Price Tags Without String, 1000pcs Smooth Surface White Tags Marking Merchandise Unstrung Tags Small Label Hang Tags for Pricing Gift Jewelry Clothing Yard Sale Garage Supplies 1.75 x 1.093 inch",E,TP,10,0.6111,0.6111,0.6111,16908.69
42,#8 merchandising tags without string,18,B07RBJJM8F,"500Pcs Price Tags with String Attached by Divine Light, 0.91 x 0.55 inches Premium Writable Jewelry Tags, Paper Sale Tags with String Pricing Tags - for Anything You Need to Identify or Price",S,FP,11,0.6111,0.6111,0.6111,16908.69
42,#8 merchandising tags without string,18,B07CJVSV6F,"Price Tags with String Attached, 1000pcs White Matte Surface Marking Merchandise Strung Tags Writable Label Small Hang Tag for Pricing Gift Jewelry Clothing Yard Sale Garage Supplies 1.75 x 1.093 inch",S,FP,12,0.6111,0.6111,0.6111,16908.69
42,#8 merchandising tags without string,18,B07RHJ2T8C,"FEMELI Unstrung Marking Tags,2000 Pcs Price Tags,1.75 x 1.1 Inches,White Merchandise Tags for Sale",E,TP,13,0.6111,0.6111,0.6111,16908.69
42,#8 merchandising tags without string,18,B07DN7DGLB,"Gift Tags - 1000-Pack Kraft Paper Tags, Merchandise Tags, Writable Tags, Mini Tags, Craft Hang Labels, Name Price Size Labels, for Wedding, Birthday, Party Favor, Kraft Brown, 0.95 x 1.75 inches",E,TP,14,0.6111,0.6111,0.6111,16908.69
42,#8 merchandising tags without string,18,B081GZHD9C,"500 Pack Jewelry Tags with String by Ummeral, Premium Writable Sales Tags White Marking Tags for Jewelry Small Items, Sale Price Tags Display Labels - 1.37 x 0.86 Inches",E,TP,15,0.6111,0.6111,0.6111,16908.69
42,#8 merchandising tags without string,18,B07541MJRV,"Price Tags with Strings Attached, 1000pcs Marking White Merchandise Hang Tags Labels for Goods Gifts Jewelry Clothing Garage Clearance Sale Yard Rummage Sale Supplies 1-3/8 x 2-1/8 (1.37x2.16) inch",I,FP,16,0.6111,0.6111,0.6111,16908.69
42,#8 merchandising tags without string,18,B07VDRNXL5,"900 Pcs Price Tags, Clothes Size Tags Coupon Tags Making Tag White Store Tags Clothing Tags, 1.77 X 1.38 Inches",E,TP,17,0.6111,0.6111,0.6111,16908.69
42,#8 merchandising tags without string,18,B0776MTTSC,"Price Tags,Clothes Tags,Clothing Tags,Merchandise Marking Tags,White Paper Price Tag Labels,Box of 1000",E,TP,18,0.6111,0.6111,0.6111,16908.69
42,#8 merchandising tags without string,18,B0089P54UE,"SmartSign ""Pack of 1000 Large Garment Tags"" | 1.75"" x 2.875""",E,FN,,0.6111,0.6111,0.6111,16908.69
42,#8 merchandising tags without string,18,B00SSCGE6Q,"Avery Textured White Scallop Round Paper Tags, 2-1/2-Inch Without Strings, Laser/Inkjet, Print-to-The-Edge, 90 Tags per Package (80511)",E,FN,,0.6111,0.6111,0.6111,16908.69
42,#8 merchandising tags without string,18,B01MSJPRSX,"White Marking Tags Price Tags Price Labels Display Tags with Hanging String, 500 Pack (35 x 22 mm)",E,FN,,0.6111,0.6111,0.6111,16908.69
42,#8 merchandising tags without string,18,B0089P7DVW,"SmartSign Blank Manila Shipping Tags with Fiber Patch | 7 1/4"" x 3 5/8"" Cardstock, Pack of 100",E,FN,,0.6111,0.6111,0.6111,16908.69
42,#8 merchandising tags without string,18,B083P2TLNZ,"SmartSign Blank Manila Shipping Tags with Wire, Size #5 | 13pt Cardstock Tags, 4 3/4"" x 2 3/8"", Pack of 100",E,FN,,0.6111,0.6111,0.6111,16908.69
42,#8 merchandising tags without string,18,B07Y1PZQ93,"Marking Tags Price Tags Writable Blank Price Labels Display Tags with Elastic Hanging String, Kraft (300 Packs, 1.02 x 0.47 Inch)",E,FN,,0.6111,0.6111,0.6111,16908.69
42,#8 merchandising tags without string,18,B003H8WOPQ,"Avery Unstrung Shipping Tags, 11.5 pt. Stock, 4-3/4"" x 2-3/8"", 1,000 Manila Hang Tags (12305)",E,FN,,0.6111,0.6111,0.6111,16908.69
52,#metoo not you,1,152615580X,"Me, not you: The trouble with mainstream feminism",E,TP,1,1.0,1.0,1.0,15689.1
60,$1 first addition charizard not fake,8,B01M4QLNYM,Pokemon - Poliwhirl (24/108) - XY Evolutions,S,FP,1,0.375,0.375,0.375,15800.96
60,$1 first addition charizard not fake,8,B07349NM1N,Charizard GX Box Premium Collection,E,TP,2,0.375,0.375,0.375,15800.96
60,$1 first addition charizard not fake,8,B01M4QJUOL,Pokemon - Charizard (11/108) - XY Evolutions - Holo,C,FP,3,0.375,0.375,0.375,15800.96
60,$1 first addition charizard not fake,8,B01M4QJIJF,Pokemon - Charizard (11/108) - XY Evolutions - Reverse Holo,E,TP,4,0.375,0.375,0.375,15800.96
60,$1 first addition charizard not fake,8,B07PYF6D2L,"Mini Naan Flatbreads, Ancient Grain (Pack Of 3) 12 Flatbreads Total.",I,FP,5,0.375,0.375,0.375,15800.96
60,$1 first addition charizard not fake,8,B01M3XE6XZ,Pokemon - Mega-Charizard-EX (101/108) - XY Evolutions - Holo,S,FP,6,0.375,0.375,0.375,15800.96
60,$1 first addition charizard not fake,8,B0829FT44S,"50+ Official Pokemon Cards Binder Collection Booster Box with 5 Foils in Any Combination and at Least 1 Rarity, GX, EX, FA, Tag Team, Or Secret Rare, with Cards Like Charizard and Detective Pikachu",E,TP,7,0.375,0.375,0.375,15800.96
60,$1 first addition charizard not fake,8,B01M6BD7JD,Pokemon - Gyarados (34/108) - XY Evolutions - Reverse Holo,I,FP,8,0.375,0.375,0.375,15800.96
60,$1 first addition charizard not fake,8,B07DP6CZQV,"Golden Groundhog TCG Deck Box Bundled with 100 Assorted Pokemon Cards (1 GX, EX, or V (170 HP or Higher) Ultra Rare, 2 Rares, 2 Holographics, 90 Common/Uncommons, and 5 Energy Cards)",E,FN,,0.375,0.375,0.375,15800.96
60,$1 first addition charizard not fake,8,B0062DPBSU,Pokemon - Cubone (50) - Jungle,E,FN,,0.375,0.375,0.375,15800.96
60,$1 first addition charizard not fake,8,B07R59DJLQ,"Golden Groundhog TCG Deck Box Bundled with 100 Assorted Pokemon Cards (1 GX, Rares, Holos, and 45 Bonus Energy Cards)",E,FN,,0.375,0.375,0.375,15800.96
60,$1 first addition charizard not fake,8,B0062DPC5W,Pokemon - Exeggcute (52) - Jungle,E,FN,,0.375,0.375,0.375,15800.96
60,$1 first addition charizard not fake,8,B07YQN19Y5,Pokemon TCG/Marshadow & MachampTag Team GX (RR) / Tag All Stars (SM12a-067) / Japanese Single Card,E,FN,,0.375,0.375,0.375,15800.96
67,$10 credit not given on purchase on prime day,1,B01HSMZ1VU,Amazon eGift Card - Thank You (Abstract),I,FP,1,0.0,0.0,0.0,15775.38
67,$10 credit not given on purchase on prime day,1,B072F9T6VX,Amazon.com Gift Card in a Gold Reveal,E,FN,,0.0,0.0,0.0,15775.38
72,$100 things that are not electronics,6,B087V4SGP7,"Perkisboby Scented Wax Melts, Soy Wax Cubes with Natural Essential Oil for Assorted Wax Warmer Cubes/Tarts - Rose, Fig, Lavender, Vanilla, Jasmine, Lemon, Bergamot, Spring (8 x 2.5 oz)",I,FP,1,0.0,0.0,0.0,15602.17
72,$100 things that are not electronics,6,B07MDQPNK8,Bath & Body Works Gentle Foaming Hand Soap in Kitchen Lemon (2 Pack),I,FP,2,0.0,0.0,0.0,15602.17
72,$100 things that are not electronics,6,B004ZDMNUI,"McCormick All Natural Pure Vanilla Extract, 4 fl oz",I,FP,3,0.0,0.0,0.0,15602.17
72,$100 things that are not electronics,6,B07BYYQD2B,"Pepsi Soda, 7.5 Ounce Mini Cans, 10 Pack",I,FP,4,0.0,0.0,0.0,15602.17
72,$100 things that are not electronics,6,B07PYS555C,"Tropical Leaf Paper Napkins for Hawaiian Luau Birthday Party (6.5 x 6.5 In, 150 Pack)",I,FP,5,0.0,0.0,0.0,15602.17
72,$100 things that are not electronics,6,B07YMSSX8N,"Mexican Candy Mix Assortment Snack (90 Count) Dulces Mexicanos Variety Of Best Sellers Sweet, SPICY and SOUR Bulk candies, Includes Luca Candy, Pelon, Pulparindo, Rellerindo, by JVR TRADE (SPICY)",I,FP,6,0.0,0.0,0.0,15602.17
72,$100 things that are not electronics,6,B00TREI0JI,"Apple iPad Air 2, 16 GB, Gold, (Renewed)",E,FN,,0.0,0.0,0.0,15602.17
72,$100 things that are not electronics,6,B07NSX2ZBS,"FindKey Key Finder, Wireless Key RF Locator Item Anti-Lost Tag Alarm Reminder Tracker Remote Finder,1 RF Transmitter 4 Receivers,Phone Pets Keychain Wallet Luggage Pet Cat Dog Tracking Tracker",E,FN,,0.0,0.0,0.0,15602.17
72,$100 things that are not electronics,6,B07XG6Y847,"AirPods Case, Full Protective Silicone AirPods Accessories Cover Compatible with Apple AirPods 1&2 Wireless and Wired Charging Case(Front LED Visible),Sea",E,FN,,0.0,0.0,0.0,15602.17
72,$100 things that are not electronics,6,B083S3ZXDF,"Potaroma Electric Flopping Fish 10.5"", Moving Cat Kicker Fish Toy, Floppy Fish Toy for Small Dogs Wiggle Fish Catnip Toys, Motion Kitten Toy Plush Interactive Cat Toys for Exercise, Mice Animal Toys",E,FN,,0.0,0.0,0.0,15602.17
72,$100 things that are not electronics,6,B073R68TSH,"Car Phone Holder Mount, Beam Electronics Phone Car Air Vent Mount Holder Cradle Compatible for iPhone 12 11 Pro Max XS XS XR X 8+ 7+ SE 6s 6+ 5s 4 Samsung Galaxy S4-S10 LG Nexus Nokia",E,FN,,0.0,0.0,0.0,15602.17
72,$100 things that are not electronics,6,B07QYLTT7X,"[2Pack] Tensea Compatible with Galaxy Watch Active Case 40mm, Soft TPU Bumper Full Around Screen Protector Cover for Samsung Galaxy Watch Active 40mm, 2 Packs (Clear)",E,FN,,0.0,0.0,0.0,15602.17
80,$150 laptop not previews,12,B084SKWC89,"HP Stream 14-inch Laptop, Intel Celeron N4000, 4 GB RAM, 64 GB eMMC, Windows 10 Home in S Mode with Office 365 Personal for 1 Year (14-cb185nr, Royal Blue)",E,TP,1,0.5833,0.5833,0.5833,16870.77
80,$150 laptop not previews,12,B01LZORCUR,"(Refurbished) Apple MacBook Air MD760LL/A 13.3-Inch Laptop (Intel Core i5 Dual-Core 1.3GHz up to 2.6GHz, 4GB RAM, 128GB SSD, Wi-Fi, Bluetooth 4.0)",S,FP,2,0.5833,0.5833,0.5833,16870.77
80,$150 laptop not previews,12,B07CB2GTH2,"HP Chromebook 11 G4 11.6 Inch Laptop (Intel N2840 Dual-Core, 2GB RAM, 16GB Flash SSD, Chrome OS), Black (Renewed)",E,TP,3,0.5833,0.5833,0.5833,16870.77
80,$150 laptop not previews,12,B07WJVPGYP,"HP EliteBook 840 G3 Laptop 14"" HD Display, Intel Core i5-6300U 2.4Ghz, 256GB SSD, 16GB DDR4 RAM, Webcam, WiFi, Windows 10 Pro (Renewed)",E,TP,4,0.5833,0.5833,0.5833,16870.77
80,$150 laptop not previews,12,B00HAQX9LO,2021 HP Pavilion 15.6 Inch Touchscreen Laptop| 10th Gen Intel Core i3-1005G1 up to 3.4GHz| 16GB RAM| 1TB PCIe SSD| WiFi| Bluetooth| Webcam| Windows 10 Professional + NexiGo Wireless Mouse Bundle,I,FP,5,0.5833,0.5833,0.5833,16870.77
80,$150 laptop not previews,12,B078WH4KPY,"Apple MacBook Air 13-inch Laptop 1.6GHz Core i5, MJVE2LL/A, 4GB RAM, 256GB SSD (Renewed)",S,FP,6,0.5833,0.5833,0.5833,16870.77
80,$150 laptop not previews,12,B00TREI06Q,"Apple iPad Air 2, 64 GB, Gold, (Renewed)",I,FP,7,0.5833,0.5833,0.5833,16870.77
80,$150 laptop not previews,12,B08TBQYTDY,"HP 2020 15.6 inches HD LED Display, Intel Pentium Gold 6405U, 4GB DDR4 RAM 500GB HDD, Windows 10 - Scarlet Red (Renewed)",E,TP,8,0.5833,0.5833,0.5833,16870.77
80,$150 laptop not previews,12,B07RF1XD36,"Acer Aspire 5 Slim Laptop, 15.6 inches Full HD IPS Display, AMD Ryzen 3 3200U, Vega 3 Graphics, 4GB DDR4, 128GB SSD, Backlit Keyboard, Windows 10 in S Mode, A515-43-R19L, Silver",E,TP,9,0.5833,0.5833,0.5833,16870.77
80,$150 laptop not previews,12,B07KNLVRJ2,"HP 2019 14"" Laptop - Intel Core i3 - 8GB Memory - 128GB Solid State Drive - Ash Silver Keyboard Frame (14-CF0014DX)",E,TP,10,0.5833,0.5833,0.5833,16870.77
80,$150 laptop not previews,12,B08SMFZSLQ,"Lenovo IdeaPad Flex 5 2-in-1 Laptop, 14"" Full HD IPS Touch Screen, AMD Ryzen 7 4700U, Webcam, Backlit Keyboard, Fingerprint Reader, USB-C, HDMI, Windows 10 Home, 16GB RAM, 512GB PCIe SSD",I,FP,11,0.5833,0.5833,0.5833,16870.77
80,$150 laptop not previews,12,B0869L1326,"ASUS VivoBook 15 Thin and Light Laptop, 15.6” FHD Display, Intel i3-1005G1 CPU, 8GB RAM, 128GB SSD, Backlit Keyboard, Fingerprint, Windows 10 Home in S Mode, Slate Gray, F512JA-AS34",E,TP,12,0.5833,0.5833,0.5833,16870.77
80,$150 laptop not previews,12,B07B9JTHKL,"Apple MacBook Air MJVE2LL/A 13.3-Inch Laptop Intel Core i5 1.6GHz, 256GB Flash Drive, 8GB DDR3 Memory, OS X Yosemite (2015 VERSION) (Renewed)",E,FN,,0.5833,0.5833,0.5833,16870.77
80,$150 laptop not previews,12,B07BZF4MYM,"(Renewed) Apple MacBook Air MJVM2LL/A 11.6 Inch Laptop (Intel Core i5 Dual-Core 1.6GHz up to 2.7GHz, 4GB RAM, 128GB SSD, Wi-Fi, Bluetooth 4.0, Integrated Intel HD Graphics 6000, Mac OS)",E,FN,,0.5833,0.5833,0.5833,16870.77
80,$150 laptop not previews,12,B07WMDV7CW,"HP Stream 14-Inch Laptop, Intel Celeron N4000, 4 GB RAM, 64 GB eMMC, Windows 10 Home in S Mode (14-cb159nr, Jet Black)",E,FN,,0.5833,0.5833,0.5833,16870.77
80,$150 laptop not previews,12,B07N6S4SY1,"ASUS VivoBook L203MA Ultra-Thin Laptop, Intel Celeron N4000 Processor, 4GB LPDDR4, 64GB eMMC, 11.6” HD, USB-C, Windows 10 in S Mode (Switchable to Pro), L203MA-DS04, One Year of Microsoft Office 365",E,FN,,0.5833,0.5833,0.5833,16870.77
80,$150 laptop not previews,12,B07GCRHS5V,"Dell Latitude E7470 14in Laptop, Core i5-6300U 2.4GHz, 8GB Ram, 256GB SSD, Windows 10 Pro 64bit (Renewed)",E,FN,,0.5833,0.5833,0.5833,16870.77
99,$44red ' phone without having to pay production,2,B07VP94Y5M,"TopFunny Cases for iPhone 8 Plus Case Silicone 3D Cute Cartoon Design Soft TPU Slim Fit Rubber Bumper Cover Shockproof Case with Wrist Strap Compatible with Apple iPhone 7 Plus/8 Plus 5.5"" Bear",I,FP,1,0.0,0.0,0.0,15575.81
99,$44red ' phone without having to pay production,2,B0721MGWLC,"ZVE Case for Apple iPhone 8 and iPhone 7, 4.7 inch, Leather Wallet Case with Credit Card Holder Slot Zipper Wallet Pocket Purse Handbag Wrist Strap Case Cover for iPhone 8/7/SE(2020) - Rose Gold",I,FP,2,0.0,0.0,0.0,15575.81
99,$44red ' phone without having to pay production,2,B084D89DBF,Moto G Power | 3-Day Battery1 | Unlocked | Made for US by Motorola | 4/64GB | 16MP Camera | 2020 | Black,E,FN,,0.0,0.0,0.0,15575.81
99,$44red ' phone without having to pay production,2,B06XH46MWW,"NETGEAR Cable Modem CM500 - Compatible with All Cable Providers Including Xfinity by Comcast, Spectrum, Cox | for Cable Plans Up to 400Mbps | DOCSIS 3.0",E,FN,,0.0,0.0,0.0,15575.81
100,$5 items,11,B00SSBJERS,"Mr. Beams MB576 Battery Powered Motion Sensing LED Path Light, 6-Pack, Brown",I,FP,1,0.0909,0.0909,0.0909,15892.28
100,$5 items,11,B07DZYGDS3,"Gillette Fusion5 Razors for Men, 1 Gillette Razor, 4 Razor Blade Refills, Lubrastrip for a More Comfortable Shave",E,TP,2,0.0909,0.0909,0.0909,15892.28
100,$5 items,11,B00BB5YHEI,"Remington F5-5800 Foil Shaver, Men's Electric Razor, Electric Shaver, Black",I,FP,3,0.0909,0.0909,0.0909,15892.28
100,$5 items,11,B0821YQT8K,ZTHY New BTY-M6L Laptop Battery Replacement for MSI GS65 Stealth Thin 8RF 8RE 9RE PS42 8RB P65 Creator 8RD 8RE MS-16Q2 MS-16Q3 PS63 Modern 8RC GS75 8SG Series 15.2V 5380mAh 80.25Wh,I,FP,4,0.0909,0.0909,0.0909,15892.28
100,$5 items,11,B08H2974F2,"Dermaplane Razor for Women Face,Professional Dermaplaning Tool,Facial Razor, Peach Fuzz and Hair Removal, opove Multifunction Home Skin Care Tool,3 Eyebrow Razors",I,FP,5,0.0909,0.0909,0.0909,15892.28
100,$5 items,11,B003LXCBG4,Make Up For Ever Full Cover Extreme Camouflage Cream Waterproof - #5 (Vanilla) 15ml/0.5oz,I,FP,6,0.0909,0.0909,0.0909,15892.28
100,$5 items,11,B07DCLWB9D,Leoie E58 3.7V 500mAH Battery Spare Parts for Folding 4-axis UAV/Drone (1 Charging Cable & 5 Battery),I,FP,7,0.0909,0.0909,0.0909,15892.28
100,$5 items,11,B0823CVSBM,ATTOTE pack of 2,I,FP,8,0.0909,0.0909,0.0909,15892.28
100,$5 items,11,B003XVCCW2,Wilwood 220-0627 Brake Bleeder - Set of 4,I,FP,9,0.0909,0.0909,0.0909,15892.28
100,$5 items,11,B08FFRQ72Z,Roupaze Children Face Masks Peacock Bass Fishing On Canvas Wallpaper Windproof Face Mouth Cover Balaclavas for Kids with 5 Filter,I,FP,10,0.0909,0.0909,0.0909,15892.28
100,$5 items,11,B07XVY344Z,"Gildan Men's Crew T-Shirts, Multipack, Navy/Charcoal/Red (5-Pack), Large",I,FP,11,0.0909,0.0909,0.0909,15892.28
100,$5 items,11,B07QC4WTNC,ASURION 4 Year Kitchen Protection Plan $20-29.99,E,FN,,0.0909,0.0909,0.0909,15892.28
100,$5 items,11,B00D1G8XA4,"BIC Comfort 3 Hybrid Men's Disposable Razor, 3 Blades, 6 Cartridges and 1 Handle, Black, For a Close and Comfortable Shave",E,FN,,0.0909,0.0909,0.0909,15892.28
100,$5 items,11,B07Z11X58J,"Acer Aspire 5 Slim Laptop, 15.6"" Full HD IPS Display, AMD Ryzen 7 3700U, RX Vega 10 Graphics, 8GB DDR4, 512GB SSD, Backlit Keyboard, Windows 10 Home, A515-43-R6DE",E,FN,,0.0909,0.0909,0.0909,15892.28
100,$5 items,11,B07HY9DC4N,"Summer's Eve Cleansing Cloths, Blissful Escape, 16 Count",E,FN,,0.0909,0.0909,0.0909,15892.28
100,$5 items,11,B092Z1NHRN,"10 Pack Kitchen Cloth, Microfiber Dish Towels Washcloths, Super Absorbent Coral Velvet Dishtowels, Premium Cleaning Cloths,Non-Stick Oil Quick Dry Dish Towels, Soft Tea Towels, Table Cleaning Cloths.",E,FN,,0.0909,0.0909,0.0909,15892.28
100,$5 items,11,B0787GLBMV,"Schick Hydro Silk Touch-Up Multipurpose Exfoliating Dermaplaning Tool, Eyebrow Razor, and Facial Razor with Precision Cover, 3 Count (Packaging May Vary)",E,FN,,0.0909,0.0909,0.0909,15892.28
100,$5 items,11,B01MXHNNUM,"Burt's Bees Eye Makeup Remover Pads, 35 Count",E,FN,,0.0909,0.0909,0.0909,15892.28
100,$5 items,11,B01M1NQ1CE,Amazon eGift Card - Amazon Smile_Logo,E,FN,,0.0909,0.0909,0.0909,15892.28
100,$5 items,11,B0054LHI5A,"Burt's Bees Lip Balm Stocking Stuffer, Moisturizing Lip Care Holiday Gift, 100% Natural, Original Beeswax with Vitamin E & Peppermint Oil (4 Pack)",E,FN,,0.0909,0.0909,0.0909,15892.28
100,$5 items,11,B07M77RB97,"BIC Flex 5 Hybrid Men's 5-Blade Disposable Razor, 1 Handle and 6 Cartridges , Black , 7 Piece Set",E,FN,,0.0909,0.0909,0.0909,15892.28
101,$50 gifts for men,31,B07RZKKVHF,"Key Case for Men, PU Leather Car Key Holder Fob Case Wallet with 6 Hook Keychain",I,FP,1,0.2258,0.2258,0.2258,18664.99
101,$50 gifts for men,31,B01H7TJ5UW,Mens I Cant Adult Im Gaming Funny Video Game T Shirt Sarcastic Cool Gamer Shirt (Navy) - M,I,FP,2,0.2258,0.2258,0.2258,18664.99
101,$50 gifts for men,31,B07F36RYN7,"Bozily Golf Rangefinder,Hunting Rangefinder 6X Laser Range Finder 1000 Yards with Slope ON/Off Technology, Fast Flag-Lock, Continuous Scan Support - Tournament Legal Golf Rangefinder",I,FP,3,0.2258,0.2258,0.2258,18664.99
101,$50 gifts for men,31,B00GOVR1ME,ARIAT Men's Rowdy Rodeo Copper,I,FP,4,0.2258,0.2258,0.2258,18664.99
101,$50 gifts for men,31,B002A92UZC,Saphir Pommadier Polish Brush – Applicator for Shoe Polish to Clean and Restore,I,FP,5,0.2258,0.2258,0.2258,18664.99
101,$50 gifts for men,31,B078ZDVF91,"ZAXARRA Men's Stretchy Ripped Skinny Biker Jeans Slim Fit Denim Pants with Destroyed Hole (Light Blue, US 33)",I,FP,6,0.2258,0.2258,0.2258,18664.99
101,$50 gifts for men,31,B07QVD7PKX,"Steve Madden Men's Oxidized Anchor Charm Duo Y Style Chain Necklace for Men in Stainless Steel, Silver, 28",I,FP,7,0.2258,0.2258,0.2258,18664.99
101,$50 gifts for men,31,B075YV8PBG,"Textile Motorcycle Jacket For Men Dualsport Enduro Motorbike Biker Riding Jacket Breathable CE ARMORED WATERPROOF (Blue, M)",I,FP,8,0.2258,0.2258,0.2258,18664.99
101,$50 gifts for men,31,B01DNUYSH4,"adidas Men's Chelsea FC 3 Stripe Track Top, White, Small",I,FP,9,0.2258,0.2258,0.2258,18664.99
101,$50 gifts for men,31,B073XDNKVZ,unitop Men's Elegant Fit Tropical Strips Beach Shorts with Drawstrings Gray-40,I,FP,10,0.2258,0.2258,0.2258,18664.99
101,$50 gifts for men,31,B07F1G3K6Q,"Amazon Essentials Men's Slim-Fit Quick-Dry Golf Polo Shirt, Medium Gray Heather Stripe, Medium",I,FP,11,0.2258,0.2258,0.2258,18664.99
101,$50 gifts for men,31,B07C3K39B9,"Polarized Aviator Sunglasses for Men - Feirdio Metal Frame Sports UV 400 Protection Mens Women Sunglasses 2261 (black, 2.36)",I,FP,12,0.2258,0.2258,0.2258,18664.99
101,$50 gifts for men,31,B00GB7S260,"Levi's Men's 511 Slim Fit Jean, Throttle - Stretch, 30W x 32L",I,FP,13,0.2258,0.2258,0.2258,18664.99
101,$50 gifts for men,31,B01DWH11L4,VIKTOR JURGEN Neck Massage Pillow Shiatsu Deep Kneading Shoulder Back and Foot Massager with Heat-Relaxation Gifts for Women/Men/Dad/Mom,E,TP,14,0.2258,0.2258,0.2258,18664.99
101,$50 gifts for men,31,B073JQTQNV,"Wrangler Authentics mens Long Sleeve Quilted Lined Flannel Jacket With Hood Button Down Shirt, Cloud Burst, Large US",I,FP,15,0.2258,0.2258,0.2258,18664.99
101,$50 gifts for men,31,B07S72NTD8,"adidas Men's X 19.3 Firm Ground Boots Soccer Shoe, Team Royal Blue/FTWR White/core Black, 10.5",I,FP,16,0.2258,0.2258,0.2258,18664.99
101,$50 gifts for men,31,B0813Q6QRC,Men's Hooded Onesie Jumpsuit Sports Romper Overall Zip up Playsuit Drawstring Sportswear Adult Overall Hoodie,I,FP,17,0.2258,0.2258,0.2258,18664.99
101,$50 gifts for men,31,B002BZ0TY4,"Columbia Men’s PFG Tamiami II Short Sleeve Shirt, Moisture Wicking, Sun Protection, Black , X-Large",I,FP,18,0.2258,0.2258,0.2258,18664.99
101,$50 gifts for men,31,B07VC6GXYT,TESLYAR Wood Phone Docking Station Ash Key Holder Wallet Stand Watch Organizer Men Husband Wife Anniversary Dad Birthday Nightstand Purse Father Graduation Male Idea Gadgets (Brown),E,TP,19,0.2258,0.2258,0.2258,18664.99
101,$50 gifts for men,31,B08JHV66N1,"Hammer Multi Tool 12 in 1 Hammer Camping Gear Survival Tool Christmas Birthday Gift for Men, DIY Handyman, Father/Dad, Husband, Boyfriend, Him, Women",E,TP,20,0.2258,0.2258,0.2258,18664.99
101,$50 gifts for men,31,B001RNOALO,Timex Men's T2M932 South Street Sport Black/Silver-Tone Stainless Steel Expansion Band Watch,I,FP,21,0.2258,0.2258,0.2258,18664.99
101,$50 gifts for men,31,B088K92MV1,"Dad Birthday Gift,Dad Gift from Daughter or Son,Dad Gift Ideas, Best Dad Gifts,Funny Father's Day Gifts fro- Best Papa Ever-Funny Father's Day Gifts from Daughter & Son-Fountain Pen Gift[without ink]",I,FP,22,0.2258,0.2258,0.2258,18664.99
101,$50 gifts for men,31,B00U0X2T1U,"Remington TF70CDN Battery-Operated Foil Travel Shaver, Men's Electric Razor, Electric Shaver, Black",I,FP,23,0.2258,0.2258,0.2258,18664.99
101,$50 gifts for men,31,B00ATULW1W,Invicta Men's 13937 Pro Diver Automatic Silver Dial Stainless Steel Watch,I,FP,24,0.2258,0.2258,0.2258,18664.99
101,$50 gifts for men,31,B08LGN6SBX,"Mens Belt Heavy Duty Leather Casual Dress Belts for Men with Classic Buckle - Width 40mm 1.5"" (42""-44"", 2033 Black)",I,FP,25,0.2258,0.2258,0.2258,18664.99
101,$50 gifts for men,31,B07V6X6MG6,"Gifts for Men Dad Husband, Survival Gear and Equipment 12 in 1, Survival Kit, Fishing Hunting Christmas Birthday Gift Ideas for Him Teen Boy Boyfriend Cool Gadgets Stuff, Emergency Camping Accessories",E,TP,26,0.2258,0.2258,0.2258,18664.99
101,$50 gifts for men,31,B09722KXS8,"50th Birthday Gifts for Men - 1971 Old Fashion Whiskey Glass Gift Boxed Set - Funny Whiskey Gifts, Anniversary, Fathers Day, Retirement Gifts for 50 Year Old Men, Grandfather, Dad, Husband, Friends",E,TP,27,0.2258,0.2258,0.2258,18664.99
101,$50 gifts for men,31,B078N1DBY9,"Upgraded Beard Grooming Kit w/Beard Conditioner,Beard Oil,Beard Balm,Beard Brush,Beard Shampoo/Wash,Beard Comb,Beard Scissors,Storage Bag,Beard E-Book,Beard Growth Care Gifts for Men",E,TP,28,0.2258,0.2258,0.2258,18664.99
101,$50 gifts for men,31,B00HSX6WRC,"Skechers for Work Men's Felton Shoe, Black, 10 M US",I,FP,29,0.2258,0.2258,0.2258,18664.99
101,$50 gifts for men,31,B07V87NHXB,My Body Is A Garden Not A Graveyard Veggie Funny Vegan Gift T-Shirt,I,FP,30,0.2258,0.2258,0.2258,18664.99
101,$50 gifts for men,31,B08P1F6TW6,"50th Birthday Gifts for Men, Vintage 1971 Whiskey Glass and Stones Funny 50 Birthday Gift for Dad Husband Brother, 50th Anniversary Present Ideas for Him, 50 Year Old Bday Decorations 12OZ",E,TP,31,0.2258,0.2258,0.2258,18664.99
101,$50 gifts for men,31,B08VW7SB78,"Muscle Massage Gun - TYIAUS Percussion Massager Gun Deep Tissue with 30 Adjustable Speeds and 6 Heads, Portable Body Muscle Massager for Office Gym Home Post-Workout Recovery",E,FN,,0.2258,0.2258,0.2258,18664.99
101,$50 gifts for men,31,B0078EPRVS,Lowe's $50 Gift Card,E,FN,,0.2258,0.2258,0.2258,18664.99
101,$50 gifts for men,31,B07SH13HCK,Fifty The Ultimate F Word - 50th Birthday Gifts for Women and Men - Funny Bday Gift Idea for Mom Dad Husband Wife - 50 Year Old Funny 11 oz Tea Cup Coffee Mug,E,FN,,0.2258,0.2258,0.2258,18664.99
101,$50 gifts for men,31,B08R8SW1NM,"50th Birthday Gifts For Men, Women - 1971 50th Birthday Decorations For Men, Women - Gifts for Women Turning 50 - 50 Year Old Gifts For Men, Dad, Mom, Husband, Wife, Friends - 20 Oz Tumbler",E,FN,,0.2258,0.2258,0.2258,18664.99
101,$50 gifts for men,31,B084SQ8P2P,1971 50th Birthday Gifts Men Women | Birthday Gift for Man Woman turning 50 | Funny 50 th Party Supplies Decorations Ideas | Fifty Year Old Bday Coffee Mug | 50 Years Gag Office Cups Presents Mens,E,FN,,0.2258,0.2258,0.2258,18664.99
101,$50 gifts for men,31,B0921F3JTF,"Old Lives Matter Beer Glass - Funny Retirement or Birthday Gifts for Men - Unique Gag Gifts for Dad, Grandpa, Old Man, or Senior Citizen",E,FN,,0.2258,0.2258,0.2258,18664.99
101,$50 gifts for men,31,B08HVM5XMS,Vintage 1971 Etched 16oz Glass Beer Mug - 50th Birthday Aged to Perfection - 50 years old gifts,E,FN,,0.2258,0.2258,0.2258,18664.99
101,$50 gifts for men,31,B06ZY43PDR,Amazon.com Gift Card in a Birthday Pop-Up Box,E,FN,,0.2258,0.2258,0.2258,18664.99
101,$50 gifts for men,31,B085B3Z85C,Gift for 50 Year Old: Classic Rock 1971 50th Birthday T-Shirt,E,FN,,0.2258,0.2258,0.2258,18664.99
101,$50 gifts for men,31,B099QTHYQC,Vintage 1971 50th Birthday Shirt Limited Edition 50 Year Old T-Shirt,E,FN,,0.2258,0.2258,0.2258,18664.99
101,$50 gifts for men,31,B07PPMTGV1,Oldometer 49-50 Shirt 50th Birthday Gift Shirt Men Women T-Shirt,E,FN,,0.2258,0.2258,0.2258,18664.99
101,$50 gifts for men,31,B08VD4S34Z,Greatingreat 1971 Old Time Information 50th Birthday Gifts for Women Men - 1971 Vintage 15 oz Stemless Wine Glass - 50 Year Old Birthday Party Decorations - Fifty Class Reunion Ideas,E,FN,,0.2258,0.2258,0.2258,18664.99
101,$50 gifts for men,31,B07RD9W7KJ,"Lava Rock Bracelet Mens Gifts - Natural Tiger Eye Black Lava Rock Stone Mens Anxiety Bracelets, Adjustable Aromatherapy Essential Oil Diffuser Healing Bracelet Gifts for Men Boyfriend Gifts",E,FN,,0.2258,0.2258,0.2258,18664.99
101,$50 gifts for men,31,B07ZL13WZP,"joey 50th Birthday Gift Trump Mug,11 Ounces, Funny Donald Trump Gag Coffee Mugs,1971 50 Year Old Birthday Gifts for Him, Friend, Dad, Brother, Husband, Grandpa, Coworker",E,FN,,0.2258,0.2258,0.2258,18664.99
101,$50 gifts for men,31,B082M1F272,49 + One Middle Finger 50th Birthday Gifts for Men Women Beer Glass – Funny 50 Year Old Presents - 16 oz Pint Glasses Party Decorations Supplies - Craft Beers Gift Ideas for Dad Mom Husband Wife 50 th,E,FN,,0.2258,0.2258,0.2258,18664.99
101,$50 gifts for men,31,B07Y1C853J,50th Birthday Gifts for Men - 1971 16 oz Black Tumbler - 50th Birthday Decorations for Men - Birthday Gifts for 50 Year Old Man Dad Grandpa - Funny 50th Birthday Idea Presents for Men - 50 Gift Ideas,E,FN,,0.2258,0.2258,0.2258,18664.99
101,$50 gifts for men,31,B095K98Q21,"Vintage 50th Birthday Gifts Baseball Caps, It Took 50 Years to Look This Good Adjustable Cotton Funny Embroidered Hats for Women Men",E,FN,,0.2258,0.2258,0.2258,18664.99
101,$50 gifts for men,31,B08FBCBMXF,"50th Birthday Gifts for Women and Men - Funny Toilet Gag Gift - Happy 1970 Bday Gift Ideas, Turning Fifty and 50 Year Old Party Decorations Supplies for Him and Her - 2 Rolls",E,FN,,0.2258,0.2258,0.2258,18664.99
101,$50 gifts for men,31,B08RC71GYV,Old Fashioned Glasses-1971-Vintage 1971 old time information 10.25oz Whiskey Rocks Glass -50th Birthday Aged to Perfection - 50 years old gifts Bourbon Scotch Lowball Old Fashioned-1PCS,E,FN,,0.2258,0.2258,0.2258,18664.99
101,$50 gifts for men,31,B07PH417T1,Funny 50th Birthday Shirt B-Day Gift Saying Age 50 Year Joke,E,FN,,0.2258,0.2258,0.2258,18664.99
101,$50 gifts for men,31,B094VCW7HP,50th Birthday Gift For Men - 1971 Birthday Beer Gifts 20 Ounce 2-Sided Beer Can Glass - Vintage 1971 for a 50 Year Old - Funny Decoration for His or Her 50th Birthday - Unique Anniversary Party Gift,E,FN,,0.2258,0.2258,0.2258,18664.99
101,$50 gifts for men,31,B0728B7CCG,"adidas Men's Adilette Comfort Slides, Black/Core White, 9",E,FN,,0.2258,0.2258,0.2258,18664.99
101,$50 gifts for men,31,B08RCKGKL2,"50th Birthday Gifts for Men, Funny 50 Year Old Gift Coffee Mug, 1971 50th Birthday Mugs for Him, Dad, Uncle, Brother, Husband, Grandpa, Friend, Coworker, Trump Mug 11 oz Tea Cup",E,FN,,0.2258,0.2258,0.2258,18664.99
101,$50 gifts for men,31,B07J2Q8L2F,TESLYAR Natural Walnut Wood Phone Docking Station Hooks Key Holder Wallet Stand Watch Organizer Men Husband Anniversary Birthday Nightstand Purse Father Graduation Male Idea Gadgets Solid,E,FN,,0.2258,0.2258,0.2258,18664.99
108,$90 iphone not chage,4,B071YMZ4LD,"USB Charger, Anker Elite Dual Port 24W Wall Charger, PowerPort 2 with PowerIQ and Foldable Plug, for iPhone 11/Xs/XS Max/XR/X/8/7/6/Plus, iPad Pro/Air 2/Mini 3/Mini 4, Samsung S4/S5, and More",I,FP,1,0.25,0.25,0.25,15736.09
108,$90 iphone not chage,4,B08ZNGYVCG,"iPhone Charger,ZUQIETA 3Pack (Apple MFi Certified) Lightning Cable Data Sync Charging Cords with 3Pack USB Wall Charger Travel Plug Adapter Compatible iPhone 12 Pro/11 Pro/Xs/XR/X/8/8Plus and More",E,TP,2,0.25,0.25,0.25,15736.09
108,$90 iphone not chage,4,B08CKK3V52,18W USB C iPhone Fast Charger Power Delivery Wall Charger Plug with to Lightning Cable [MFi Certified] Type C Charger for iPhone SE 2020 11 Xs Max XR X 8 Plus iPad Pro and More,I,FP,3,0.25,0.25,0.25,15736.09
108,$90 iphone not chage,4,B07Q2SJNZ5,"iPhone Charger, DAZHWA 3pack 6ft Phone Charger Nylon Braided Lightning Cable Cell Phone Fast Charger Cable Cord USB Cable Compatible iPhone 13/12 /11 Pro Max/XS/XR/X/8/7/6S/6 /iPad More",C,FP,4,0.25,0.25,0.25,15736.09
108,$90 iphone not chage,4,B07QVL8ZXW,"iPhone Charger, YOKERSU Nylon Braided Lightning Cable Fast Charging 2Pack 6ft Data Sync Transfer Cord 2 Port Plug Wall Charger(ETL Listed)Compatible with iPhone 13 12 11 Pro Max XS XR X 8 7 Plus iPad",E,FN,,0.25,0.25,0.25,15736.09
108,$90 iphone not chage,4,B07WPWX689,PopSockets: PopGrip with Swappable Top for Phones and Tablets - Leopard of The Night,E,FN,,0.25,0.25,0.25,15736.09
108,$90 iphone not chage,4,B07P6Y7954,"(Refurbished) Apple iPhone XR, US Version, 64GB, Black - Unlocked",E,FN,,0.25,0.25,0.25,15736.09
109,$not without hoodie,6,B07FKRF5QK,"Amazon Essentials Men's Tech Fleece Pullover Active Hoodie, Navy, Large",I,FP,1,0.0,0.0,0.0,15566.55
109,$not without hoodie,6,B07KD91JXR,"Nike Men's Sportswear Club Jersey Pullover Hoodie, Fleece Hoodies for Men, Charcoal Heather/White, M",I,FP,2,0.0,0.0,0.0,15566.55
109,$not without hoodie,6,B00CL8M8OA,"Teenage Mutant Ninja Turtles boys Costume novelty hoodies, Green, 4T US",I,FP,3,0.0,0.0,0.0,15566.55
109,$not without hoodie,6,B014XBY01Q,"TOP LEGGING TL Women's Solid Warm Thin Thermal Knitted Casual Zip-Up Hoodie Jacket, 35-white, Large",I,FP,4,0.0,0.0,0.0,15566.55
109,$not without hoodie,6,B07SR2H2C6,"Women's Casual Zip up Hoodies Long Tunic Sweatshirts Jackets Fashion Plus Size Hoodie with Pockets Black,XXXL",S,FP,5,0.0,0.0,0.0,15566.55
109,$not without hoodie,6,B07KVKHLLZ,"Champion Men's Powerblend Fleece Pullover Hoodie, Applique Script, Oxford Gray-Y07974, LARGE",I,FP,6,0.0,0.0,0.0,15566.55
109,$not without hoodie,6,B08QF1XT5W,Boys Novelty Hoodies Sweatshirts 13-16 Years Geometic 3D Print Pullover Hoodie Long Sleeve Hoody Sweatshirt without Fleece,E,FN,,0.0,0.0,0.0,15566.55
109,$not without hoodie,6,B08F2XSXNV,"Marvel Boy's Incredible Hulk Pullover Character Hoodie with Kangaroo Pocket, Green, Size 4T",E,FN,,0.0,0.0,0.0,15566.55
109,$not without hoodie,6,B01N7HWGM2,"Global Blank Lightweight Zip Up Hoodies Men Extra Soft Fleece Hooded Sweatshirt Forest ,Moss,Large",E,FN,,0.0,0.0,0.0,15566.55
109,$not without hoodie,6,B07VQNLHPS,"Chaos World Men's Novelty Hoodie Realistic 3D Print Pullover Unisex Casual Sweatshirt(4XL,Colorful Smoke)",E,FN,,0.0,0.0,0.0,15566.55
109,$not without hoodie,6,B01N3WBAL6,Stealth My Rights Don't End Feeling Begin NRA Gun AR15 2nd Medium,E,FN,,0.0,0.0,0.0,15566.55
109,$not without hoodie,6,B00JOYXTLA,Go All Out Large Black Adult Without Music Life Would B Flat Funny Music Lovers Sweatshirt Hoodie,E,FN,,0.0,0.0,0.0,15566.55
111,%100 silicone not clear,13,B01EXLS7XS,TurtleArmor | Compatible with HTC 10 Case | One M10 Case | HTC 10 Lifestyle [Dynamic Shell] Hybrid Hard Absorber Impact Silicone Cover Kickstand Video Games - Gray Gameboy,I,FP,1,0.0,0.0,0.0,16785.76
111,%100 silicone not clear,13,B07B7J28LP,"Strap Compatible Airpods ,Kupx 2 Pack Silicone Anti-Lost Strap with Strong Magnetic Adsorption Connector Sports Neck Around Cord Strap Compatible Apple Wireless Earphone Airpods Pure White (White)",I,FP,2,0.0,0.0,0.0,16785.76
111,%100 silicone not clear,13,B0912YHCZN,"Egg Cooker Silicone, Egg Cooker Without Shell Easy Eggs, Non Stick Silicone Boiled Steamer Eggies, Maker Egg Cooker BPA Free Non-Stick Eggs Poacher, Fast Poaching For Kitchen Gadgets Accessories",I,FP,3,0.0,0.0,0.0,16785.76
111,%100 silicone not clear,13,B07QHG9MYH,"Arena Silicone Unisex Swim Cap for Women and Men, Prints and Solid Colors, Stripes",I,FP,4,0.0,0.0,0.0,16785.76
111,%100 silicone not clear,13,B07YDB19RQ,"Remote Cover for Fire TV Stick 4K, Silicone Remote case for Fire TV Cube/Fire TV(3rd Gen)/All-New 2nd Gen Alexa Voice Remote Control, Lightweight Anti-Slip Shockproof (4 Pack, Glow Blue and Green)",I,FP,5,0.0,0.0,0.0,16785.76
111,%100 silicone not clear,13,B07R73KK98,"Airpods Case and iWatch Apple Watch Band - LitoDream 5 in 1 Case and Watch Band Compatible with Airpods 2/1 Silicone Case Cover with Keychain/Strap for Airpod and iWatch (Burgundy,38mm/40mm)",I,FP,6,0.0,0.0,0.0,16785.76
111,%100 silicone not clear,13,B08DCSXW92,"Duanjinger Silicone Case for AirPod 2/1 Cover, Elf Ball for AirPods 2/1 Cartoon Anime Cute Unique Shockproof Design Skin Air Pods 1&2 Girls Women Kids Soft Protective Funny Fashion Cases Keychain",I,FP,7,0.0,0.0,0.0,16785.76
111,%100 silicone not clear,13,B017H33F3Q,"Shields of Strength Blue Silicone Bracelet-Joshua 1:9, Psalm 91:1-2, Phil 4:13 & II Timothy 1:7",I,FP,8,0.0,0.0,0.0,16785.76
111,%100 silicone not clear,13,B07X8VC6N2,"Fintie Silicone Case with Carabiner Keychain for Tile Pro (2020 & 2018), Anti-Scratch Lightweight Soft Protective Sleeve Skin Cover, Blue- Glow in The Dark",I,FP,9,0.0,0.0,0.0,16785.76
111,%100 silicone not clear,13,B082B9SSM5,"Silicone Cooking Utensil Set, Umite Chef 15pcs Silicone Cooking Kitchen Utensils Set, Non-stic - Best Kitchen Cookware with Stainless Steel Handle - Black",I,FP,10,0.0,0.0,0.0,16785.76
111,%100 silicone not clear,13,B07SBNQPWD,"Dookeh Breathable Silicone Wedding Rings for Men - Skin Safe Mens Rubber Wedding Bands - Improved Design for Crossfit Workout Swimming Firefighters Military (Black, Size 11)",I,FP,11,0.0,0.0,0.0,16785.76
111,%100 silicone not clear,13,B08GP3B198,Cute Silicone Coffee Frappuccino Cup Case Compatible with Airpods Pro and Airpod3 Headphones Cover with Keychian for Boys Girls Teenger Best Gift,I,FP,12,0.0,0.0,0.0,16785.76
111,%100 silicone not clear,13,B07WQPWBV8,AirPods Case Soft Silicone Shockproof Cover for Apple Airpods 2 1New Squirtle Pokemon Go Mega 3D Cartoon Unique Design Skin Kits Cases with Carabiner Holder for Girls Teens Air Pods (New Squirtle),I,FP,13,0.0,0.0,0.0,16785.76
111,%100 silicone not clear,13,B086XGNF7N,Multipurpose 100% Silicone Sealant (8.4 fl oz) Clear Waterproof,E,FN,,0.0,0.0,0.0,16785.76
111,%100 silicone not clear,13,B087JMPTJ5,"Edge Protector 100% Silicone, 3ft Baby Proofing Corners Clear Guards, Pre-Tape Adhesive Soft for Kids Safety, Child Table Cabinets Furniture Bumper",E,FN,,0.0,0.0,0.0,16785.76
111,%100 silicone not clear,13,B00ID8EDKY,J-B Weld 31310 All-Purpose RTV Silicone Sealant and Adhesive - 3 oz. - Clear,E,FN,,0.0,0.0,0.0,16785.76
111,%100 silicone not clear,13,B0000AYC09,STAR BRITE Silicone Sealant Clear 2.8 OZ. (082102P),E,FN,,0.0,0.0,0.0,16785.76
111,%100 silicone not clear,13,B0001FFLUI,"GE GE5040 Silicone II Kitchen Sealant, 10.1 oz Tube, Clear",E,FN,,0.0,0.0,0.0,16785.76
111,%100 silicone not clear,13,B08RMYL5YK,"Ocmoiy 60 Pcs Resin Mixing Cups Tools Kit, including 10 Pcs 100 ml Non-Stick Silicone Measuring Cups for Epoxy Resin and 50 Pcs Small Pouring Cups",E,FN,,0.0,0.0,0.0,16785.76
111,%100 silicone not clear,13,B0000DI85V,"GE GE612 Silicone II Kitchen and Bath Tub and Tile Sealant, 10.1 oz Cartridge, Clear",E,FN,,0.0,0.0,0.0,16785.76
111,%100 silicone not clear,13,B000BQWB5U,"Red Devil 0826 100% Silicone Sealant Architectural Grade, 9.8 oz., clear",E,FN,,0.0,0.0,0.0,16785.76
111,%100 silicone not clear,13,B000BQWKCY,"GE Momentive Performance Materials GE286 Advanced Silicone 2 Kitchen & Bath Sealant, 2.8oz, Almond",E,FN,,0.0,0.0,0.0,16785.76
111,%100 silicone not clear,13,B0000CBIHF,"GE 112 Silicone I Window and Door Caulk, 9.8 oz Cartridge, White",E,FN,,0.0,0.0,0.0,16785.76
111,%100 silicone not clear,13,B01KB89QVY,"SILA-SEAL Clear Professional Grade 100% RTV Silicone with reclosable Nozzle, (case of 12)",E,FN,,0.0,0.0,0.0,16785.76
111,%100 silicone not clear,13,B08D9SQ4N8,"SELSIL Aquarium Silicone Sealant Clear, High Elasticity, Safe for Fish, 100% Solvent Free, 100% Non-Toxic, Fresh and Saltwater, 10.14 Fl oz.(300 ml) Transparent (2)",E,FN,,0.0,0.0,0.0,16785.76
111,%100 silicone not clear,13,B000KE4PBQ,"Dap 00688 All-Purpose Adhesive Sealant, 100% Silicone, 2.8-Ounce Tube",E,FN,,0.0,0.0,0.0,16785.76
113,&#34;tortillas without interesterified soybean oil”,1,B07MR7X1CP,Trader Joe's Rolled Corn Tortilla Chips - Chili & Lime Flavored - Gluten Free - NET WT. 9Oz (255g) - Pack of 2 Bags,I,FP,1,0.0,0.0,0.0,15970.12
113,&#34;tortillas without interesterified soybean oil”,1,B0046XC528,"Nature Made Fish Oil 1000 mg, 250 Softgels Value Size, Fish Oil Omega 3 Supplement For Heart Health",E,FN,,0.0,0.0,0.0,15970.12
117,''i am here for a good time not a log time'' sticker,4,B07PDSH13L,I Ain't Here for a Long Time I'm Here for a Good Time Tee T-Shirt,E,TP,1,0.5,0.5,0.5,15615.71
117,''i am here for a good time not a log time'' sticker,4,B07TM79K73,Here For A Good Time Not A Long Time Funny Drinking T Shirt,E,TP,2,0.5,0.5,0.5,15615.71
117,''i am here for a good time not a log time'' sticker,4,B085SRSLQ6,Here For A Good Time Not A Long Time T-Shirt,I,FP,3,0.5,0.5,0.5,15615.71
117,''i am here for a good time not a log time'' sticker,4,B01BHT9K4E,The Rose King Board Game | Classic 2 Player Kosmos Game | Award Winning Designer Dirk Henn,I,FP,4,0.5,0.5,0.5,15615.71
117,''i am here for a good time not a log time'' sticker,4,B07NTKLTC5,I'm here for a good time not a long time t-shirt,E,FN,,0.5,0.5,0.5,15615.71
117,''i am here for a good time not a log time'' sticker,4,B07P8JCQHD,Here For A Good Time Not A Long Time T-Shirt,E,FN,,0.5,0.5,0.5,15615.71
121,'32 qt storage bins without lids',6,B07X9Z91RK,"EAMAOTT Clear Plastic Storage Organizer Container Bins with Cutout Handles, Transparent Set of 4, BPA Free, Cabinet Storage Bins for Kitchen Food Pantry Refrigerator Bathroom, 11” x 8” x 6”",S,FP,1,0.3333,0.3333,0.3333,15788.3
121,'32 qt storage bins without lids',6,B08GK7TFCT,"Neadas 16 L Clear Plastic Storage Bin with Lid, 2 Packs",S,FP,2,0.3333,0.3333,0.3333,15788.3
121,'32 qt storage bins without lids',6,B071CWD2T5,"HOMZ 3430CLRDC.04 Plastic Storage, Modular Stackable Storage Bins with Blue Latching Handles, 31 Quart, Clear, 4-Pack",S,FP,3,0.3333,0.3333,0.3333,15788.3
121,'32 qt storage bins without lids',6,B073PJ55SP,"Superio Storage Container Opaque, Clear with Blue Handles 32 Qt",E,TP,4,0.3333,0.3333,0.3333,15788.3
121,'32 qt storage bins without lids',6,B0914D1HF2,"Superio Storage Containers With Wheels (2 Pack), Stackable Large Storage Containers With Lids, Durable Latches (32 Qt)",C,FP,5,0.3333,0.3333,0.3333,15788.3
121,'32 qt storage bins without lids',6,B071CLN8DS,"Homz Plastic Storage, Modular Stackable Storage Bins with Blue Latching Handles,112 Quart, Clear, Stackable, 2-Pack",E,TP,6,0.3333,0.3333,0.3333,15788.3
121,'32 qt storage bins without lids',6,B002BA5F52,"Sterilite 19849806 18 Quart/17 Liter Ultra Latch Box, Clear with a White Lid and Black Latches, 6-Pack",E,FN,,0.3333,0.3333,0.3333,15788.3
121,'32 qt storage bins without lids',6,B07PFLRXN4,"IRIS USA TB Pearl Plastic Storage Bin Tote Organizing Container with Durable Lid and Secure Latching Buckles, 19 Qt, 6 Count",E,FN,,0.3333,0.3333,0.3333,15788.3
121,'32 qt storage bins without lids',6,B081W3BS8P,"Homz 3441CLGRDC.02 Clear storage container with lid, 64 Quart (2 Pack), Grey, 2 Count",E,FN,,0.3333,0.3333,0.3333,15788.3
121,'32 qt storage bins without lids',6,B081W2V938,"Homz Latching Clear Storage, 31 Quart, Gray, 4 Count",E,FN,,0.3333,0.3333,0.3333,15788.3
125,'but not the hippopotamus book,4,1927271967,That's Not a Hippopotamus!,E,TP,1,0.75,0.75,0.75,15601.36
125,'but not the hippopotamus book,4,068982663X,Boynton's Greatest Hits The Big Yellow Box: The Going-to-Bed Book; Horns to Toes; Opposites; But Not the Hippopotamus,S,FP,2,0.75,0.75,0.75,15601.36
125,'but not the hippopotamus book,4,B003Q8VY1W,"Boynton's Greatest Hits: Volume II (The Going to Bed Book, Horns to Toes, Opposites, But Not the Hippopotamus)",E,TP,3,0.75,0.75,0.75,15601.36
125,'but not the hippopotamus book,4,0671449044,But Not the Hippopotamus (Boynton on Board),E,TP,4,0.75,0.75,0.75,15601.36
125,'but not the hippopotamus book,4,149266247X,How to Catch a Mermaid,E,FN,,0.75,0.75,0.75,15601.36
127,'deliveries and packages not accepted' sign,1,B07L56H4C7,"Enjoyist Please Leave Deliveries and Packages Here Sign 12""x 8"" .04"" Aluminum Sign Rust Free Aluminum-UV Protected and Weatherproof",I,FP,1,0.0,0.0,0.0,15770.42
127,'deliveries and packages not accepted' sign,1,B07NHPY5WQ,"Name Plate for Door, Office, Wall, Customized and Personalized, Laser Engraved, 2-1/2"" x 8"", 18 Color Options, Laser Engraved, Classic Collection, USA Made by MY SIGN CENTER",E,FN,,0.0,0.0,0.0,15770.42
128,'do it with passion or not at all',13,B0918DPXJN,Do It with Passion or Not at All,E,TP,1,1.0,1.0,1.0,16507.92
128,'do it with passion or not at all',13,B087X77J6Q,Do It With Passion Or Not At All,E,TP,2,1.0,1.0,1.0,16507.92
128,'do it with passion or not at all',13,B08CNQX9KW,Do It With Passion Or Not At All T-Shirt,E,TP,3,1.0,1.0,1.0,16507.92
128,'do it with passion or not at all',13,B093QTF5GZ,Do It with Passion or Not at All,E,TP,4,1.0,1.0,1.0,16507.92
128,'do it with passion or not at all',13,B097CDDBB4,Do It with Passion or Not at All,E,TP,5,1.0,1.0,1.0,16507.92
128,'do it with passion or not at all',13,B08XZRD14K,Do It with Passion or Not at All,E,TP,6,1.0,1.0,1.0,16507.92
128,'do it with passion or not at all',13,B087X5XLPT,Do It With Passion Or Not At All,E,TP,7,1.0,1.0,1.0,16507.92
128,'do it with passion or not at all',13,B07NXWSMS1,Rustic Wood Magnet Inspirational Saying Laser Engraved Do it with Passion or Not at All (Brick Red),E,TP,8,1.0,1.0,1.0,16507.92
128,'do it with passion or not at all',13,B01NA92L3W,JSC158 Do It with Passion Or Not at All Motivational Inspirational Poster | 18-Inches by 12-Inches | Premium 100lb Gloss Poster Paper,E,TP,9,1.0,1.0,1.0,16507.92
128,'do it with passion or not at all',13,B095TNQZJZ,Do It with Passion or Not at All,E,TP,10,1.0,1.0,1.0,16507.92
128,'do it with passion or not at all',13,B091TY6WKX,Do It with Passion or Not at All,E,TP,11,1.0,1.0,1.0,16507.92
128,'do it with passion or not at all',13,B07S6JT2SP,Do it with passion or not at all - Basketball T-Shirt,E,TP,12,1.0,1.0,1.0,16507.92
128,'do it with passion or not at all',13,B091MPCC69,Do It with Passion or Not at All,E,TP,13,1.0,1.0,1.0,16507.92
131,'forget me not i' 2 piece framed print,3,B07QLPY976,"wall26 Framed Canvas Print Wall Art Hanging Transparent Black & White Grunge Leaves Floral Nature Illustrations Modern Art Rustic Dramatic for Living Room, Bedroom, Office - 16""x24"" Natural",S,FP,1,0.3333,0.3333,0.3333,15655.73
131,'forget me not i' 2 piece framed print,3,B08M3NQ66S,Herb Plant Framed Wall Art – Set of 2 Beautiful Elegant Botanical Picture Prints with Wood Frame for Decor Trendy Dining Room or Bathroom(11'' x 14'' x 2 Panels),E,TP,2,0.3333,0.3333,0.3333,15655.73
131,'forget me not i' 2 piece framed print,3,B07RRZ2T5P,"Wrangler Authentics Men's Regular Tapered Cargo, Pewter, 33W x 30L",I,FP,3,0.3333,0.3333,0.3333,15655.73
131,'forget me not i' 2 piece framed print,3,B07WQZR89J,"Just Breathe Inspirational Quote Gold Foil Print ,Watercolor Abstract Landscape Art Painting Natural Forest Lake Cardstock Wall Art Poster For Living Room Home Decor (set of 3 , 8’’ x 10’’ ,Unframed)",E,FN,,0.3333,0.3333,0.3333,15655.73
131,'forget me not i' 2 piece framed print,3,B0746SS5MX,Robert Ward - I Wish You. - 11x14 Unframed Typography Book Page Print - Makes a Great Home Decor or Gift Under $15 for Book Lovers,E,FN,,0.3333,0.3333,0.3333,15655.73
133,'god is not great' by christopher hitchens,7,B000Q66GA6,God Is Not Great: How Religion Poisons Everything,E,TP,1,0.5714,0.5714,0.5714,15594.69
133,'god is not great' by christopher hitchens,7,9123984163,"Christopher Hitchens Collection 3 Books Set (Mortality, God Is Not Great, Hitch 22)",E,TP,2,0.5714,0.5714,0.5714,15594.69
133,'god is not great' by christopher hitchens,7,B00G3ZR1OO,God Is Not Great : How Religion Poisons Everything,E,TP,3,0.5714,0.5714,0.5714,15594.69
133,'god is not great' by christopher hitchens,7,9124045705,Hitch 22 & God Is Not Great By Christopher Hitchens 2 Books Collection Set,S,FP,4,0.5714,0.5714,0.5714,15594.69
133,'god is not great' by christopher hitchens,7,9123984090,"Letters to a Young Contrarian, Mortality, God Is Not Great, Hitch 22 By Christopher Hitchens Collection 4 Books Set",S,FP,5,0.5714,0.5714,0.5714,15594.69
133,'god is not great' by christopher hitchens,7,B07FMMYSMK,"Fashion Micro USB Cable, 1M USB Charger Cord Nylon Braided Micro USB Charger Sync Data Cable Cord for Cell Phone (I)",I,FP,6,0.5714,0.5714,0.5714,15594.69
133,'god is not great' by christopher hitchens,7,B07TP3ZM65,Summary of Christopher Hitchens’s God Is Not Great by Swift Reads,E,TP,7,0.5714,0.5714,0.5714,15594.69
133,'god is not great' by christopher hitchens,7,9123621575,"Christopher Hitchens 3 Books Collection Set - The Missionary Position,God Is Not Great,No One Left to Lie To",E,FN,,0.5714,0.5714,0.5714,15594.69
133,'god is not great' by christopher hitchens,7,B099NS8QV1,God Is Not Great,E,FN,,0.5714,0.5714,0.5714,15594.69
133,'god is not great' by christopher hitchens,7,B08P3R4CKJ,Beyond Order: 12 More Rules for Life,E,FN,,0.5714,0.5714,0.5714,15594.69
136,'i'm tired' 'i'm not tired' tshirts,16,B08LBKRC7V,I’m Tired of Waking Up and Not Being In Maui Funny Hawaiian T-Shirt,S,FP,1,0.3125,0.3125,0.3125,16843.11
136,'i'm tired' 'i'm not tired' tshirts,16,B08LBN6TCY,I’m Tired of Waking Up and Not Being In Italy - Italian T-Shirt,S,FP,2,0.3125,0.3125,0.3125,16843.11
136,'i'm tired' 'i'm not tired' tshirts,16,B08X3TLD2H,I’m Tired of Waking Up and Not Being In Korea - Korean T-Shirt,S,FP,3,0.3125,0.3125,0.3125,16843.11
136,'i'm tired' 'i'm not tired' tshirts,16,B07SXTKK17,Mens I'm So Tired Of Being My Wife's Arm Candy T-Shirt,I,FP,4,0.3125,0.3125,0.3125,16843.11
136,'i'm tired' 'i'm not tired' tshirts,16,B097PPHN29,"I'm tired not being in Canada, eh? Canadian Flag T-Shirt",E,TP,5,0.3125,0.3125,0.3125,16843.11
136,'i'm tired' 'i'm not tired' tshirts,16,B0158P54FM,"We Match! I'm So Tired & I'm Not Tired Matching Women's Baseball Scoop Neck T-Shirt & Baby Bodysuit Set (12M Bodysuit, Women's Baseball T-Shirt Medium, Hot Pink)",S,FP,6,0.3125,0.3125,0.3125,16843.11
136,'i'm tired' 'i'm not tired' tshirts,16,B0925T3DCH,I'm Tired Of Waking Up And Not Being In Oahu T-Shirt,S,FP,7,0.3125,0.3125,0.3125,16843.11
136,'i'm tired' 'i'm not tired' tshirts,16,B08P73SWMV,"I'm a Trucker And Don't Stop When Tired, I Stop When Done T-Shirt",S,FP,8,0.3125,0.3125,0.3125,16843.11
136,'i'm tired' 'i'm not tired' tshirts,16,B07G73678X,I'm Not Tired Kids Toddlers Funny Novelty T Shirt Pink Font,E,TP,9,0.3125,0.3125,0.3125,16843.11
136,'i'm tired' 'i'm not tired' tshirts,16,B095JT836Y,I Don't Stop When I'm Tired I Stop When I'm Done - Workout T-Shirt,S,FP,10,0.3125,0.3125,0.3125,16843.11
136,'i'm tired' 'i'm not tired' tshirts,16,B07NSYPHZK,"I Am A Chef T Shirt, I Don't Stop When I'm Tired T Shirt",I,FP,11,0.3125,0.3125,0.3125,16843.11
136,'i'm tired' 'i'm not tired' tshirts,16,B07V9TZ32J,Womens I'm A Caregiver I Don't Stop When I Am Tired Funny T-Shirt,S,FP,12,0.3125,0.3125,0.3125,16843.11
136,'i'm tired' 'i'm not tired' tshirts,16,B0925NH8P5,I'm Tired Of Waking Up And Not Being In Hawaii T-Shirt,E,TP,13,0.3125,0.3125,0.3125,16843.11
136,'i'm tired' 'i'm not tired' tshirts,16,B08YKDGFTN,I'm Tired Of Waking Up And Not Being In Hawaii Funny Hawaii T-Shirt,E,TP,14,0.3125,0.3125,0.3125,16843.11
136,'i'm tired' 'i'm not tired' tshirts,16,B08LT6T5LF,I’m Tired of Waking Up and Not Being In Maui Funny Hawaiian Tank Top,S,FP,15,0.3125,0.3125,0.3125,16843.11
136,'i'm tired' 'i'm not tired' tshirts,16,B08LBSGXSJ,Womens I’m Tired of Waking Up and Not Being In Italy - Italian V-Neck T-Shirt,E,TP,16,0.3125,0.3125,0.3125,16843.11
136,'i'm tired' 'i'm not tired' tshirts,16,B08PLG5SJ5,I’m Tired of Waking Up and Not Being In Ireland - Funny T-Shirt,E,FN,,0.3125,0.3125,0.3125,16843.11
136,'i'm tired' 'i'm not tired' tshirts,16,B08LBTBMVH,Womens I’m Tired of Waking Up and Not Being In Maui Funny Hawaiian V-Neck T-Shirt,E,FN,,0.3125,0.3125,0.3125,16843.11
136,'i'm tired' 'i'm not tired' tshirts,16,B08RZ7HF3L,I’m Tired of Waking Up and Not Being In Germany - German T-Shirt,E,FN,,0.3125,0.3125,0.3125,16843.11
136,'i'm tired' 'i'm not tired' tshirts,16,B08BQFMZ7M,Toddler T-Shirt I'm Not Tired Cotton Boy & Girl Clothes Funny Graphic Tee Lavender Design Only 5 6T,E,FN,,0.3125,0.3125,0.3125,16843.11
136,'i'm tired' 'i'm not tired' tshirts,16,B0981GRMYQ,I’m Tired of Waking Up and Not Being In Maui Vintage Hawaii T-Shirt,E,FN,,0.3125,0.3125,0.3125,16843.11
136,'i'm tired' 'i'm not tired' tshirts,16,B091FMTL4P,I’m Tired of Waking Up and Not Being In Italy Premium T-Shirt,E,FN,,0.3125,0.3125,0.3125,16843.11
136,'i'm tired' 'i'm not tired' tshirts,16,B01DMA4TX8,I'm So Tired & I'm Not Tired Mommy and Me Matching Set Shirt Bodysuit Clothing Black,E,FN,,0.3125,0.3125,0.3125,16843.11
136,'i'm tired' 'i'm not tired' tshirts,16,B08X3SQKRM,I’m Tired of Waking Up and Not Being In Okinawa - Japanese T-Shirt,E,FN,,0.3125,0.3125,0.3125,16843.11
136,'i'm tired' 'i'm not tired' tshirts,16,B0158PLW12,"We Match! I'm So Tired & I'm Not Tired Matching Women's Baseball Scoop Neck T-Shirt & Child T-Shirt Set (5/6T T-Shirt, Women's Baseball T-Shirt Medium, Hot Pink)",E,FN,,0.3125,0.3125,0.3125,16843.11
136,'i'm tired' 'i'm not tired' tshirts,16,B07C84KQSS,"Mashed Clothing I'm So Tired & I'm Not Tired Unisex T-Shirt & White Bodysuit Matching Set (6M White Bodysuit, Adult Large, White)",E,FN,,0.3125,0.3125,0.3125,16843.11
136,'i'm tired' 'i'm not tired' tshirts,16,B08YJW1KQN,I'm Tired Of Waking Up And Not Being In Italy T-Shirt,E,FN,,0.3125,0.3125,0.3125,16843.11
158,"'vaccinated, because i'm not an idiot' t shirt",9,B08R317Z6R,i'm vaccinated T-Shirt,S,FP,1,0.6667,0.6667,0.6667,15627.07
158,"'vaccinated, because i'm not an idiot' t shirt",9,B0945CBH32,Womens Vaccinated Because I'm Not An Idiot -Funny Saying Vaccinated V-Neck T-Shirt,E,TP,2,0.6667,0.6667,0.6667,15627.07
158,"'vaccinated, because i'm not an idiot' t shirt",9,B08YNQ3ZF8,Vaccinated Tshirt for Men Women Vaccinated Shirt Vaccinated T-Shirt,S,FP,3,0.6667,0.6667,0.6667,15627.07
158,"'vaccinated, because i'm not an idiot' t shirt",9,B094WV6DYX,Fully Vaccinated Because I'm Not Stupid | Funny Vaccination T-Shirt,S,FP,4,0.6667,0.6667,0.6667,15627.07
158,"'vaccinated, because i'm not an idiot' t shirt",9,B09457SYL4,Vaccinated Because I'm Not An Idiot -Funny Saying Vaccinated Tank Top,E,TP,5,0.6667,0.6667,0.6667,15627.07
158,"'vaccinated, because i'm not an idiot' t shirt",9,B0945MWZS4,Vaccinated Because I'm Not An Idiot -Funny Saying Vaccinated Raglan Baseball Tee,E,TP,6,0.6667,0.6667,0.6667,15627.07
158,"'vaccinated, because i'm not an idiot' t shirt",9,B0945J8J8P,Vaccinated Because I'm Not An Idiot -Funny Saying Vaccinated Long Sleeve T-Shirt,E,TP,7,0.6667,0.6667,0.6667,15627.07
158,"'vaccinated, because i'm not an idiot' t shirt",9,B0945KJ3MK,Vaccinated Because I'm Not An Idiot -Funny Saying Vaccinated T-Shirt,E,TP,8,0.6667,0.6667,0.6667,15627.07
158,"'vaccinated, because i'm not an idiot' t shirt",9,B08TV341SM,Vaccinated Because I'm Not Stupid Funny Pro Vaccine T-Shirt,E,TP,9,0.6667,0.6667,0.6667,15627.07
158,"'vaccinated, because i'm not an idiot' t shirt",9,B07RNXR65M,Vaccinated Because I'm Not Stupid Pro Vax Anti T-Shirt,E,FN,,0.6667,0.6667,0.6667,15627.07
158,"'vaccinated, because i'm not an idiot' t shirt",9,B08S8B8W2W,I'm Not Vaccinated | Medical Vaccine T-Shirt,E,FN,,0.6667,0.6667,0.6667,15627.07
158,"'vaccinated, because i'm not an idiot' t shirt",9,B0945B52K2,Vaccinated Because I'm Not An Idiot -Funny Saying Vaccinated Sweatshirt,E,FN,,0.6667,0.6667,0.6667,15627.07
159,'vitenzi sunglass full readers for women not bifocals',15,B08739PSJ9,VITENZI Full Reader Sunglasses Cat Eye Readers for Reading Under the Verona Sun in Tortoise 2.75,E,TP,1,0.5333,0.5333,0.5333,16879.21
159,'vitenzi sunglass full readers for women not bifocals',15,B08739NDCZ,VITENZI Full Reader Sunglasses Vintage Readers for Reading Under the Lucca Sun in Burgundy 3.00,E,TP,2,0.5333,0.5333,0.5333,16879.21
159,'vitenzi sunglass full readers for women not bifocals',15,B07232HYWZ,3 Pair Classic Full Reader Sunglasses NOT BiFocals- Black 1.75,S,FP,3,0.5333,0.5333,0.5333,16879.21
159,'vitenzi sunglass full readers for women not bifocals',15,B08GLYZJ6G,"MARE AZZURO Reader Sunglasses for Women 0.50 0.75 1.00 1.25 1.50 1.75 2.00 2.25 2.50 2.75 3.00 3.25 3.50 3.75 4.00 (Leopard, 1.00)",S,FP,4,0.5333,0.5333,0.5333,16879.21
159,'vitenzi sunglass full readers for women not bifocals',15,B0873B8DSJ,VITENZI Full Reader Sunglasses Vintage Readers for Reading Under the Venice Sun in Burgundy 2.50,E,TP,5,0.5333,0.5333,0.5333,16879.21
159,'vitenzi sunglass full readers for women not bifocals',15,B0873CCPF8,VITENZI Full Reader Sunglasses Oversized Cat Eye Readers for Reading Under the Barletta Sun in Champagne 1.75,E,TP,6,0.5333,0.5333,0.5333,16879.21
159,'vitenzi sunglass full readers for women not bifocals',15,B0842B25ML,"In Style Eyes C Moore Full Reader Aviator Sunglasses, Pewter, 2.0x",S,FP,7,0.5333,0.5333,0.5333,16879.21
159,'vitenzi sunglass full readers for women not bifocals',15,B0145V0U86,"3 Pair of Classic Intellect Full Reading Sunglasses - Outdoor Reading Sunglasses NOT Bifocals - Soft Pouches Included (Black/Tortoise, 2.5 x)",S,FP,8,0.5333,0.5333,0.5333,16879.21
159,'vitenzi sunglass full readers for women not bifocals',15,B0873C3HRJ,VITENZI Full Reader Sunglasses Librarian Readers for Reading Under the Gela Sun in Black 1.75,E,TP,9,0.5333,0.5333,0.5333,16879.21
159,'vitenzi sunglass full readers for women not bifocals',15,B0873BJQG7,VITENZI Full Reader Sunglasses Oversized Readers for Reading Under the Ferrara Sun in Red 3.00,E,TP,10,0.5333,0.5333,0.5333,16879.21
159,'vitenzi sunglass full readers for women not bifocals',15,B0873BY37C,VITENZI Full Reader Sunglasses Retro Classic Readers for Reading Under the Turin Sun in Black 2.50,E,TP,11,0.5333,0.5333,0.5333,16879.21
159,'vitenzi sunglass full readers for women not bifocals',15,B0763SKPY1,"Peepers by PeeperSpecs Women's Caliente Square Reading Sunglasses, Tortoise, 2.75 x",S,FP,12,0.5333,0.5333,0.5333,16879.21
159,'vitenzi sunglass full readers for women not bifocals',15,B01MQQRPWT,EYEGUARD Outdoor Reading Sunglasses Elegant Womens Readers Glasses-Not Bifocals,S,FP,13,0.5333,0.5333,0.5333,16879.21
159,'vitenzi sunglass full readers for women not bifocals',15,B01FYCJK18,Classic Full Reader Sunglasses NOT BiFocals-Hard Case Included-Tortoise 3.50,S,FP,14,0.5333,0.5333,0.5333,16879.21
159,'vitenzi sunglass full readers for women not bifocals',15,B08739LJT8,VITENZI Full Reader Sunglasses Classic Readers for Reading Under the Rimini Sun in Black 1.75,E,TP,15,0.5333,0.5333,0.5333,16879.21
159,'vitenzi sunglass full readers for women not bifocals',15,B08739TQNV,VITENZI Full Reader Sunglasses Cat Eye Readers for Reading Under the Florence Sun in Tortoise 2.75,E,FN,,0.5333,0.5333,0.5333,16879.21
159,'vitenzi sunglass full readers for women not bifocals',15,B08MVYTBX7,"WEMOOTANTS Square Reader Sunglasses for Women Round Outdoor Reading Glasses Blue Light Blocking 1.00 1.25 1.50 1.75 2.00 2.25 2.50 2.75 3.00 3.50 4.00 (Transparent, 4.0)",E,FN,,0.5333,0.5333,0.5333,16879.21
159,'vitenzi sunglass full readers for women not bifocals',15,B0873B7GP3,VITENZI Full Reader Sunglasses Classic Readers for Reading Under the Prato Sun in Black 2.25,E,FN,,0.5333,0.5333,0.5333,16879.21
159,'vitenzi sunglass full readers for women not bifocals',15,B0873B342T,VITENZI Full Reader Sunglasses Aviator Readers for Reading Under the Anzio Sun in Gunmetal 2.50,E,FN,,0.5333,0.5333,0.5333,16879.21
159,'vitenzi sunglass full readers for women not bifocals',15,B0873C1MX8,VITENZI Full Reader Sunglasses Retro Rectangle Readers for Reading Under The Trento Sun in Gray 2.50,E,FN,,0.5333,0.5333,0.5333,16879.21
159,'vitenzi sunglass full readers for women not bifocals',15,B0873B8ZL4,VITENZI Full Reader Sunglasses Square Readers for Reading Under the Carpi Sun in Turquoise 2.00,E,FN,,0.5333,0.5333,0.5333,16879.21
159,'vitenzi sunglass full readers for women not bifocals',15,B0873BH99W,VITENZI Full Reader Sunglasses Semi Rimless Browline Readers for Reading Under the Tivoli Sun in Matte Black 2.00,E,FN,,0.5333,0.5333,0.5333,16879.21
160,'why not me?' by mindy kaling,2,B00X690KZM,Why Not Me?,E,TP,1,0.5,0.5,0.5,15788.08
160,'why not me?' by mindy kaling,2,B096TW95PP,Why Not Me?: The Power of Belief,I,FP,2,0.5,0.5,0.5,15788.08
160,'why not me?' by mindy kaling,2,1722123966,Mindy Kaling: A Biography,E,FN,,0.5,0.5,0.5,15788.08
164,(8 pack) for not samsung galaxy a71 5g case,12,B08SHFRN63,"NGB Samsung Galaxy A71 5G Case with Tempered Glass Screen Protector, Ring Holder (Not Fit A71 4G), Girls Women Liquid Bling Sparkle Flowing Floating Glitter Quicksand Soft Clear Cute Case -Blue/Purple",E,TP,1,0.75,0.75,0.75,16253.37
164,(8 pack) for not samsung galaxy a71 5g case,12,B08CSGN5RY,PBRO Case for Samsung Galaxy A71 5G Case [Not A71 5G UW Verizon] Cute Universe Case Dual Layer Hybrid Anti-Slip Sturdy Case Rugged Shockproof Case for Samsung Galaxy A71 5G-Black,E,TP,2,0.75,0.75,0.75,16253.37
164,(8 pack) for not samsung galaxy a71 5g case,12,B08FY2J25Q,Hapitek for Samsung Galaxy A71 5G case Shockproof Protective Hybrid Heavy Duty Tough 3 in 1 Rugged Case for Samsung Galaxy A71 5G 2020 [Not for Verizon A71 5G UW],S,FP,3,0.75,0.75,0.75,16253.37
164,(8 pack) for not samsung galaxy a71 5g case,12,B08J3MZN2T,"Bnuoda Galaxy A71 5G Case, Heavy Duty Shockproof Cover Full-Body Armor Protective Defender Case for Samsung Galaxy A71 5G US Version NOT Compatible with The UW Version and International Version",I,FP,4,0.75,0.75,0.75,16253.37
164,(8 pack) for not samsung galaxy a71 5g case,12,B08BRC33RQ,Sucnakp for Galaxy A71 5G Case(Not Fit A71 5G UW Verizon) Samsung A71 5G Case with Screen Protector Protection Cell Phone Cover for Samsung Galaxy A71 5G（LT Dark Green）,E,TP,5,0.75,0.75,0.75,16253.37
164,(8 pack) for not samsung galaxy a71 5g case,12,B08MZ9S7D6,"NZND Case for Samsung Galaxy A71 5G with Tempered Glass Screen Protector [Not Fit A71 4G/A71 5G UW Verizon], Glitter Sparkle Bling Leather Shockproof Protective, Girls Women Kids Cute Case -Rose Gold",E,TP,6,0.75,0.75,0.75,16253.37
164,(8 pack) for not samsung galaxy a71 5g case,12,B08BCP1S22,"(8 Pack) for Samsung Galaxy A71 5G Case [NOT for Verizon A71 5G UW],Soft Silicone Gel Bumper Phone Case Shockproof Cover for Samsung A71 5G, Red, Light Pink, Yellow, deepPink,Green,Purple,Blue, Black",E,TP,7,0.75,0.75,0.75,16253.37
164,(8 pack) for not samsung galaxy a71 5g case,12,B091YLLG6G,Compatible with Samsung Galaxy A71 5G Wallet Case Tempered Glass Screen Protector Zipper Leather Flip Cover Card Holder Stand Accessories Phone Cases for Glaxay A 71 G5 Gaxaly 71A S71 Women Men Brown,E,TP,8,0.75,0.75,0.75,16253.37
164,(8 pack) for not samsung galaxy a71 5g case,12,B08GLPWPM8,"Galaxy A71 5G Case, for Samsung Galaxy A71 5G Case, Thybx [Drop Protection] Full Body Shock Dust Absorbing Grip Plastic Bumper TPU 3-Layers Durable Solid Phone Sturdy Hard Cases Cover [Wine Red]",E,TP,9,0.75,0.75,0.75,16253.37
164,(8 pack) for not samsung galaxy a71 5g case,12,B08BJC5MZ2,"E-Began Case for Samsung Galaxy A71 5G with Tempered Glass Screen Protector (Full Coverage), Belt Clip Holster w/Kickstand Heavy Duty Armor Defender Shockproof Case [Not Fit A71 5G UW Verizon] -Camo",E,TP,10,0.75,0.75,0.75,16253.37
164,(8 pack) for not samsung galaxy a71 5g case,12,B08933DQCY,"E-Began Case Compatible for Samsung Galaxy A71 5G with [Built-in Screen Protector] (Not Fit A71 5G UW Verizon), Full-Body Protective Shockproof Rugged Bumper Durable Case Cover -Clear",E,TP,11,0.75,0.75,0.75,16253.37
164,(8 pack) for not samsung galaxy a71 5g case,12,B08P2DPKSQ,"NZND Case for Samsung Galaxy A71 5G with Built-in Screen Protector, (Not Fit A71 5G UW Verizon) Full-Body Protective Shockproof Bumper Cover, Impact Resist Durable Case -Flower Design Plum Blossom",S,FP,12,0.75,0.75,0.75,16253.37
164,(8 pack) for not samsung galaxy a71 5g case,12,B094XYSR64,"Jeylly for Samsung Galaxy A71 5G UW (Verizon) Case [Not Fit A71 4G/5G], Full Body 2 in 1 Soft TPU Bumper Anti Scratch Non Slip Colorful Oil Painting Watercolor Protective Girls Case Cover, Blue/Purple",E,FN,,0.75,0.75,0.75,16253.37
164,(8 pack) for not samsung galaxy a71 5g case,12,B08MB4XN4M,"Banzn Case for Samsung Galaxy A71 5G, Premium Leather Slim Stylish Elegant Soft Grip Shockproof Anti-Scratch Protection Cover Cases for Samsung Galaxy A71 5G (6.7"") 2020 (Red)",E,FN,,0.75,0.75,0.75,16253.37
164,(8 pack) for not samsung galaxy a71 5g case,12,B08BMR1YJQ,"E-Began Case Compatible for Samsung Galaxy A71 5G Case with Tempered Glass Screen Protector, [Not Fit A71 5G UW Verizon] Sparkle Glitter Liquid Quicksand, Girls Women Kids Cute Case -Aqua/Purple",E,FN,,0.75,0.75,0.75,16253.37
165,"(8 pck, one without packaging ) umbra single",6,B01I58U4PE,"Umbra Sling Kitchen Sink Accessory, Single-Sided Sponge Holder, White",I,FP,1,0.6667,0.6667,0.6667,15895.12
165,"(8 pck, one without packaging ) umbra single",6,B005M8YXEY,"Umbra Orchid Jewelry Hanging Tree Stand - Multi-Functional Necklace Metal Holder Display Organizer Rack With a Ring Dish Tray - Great For Organization - Can Be Used As Decor, Dining Room Centerpiece",E,TP,2,0.6667,0.6667,0.6667,15895.12
165,"(8 pck, one without packaging ) umbra single",6,B00B8RZXV0,"Umbra Starfish Drain Cover/Hair Catcher, White",I,FP,3,0.6667,0.6667,0.6667,15895.12
165,"(8 pck, one without packaging ) umbra single",6,B00FB6N9GA,"Umbra Twilight Single Curtain Rod Set – Wrap Around Design is Ideal for Blackout or Room Darkening Panels, 28-48, Nickel",E,TP,4,0.6667,0.6667,0.6667,15895.12
165,"(8 pck, one without packaging ) umbra single",6,B00FB6NADW,"Umbra Twilight Single Curtain Rod Wrap Around Design for Blackout or Room Darkening Panels, 48-88"", Nickel",E,TP,5,0.6667,0.6667,0.6667,15895.12
165,"(8 pck, one without packaging ) umbra single",6,B00FB6MHHW,"Umbra Cappa ¾” Adjustable Curtain Rod for Windows, 72 to 144-inches, Nickel",E,TP,6,0.6667,0.6667,0.6667,15895.12
165,"(8 pck, one without packaging ) umbra single",6,B083MNL3G5,"Umbra 245977-104 Cappa 1-Inch Curtain Rod, Includes 2 Matching Finials, Brackets & Hardware, 120 to 180-Inches, Brass",E,FN,,0.6667,0.6667,0.6667,15895.12
165,"(8 pck, one without packaging ) umbra single",6,B073V44H23,"Amazon Basics Tension Curtain Rod, Adjustable 78-108"" Width - Black, Classic Finial",E,FN,,0.6667,0.6667,0.6667,15895.12
174,(if you’re not in it for love) i’m outta here!,2,B00CMGLVIA,(If You're Not in It for Love) I'm Outta Here!,E,TP,1,0.5,0.5,0.5,15431.62
174,(if you’re not in it for love) i’m outta here!,2,B017MY5R8G,Just Pretend I'm Not Here Graphic Novelty Sarcastic Funny T Shirt XL Black,I,FP,2,0.5,0.5,0.5,15431.62
174,(if you’re not in it for love) i’m outta here!,2,B012XYJAZ6,A Word Boring People Use Graphic Novelty Sarcastic Funny T Shirt XL Black,E,FN,,0.5,0.5,0.5,15431.62
177,(p_num: integer not null i_num: integer not null,8,B01GU9VU0S,Kichler Lighting 56-in Satin Black with Antique Pewter Accents Downrod Mount Indoor Ceiling Fan with Remote (2-Blade),I,FP,1,0.0,0.0,0.0,15790.98
177,(p_num: integer not null i_num: integer not null,8,B07XV1S1FH,"SteelSeries Apex Pro TKL Mechanical Gaming Keyboard, Adjustable Actuation Switches, OLED Smart Display, American QWERTY Layout",I,FP,2,0.0,0.0,0.0,15790.98
177,(p_num: integer not null i_num: integer not null,8,B08CXVKP3M,"ARESGAME Power Supply (Non-Modular, AGV450)",I,FP,3,0.0,0.0,0.0,15790.98
177,(p_num: integer not null i_num: integer not null,8,B07R3GHFGX,"iWALK 20000mAh Portable Charger QC3.0 Power Bank Built-in USB C & Micro USB Cables Compatible with iPhone 12/12 Mini/12 Pro Max/11 XS Max 8 7 6 Plus,Samsung S20/S10 and More,Black",I,FP,4,0.0,0.0,0.0,15790.98
177,(p_num: integer not null i_num: integer not null,8,B01DQK7DDW,"Fourth Level MFG Atlas Graphics Card Brace, Anti Sag, Deepcool GPU Support, Video Card Holder, for Custom Desktop PC Gaming, Acrylic GPU Stand Case Mod, Bitcoin, Mining",I,FP,5,0.0,0.0,0.0,15790.98
177,(p_num: integer not null i_num: integer not null,8,B08TLSM85F,"TEAMGROUP T-FORCE CARDEA ZERO Z330 2TB with SLC Cache Graphene Copper Foil 3D NAND TLC NVMe PCIe Gen3 x4 M.2 2280 Gaming Internal SSD (Read/Write 2,100/1,600 MB/s) for Laptop & Desktop TM8FP8002T0C311",I,FP,6,0.0,0.0,0.0,15790.98
177,(p_num: integer not null i_num: integer not null,8,B0842BS34W,"Intel NUC10I7FNK 10th Gen Core i7 System, 32GB DDR4, 970 EVO 500GB NVMe M.2 SSD, Win 10 Pro Installed & Configured by E-ITX",I,FP,7,0.0,0.0,0.0,15790.98
177,(p_num: integer not null i_num: integer not null,8,B07Y5MRCPM,"Hatch Baby Rest Night Light, Sound Machine and Time-to-Rise with Coverlets (On The Go)",I,FP,8,0.0,0.0,0.0,15790.98
177,(p_num: integer not null i_num: integer not null,8,B004TJD758,"Amazing Grass Greens Blend Antioxidant: Super Greens Powder with Spirulina, Beet Root Powder, Elderberry, Bilberry, Prebioitics & Probiotics, Sweet Berry, 30 Servings (Packaging May Vary)",E,FN,,0.0,0.0,0.0,15790.98
177,(p_num: integer not null i_num: integer not null,8,B01MTPCPLS,"MiraLAX Laxative Powder for Gentle Constipation Relief, #1 Dr. Recommended Brand, 45 Dose Polyethylene Glycol 3350, Stimulant-Free, Softens Stool",E,FN,,0.0,0.0,0.0,15790.98
177,(p_num: integer not null i_num: integer not null,8,B000URL296,"Learning Resources MathLink Cubes - Set of 100 Cubes, Ages 5+, Develops Early Math Skills, STEM Based Learning, Math Cubes Manipulatives, Math Counter Cubes for Kids",E,FN,,0.0,0.0,0.0,15790.98
177,(p_num: integer not null i_num: integer not null,8,B00TP1UA00,Didax Educational Resources Unifix Cubes Set (100 Pack),E,FN,,0.0,0.0,0.0,15790.98
177,(p_num: integer not null i_num: integer not null,8,B0767LG3KK,"Your Super - Super Green Juice Powder - Immune Support, Increase Intake of Mixed Greens, Plant Based Superfood - Wheatgrass, Barley Grass, Baobab, Moringa, Chlorella, Spirulina Powder - 30 Servings",E,FN,,0.0,0.0,0.0,15790.98
177,(p_num: integer not null i_num: integer not null,8,B083JM99Q8,"Turmeric Curcumin Supplement with Ginger & Apple Cider Vinegar, BioPerine Black Pepper, Tumeric & Ginger, 95% Curcuminoids & Joint Supplement, Antioxidant Tumeric Supplements Capsules, Nature's Base",E,FN,,0.0,0.0,0.0,15790.98
177,(p_num: integer not null i_num: integer not null,8,B0006L2XNK,"Greens First - Original - 30 Servings - Nutrient Rich-antioxidant Superfood, 49 Different Super Foods, Phytonutrient & Antioxidant, Revitalize, Gluten Free, Vegan & Non-GMO - 9.95 Ounce",E,FN,,0.0,0.0,0.0,15790.98
177,(p_num: integer not null i_num: integer not null,8,B00U47FDP6,"Super Greens | #1 Green Superfood Powder | 100% USDA Organic Non-GMO Vegan Supplement | 20+ Whole Foods (Spirulina, Wheat Grass, Barley), Probiotics, Fiber & Enzymes (Original, 30 Servings)",E,FN,,0.0,0.0,0.0,15790.98
182,"(the scale does not lie, people do)",2,0997225211,"The Scale Does Not Lie, People Do",E,TP,1,0.5,0.5,0.5,15879.75
182,"(the scale does not lie, people do)",2,B091P5X7LB,Dr Younan Nowzaradan Dr Now Scale Doesnt Lie People Lie Women T-Shirt/Men Shirt/Hoodie/Sweatshirt,C,FP,2,0.5,0.5,0.5,15879.75
182,"(the scale does not lie, people do)",2,1623157730,Fresh Start Bariatric Cookbook: Healthy Recipes to Enjoy Favorite Foods After Weight-Loss Surgery,E,FN,,0.5,0.5,0.5,15879.75
184,(thermos funtainer without the handle on the lid) - 2 pack,11,B07X28981H,"THERMOS FUNTAINER 12 Ounce Stainless Steel Vacuum Insulated Kids Straw Bottle, Frozen 2",E,TP,1,0.3636,0.3636,0.3636,16223.64
184,(thermos funtainer without the handle on the lid) - 2 pack,11,B08GG8YHMR,"BJPKPK Stainless Steel Thermo Bottle 17 Oz. Insulated Water Bottle, Thermo Bottles for hot and Cold Drinks up to 12 h Heat and 24 h Cold, Pink",E,TP,2,0.3636,0.3636,0.3636,16223.64
184,(thermos funtainer without the handle on the lid) - 2 pack,11,B01M03OLF7,Stainless Steel Thermal Coffee Carafe Thermos｜Insulated Hot & Cold Beverage Pitcher Dispenser w/ Milk Server ｜24 OZ. 3 CUP Small Design for Easy Handle & Travel ｜Twin Pack,I,FP,3,0.3636,0.3636,0.3636,16223.64
184,(thermos funtainer without the handle on the lid) - 2 pack,11,B00M38FQ8S,S'well Stainless Steel Water Bottle - 25 Fl Oz - Rowboat Red - Triple-Layered Vacuum-Insulated Containers Keeps Drinks Cold for 48 Hours and Hot for 24 - BPA-Free - Perfect for the Go,I,FP,4,0.3636,0.3636,0.3636,16223.64
184,(thermos funtainer without the handle on the lid) - 2 pack,11,B00DAPQT3O,"THERMOS FUNTAINER 12 Ounce Stainless Steel Vacuum Insulated Kids Straw Bottle, Pink",I,FP,5,0.3636,0.3636,0.3636,16223.64
184,(thermos funtainer without the handle on the lid) - 2 pack,11,B01M7NHMC3,"THERMOS FUNTAINER 10 Ounce Stainless Steel Vacuum Insulated Kids Food Jar, Lime Green",E,TP,6,0.3636,0.3636,0.3636,16223.64
184,(thermos funtainer without the handle on the lid) - 2 pack,11,B00JFB2RA6,Thermos FBB500SS4 Vacuum Insulated 16 Ounce Compact Stainless Steel Beverage Bottle,E,TP,7,0.3636,0.3636,0.3636,16223.64
184,(thermos funtainer without the handle on the lid) - 2 pack,11,B08741C6S4,"Thermos Stainless Steel Vacuum 10 Ounce handle, Purple Insulated Food Jar, 10oz (TS3050PU6)",I,FP,8,0.3636,0.3636,0.3636,16223.64
184,(thermos funtainer without the handle on the lid) - 2 pack,11,B08VFCH7C9,"THERMOS FUNTAINER 16 Ounce Stainless Steel Vacuum Insulated Bottle with Wide Spout Lid, Black Matte",S,FP,9,0.3636,0.3636,0.3636,16223.64
184,(thermos funtainer without the handle on the lid) - 2 pack,11,B093D8LP4Y,"Goplus 3-Tier Rolling Utility Cart with Wheels, Heavy Duty 490 lbs Capacity Mobile Tool Bus Cart, Plastic Push Cart Service Cart for Foodservice, Restaurant, Cleaning, Workplace, 40.5"" x 19.5"" x 38.5""",I,FP,10,0.3636,0.3636,0.3636,16223.64
184,(thermos funtainer without the handle on the lid) - 2 pack,11,B07984546D,3-Pack of Thermos (TM) Food Jar 10 Ounce FUNtainer (TM) -Compatible Gaskets / O-Rings / Seals by Impresa Products - BPA-/Phthalate-/Latex-Free - Replacement for 10 Ounce Container,S,FP,11,0.3636,0.3636,0.3636,16223.64
184,(thermos funtainer without the handle on the lid) - 2 pack,11,B08NCN1VZW,"THERMOS FUNTAINER 10 Ounce Stainless Steel Vacuum Insulated Kids Food Jar with Folding Spoon, Grey",E,FN,,0.3636,0.3636,0.3636,16223.64
184,(thermos funtainer without the handle on the lid) - 2 pack,11,B00TZLTVUA,"Thermos THRF401RS6 Replacement Straw Set of 2, one size, Clear",E,FN,,0.3636,0.3636,0.3636,16223.64
184,(thermos funtainer without the handle on the lid) - 2 pack,11,B00L9GW24Q,Thermos Funtainer Replacement Straw 12 Ounce For Bottle Model Number F400 (Thermos Funtainer Without The Handle On The Lid) - 2 pack,E,FN,,0.3636,0.3636,0.3636,16223.64
184,(thermos funtainer without the handle on the lid) - 2 pack,11,B08MWH5LZM,"DOITOOL Bullet Shaped Thermos Bottle, Stainless Steel Water Bottle, Vacuum Insulated Thermos Cup for Camping Travelling",E,FN,,0.3636,0.3636,0.3636,16223.64
184,(thermos funtainer without the handle on the lid) - 2 pack,11,B07Z9P9L9H,"Thermos FUNtainer Lunch Set Bottle and Food Jar for Kids BPA Free Dishwasher Safe, 2 PC (Blue, 2 PC Set)",E,FN,,0.3636,0.3636,0.3636,16223.64
184,(thermos funtainer without the handle on the lid) - 2 pack,11,B083G4MZPK,"Thermoflask Double Wall Vacuum Insulated Stainless Steel Water Bottle 2-Pack, Midnight/Stone",E,FN,,0.3636,0.3636,0.3636,16223.64
184,(thermos funtainer without the handle on the lid) - 2 pack,11,B07DLHHSNJ,DuraFlask Explorer Double-Wall Vacuum Insulated Water Bottle (32oz) w/3 Thermal Optimizing Layers - Copper Dipped & 18/8 Stainless Steel Water Bottle Keeps Drinks & Food at Ideal Temperature Longer,E,FN,,0.3636,0.3636,0.3636,16223.64
185,(travel size) juillet has a gun perfume not a perfume,11,B01M1NG6C1,Perfume Atomiser by Travalo Classic HD White / 0.17 fl.oz. 5ml,S,FP,1,0.7273,0.7273,0.7273,16365.31
185,(travel size) juillet has a gun perfume not a perfume,11,B00GHBIJJK,"Juliette Has A Gun Anyway Eau de Parfum Spray, 3.4 Fl Oz",S,FP,2,0.7273,0.7273,0.7273,16365.31
185,(travel size) juillet has a gun perfume not a perfume,11,B07CD5T5QV,"Juliette Has A Gun Moscow Mule Eau De Parfum Spray, 3.3 Fl Oz",E,TP,3,0.7273,0.7273,0.7273,16365.31
185,(travel size) juillet has a gun perfume not a perfume,11,B08KHCKCWX,"Juliette Has A Gun Musc Invisible Eau de Parfum, 3.3 fl. oz.",S,FP,4,0.7273,0.7273,0.7273,16365.31
185,(travel size) juillet has a gun perfume not a perfume,11,B07B3XQZ42,"Juliette Has a Gun Not A Perfume Eau de Parfum Spray, 0.25 Fl Oz",E,TP,5,0.7273,0.7273,0.7273,16365.31
185,(travel size) juillet has a gun perfume not a perfume,11,B07FHPMP9G,"Juliette Has A Gun Eau de Parfum Spray, Moscow Mule, 0.25 Fl Oz",E,TP,6,0.7273,0.7273,0.7273,16365.31
185,(travel size) juillet has a gun perfume not a perfume,11,B01C7M4R02,"Juliette Has A Gun Vengeance Extreme Eau de Parfum Spray, 3.3 Fl Oz",E,TP,7,0.7273,0.7273,0.7273,16365.31
185,(travel size) juillet has a gun perfume not a perfume,11,B0130MFX74,"Juliette Has A Gun Not A Perfume Eau de Parfum Spray, 1.7 Fl Oz",E,TP,8,0.7273,0.7273,0.7273,16365.31
185,(travel size) juillet has a gun perfume not a perfume,11,B0157V6USM,"Juliette Has A Gun Not A Perfume Eau de Parfum Spray, 3.3 Fl Oz",E,TP,9,0.7273,0.7273,0.7273,16365.31
185,(travel size) juillet has a gun perfume not a perfume,11,B089KLC5J8,"Juliette Has A Gun Lipstick Fever Eau de Parfum, 1.7 fl. oz.",E,TP,10,0.7273,0.7273,0.7273,16365.31
185,(travel size) juillet has a gun perfume not a perfume,11,B01LXZ5W0L,"Juliette Has A Gun MMMM Eau de Parfum Spray, 1.7 Fl Oz",E,TP,11,0.7273,0.7273,0.7273,16365.31
185,(travel size) juillet has a gun perfume not a perfume,11,B004JY1U9I,"TokyoMilk Dark Eau de Parfum | Daring, Provocative Perfume | Intoxicating, Alluring Fragrance Notes Form a Unique, Sensory Experience",E,FN,,0.7273,0.7273,0.7273,16365.31
185,(travel size) juillet has a gun perfume not a perfume,11,B001KYQBUI,"Garden Botanika Heart Eau De Parfum, 3.2 Fluid Ounce",E,FN,,0.7273,0.7273,0.7273,16365.31
185,(travel size) juillet has a gun perfume not a perfume,11,B00858E4B0,"Juliette Has A Gun Miss Charming Eau de Parfum Spray, 1.7 Fl Oz",E,FN,,0.7273,0.7273,0.7273,16365.31
194,* batteries not included,3,B07MF4GPS6,Batteries Not Included / Checking the Boxes,I,FP,1,0.3333,0.3333,0.3333,15560.91
194,* batteries not included,3,B07CMY265H,Meet Your New Teacher: Batteries Not Included,S,FP,2,0.3333,0.3333,0.3333,15560.91
194,* batteries not included,3,0783232047,*Batteries Not Included,E,TP,3,0.3333,0.3333,0.3333,15560.91
194,* batteries not included,3,B097RYXBFT,"mafiti Electric Fly Swatter Fly Killer Bug Zapper Racket for Indoor and Outdoor 2AA Batteries not Included (2, Blue)",E,FN,,0.3333,0.3333,0.3333,15560.91
194,* batteries not included,3,B00GDLKJ6U,*Batteries Not Included,E,FN,,0.3333,0.3333,0.3333,15560.91
206,*smoke brisket not meth* shirt,34,B08D7731Y4,Smoke Brisket Not Meth Funny BBQ Grill Grilling T-Shirt,E,TP,1,0.7941,0.7941,0.7941,19195.23
206,*smoke brisket not meth* shirt,34,B09495GY6L,Funny Men BBQ Smoke Brisket Not Meth Novelty Grilling T-Shirt,E,TP,2,0.7941,0.7941,0.7941,19195.23
206,*smoke brisket not meth* shirt,34,B08P8N4MCM,Funny BBQ Shirt Smoke Brisket Not Meth Grilling Fathers Day T-Shirt,E,TP,3,0.7941,0.7941,0.7941,19195.23
206,*smoke brisket not meth* shirt,34,B07YXPFGKB,BBQ Smoke Brisket Not Meth Funny Novelty Quote T-Shirt,E,TP,4,0.7941,0.7941,0.7941,19195.23
206,*smoke brisket not meth* shirt,34,B07ZLF2SLG,"Funny Meat eaters, Smoke Brisket not Meth - Men Womens T-Shirt",E,TP,5,0.7941,0.7941,0.7941,19195.23
206,*smoke brisket not meth* shirt,34,B08FBJCNCN,"TeesPure Funny Vintage BBQ Meat Eaters Smoke Brisket Not Meth Shirt Short Sleeve Tee (Black, XL)",E,TP,6,0.7941,0.7941,0.7941,19195.23
206,*smoke brisket not meth* shirt,34,B08CTYVRMH,Smoke Brisket Not Meth Funny BBQ Barbeque Smoker Grill Gift Tank Top,S,FP,7,0.7941,0.7941,0.7941,19195.23
206,*smoke brisket not meth* shirt,34,B08D49L7XX,Vintage Smoke Brisket Not Meth Tee Funny Barbecue Grill T-Shirt,E,TP,8,0.7941,0.7941,0.7941,19195.23
206,*smoke brisket not meth* shirt,34,B0829P2V81,"Smoke brisket, not Meth - Fun BBQ T-Shirt",E,TP,9,0.7941,0.7941,0.7941,19195.23
206,*smoke brisket not meth* shirt,34,B08C2T96T8,"Casual T-Shirts - Funny Meat Eaters Smoke Brisket Not Meth - Crew Neck Short Sleeve Gifts, Black, S",E,TP,10,0.7941,0.7941,0.7941,19195.23
206,*smoke brisket not meth* shirt,34,B08D8H2C23,Mens Vintage Smoke Meat Brisket Not Meth Quote BBQ Gift Home Cook T-Shirt,E,TP,11,0.7941,0.7941,0.7941,19195.23
206,*smoke brisket not meth* shirt,34,B08DM718TC,Smoke Brisket Not Meth - Funny BBQ Grilling Meat Gift T-Shirt,E,TP,12,0.7941,0.7941,0.7941,19195.23
206,*smoke brisket not meth* shirt,34,B09666PNK4,Funny Retro BBQ Smoking Meat Lover - Smoke Brisket Not Meth T-Shirt,E,TP,13,0.7941,0.7941,0.7941,19195.23
206,*smoke brisket not meth* shirt,34,B08P4BMQRX,Smoke Brisket Not Meth Funny Brisket Shirt BBQ Grilling T-Shirt,E,TP,14,0.7941,0.7941,0.7941,19195.23
206,*smoke brisket not meth* shirt,34,B08XQ182HX,Funny Smoke Brisket Not Meth Barbeque Meat Grilling BBQ T-Shirt,E,TP,15,0.7941,0.7941,0.7941,19195.23
206,*smoke brisket not meth* shirt,34,B093R1RJ54,Smoke Meat Not Meth Grilled BBQ Dad Brisket Grilling T-Shirt,E,TP,16,0.7941,0.7941,0.7941,19195.23
206,*smoke brisket not meth* shirt,34,B07WX5186S,Funny BBQ Grillmaster Gift - Smoke Brisket Not Meth Premium T-Shirt,E,TP,17,0.7941,0.7941,0.7941,19195.23
206,*smoke brisket not meth* shirt,34,B07S4MBZTL,"BBQ, Smoke Brisket Not Meth Funny Novelty Quote T-Shirt",E,TP,18,0.7941,0.7941,0.7941,19195.23
206,*smoke brisket not meth* shirt,34,B0078NVLFK,FitPAWS Paw Pods for Dog Agility,I,FP,19,0.7941,0.7941,0.7941,19195.23
206,*smoke brisket not meth* shirt,34,B085T3GWQV,"INFELING Nail Drill Bits Set - Nail Bits for Nail Drill, Efile Nail Drill Bits for Acrylic Nails 10Pcs 3/32 inch Nail Bits for Remove Acrylic Gel Nails Cuticle Manicure Pedicure Tools",I,FP,20,0.7941,0.7941,0.7941,19195.23
206,*smoke brisket not meth* shirt,34,B08KHXGBTS,Smoke Brisket Not Meth Distressed Smoker Pork Grilling Steak T-Shirt,E,TP,21,0.7941,0.7941,0.7941,19195.23
206,*smoke brisket not meth* shirt,34,B07KT935K8,Frankford Arsenal Platinum Series European 230V Rotary Tumbler Lite and Media Separator for Cleaning and Polishing Brass During Reloading,I,FP,22,0.7941,0.7941,0.7941,19195.23
206,*smoke brisket not meth* shirt,34,B09176G4C6,Smoke Meat Not Meth Grilled BBQ Dad Brisket Grilling T-Shirt,E,TP,23,0.7941,0.7941,0.7941,19195.23
206,*smoke brisket not meth* shirt,34,B09666RKQQ,Funny Retro BBQ Smoking Meat Lover - Smoke Brisket Not Meth T-Shirt,E,TP,24,0.7941,0.7941,0.7941,19195.23
206,*smoke brisket not meth* shirt,34,B08CKPGGPK,Smoke Meat Brisket Not Meth Quote BBQ Gift Home Cook Dad Men T-Shirt,E,TP,25,0.7941,0.7941,0.7941,19195.23
206,*smoke brisket not meth* shirt,34,B0826NSQW4,Womens Smoke Brisket Not Meth Smoking BBQ Cow Meat Smoker Gift V-Neck T-Shirt,E,TP,26,0.7941,0.7941,0.7941,19195.23
206,*smoke brisket not meth* shirt,34,B081RP3QJZ,Funny BBQ Shirt Smoke Brisket Not Meth Novelty Grilling T-Shirt,E,TP,27,0.7941,0.7941,0.7941,19195.23
206,*smoke brisket not meth* shirt,34,B08D1KT7L2,Smoke Brisket Not Meth Vintage T-Shirt,E,TP,28,0.7941,0.7941,0.7941,19195.23
206,*smoke brisket not meth* shirt,34,B0966B39T1,Funny Retro BBQ Smoking Meat Lover - Smoke Brisket Not Meth T-Shirt,E,TP,29,0.7941,0.7941,0.7941,19195.23
206,*smoke brisket not meth* shirt,34,B08DNJ1FVX,Smoke Brisket Not Meth | Funny Grill BBQ Meat Lovers Tank Top,S,FP,30,0.7941,0.7941,0.7941,19195.23
206,*smoke brisket not meth* shirt,34,B08NQXHMJ2,Grill Master Backyard Cookout Chef Smoke Brisket Not Meth Tank Top,S,FP,31,0.7941,0.7941,0.7941,19195.23
206,*smoke brisket not meth* shirt,34,B08DJJXQ46,Smoke Brisket Not Meth Funny BBQ Grilling Master Vintage T-Shirt,E,TP,32,0.7941,0.7941,0.7941,19195.23
206,*smoke brisket not meth* shirt,34,B07ZBDCG4V,Funny Pitmaster BBQ Grillmaster Gift Smoke Brisket Not Meth T-Shirt,E,TP,33,0.7941,0.7941,0.7941,19195.23
206,*smoke brisket not meth* shirt,34,B08CKM9QS2,Smoke Brisket Not Meth Ribs Quote BBQ Gift Home Cook Dad Men T-Shirt,S,FP,34,0.7941,0.7941,0.7941,19195.23
206,*smoke brisket not meth* shirt,34,B07NQG3PHH,"BBQ, Smoke Brisket Not Meth Funny Novelty Quote T-Shirt",E,FN,,0.7941,0.7941,0.7941,19195.23
206,*smoke brisket not meth* shirt,34,B08Y5VWX29,Funny Barbeque Meat Grilling BBQ Smoke Brisket Not Meth Tank Top,E,FN,,0.7941,0.7941,0.7941,19195.23
206,*smoke brisket not meth* shirt,34,B084CMHBR5,Smoke Brisket Not Meth T-Shirt Grilling Barbecue BBQ T-Shirt,E,FN,,0.7941,0.7941,0.7941,19195.23
206,*smoke brisket not meth* shirt,34,B08GR2VK13,Smoke Brisket Not Meth I Grillmaster Grill Barbecue Dad Gift T-Shirt,E,FN,,0.7941,0.7941,0.7941,19195.23
206,*smoke brisket not meth* shirt,34,B08T7MLX3P,Vintage Smoke Brisket Not Meth Tank Top,E,FN,,0.7941,0.7941,0.7941,19195.23
206,*smoke brisket not meth* shirt,34,B08G4KGGSL,"Smoke Brisket not meth, funny Meat barbecue T-Shirt",E,FN,,0.7941,0.7941,0.7941,19195.23
206,*smoke brisket not meth* shirt,34,B08XPZ4XJG,Funny Barbeque Meat Grilling BBQ Smoke Brisket Not Meth T-Shirt,E,FN,,0.7941,0.7941,0.7941,19195.23
207,+ 200 bifocal glasses without line for men,18,B08B5PDZZT,"Progressive Multifocus Reading Glasses Square Blue Light Blocking Computer Eyeglasses for Men and Women No Line Multifocal Readers with Spring Hinge, 200",S,FP,1,0.6111,0.6111,0.6111,17078.22
207,+ 200 bifocal glasses without line for men,18,B00LJOQO1A,Eyekepper 5-Pack Spring Hinges Vintage Reading Glasses Men Includes Sunshine Readers,E,TP,2,0.6111,0.6111,0.6111,17078.22
207,+ 200 bifocal glasses without line for men,18,B07J2YV7QG,"Blue Light and Antifatigue Progressive Multifocal Reading Glasses Women Men Reader Bifocal Eyeglasses with Box (red, 2.5)",E,TP,3,0.6111,0.6111,0.6111,17078.22
207,+ 200 bifocal glasses without line for men,18,B08K8CNCXH,"BFOCO Noline Bifocal Progressive Multifocus 3 Levels Vision Reading Glasses Blue Light Blocking(Grey Frame,+2.00)",E,TP,4,0.6111,0.6111,0.6111,17078.22
207,+ 200 bifocal glasses without line for men,18,B08R8BXS5V,FEISEDY Progressive Multifocus Reading Glasses Blue Light Blocking Anti EYE Strain Computer Eyeglasses B4015 （Transparent，200）,S,FP,5,0.6111,0.6111,0.6111,17078.22
207,+ 200 bifocal glasses without line for men,18,B07PRVVFVK,"LifeArt Bifocal Reading Glasses with Round Lenses, Blue Light Blocking Glasses for Women, Anti Glare, Reduce Eyestrain (Pinkfloral, +0.00/+2.00 Magnification)",I,FP,6,0.6111,0.6111,0.6111,17078.22
207,+ 200 bifocal glasses without line for men,18,B07XG4VNFT,"Gaoye Progressive Multifocal Reading Glasses Blue Light Blocking for Women Men,No Line Multifocus Readers with Spring Hinge (Black-Purple, 200)",E,TP,7,0.6111,0.6111,0.6111,17078.22
207,+ 200 bifocal glasses without line for men,18,B08K8M4BBV,Rimless Bifocal Reading Glasses Blue Light Blocking Eyewear Anti Glare Filter UV,E,TP,8,0.6111,0.6111,0.6111,17078.22
207,+ 200 bifocal glasses without line for men,18,B08BWXC4K8,"LifeArt Bifocal Reading Glasses, Transition Photochromic Dark Grey Sunglasses, Oval Frame, Computer Reading Glasses, Anti Glare (Tortoise, +0.00/+2.00 Magnification)",E,TP,9,0.6111,0.6111,0.6111,17078.22
207,+ 200 bifocal glasses without line for men,18,B0919KX1HK,Eyekepper 4-Pack Progressive Multifocus Reading Glasses Blue Light Blocking for Women Men No Line Multifocal Readers +2.00,E,TP,10,0.6111,0.6111,0.6111,17078.22
207,+ 200 bifocal glasses without line for men,18,B07XD6PY6V,"3-Pack Bifocal Computer Reading Glasses Blue Light Blocking, Stylish Round Bifocal Readers Sunglasses Lightweight Comfort Quality Frames for Men Women, 3.0",E,TP,11,0.6111,0.6111,0.6111,17078.22
207,+ 200 bifocal glasses without line for men,18,B00W9IXUT4,Eyekepper Polycarbonate Large Lens Line Bifocal Glasses Readers Men Grey +2.0,I,FP,12,0.6111,0.6111,0.6111,17078.22
207,+ 200 bifocal glasses without line for men,18,B0895J42Z7,"MINCL/Mens Bifocal Reading Glasses Vintage Transition Photochromic Sunglasses Square Clear Magnification Presbyopia (Black, 0.00/+2.00 Magnification)",E,TP,13,0.6111,0.6111,0.6111,17078.22
207,+ 200 bifocal glasses without line for men,18,B081JKMNFS,"Progressive Multifocus Reading Glasses for Men & Women, No Line Multifocal Readers Blue Light Blocking Reading Glasses, 100% UV Protection, Improved Sight, Black 2.0X",S,FP,14,0.6111,0.6111,0.6111,17078.22
207,+ 200 bifocal glasses without line for men,18,B07X8ZFFWB,"Bifocal Reading Glasses UV400 Protection Lightweight Quality Sun Readers Fashion Outdoor Driving Eyeglass for Men Women, 2.0",E,TP,15,0.6111,0.6111,0.6111,17078.22
207,+ 200 bifocal glasses without line for men,18,B08C7J1R4G,Bifocal Reading Glasses Men Blue Light Blocking Computer Glasses Titanium Alloy Legs Reader Black 2.5x,E,TP,16,0.6111,0.6111,0.6111,17078.22
207,+ 200 bifocal glasses without line for men,18,1632365936,Sailor Moon Eternal Edition 6,I,FP,17,0.6111,0.6111,0.6111,17078.22
207,+ 200 bifocal glasses without line for men,18,B08N11JVZK,"SIGVAN Progressive Multifocal Computer Glasses Women Men Blue Light Blocking Reading Glasses Spring Hinge Readers (2 Mix, 2.25)",S,FP,18,0.6111,0.6111,0.6111,17078.22
207,+ 200 bifocal glasses without line for men,18,B08HPPWQRM,"Men's Bifocal Reading Glasses Business Sun Photochromic Lens Metal Frame 2020 Fashion Eyewear Presbyopia (Black, 0.00/+2.00 Magnification)",E,FN,,0.6111,0.6111,0.6111,17078.22
207,+ 200 bifocal glasses without line for men,18,B06XDQX8P1,Progressive Trifocal Reading Glasses 1.00 Readers,E,FN,,0.6111,0.6111,0.6111,17078.22
207,+ 200 bifocal glasses without line for men,18,B082YQHQ85,MWAH Multifocal Reading Glasses for Men Progressive Half Frame Titanium Alloy Blue Light Blocking Computer Reading Glasses No Line Multifocal Reading Glasses (Black 2.5 x),E,FN,,0.6111,0.6111,0.6111,17078.22
207,+ 200 bifocal glasses without line for men,18,B01KJQ7ITU,"ThinOptics unisex adult Keychain Case + Reading Glasses, Black, 44 mm US",E,FN,,0.6111,0.6111,0.6111,17078.22
207,+ 200 bifocal glasses without line for men,18,B01MCW9SV0,"Foster Grant Men's Command Aviator Reading Glasses, Gunmetal/Transparent, 61 mm + 2",E,FN,,0.6111,0.6111,0.6111,17078.22
207,+ 200 bifocal glasses without line for men,18,B01469HTIQ,Eyecedar Metal Half-Frame Reading Glasses Men 5-Pack Spring Hinges Stainless Steel Material Includes Sun Readers 2.00,E,FN,,0.6111,0.6111,0.6111,17078.22
207,+ 200 bifocal glasses without line for men,18,B07HK7F3F8,"4 Pairs Reading Glasses, Blue Light Blocking Glasses, Computer Reading Glasses for Women and Men, Fashion Rectangle Eyewear Frame(4 Colors, +2.50 Magnification)",E,FN,,0.6111,0.6111,0.6111,17078.22
212,+4x2 raised garden bed not fabric,14,B0841HYXYC,LUCKYERMORE Raised Garden Bed Galvanized Planter Box Anti-Rust Coating Planting Vegetables Herbs and Flowers for Outdoor Use Cama de jardín,E,TP,1,0.4286,0.4286,0.4286,16500.8
212,+4x2 raised garden bed not fabric,14,B088TR19CK,Cedar Raised Garden Bed Kit – Elevated Ground Planter for Growing Fruit/Vegetables/Herbs – (47 x 47 x 11) inches – Natural Rot-Resistant Wood Beds Last 5+ Years Outdoors,E,TP,2,0.4286,0.4286,0.4286,16500.8
212,+4x2 raised garden bed not fabric,14,B08PD9K7RQ,"zizin Raised Garden Beds Kit for Vegetables Flowers Outdoor Elevated Metal Planter Box Herb, 6x3x1ft",S,FP,3,0.4286,0.4286,0.4286,16500.8
212,+4x2 raised garden bed not fabric,14,B08QM9K227,"Land guard 6ft Metal Raised Garden Bed，2 Pcs Galvanized Planter Raised Beds Garden, Galvanized Raised Garden Beds for Vegetables………",S,FP,4,0.4286,0.4286,0.4286,16500.8
212,+4x2 raised garden bed not fabric,14,B07DVTSC8Y,"Stratco Raised Garden Bed - 46"" L x 35"" W x 12"" H -Beige - Metal Construction for Easy Cleaning and Will not Twist or Rot",E,TP,5,0.4286,0.4286,0.4286,16500.8
212,+4x2 raised garden bed not fabric,14,B077XCFBF1,"Yaheetech Raised Garden Bed with Legs Vegetable/Flower/Herb Elevated Planter Box Gardening Standing Growing Bed Wooden for Backyard/Patio/Balcony/Outdoor/Indoor, Large Capacity 220lb",I,FP,6,0.4286,0.4286,0.4286,16500.8
212,+4x2 raised garden bed not fabric,14,B07CJK4WPH,"ASSR Fabric Raised Garden Bed, Rectangle Breathable Planting Container Grow Bag Planter Pot for Plants, Flowers, Vegetables size 3(L) x3(W) ft (Black)",S,FP,7,0.4286,0.4286,0.4286,16500.8
212,+4x2 raised garden bed not fabric,14,B08PP1N312,"AOJIE 2 Pack Rectangle Raised Garden Planter Fabric Bed,Breathable Planting Container Plant Grow Bags,Non-Woven Aeration Fabric Pots for Flowers Vegetables Plants,2ft x 4ft",E,TP,8,0.4286,0.4286,0.4286,16500.8
212,+4x2 raised garden bed not fabric,14,B08T5Q4NXH,"Metal Raised Garden Bed Galvanized Planter Box for Vegetables, Flowers, Herbs, and Succulents (NO.1-Silver (Galvanized), 6x3x1ft)",S,FP,9,0.4286,0.4286,0.4286,16500.8
212,+4x2 raised garden bed not fabric,14,B07T8HMV5S,zizin Galvanized Raised Garden Beds Metal Elevated Planter Box Steel Large Vegetable Flower Bed Kit (6 ×3 ×1 ft),E,TP,10,0.4286,0.4286,0.4286,16500.8
212,+4x2 raised garden bed not fabric,14,B06XPRJP9B,"Vita Gardens 4x4 Garden Bed with Grow Grid, Packaging may vary",S,FP,11,0.4286,0.4286,0.4286,16500.8
212,+4x2 raised garden bed not fabric,14,B07T499RHJ,"FOYUEE Galvanized Raised Garden Beds for Vegetables Large Metal Planter Box Steel Kit Flower Herb, 8x4x1ft",S,FP,12,0.4286,0.4286,0.4286,16500.8
212,+4x2 raised garden bed not fabric,14,B0085YFSEQ,"Lifetime 60069 Raised Garden Bed Kit, 4 by 4 Feet, Pack of 3",E,TP,13,0.4286,0.4286,0.4286,16500.8
212,+4x2 raised garden bed not fabric,14,B07YWD7NH5,"Galvanized Steel Raised Garden Bed Kit Extra Height Elevated Planter Box Steel Large Vegetable Flower Bed Kit (3.3 x 6.6 x 1.3 Ft, Sliver)",I,FP,14,0.4286,0.4286,0.4286,16500.8
212,+4x2 raised garden bed not fabric,14,B07MFP57LB,"Cedar Raised Garden Bed Kit (48"" x 48"" x 12""), Weed Barrier Included - Unmatched Strength, Thicker Than All Other Elevated Planters - 100% Rot Resistant Cedar - Fast Assembly, No Tools Needed",E,FN,,0.4286,0.4286,0.4286,16500.8
212,+4x2 raised garden bed not fabric,14,B08CNL44R4,EZ-GRO 2 ft X 4 ft Raised Garden Bed Just Right Size AeroFlow Proprietary Fabric Pot Grow Your OWN by Victory 8 Garden,E,FN,,0.4286,0.4286,0.4286,16500.8
212,+4x2 raised garden bed not fabric,14,B07RSXQV6G,FOYUEE Raised Planter Box with Legs Outdoor Elevated Garden Bed On Wheels for Vegetables Flower Herb Patio,E,FN,,0.4286,0.4286,0.4286,16500.8
212,+4x2 raised garden bed not fabric,14,B08HHJCS5B,"Hopestar 6Pcs (49.2"" x 27.6"") Greenhouse Hoops, Plant Support Garden Stakes, 6.9ft Long Steel Rust-Free Grow Tunnel with Plastic Coated Support Hoops Frame for Garden Fabric",E,FN,,0.4286,0.4286,0.4286,16500.8
212,+4x2 raised garden bed not fabric,14,B07CM8FTQ4,"Fabric Raised Planting Bed, Garden Grow Bags Herb Flower Vegetable Plants Bed Rectangle Planter for Plants Flowers and Vegetables (3ft x 6ft)",E,FN,,0.4286,0.4286,0.4286,16500.8
212,+4x2 raised garden bed not fabric,14,B07CSKR7JH,"Fabric Raised Garden Bed, 4x2 Feet Rectangle Breathable Planting Container Grow Bag Planter Pot for Plants, Flowers, Vegetables (Black)",E,FN,,0.4286,0.4286,0.4286,16500.8
212,+4x2 raised garden bed not fabric,14,B08NB362BF,"Ohuhu Landscape Fabric Weed Barrier Fabric, 3' x 50' Dual-Layer Premium 5oz Garden Landscaping Fabric, Durable & Heavy-Duty Weed Block Gardening Mat, Weed Control Ground Cover for Flower Bed, Mulch",E,FN,,0.4286,0.4286,0.4286,16500.8
212,+4x2 raised garden bed not fabric,14,B07CM9S5F8,"pannow Fabric Raised Planting Bed, Garden Grow Bags Herb Flower Vegetable Plants Bed Rectangle Planter for Plants Flowers and Vegetables (2ft x 4ft)",E,FN,,0.4286,0.4286,0.4286,16500.8
226,+outside weather station and not digital,12,B088D4YF8B,"Weather Station, Digital Indoor Outdoor Thermometer Hygromete, Home Weather Forecaster Station, Wireless Temperature and Humidity Monitor with Remote Sensor, Backlight, Time, Alarm Clock",S,FP,1,0.0833,0.0833,0.0833,16461.96
226,+outside weather station and not digital,12,B08NWY8HHL,"YISUN Weather Station Indoor Outdoor Thermometer Wireless Digital Color Display Temperature Humidity Monitor, Alarm Clock, Icing Alarm, Moon Phase, Barometer with Weather Thermometer Forecast Station",I,FP,2,0.0833,0.0833,0.0833,16461.96
226,+outside weather station and not digital,12,B085R9KBN1,"Newentor Weather Station Wireless Indoor Outdoor Multiple Sensors, Digital Atomic Clock Weather Thermometer, Temperature Humidity Monitor Forecast Weather Stations with Backlight",I,FP,3,0.0833,0.0833,0.0833,16461.96
226,+outside weather station and not digital,12,B08R5HK232,"Geevon Weather Station Wireless Indoor Outdoor Thermometer Multiple Sensors, LCD Large Display Digital Temperature Humidity Monitor with Dual Alarms, Adjustable Backlight and DIY Stickers",S,FP,4,0.0833,0.0833,0.0833,16461.96
226,+outside weather station and not digital,12,B07Y1DSWBH,"Kalawen Weather Station Wireless Indoor Outdoor Weather Stations with Multiple Sensors, Home Digital Weather Stations Thermometer with Atomic Clock,Humidity Thermometer Monitor Barometer",I,FP,5,0.0833,0.0833,0.0833,16461.96
226,+outside weather station and not digital,12,B07JB74DHZ,"PINGKO Weather Station Digital Temperature Monitor Indoor Outdoor Wireless Station Monitoring Temperature,Alarm Clock Calendar,Humidity,Forecast - Black Cobblestone Shape with LED Backlight Display",S,FP,6,0.0833,0.0833,0.0833,16461.96
226,+outside weather station and not digital,12,B016TKM6HY,AcuRite Digital Weather Station,S,FP,7,0.0833,0.0833,0.0833,16461.96
226,+outside weather station and not digital,12,B086QJT4Q2,"ThermoPro TP68B Weather Station 500ft Indoor Outdoor Thermometer Wireless, Hygrometer Barometer with Temperature Humidity Sensor, Forecast Weather Thermometers with 7"" Large Adjustable LCD Screen",S,FP,8,0.0833,0.0833,0.0833,16461.96
226,+outside weather station and not digital,12,B08P5QCJW9,"Wanap Weather Station, Wireless Weather Station Indoor Outdoor Thermometer Temperature and Humidity Weather, Digital Colorful Display Multifunctional Weather Forecast Hygrometer Barometer, Radio Clock",S,FP,9,0.0833,0.0833,0.0833,16461.96
226,+outside weather station and not digital,12,B07VWQBCF8,"BALDR Indoor & Outdoor Thermometer and Hygrometer with White Backlight, Digital Wireless Weather Station, Temperature Monitor & Humidity Gauge, Battery-Operated - White",E,TP,10,0.0833,0.0833,0.0833,16461.96
226,+outside weather station and not digital,12,B088TL7M4Q,"Geevon Weather Station Wireless Indoor Outdoor Thermometer Multiple Sensors, Color LCD Display Digital Weather Thermometer with Atomic/Alarm Clock, Calendar and Adjustable Backlight",S,FP,11,0.0833,0.0833,0.0833,16461.96
226,+outside weather station and not digital,12,B08D6B1FBB,"Weather Station Wireless Indoor Outdoor Weather Stations with Atomic Clock, Large Display Digital Weather Forecast Station Moon Phase with Remote Sensors",S,FP,12,0.0833,0.0833,0.0833,16461.96
226,+outside weather station and not digital,12,B08WWV8TB7,SMARTRO Wireless Indoor Outdoor Thermometer Weather Station Color Large Display Room Hygrometer Temperature and Humidity Monitor,E,FN,,0.0833,0.0833,0.0833,16461.96
226,+outside weather station and not digital,12,B07YY51WZB,"Govee Weather Station Wireless, Color LCD Display, Weather Forecast with Outdoor Sensor, Digital Temperature and Humidity Gauge with Alarm Clock, Backlight,Moon Phase, Snooze Mode",E,FN,,0.0833,0.0833,0.0833,16461.96
226,+outside weather station and not digital,12,B091GD15HC,"White Weather Station Wireless Indoor Outdoor Sensors with Jumbo Display and Atomic Clock, Digital Color Forecast Station with Alerts,Temperature and Relative Humidity Detector",E,FN,,0.0833,0.0833,0.0833,16461.96
226,+outside weather station and not digital,12,B08HLX4NCQ,"Home Weather Stations Wireless Indoor Outdoor, Color Weather Forecast Station, Digital Wireless Weather Station Thermometer,Barometer,Temperature and Humidity Monitor Alerts",E,FN,,0.0833,0.0833,0.0833,16461.96
226,+outside weather station and not digital,12,B07DM63GQ2,Ambient Weather WS-1900A Osprey Solar Powered Wireless Professional Weather Station,E,FN,,0.0833,0.0833,0.0833,16461.96
226,+outside weather station and not digital,12,B0015KIFKG,"AcuRite 75077A3M Self-Learning Forecast Wireless Weather Station with Large Display and Atomic Clock, Black",E,FN,,0.0833,0.0833,0.0833,16461.96
226,+outside weather station and not digital,12,B01LDFKEVA,"La Crosse Technology 308-1409BT-CBP Wireless Temperature Station, Black",E,FN,,0.0833,0.0833,0.0833,16461.96
226,+outside weather station and not digital,12,B085WXYD4N,Wittime 2022A Weather Station Wireless Temperature Sensor Outside Thermometer for Home Temperature Monitor Barometer Indoor Outdoor thermometers and Weather Instruments,E,FN,,0.0833,0.0833,0.0833,16461.96
226,+outside weather station and not digital,12,B000TUCK2W,La Crosse Technology TX29U-IT 915 MHz Wireless Temperature Sensor,E,FN,,0.0833,0.0833,0.0833,16461.96
226,+outside weather station and not digital,12,B00T0K8MNI,"AcuRite VN1TXC 5-in-1 Weather Sensor with Rain Gauge, Wind Speed, Wind Direction, Temperature and Humidity",E,FN,,0.0833,0.0833,0.0833,16461.96
226,+outside weather station and not digital,12,B086KYCGVC,"BALDR Weather Station, Wireless Digital Indoor Outdoor Thermometer Hygrometer with Backlight LCD Display and External Sensor, Ideal for Weather Forecast Monitoring, Alarm Clock (Black)",E,FN,,0.0833,0.0833,0.0833,16461.96
229,+women red shoes without lacies,6,B07DFFHLL5,"ZGR Women's Slip On Canvas Loafer Shoes Fashion Low Cut Sneakers,Black,US8…",S,FP,1,0.1667,0.1667,0.1667,15613.68
229,+women red shoes without lacies,6,B00KAGK2ZC,Therafit Shoe Women's Sienna Side Zip Sport Casual Walking Shoe 7 Black,I,FP,2,0.1667,0.1667,0.1667,15613.68
229,+women red shoes without lacies,6,B081NC61DM,"Columbia Women's MONTRAIL F.K.T. LITE Sneaker, Dark Fuchsia/Cobalt Blue, 11",S,FP,3,0.1667,0.1667,0.1667,15613.68
229,+women red shoes without lacies,6,B078NHS4ZR,DREAM PAIRS Women's NILE Nude Fashion Stilettos Open Toe Pump Heel Sandals Size 8.5 B(M) US,I,FP,4,0.1667,0.1667,0.1667,15613.68
229,+women red shoes without lacies,6,B07QV85YN2,CAMEL CROWN Hiking Shoes Women Waterproof Non Slip Sneakers Low Top for Outdoor Trekking Walking Red 11,E,TP,5,0.1667,0.1667,0.1667,15613.68
229,+women red shoes without lacies,6,B08BFNM9XL,"Adokoo Women's High Top Canvas Sneaker Shoes Classic Fashion Lace ups Sneakers (US9,Red)",S,FP,6,0.1667,0.1667,0.1667,15613.68
229,+women red shoes without lacies,6,B07DVHFPNC,"New Balance Women's 410 V6 Trail Running Shoe, Black/Magnet/Champagne Metallic, 9 W US",E,FN,,0.1667,0.1667,0.1667,15613.68
229,+women red shoes without lacies,6,B0099NWSLI,Finn Comfort Gomera - 82562 Red 38 (US Women's 7.5-8),E,FN,,0.1667,0.1667,0.1667,15613.68
229,+women red shoes without lacies,6,B084D5X36K,"Wave Runner Womens Water Shoes (Red, Numeric_9)",E,FN,,0.1667,0.1667,0.1667,15613.68
229,+women red shoes without lacies,6,B077ZHCH3Q,"DailyShoes Women's Classic Flat Shoe Ballet Slip On Flats Ballerina Casual Walking Dress Shoes Round Toe Slip-on Red,sv,7",E,FN,,0.1667,0.1667,0.1667,15613.68
229,+women red shoes without lacies,6,B00LH3UF86,"KEEN Women’s Targhee 2 Low Height Waterproof Hiking Shoe, Black Olive/Mineral Blue, 10 M (Medium) US",E,FN,,0.1667,0.1667,0.1667,15613.68
230,", 1, skullcandy jib wired in-earphone without mic (black)",1,B07QYKFG6J,Skullcandy Ink'd Plus In-Ear Earbud - Black,S,FP,1,0.0,0.0,0.0,15586.83
230,", 1, skullcandy jib wired in-earphone without mic (black)",1,B00JG2WRUO,"Sony MDREX15AP In-Ear Earbud Headphones with Mic, Black (MDREX15AP/B)",E,FN,,0.0,0.0,0.0,15586.83
247,", pharmaton without yinseng",9,B08Z46YBRV,"Sanofi Pharmaton GERIAVIT Vitality 50+ 100tbl Combination of Vitamins, Minerals and Ginseng Extract G115",C,FP,1,0.5556,0.5556,0.5556,16050.5
247,", pharmaton without yinseng",9,B001E112QA,Pharmaton Natural Health Prods Ginsana Capsules Bonus 105 Cap3,E,TP,2,0.5556,0.5556,0.5556,16050.5
247,", pharmaton without yinseng",9,B00QPM1UYM,Geriatric Pharmaton Multi Vitamins Mineral Ginseng G115 Prophylaxis Age 30 Caps,S,FP,3,0.5556,0.5556,0.5556,16050.5
247,", pharmaton without yinseng",9,B07D9JJGC3,Geriatric Pharmaton With G115 Ginseng Extract (30 Capsules) +++ Swiss Quality + New Package + Same Formula +++ Clinical Proven for The Prophylaxis of Ages Infirmities and Retard Convalescence,I,FP,4,0.5556,0.5556,0.5556,16050.5
247,", pharmaton without yinseng",9,B07QM8JCWX,"Pharmaton Advance Multivitamin and Mineral Caplets, 100 Caplets",E,TP,5,0.5556,0.5556,0.5556,16050.5
247,", pharmaton without yinseng",9,B08ZV5XD53,100 caplets of Pharmaton Advance Multivitamins & Minerals,E,TP,6,0.5556,0.5556,0.5556,16050.5
247,", pharmaton without yinseng",9,B082MK454K,"2 packs x Pharmaton Advance Multivitamin and Mineral Capsules, 100 Capsules",E,TP,7,0.5556,0.5556,0.5556,16050.5
247,", pharmaton without yinseng",9,B009DGFV56,Pharmaton Active Life - Pack Of 30 Caplets,I,FP,8,0.5556,0.5556,0.5556,16050.5
247,", pharmaton without yinseng",9,B07D5RY3TB,Geriatric Pharmaton Ginseng Extract G115 (100 Capsules) +++ Swiss Quality + New Package + Same Formula +++ Clinical Proven for The Prophylaxis of Ages Infirmities and Retard Convalescence,E,TP,9,0.5556,0.5556,0.5556,16050.5
247,", pharmaton without yinseng",9,B01BT4GK72,"Leviton 41084-BB Blank QuickPort Insert (10-Pack), Brown , White",E,FN,,0.5556,0.5556,0.5556,16050.5
247,", pharmaton without yinseng",9,B01MECVTDY,"NutraChamps Korean Red Panax Ginseng 1000mg - 120 Vegan Capsules Extra Strength Root Extract Powder Supplement w/ High Ginsenosides for Energy, Performance & Mental Health Pills for Men & Women",E,FN,,0.5556,0.5556,0.5556,16050.5
247,", pharmaton without yinseng",9,B00MRJ8LSU,"Otamatone [English Edition] Japanese Electronic Musical Instrument Portable Synthesizer from Japan by Cube/Maywa Denki, Black",E,FN,,0.5556,0.5556,0.5556,16050.5
247,", pharmaton without yinseng",9,B07VVF4C9Z,PHARMATON KIDDI Syrup with Essential MULTIVITAMINS and Minerals 100 ML,E,FN,,0.5556,0.5556,0.5556,16050.5
267,- *item not packed in kit -,1,B08HG3L746,F&P Vitera Assembly Kit Without Headgear (Medium),I,FP,1,0.0,0.0,0.0,15471.17
267,- *item not packed in kit -,1,B0736D7LSP,Tealyra - Matcha - Start Up Kit - 4 items - Matcha Green Tea Gift Set - Japanese Made Red Bowl - Bamboo Whisk and Scoop - Whisk Holder - Gift Box,E,FN,,0.0,0.0,0.0,15471.17
275,- hanging do not enter,8,B08R9XH6FM,"Kichwit Do Not Enter Sign with Metal Stakes, Reflective Aluminum Sign for Outdoor Use, 11.8 x 11.8 Inches, Weather Resistant",E,TP,1,0.5,0.5,0.5,15747.96
275,- hanging do not enter,8,B08XBGGG1B,8x6 Speaking with God Please Do Not Disturb Custom Wood Sign | Quiet Prayer in Session Religious Progress Do Not Enter Wall Door Plaque,S,FP,2,0.5,0.5,0.5,15747.96
275,- hanging do not enter,8,B07ZV4NRLM,Eletina twinkle Attention Dogs Loose Please Do Not Enter Sign. 8x12 Metal. Dog in Yard,E,TP,3,0.5,0.5,0.5,15747.96
275,- hanging do not enter,8,B01N2IGGYJ,"THOU SHALT NOT ENTER Sign warning stop do not enter signs | Indoor/Outdoor | 12"" Tall Plastic Sign",S,FP,4,0.5,0.5,0.5,15747.96
275,- hanging do not enter,8,B08PVSXL7J,"WSNIHO Do Not Disturb Door Sign, Double Sided Decorative Wood Sign for Home, Offices, Clinics, Law Firms, Hotels or During Therapy, Spa Treatment, Counseling Sessions (10""x 5"")",E,TP,5,0.5,0.5,0.5,15747.96
275,- hanging do not enter,8,B08LBG858P,"ANJOOY Tin Signs Vintage - Keep Out Gamer at Play Do Not Disturb Enter at Own Risk - Metal Sign for Bedroom Cafe Home Bar Pub Coffee Beer Kitchen Bathroom Door Garden Funny Wall Decor Art 8""x12""",S,FP,6,0.5,0.5,0.5,15747.96
275,- hanging do not enter,8,B07HYC5YLZ,"Restricted Area – Do Not Enter Sign (3-pack) – 18"" x 12"" Aluminum Safety Warning Sign For Businesses",S,FP,7,0.5,0.5,0.5,15747.96
275,- hanging do not enter,8,B01E0A8UIY,"DO NOT ENTER PRIVATE DRIVEWAY Sign prohibited protection no entrance | Indoor/Outdoor | 12"" Tall Plastic Sign",E,TP,8,0.5,0.5,0.5,15747.96
275,- hanging do not enter,8,B07LCV9VFG,"DO NOT Enter Wrong Way Aluminum Sign Traffic Road Street Entrance Parking | Indoor/Outdoor | 10"" Tall",E,FN,,0.5,0.5,0.5,15747.96
275,- hanging do not enter,8,B087G5PQW9,Warning Do Not Enter Wrong Way Metal Tin Sign Business Retail Store Home Large Gate Driveway,E,FN,,0.5,0.5,0.5,15747.96
275,- hanging do not enter,8,B0716YYVZM,XLD Store Restricted Section Do Not Enter Wizardry Hanging Plaque Magic Gift Wood Sign,E,FN,,0.5,0.5,0.5,15747.96
275,- hanging do not enter,8,B095PBVVXV,Eeypy Tin Sign Warning No Trespassing Dog On Premises Stop Do Not Enter Metal Tin Sign Wall Decor Art 8x12 Inch,E,FN,,0.5,0.5,0.5,15747.96
277,- horn button without tilt,6,B098NMQZNP,"DEMOTOR PERFORMANCE 14"" Billet Half Wrap New Age Steering Wheel & Black 32"" Tilt Manual Steering Column Without key & Flame Horn Button",I,FP,1,0.5,0.5,0.5,15959.03
277,- horn button without tilt,6,B098T75CYM,"DEMOTOR PERFORMANCE 14"" Chrome Billet Independent Steering Wheel & Black 32"" Tilt Manual Steering Column Without key & Flame Horn Button",I,FP,2,0.5,0.5,0.5,15959.03
277,- horn button without tilt,6,B0991SS2G6,"DEMOTOR PERFORMANCE Black 32"" Tilt Manual Steering Column Without key & 14"" Billet Chrome Flamed Steering Wheel Wrap Leather & Flamed Horn Button",E,TP,3,0.5,0.5,0.5,15959.03
277,- horn button without tilt,6,B01B5CHVMG,Eckler's 1976-1980 Corvette Horn Button Emblem Without Tilt And Telescopic Column 25-112086-1,E,TP,4,0.5,0.5,0.5,15959.03
277,- horn button without tilt,6,B0991TKJLS,"DEMOTOR PERFORMANCE Black 32"" Tilt Manual Steering Column Without key & 14"" Billet Chrome Flamed Steering Wheel Wrap Leather & Smooth Horn Button",S,FP,5,0.5,0.5,0.5,15959.03
277,- horn button without tilt,6,B018G7G82C,Eckler's 1969-1975 Corvette Horn Button Contact Without Tilt And Telescopic Column 25-123765-1,E,TP,6,0.5,0.5,0.5,15959.03
277,- horn button without tilt,6,B092RPTH98,Eckler's 1968-1975 Corvette Horn Button Without Tilt And Telescopic Column 25-120517-1,E,FN,,0.5,0.5,0.5,15959.03
277,- horn button without tilt,6,B01B5C5YY8,Eckler's 1968-1975 Corvette Horn Button Without Tilt And Telescopic Column With Crossed-Flags Logo Black 25-113098-1,E,FN,,0.5,0.5,0.5,15959.03
277,- horn button without tilt,6,B01KN0D2E2,Eckler's 1968 Corvette Horn Button Contact Without Tilt And Telescopic Column 25-128498-1,E,FN,,0.5,0.5,0.5,15959.03
278,- if ever there is a tomorrow when we're not together,18,B01JAIHILQ,"Winnie The Pooh Inspired PRINT -""If Ever There Is A Tomorrow When We're Not Together. You Are Braver."" DISNEY Inspired Wall Art.",E,TP,1,0.8889,0.8889,0.8889,17306.26
278,- if ever there is a tomorrow when we're not together,18,B017HOB0EQ,"Winnie The Pooh Inspired PRINT -""If Ever There Is A Tomorrow When We're Not Together. You Are Braver."" Makes A Beautiful Gift. DISNEY Inspired Print.",E,TP,2,0.8889,0.8889,0.8889,17306.26
278,- if ever there is a tomorrow when we're not together,18,B01M9DQYPZ,"If Ever There is a Tomorrow When We're not Together. There is Something You Must Always remeber You are Stronger Than You Believe, Braver Than Vinyl Wall Art Inspirational Quotes Decal Sticker",E,TP,3,0.8889,0.8889,0.8889,17306.26
278,- if ever there is a tomorrow when we're not together,18,B07Z3KJ33Q,If Ever There is a Tomorrow When We're not Together. There is Something You Must Always Remember Poster,E,TP,4,0.8889,0.8889,0.8889,17306.26
278,- if ever there is a tomorrow when we're not together,18,B07KFMK986,"""If Ever There Is A Tomorrow When We're Not Together, You Are Braver Than You Believe."" Winnie The Pooh Inspired Print.",E,TP,5,0.8889,0.8889,0.8889,17306.26
278,- if ever there is a tomorrow when we're not together,18,B07TJWJYKL,"A.A. Milne If There Ever Is Tomorrow Typography Wall Art Prints - Unique Room Decor for Boys, Girls, Men & Women - (11x14) Unframed Pictures Great Gift Idea for Book Lovers Under $15",E,TP,6,0.8889,0.8889,0.8889,17306.26
278,- if ever there is a tomorrow when we're not together,18,B08BNJJ8QG,"""If Ever There Is A Tomorrow We Are Not Together"" Inspirational Wall Decor -8 x 10"" Floral Typographic Art Print-Ready to Frame. Home-Bedroom-Romantic Decor. Perfect Keepsake Message for Loved Ones!",E,TP,7,0.8889,0.8889,0.8889,17306.26
278,- if ever there is a tomorrow when we're not together,18,B07PNJS6VX,"Winnie The Pooh Inspired PRINT -""If Ever There Is A Tomorrow When We're Not Together. You Are Braver Than You Believe, Stronger, Smarter.""",E,TP,8,0.8889,0.8889,0.8889,17306.26
278,- if ever there is a tomorrow when we're not together,18,B07JJFHRY8,"A.A Milne Quote Print, If Ever There Is A Tomorrow When We're Not Together, Book Art, 8 x 10 Inches, Unframed",E,TP,9,0.8889,0.8889,0.8889,17306.26
278,- if ever there is a tomorrow when we're not together,18,B0717B8F35,Sawdust City Winnie The Pooh Wood Plaque - If Ever There is a Tomorrow When We're not Together. (Old Cottage White),E,TP,10,0.8889,0.8889,0.8889,17306.26
278,- if ever there is a tomorrow when we're not together,18,B088ZX41J1,FEELMEM Inspired Gifts If Ever There is a Tomorrow When We're not Together Friendship Keychain BFF Gift Long Distance Friendship Gift Best Friend Jewelry (Winnie),E,TP,11,0.8889,0.8889,0.8889,17306.26
278,- if ever there is a tomorrow when we're not together,18,B08XXH4XTK,Littlefa Sister Friend Gift Classic Inspiration Winnie The Pooh Ceramic Jewelry Ring Dish Decorative Trinket Plate Birthday Christmas Gifts for Women Jewelry Tray -If ever there is tomorrow color,E,TP,12,0.8889,0.8889,0.8889,17306.26
278,- if ever there is a tomorrow when we're not together,18,B08XXKWYVK,Littlefa Sister Friend Gift Classic Inspiration Winnie The Pooh Ceramic Jewelry Ring Dish Decorative Trinket Plate Birthday Christmas Gifts for Women Jewelry Tray -If ever there is tomorrow black,E,TP,13,0.8889,0.8889,0.8889,17306.26
278,- if ever there is a tomorrow when we're not together,18,B084L2F28F,"Smiling Wisdom - Rose Gold Heart Necklace & Pooh Quote Braver Smarter Stronger Greeting Card Gift Set - Woman, Teen Girl, Friend - New",E,TP,14,0.8889,0.8889,0.8889,17306.26
278,- if ever there is a tomorrow when we're not together,18,B07X9Z39B7,Yuzi-n Winnie The Pooh Inspirational Quotes Engraved Gold Wood Plaque Decorations - Best Friend Birthday Gift,E,TP,15,0.8889,0.8889,0.8889,17306.26
278,- if ever there is a tomorrow when we're not together,18,B08P1WVJ3J,Forever Loved Granddaughter Gifts From Grandma Grandpa Interlocking Hearts Necklace - Granddaughter Necklace Card Message Gifts For Granddaughter With Inspirational Quotes! (Mahogany Style Luxury Box),I,FP,16,0.8889,0.8889,0.8889,17306.26
278,- if ever there is a tomorrow when we're not together,18,B08MCZ3BVJ,"To My Daughter ""Not Even Time"" Love Knot Necklace with Message Card and Gift Box. Gift for Daughter. Daughter Gift. Necklace for Daughter. Gift for Daughter (Standard Box)",I,FP,17,0.8889,0.8889,0.8889,17306.26
278,- if ever there is a tomorrow when we're not together,18,B08MCYKQMG,"To My Daughter""Not Even Time"" Graceful Love Giraffe Necklace with Message Card and Gift Box. Gift for Daughter. Daughter Gift. Necklace for Daughter. Gift for Daughter (14K White Gold Finish)",E,TP,18,0.8889,0.8889,0.8889,17306.26
278,- if ever there is a tomorrow when we're not together,18,B0162QL1LM,"Winnie The Pooh Inspired PRINT -""If Ever There Is A Tomorrow When We're Not Together. You Are Braver."" DISNEY Inspired Quote Print.",E,FN,,0.8889,0.8889,0.8889,17306.26
278,- if ever there is a tomorrow when we're not together,18,B08PNZCWFT,"To My Daughter ""Not Even Time"" Dragonfly Necklace with Message Card and Gift Box. Gift for Daughter. Daughter Gift. Necklace for Daughter. Gift for Daughter (Standard Box)",E,FN,,0.8889,0.8889,0.8889,17306.26
284,- mini display iphone to hdmi without bluetooth,4,B01N6M2VN4,"iVANKY Mini DisplayPort to HDMI Adapter, Grey, Mini DP to HDMI Adapter",I,FP,1,0.75,0.75,0.75,15601.36
284,- mini display iphone to hdmi without bluetooth,4,B009WHV3BM,Apple Lightning to Digital AV Adapter,E,TP,2,0.75,0.75,0.75,15601.36
284,- mini display iphone to hdmi without bluetooth,4,B08KDY783Z,"[Apple MFi Certified] Lightning to HDMI for iPhone, Lightning to 1080P Audio Digital AV Adapter, 4K HDMI Vedio Sync Screen Connector with Charging Port for iPhone, iPad, iPod on HDTV/Monitor/Projector",E,TP,3,0.75,0.75,0.75,15601.36
284,- mini display iphone to hdmi without bluetooth,4,B0134V3KIA,Amazon Basics Mini DisplayPort to HDMI Cable - 6 Feet,E,TP,4,0.75,0.75,0.75,15601.36
284,- mini display iphone to hdmi without bluetooth,4,B07PNP7GTF,"Wireless HDMI Display Dongle Adapter, iBosi Cheng Full HD 1080P WiFi Screen Mirroring Adapter Cast iPhone/iPad/iOS/Android to HDTV/Projector/Monitor,Supports Mac & Windows Devices",E,FN,,0.75,0.75,0.75,15601.36
285,- power auto folding mirrors corner lights not painted,8,B07BVJJ1QJ,MOFORKIT Smoked LED Side Mirror Light Marker Compatible with 2008 to 2016 Ford F250 F350 Super Duty Turn Signal,S,FP,1,0.125,0.125,0.125,15749.59
285,- power auto folding mirrors corner lights not painted,8,B07D9CGKYG,"Universal UTV Right & Left Side View Mirrors & 15'' Wide Center Mirror of 1.5""-1.75"" Diameter & Grab Handle Set Compatible with UTV Polaris Ace Yamaha Rhino Viking Wolverine YXZ Kawasaki Teryx",I,FP,2,0.125,0.125,0.125,15749.59
285,- power auto folding mirrors corner lights not painted,8,B00902FV5I,"Dorman 901-456 Mirror Switch, Black",I,FP,3,0.125,0.125,0.125,15749.59
285,- power auto folding mirrors corner lights not painted,8,B001ABPKUS,"CIPA 10900 Custom Towing Mirror - Chevy/GMC/Cadillac, Pair, black",I,FP,4,0.125,0.125,0.125,15749.59
285,- power auto folding mirrors corner lights not painted,8,B06WRNPKYP,SCITOO Towing Mirror fit for Ford Exterior Mirror fit 2007-2014 for Ford for F-150 Truck with Amber Turn Signal and Puddle Light Heated Power Controlling and Manual Folding (Passenger Side),I,FP,5,0.125,0.125,0.125,15749.59
285,- power auto folding mirrors corner lights not painted,8,B01K1VB600,ECCPP Towing Mirrors Left and Right Side Tow Mirrors Replacement fit for 1998-2002 for Dodge for Ram 1500 2500 3500 Truck with Power Adjusted Heated No Light Pair Mirrors Manual Filp up,E,TP,6,0.125,0.125,0.125,15749.59
285,- power auto folding mirrors corner lights not painted,8,B07Q572QBK,Power Auto Rear Mirror Folding Switch with Wire Harness 84872-52040 for Toyota Vios Rav4 Camry Scion Lexus,C,FP,7,0.125,0.125,0.125,15749.59
285,- power auto folding mirrors corner lights not painted,8,B07LB1QCY1,2x For Ford Super Duty Side Mirror Led Signal Lights Smoked Lens Dual Color For F-250 F-350 F-450 F-550 Super duty 2008-2016 7C3Z-13776-A 7C3Z-13776-B 7C3Z13776A 7C3Z13776B,I,FP,8,0.125,0.125,0.125,15749.59
285,- power auto folding mirrors corner lights not painted,8,B01N786HZ6,"Houseables Trifold Vanity Mirror, Hangable on Wall, Single, 3 Way, 30"" x 21"", Tri Fold, Big Mirrors for Tables, Bedrooms, Bathroom, Makeup, Tabletop, Three Part, Beveled Edges",E,FN,,0.125,0.125,0.125,15749.59
285,- power auto folding mirrors corner lights not painted,8,B001HBY8YK,"SE Telescoping 2"" Round Inspection Mirror - 8014TM",E,FN,,0.125,0.125,0.125,15749.59
285,- power auto folding mirrors corner lights not painted,8,B08YYRVNSN,2 Pieces Round Telescoping Inspection Mirrors 2.25 Inch Diameter Circular Inspection Mirror Adjustable Flexible Inspection Mirror 360 Swivel Extend Tool Mirrors Extends up to 29.4 Inch,E,FN,,0.125,0.125,0.125,15749.59
285,- power auto folding mirrors corner lights not painted,8,B000GTR0GM,"Ullman Devices HTC-2 High-Tech Telescoping Inspection Mirror, 2-1/4"" Diameter, 6-1/2"" to 36-3/8"" Length",E,FN,,0.125,0.125,0.125,15749.59
285,- power auto folding mirrors corner lights not painted,8,B07VNVZ8G4,"RUXIFEY Sequential Side Mirror Marker Lights Smoked Lens Compatible with Chevy Silverado GMC Sierra 1500 2500HD 3500HD, Amber",E,FN,,0.125,0.125,0.125,15749.59
285,- power auto folding mirrors corner lights not painted,8,B0038B9FBI,Anzo USA 521031 Chevrolet Clear 6 Pieces With Amber Reflectors Cornering Light Assembly - (Sold in Pairs),E,FN,,0.125,0.125,0.125,15749.59
285,- power auto folding mirrors corner lights not painted,8,B082V1245P,"Xislet 15"" Radar Detector Hardwire Power Cord Mirror Wire Plug Tap Compatible with Escort Valentine One Uniden Beltronics with Inline Fuse Mount RJ11 - Set of 3",E,FN,,0.125,0.125,0.125,15749.59
289,- wash non-chlorine bleach. tumble dry low. do not iron.,3,B08XYFW9TH,Champion Texas Longhorns Orange Arch Logo Long Sleeve T Shirt (X-Large),I,FP,1,0.0,0.0,0.0,15789.79
289,- wash non-chlorine bleach. tumble dry low. do not iron.,3,B07MDCSYPY,"Gildan Men's Heavy Cotton T-Shirt, Style G5000, 2-Pack, White, 2X-Large",I,FP,2,0.0,0.0,0.0,15789.79
289,- wash non-chlorine bleach. tumble dry low. do not iron.,3,B07CY45FLC,"Rosie The Riveter, We Can Do It | Feminist Rosey Rosy V-Neck T-Shirt for Women-(Vneck,2XL) Vintage Navy",I,FP,3,0.0,0.0,0.0,15789.79
289,- wash non-chlorine bleach. tumble dry low. do not iron.,3,B00M0QFMSW,"Hanes Men's 2-Pack Cotton Drawstring Knit Shorts Waistband & Pockets, Active Grey Heather/Black, X-Large",E,FN,,0.0,0.0,0.0,15789.79
289,- wash non-chlorine bleach. tumble dry low. do not iron.,3,B071L1XBKC,"Fruit of the Loom Boys' Little 10 Pair Half Cushion No Show Socks, white assort, Small (Shoe Size: 4.5-8.5)",E,FN,,0.0,0.0,0.0,15789.79
289,- wash non-chlorine bleach. tumble dry low. do not iron.,3,B004QGY8R0,"Pure Bright BLEACH6 Liquid Bleach, 1 Gallon Bottle (Case of 6)",E,FN,,0.0,0.0,0.0,15789.79
296,-1 3/4'' center pop up drain without overflow,21,B01KV1N2X4,"Purelux Bathroom Faucet Vanity Sink Metal Pop-Up Drain Stopper Assembly with Lift Rod and Overflow, Brushed Nickel Finish",I,FP,1,0.5714,0.5714,0.5714,17964.93
296,-1 3/4'' center pop up drain without overflow,21,B000ANH40Q,Inello Chrome Pop-up Drain Without Overflow for Vessel Sinks,E,TP,2,0.5714,0.5714,0.5714,17964.93
296,-1 3/4'' center pop up drain without overflow,21,B0798LCQSN,"Purelux Bathroom Sink Drain Stopper Faucet Vanity Sink Pop Up Drain Assembly with Overflow, Chrome Finish",E,TP,3,0.5714,0.5714,0.5714,17964.93
296,-1 3/4'' center pop up drain without overflow,21,B07Q7V81L4,"REGALMIX Vessel Sink Drain, Bathroom Faucet Vessel Sink Pop Up Drain Stopper without Overflow Brushed Nickel, Built-In Anti-Clogging Strainer,Fits Standard American Drain Hole1-1/2"" to 1-3/4"",R085B-BN",E,TP,4,0.5714,0.5714,0.5714,17964.93
296,-1 3/4'' center pop up drain without overflow,21,B089R85GPH,"BWE Black Vessel Sink Drain Fits Standard Bathroom Sink Hole 1-1/2"" to 1-3/4"" Bathroom Faucet Vessel Sink Pop Up Drain Stopper Without Overflow Matte Black",E,TP,5,0.5714,0.5714,0.5714,17964.93
296,-1 3/4'' center pop up drain without overflow,21,B07QX4Z59G,"ESFORT Bathroom Sink Pop Up Drain with Overflow, Sink Pop Up Drain Stopper, Polished Chrome",E,TP,6,0.5714,0.5714,0.5714,17964.93
296,-1 3/4'' center pop up drain without overflow,21,B01A80Z5ZQ,"Aquafaucet Vessel Sink Drain 1 5/8"" Bathroom Faucet Pop-up Drain Assembly Stopper Without Overflow Sink Drain Brushed Nickel",I,FP,7,0.5714,0.5714,0.5714,17964.93
296,-1 3/4'' center pop up drain without overflow,21,B00KCGPL56,"KES Bathroom Sink Drain with Overflow Vessel Vanity Sink Pop Up Drain Stopper Polished Chrome, S2008A-CH",E,TP,8,0.5714,0.5714,0.5714,17964.93
296,-1 3/4'' center pop up drain without overflow,21,B0042UD9DY,"VIGO VG07000BN 2.75"" Diameter Vessel Bathroom Sink Pop-Up Drain and Mounting Ring Without Overflow in Brushed Nickel Finish",S,FP,9,0.5714,0.5714,0.5714,17964.93
296,-1 3/4'' center pop up drain without overflow,21,B07F18TQKC,"Vessel Sink Drain,Bathroom Pop-up Drain With Detachable Basket Stopper, Anti-Explosion And Anti-Clogging Drain Strainer, Sink Drain Assembly With Overflow Polished Chrome, REGALMIX RWF083H",S,FP,10,0.5714,0.5714,0.5714,17964.93
296,-1 3/4'' center pop up drain without overflow,21,B08K7MSY4Y,"Swhyger Pop Up Drain Stopper for Bathroom Sink Drain With Removable Brass Strainer Basket,Without Overflow Lavatory Vessel Basin Sink Drain Stopper,Champagne Bronze 83606CB.",E,TP,11,0.5714,0.5714,0.5714,17964.93
296,-1 3/4'' center pop up drain without overflow,21,B07RKT28ND,"KES Bathroom Sink Drain with Strainer Basket Hair Catcher Anti Clog Pop Up Drain Stopper Vanity Vessel Sink without Overflow, Matte Black S2013D-BK",E,TP,12,0.5714,0.5714,0.5714,17964.93
296,-1 3/4'' center pop up drain without overflow,21,B0781XJDLF,"Brushed Nickel Pop Up Sink Drain without Overflow, Bathroom Faucet Vessel Sink Drain Stopper",S,FP,13,0.5714,0.5714,0.5714,17964.93
296,-1 3/4'' center pop up drain without overflow,21,B07V1HKVNG,"Pop Up Drain Stopper with Overflow, Bathroom Vanity Vessel Sink Drain, Matte Black",S,FP,14,0.5714,0.5714,0.5714,17964.93
296,-1 3/4'' center pop up drain without overflow,21,B01NCV8ITS,"PF WaterWorks PF0730-BN-CH-NO, Chrome Plated ABS Body Bathroom Sink/Lavatory Pop-Up Drain with Ball Lift Rod | Without Overflow | CUPC Listed, Brushed Nickel",S,FP,15,0.5714,0.5714,0.5714,17964.93
296,-1 3/4'' center pop up drain without overflow,21,B07T8HSH25,"ESFORT Bathroom Sink Drain, Vessel Sink Pop Up Drain Stopper, Sink Drain Assembly Without Overflow, Polished Chrome",E,TP,16,0.5714,0.5714,0.5714,17964.93
296,-1 3/4'' center pop up drain without overflow,21,B07TJ7H995,Glueless Wigs Lace Front Deep Wave Human Hair Wigs for Black Women Transparent Lace Frontal Wigs with Baby Hair Pre Plucked Hairline Wigs Curly Wave Lace Wigs Brazilian Hair Wet and Wavy Wig,I,FP,17,0.5714,0.5714,0.5714,17964.93
296,-1 3/4'' center pop up drain without overflow,21,B06XY2HPQY,"KES Pop Up Drain Stopper for Bathroom Vessel Vanity Sink without Overflow, Brushed Nickel S2007D-BN",S,FP,18,0.5714,0.5714,0.5714,17964.93
296,-1 3/4'' center pop up drain without overflow,21,B00VWIQVUW,"KES Bathroom Sink Drain without Overflow Vessel Sink Lavatory Vanity Pop Up Drain Stopper Brushed Nickel Finish, S2008D-BN",E,TP,19,0.5714,0.5714,0.5714,17964.93
296,-1 3/4'' center pop up drain without overflow,21,B002X3YQNE,"Inello Brushed Nickel 1 5/8"" Pop-up Drain No Overflow for Vessel Sinks",E,TP,20,0.5714,0.5714,0.5714,17964.93
296,-1 3/4'' center pop up drain without overflow,21,B08JK7W9QL,Bathroom Sink Drain without Overflow Vessel Sink Lavatory Vanity Pop Up Drain Stopper Matte Black,E,TP,21,0.5714,0.5714,0.5714,17964.93
296,-1 3/4'' center pop up drain without overflow,21,B08PQLMBFZ,"Swhyger Bathroom Faucet Vessel Vanity Sink Pop Up Drain Stopper Without Overflow, Brass Brushed Gold,83606BG2.",E,FN,,0.5714,0.5714,0.5714,17964.93
296,-1 3/4'' center pop up drain without overflow,21,B07V5VTZSS,"Purelux Pop up Drain Stopper for Bathroom Sink Vessel or Vanity Sink Without Overflow, Matte Black Finish Spring Pop-Up Drain",E,FN,,0.5714,0.5714,0.5714,17964.93
296,-1 3/4'' center pop up drain without overflow,21,B07TP9FB7W,"BESTILL Bathroom Vessel Sink Drain Stopper, Push Pop Up Drain Without Overflow, Matte Black",E,FN,,0.5714,0.5714,0.5714,17964.93
296,-1 3/4'' center pop up drain without overflow,21,B01CNNH47I,"Yodel Bathroom Sink Drain Stopper Pop up Drain Without Overflow for Vessel Sink Lavatory Vanity,Oil Rubbed Bronze",E,FN,,0.5714,0.5714,0.5714,17964.93
296,-1 3/4'' center pop up drain without overflow,21,B07MNLSZ5N,"RANDOM Bathroom Faucet Vessel Vanity Sink Pop Up Drain Stopper without Overflow, Brushed Gold(Pop Up Drain Brushed Gold)",E,FN,,0.5714,0.5714,0.5714,17964.93
296,-1 3/4'' center pop up drain without overflow,21,B00G0OP4D8,"VIGO VG16002BN 2.75"" Diameter Vessel Bathroom Sink Pop-Up Drain Stopper With Overflow in Brushed Nickel Finish",E,FN,,0.5714,0.5714,0.5714,17964.93
296,-1 3/4'' center pop up drain without overflow,21,B07F13Y42Z,"REGALMIX Bathroom Sink Drain, Vessel Sink Pop Up Drain With Detachable Basket Stopper,Sink Drain Assembly Without Overflow Brushed Nickel, Anti-Explosion And Anti-Clogging Drain Strainer, RWF082B",E,FN,,0.5714,0.5714,0.5714,17964.93
296,-1 3/4'' center pop up drain without overflow,21,B08BCK2XP9,"KES Pop Up Drain without Overflow with Detachable Hair Catcher Sink Drain Strainer for Bathroom Sink Drain Matte Black, S2018D-BK",E,FN,,0.5714,0.5714,0.5714,17964.93
296,-1 3/4'' center pop up drain without overflow,21,B08C26VB9M,"ESFORT Bathroom Sink Drain With Strainer Basket，Pop Up Drain Without Overflow, Anti-Clogging Vessel Sink Drain Assembly, Matte Black",E,FN,,0.5714,0.5714,0.5714,17964.93
300,-6 an male to 3/8 not adapter,7,B07TWG7CLN,"EVIL ENERGY 6AN AN6 Flare to 3/8"" NPT Male Straight Fitting Union Flare Adapter Aluminum Black",E,TP,1,0.8571,0.8571,0.8571,15802.59
300,-6 an male to 3/8 not adapter,7,B001P2CKVY,"Russell 640853 -6 AN Male to 3/8"" SAE Quick-Disconnect Female Push-On EFI Fitting",E,TP,2,0.8571,0.8571,0.8571,15802.59
300,-6 an male to 3/8 not adapter,7,B07MKG12K1,"Black Aluminum 90 Degree Elbow -6 AN AN6 Male To 3/8"" NPT Male Fitting Adaptor Connector",E,TP,3,0.8571,0.8571,0.8571,15802.59
300,-6 an male to 3/8 not adapter,7,B07BDL12J1,"6AN 6 AN-6 Male to 3/8"" Fuel Hose Line Tube Straight Fitting Adapter not fit for Teflon Fuel Line",E,TP,4,0.8571,0.8571,0.8571,15802.59
300,-6 an male to 3/8 not adapter,7,B079TJKTXS,"ICT Billet Straight -6AN Flare Male to 3/8"" NPT Taper Pipe Thread Adapter Fitting 6 AN Black Anodized Billet Aluminum Plumbing Port Fluid Made in America F06AN375NP",E,TP,5,0.8571,0.8571,0.8571,15802.59
300,-6 an male to 3/8 not adapter,7,B07BSL5ZWR,"AC PERFORMANCE Black Aluminum Flare Male -6AN to 3/8 NPT Male Hose Fitting Adapter, 6AN to 3/8'' NPT Union Fuel Oil Line Pipe Connector",I,FP,6,0.8571,0.8571,0.8571,15802.59
300,-6 an male to 3/8 not adapter,7,B000CPIK5U,"Russell 660460 Blue Anodized Aluminum -6AN Flare to 3/8"" NPT Pipe Adapter",E,TP,7,0.8571,0.8571,0.8571,15802.59
300,-6 an male to 3/8 not adapter,7,B095PQNSSK,"T Valve for Bidet with Shut-off Valve, T Adapter for Toilet 7/8” X 7/8” X 1/2 or 3/8”, Chrome Bidet Attachment for Toilet",E,FN,,0.8571,0.8571,0.8571,15802.59
302,-a house is not a home without a dog shirt,5,B07P1338YB,Parisloft A House is Not A Home Without A Dog Wooden Dog Signs for Dog Lovers|Rustic Wood Pet Sign Plaque 9.5x1.5x7'',I,FP,1,0.6,0.6,0.6,15575.83
302,-a house is not a home without a dog shirt,5,B096SG8XFG,A House is Not A Home Without A Dog-1 Garden Yard Flag 18x12 Inch Double Sided Polyester Seasonal Outside Decoration Linen-Like Fabric Flag,E,TP,2,0.6,0.6,0.6,15575.83
302,-a house is not a home without a dog shirt,5,B08CPQVPD8,Womens My House is Not a Home Without a Dog V-Neck T-Shirt,E,TP,3,0.6,0.6,0.6,15575.83
302,-a house is not a home without a dog shirt,5,B07H8581RX,"Glumes Pet Clothes, Puppy A House is Not A Home Without A Dog Cute T-Shirt Dog Cold Weather Coat Warm Letter Printed Vest for Small Dog Medium Dog Or Cat",E,TP,4,0.6,0.6,0.6,15575.83
302,-a house is not a home without a dog shirt,5,B096PPP7KH,A House is not a Home Without a Caucasian Shepherd Dog Tshirt - Unisex Tee Black,S,FP,5,0.6,0.6,0.6,15575.83
302,-a house is not a home without a dog shirt,5,B075ZJNQGT,"Meijiafei A House is Not A Home Without A Bernese - Dog Sign/Plaque for Bernese Mountain Dog Lovers 10""x5""",E,FN,,0.6,0.6,0.6,15575.83
302,-a house is not a home without a dog shirt,5,B07GF3R12L,Cenglings Dog Shirts Puppy Pet Clothes Summer Apparel Printed T-Shirt for Dogs Vest A House is Not A Home Without A Dog Gray,E,FN,,0.6,0.6,0.6,15575.83
306,-it's not love i'm drunk tshirt,5,B08WDK91LY,I'm Here Live I'm Not A Cat Funny Cat Lawyer I'm Not A Cat T-Shirt,I,FP,1,0.0,0.0,0.0,15776.24
306,-it's not love i'm drunk tshirt,5,B00NMFY7KE,I'm Not Anti-Social Sarcastic Novelty Graphic Funny T Shirt L Black,S,FP,2,0.0,0.0,0.0,15776.24
306,-it's not love i'm drunk tshirt,5,B07VJGVQL3,I'm The Bestie Warning Bestie Will Be Drunk T-shirt,I,FP,3,0.0,0.0,0.0,15776.24
306,-it's not love i'm drunk tshirt,5,B01G2RAE3M,"You Drunk? | Funny Beer Drinking, Bar Party Humor Gag Gift Unisex T-Shirt-(Adult,XL) Black",S,FP,4,0.0,0.0,0.0,15776.24
306,-it's not love i'm drunk tshirt,5,B07N3FWVP4,Surprise I'm Drunk T-Shirt Drinking Fourth Of July Gift T-Shirt,S,FP,5,0.0,0.0,0.0,15776.24
306,-it's not love i'm drunk tshirt,5,B07RZTPW16,If I'm Drunk It's Her Fault Funny Best Friends Arrow Shirt T-Shirt,E,FN,,0.0,0.0,0.0,15776.24
306,-it's not love i'm drunk tshirt,5,B079LZK6KM,"Womens I'm an Irish Girl, Perfect Funny St Patrick's day Girl T-Shirt",E,FN,,0.0,0.0,0.0,15776.24
306,-it's not love i'm drunk tshirt,5,B017MY5R8G,Just Pretend I'm Not Here Graphic Novelty Sarcastic Funny T Shirt XL Black,E,FN,,0.0,0.0,0.0,15776.24
306,-it's not love i'm drunk tshirt,5,B00MH9ZN2M,I'm Not Arguing Just Explaining Why I'm Right Short Sleeve T-Shirt Grey XX-Large,E,FN,,0.0,0.0,0.0,15776.24
306,-it's not love i'm drunk tshirt,5,B0844ZQP7F,Mens Whiskey Business T Shirt Funny Drinking Drunk Party Vintage Graphic Tee (Heather Black) - 3XL,E,FN,,0.0,0.0,0.0,15776.24
316,. frameless fixed tub door in silver frame without handle,15,B00ZSDCI5Y,"DreamLine Aqua Swing 34 in. W x 58 in. H Frameless Tub Door in Chrome, SHDR-3734580-01",S,FP,1,0.5333,0.5333,0.5333,17129.79
316,. frameless fixed tub door in silver frame without handle,15,B08TFB2XZH,76 x 60 inch Frameless Shower Door in Brushed Nickel | Rhodes Water Repellent Glass Shower Door with Seal Strip Parts and Handle | Easy Gilde Rollers Sliding Shower Door | SD-FRLS05702BN,I,FP,2,0.5333,0.5333,0.5333,17129.79
316,. frameless fixed tub door in silver frame without handle,15,B075GXFNY4,58 x 48 inch Frameless Tub Shower Door in Polished Chrome | Herald Water Repellent Glass Shower Door with Seal Strip Parts and Handle | 3/8 inch Glass Hinged Bathtub Shower Door | SD-AZ11-01CH,I,FP,3,0.5333,0.5333,0.5333,17129.79
316,. frameless fixed tub door in silver frame without handle,15,B01EYG9HCC,"DreamLine Encore 56-60 in. W x 58 in. H Semi-Frameless Bypass Tub Door in Brushed Nickel, SHDR-1660580-04",E,TP,4,0.5333,0.5333,0.5333,17129.79
316,. frameless fixed tub door in silver frame without handle,15,B078JDZT9V,"ELEGANT 60 in. W x 57 3/8 in. H Bypass Sliding Glass Tub Door, 1/4 in. Clear Tempered Shower Glass Panel, Brushed Nickel Finish",S,FP,5,0.5333,0.5333,0.5333,17129.79
316,. frameless fixed tub door in silver frame without handle,15,B002NMOD9C,"DreamLine Aqua 48 in. W x 58 in. H Frameless Hinged Tub Door in Chrome, SHDR-3148586-01",E,TP,6,0.5333,0.5333,0.5333,17129.79
316,. frameless fixed tub door in silver frame without handle,15,B075GYNGHL,58 x 34 inch Frameless Tub Shower Door in Brushed Nickel | Grand Water Repellent Glass Shower Door with Seal Strip Parts and Handle | 3/8 inch Glass Hinged Bathtub Shower Door | SD-AZ10-01BN,I,FP,7,0.5333,0.5333,0.5333,17129.79
316,. frameless fixed tub door in silver frame without handle,15,B00CMT5FB6,"DreamLine Aqua Ultra 48 in. W x 58 in. H Frameless Hinged Tub Door in Brushed Nickel, SHDR-3448580-04",S,FP,8,0.5333,0.5333,0.5333,17129.79
316,. frameless fixed tub door in silver frame without handle,15,B08BGCDWXH,58 x 48 inch Frameless Tub Shower Door in Brushed Nickel | Galleon Water Repellent Glass Shower Door with Seal Strip Parts and Handle | 1/4 inch Glass Hinged Bathtub Shower Door | SD-AZ054-01BN,E,TP,9,0.5333,0.5333,0.5333,17129.79
316,. frameless fixed tub door in silver frame without handle,15,B00K5BHXDG,"DreamLine Aqua Uno 56-60 in. W x 58 in. H Frameless Hinged Tub Door with Extender Panel in Brushed Nickel, SHDR-3534586-EX-04",E,TP,10,0.5333,0.5333,0.5333,17129.79
316,. frameless fixed tub door in silver frame without handle,15,B01L01C9U6,"DreamLine SHDR-3234721-89 French Linea Toulon Single Panel Frameless Screen Shower Door, 34 in Width x 72 in Height, 3/8 in. 10mm Satin Black",E,TP,11,0.5333,0.5333,0.5333,17129.79
316,. frameless fixed tub door in silver frame without handle,15,B01EP0G4HS,"Basco Infinity Frameless Sliding Tub Door, Fits 56- 58.5 inch opening, AquaglideXP Clear Glass, Brushed Nickel Finish",E,TP,12,0.5333,0.5333,0.5333,17129.79
316,. frameless fixed tub door in silver frame without handle,15,B08YYL5GRC,"Shower Glass Door Semi Frameless Sliding Bathtub Door, Tempered Clear Glass, 56"" - 60"" W x 62"" H Glass Doors for Bathroom, Double Sliding Shower Door, Brushed Nickel Finish, SS-BN-CG-A",E,TP,13,0.5333,0.5333,0.5333,17129.79
316,. frameless fixed tub door in silver frame without handle,15,B00CMT5FW0,"DreamLine Aqua Fold 36 in. W x 58 in. H Frameless Bi-Fold Tub Door in Chrome, SHDR-3636580-01",E,TP,14,0.5333,0.5333,0.5333,17129.79
316,. frameless fixed tub door in silver frame without handle,15,B004WSKGJQ,"DreamLine Aqua Uno 34 in. W x 58 in. H Frameless Hinged Tub Door in Chrome, SHDR-3534586-01",S,FP,15,0.5333,0.5333,0.5333,17129.79
316,. frameless fixed tub door in silver frame without handle,15,B01N75TO8O,"SUNNY SHOWER Frameless Hinged Tub Door 5/16"" Clear Glass Bathtub Door 34"" W x 58"" H Pivot Swing Shower Door with Towel Bar, Chrome Finish",E,FN,,0.5333,0.5333,0.5333,17129.79
316,. frameless fixed tub door in silver frame without handle,15,B06XRD66TN,"DreamLine French Linea Avignon 34 in. W x 72 in. H Single Panel Frameless Shower Door, Open Entry Design in Satin Black, SHDR-3234721-86",E,FN,,0.5333,0.5333,0.5333,17129.79
316,. frameless fixed tub door in silver frame without handle,15,B004WSKGSW,"DreamLine SHDR-61606210-08 Enigma-X Tub Door, 55-59"" W x 62"" H, Polished Stainless Steel",E,FN,,0.5333,0.5333,0.5333,17129.79
316,. frameless fixed tub door in silver frame without handle,15,B00K5BWDCC,"DreamLine Aqua Ultra 57-60 in. W x 30 in. D x 58 in. H Frameless Hinged Tub Door with Return Panel in Brushed Nickel, SHDR-3448580-RT-04",E,FN,,0.5333,0.5333,0.5333,17129.79
316,. frameless fixed tub door in silver frame without handle,15,B079YV2QYX,"Fab Glass and Mirror MSD1-24-76CH Milan Stationary Panel Shower Screen Clear, Chrome Finish, 24"" Length, 76"" Height, Glass",E,FN,,0.5333,0.5333,0.5333,17129.79
316,. frameless fixed tub door in silver frame without handle,15,B08XQ3X5BN,"WOODBRIDGE MTDB4958-B, Frameless Hinged Bathtub Shower, 5/16"" Tempered Panel, 48"" W x 58"" H Tub glass door in Brushed Nickel Finish, Include Support Bar",E,FN,,0.5333,0.5333,0.5333,17129.79
316,. frameless fixed tub door in silver frame without handle,15,B075QFJPBR,"DreamLine Linea Single Panel Frameless Shower Screen 30 in. W x 72 in. H, Open Entry Design in Satin Black, SHDR-3230721-09",E,FN,,0.5333,0.5333,0.5333,17129.79
341,.25 not to 1.25 npt,10,B00N2SGFZ6,"Supply Giant CSCV1142 1-1/4'' Male x 1 Inch Female NPT Lead Free Bushing, Fitting with Hexagonal Head, Brass Construction, Higher Corrosion Resistance Economical & Easy to Install, 19",S,FP,1,0.5,0.5,0.5,16385.53
341,.25 not to 1.25 npt,10,B01MDQR623,"1-1/4""x 1"" Male Hex Nipple Threaded Reducer Connector Pipe Fitting/Adapter,Stainless Steel 304 NPT",E,TP,2,0.5,0.5,0.5,16385.53
341,.25 not to 1.25 npt,10,B07V58GC7L,"Quickun Stainless Steel Reducer Hex Bushing, 1-1/4"" Male NPT to 3/4"" Female NPT, Reducing Bushing Pipe Hose Fitting",I,FP,3,0.5,0.5,0.5,16385.53
341,.25 not to 1.25 npt,10,B07CQ8VTSL,"EDGE INDUSTRIAL 1-1/4"" Hose ID to 3/4"" Male NPT MNPT Straight Brass Fitting Fuel / AIR / Water / Oil / Gas / WOG (Qty 1)",E,TP,4,0.5,0.5,0.5,16385.53
341,.25 not to 1.25 npt,10,B07QLW62HP,"Reducing Coupling 1/2"" Female x 1 ¼” Female - Brass Coupling 0,5 inch x 1¼ inch Female -Lead Free Brass Pipe Fitting",E,TP,5,0.5,0.5,0.5,16385.53
341,.25 not to 1.25 npt,10,B07F9JYRBY,"Nigo Industrial Co. Brass Pipe Fitting, Hex Bushing Reducer, Nominal Pipe Size: 1/2"" NPT Male x 1/4"" NPT Female",S,FP,6,0.5,0.5,0.5,16385.53
341,.25 not to 1.25 npt,10,B07DN3L9N2,"Metalwork 304 Stainless Steel Forged Pipe Fitting, 1/4"" G Male Thread to 1/4"" NPT Female Adapter, High Pressure 1 Pc",E,TP,7,0.5,0.5,0.5,16385.53
341,.25 not to 1.25 npt,10,B07DKK2J5G,"EDGE INDUSTRIAL Brass Pipe Adapter 1/4"" FNPT x 1/8"" MNPT Fuel/AIR/Water/Oil/Gas WOG (Qty 01)",I,FP,8,0.5,0.5,0.5,16385.53
341,.25 not to 1.25 npt,10,B002XULPSQ,Radians CEP001-R Custom Molded Earplugs (Red),I,FP,9,0.5,0.5,0.5,16385.53
341,.25 not to 1.25 npt,10,B07CQVYXFZ,"EDGE INDUSTRIAL 1-1/4"" Hose ID to 1"" Male NPT MNPT Straight Brass Fitting Fuel / AIR / Water / Oil / Gas / WOG (Qty 1)",E,TP,10,0.5,0.5,0.5,16385.53
341,.25 not to 1.25 npt,10,B07CQ7SDRZ,"EDGE INDUSTRIAL 1/8"" Hose ID to 1/4"" Male NPT MNPT Straight Brass Fitting Fuel / AIR / Water / Oil / Gas / WOG (Qty 1)",E,FN,,0.5,0.5,0.5,16385.53
341,.25 not to 1.25 npt,10,B000WXY7RC,"Anderson Metals - 38110-2016 Brass Threaded Pipe Fitting, Hex Bushing, 1-1/4"" Male x 1 "" Female",E,FN,,0.5,0.5,0.5,16385.53
341,.25 not to 1.25 npt,10,B07CPNJDRR,"EDGE INDUSTRIAL 1"" Hose ID to 3/4"" Male NPT MNPT Straight Brass Fitting Fuel / AIR / Water / Oil / Gas / WOG (Qty 1)",E,FN,,0.5,0.5,0.5,16385.53
341,.25 not to 1.25 npt,10,B07L4HL72R,"Legines NPT Bushing 1/4"" Male x 1/8"" Female Reducing Adapter Hex Head Pipe Fitting 1200psi (Pack of 5)",E,FN,,0.5,0.5,0.5,16385.53
341,.25 not to 1.25 npt,10,B008FM9YL6,"Spears 1435 Series PVC Tube Fitting, Adapter, Schedule 40, Gray, 1-1/4"" Barbed x NPT Female",E,FN,,0.5,0.5,0.5,16385.53
343,.2mm magnetic lashes without eyeliner,16,B08V57Z98B,Hokoad Magnetic Eyelashes with Eyeliner Kit，5 Pairs Reusable Magnetic False Lashes and Liner Natural Look with Applicator，No Glue Needed,S,FP,1,0.375,0.375,0.375,17289.73
343,.2mm magnetic lashes without eyeliner,16,B0834F3P8W,"Luxillia Magnetic Lashes with Eyeliner, Most Natural Looking Magnetic Eyelashes Kit with Applicator, Best 8D and 3D Look, Reusable Fake Eye Lash, No Glue, Strongest Waterproof Liquid Liner",I,FP,2,0.375,0.375,0.375,17289.73
343,.2mm magnetic lashes without eyeliner,16,B08L3FK9GM,"Magnetic Eyelashes, Magnetic Eyelashes Kit Magnetic Eyeliner 3D and 5D different Lengths&Densities Magnetic Eyelashes Magnetic Lashliner For Use with Magnetic False Lashes Natural Look-No Glue Needed (10-Pairs)",S,FP,3,0.375,0.375,0.375,17289.73
343,.2mm magnetic lashes without eyeliner,16,B093V5YKFB,"8D Magnetic Lashes with Eyeliner Kit, 12 Pairs Light Weight Magnetic Lashes Kit with 3 Tubes of Magnetic Eyeliner with Scissors Tweezers & Mirror Case, 5 Accents + 5 Full + 2 Fluffy Lashes.",S,FP,4,0.375,0.375,0.375,17289.73
343,.2mm magnetic lashes without eyeliner,16,B08DK693TH,Lash'd Up by Amazon Magnetic Eyelashes Without Eyeliner 3 Magnets (Can also be worn as Dual Magnets) Full Eye Snap-on Set Soft Faux Silk Vegan (Very Natural),E,TP,5,0.375,0.375,0.375,17289.73
343,.2mm magnetic lashes without eyeliner,16,B093CQ7NGZ,"Arishine Dual Magnetic Lashes, Magnetic Eyelashes without Eyeliner, Reusable Magnetic eyelash Kit，0.2mm Ultra Thin Magnet, Lightweight & Waterproof - Natural & Dramatic False Eyelashes With Tweezers",E,TP,6,0.375,0.375,0.375,17289.73
343,.2mm magnetic lashes without eyeliner,16,B0927GWLNJ,Magnetic lashes NO Eyeliner or Glue Needed New-Update Reusable False Eyelashes Without Eyeliner Two Different Lengths Natural-Looking (2-Pairs/8Pieces) (Thick-looking),E,TP,7,0.375,0.375,0.375,17289.73
343,.2mm magnetic lashes without eyeliner,16,B07ZXYYD3L,"[5 Pairs] Magnetic Eyelashes and Eyeliner Kit, Lanvier Reusable 3D Magnetic False Lashes Extension No Glue Needed - Black",S,FP,8,0.375,0.375,0.375,17289.73
343,.2mm magnetic lashes without eyeliner,16,B08TKRX1DL,"Arishine 3D 5D Magnetic Eyelashes with Eyeliner Kit, 10-Pair Reusable Natural Magnetic Lashes, 2 Pair Fluffy magnetic Eyelashes, 2 Tubes of Magnetic Eyeliner with Scissors Tweezers & Mirror Case",S,FP,9,0.375,0.375,0.375,17289.73
343,.2mm magnetic lashes without eyeliner,16,B08SL31JZB,"EARLLER 5 Pairs Magnetic Eyelashes with Eyeliner Kit, Reusable 3D / Natural Look False Lashes with Applicator, Upgraded Short and Long Eyelashes Set - No Glue Needed Set",I,FP,10,0.375,0.375,0.375,17289.73
343,.2mm magnetic lashes without eyeliner,16,B07ZYJGLL9,"Magnetic Eyelashes, Magnetic Eyeliner and Lashes Kit with 2 Tubes Of Eyeliner, 3 Styles Magnetic Lashes, Reusable Silk False Magnetic Eyelashes, No Glue Needed, Easier To Use",S,FP,11,0.375,0.375,0.375,17289.73
343,.2mm magnetic lashes without eyeliner,16,B07FH6Y5PL,"Upgraded Magnetic Eyelashes Without Eyeliner, With Applicator Tool, Dual Magnets, Natural Look, Fake Lashes Kit, Reusable Eye Lash, No Liner Needed",E,TP,12,0.375,0.375,0.375,17289.73
343,.2mm magnetic lashes without eyeliner,16,B08Z8FYV5B,"Magnetic Eyelash Applicator Tool Kit, Magnetic False Eyelashes Without Eyeliner, No Glue Magnetic Eyelash Clip With 2 Pairs Soft Magnetic False Eyelashes, Natural Looking Easily Apply Eyelashes Set",E,TP,13,0.375,0.375,0.375,17289.73
343,.2mm magnetic lashes without eyeliner,16,B08358GYCR,"EARLLER 3 Pairs Magnetic Eyelashes and Eyeliner Kit, Reusable 3D Magnetic False Lashes With Applicator - Natural Look, Waterproof, Easy to Use and No Glue Needed Eyelashes Set",I,FP,14,0.375,0.375,0.375,17289.73
343,.2mm magnetic lashes without eyeliner,16,B08B5J8CLW,"Luxillia by Amazon 8D Magnetic Eyelashes with Eyeliner Kit (7 Set 2 Liner) Free Applicator and Brush - Most Natural Look Lashes Set, 3x Stronger Eyelash Magnets, Reusable False Lash, Waterproof Liquid Eye Liner",S,FP,15,0.375,0.375,0.375,17289.73
343,.2mm magnetic lashes without eyeliner,16,B095LJYJ56,"Magnetic Eyelashes, Dual Magnets False Lashes, Magnetic Eyelashes without Eyeliner, Soft 3D No Glue Fake Eyelashes Extension with Applicator & Tweezer, Natural Look Eyelashes Set - 2 Pairs… (C)",E,TP,16,0.375,0.375,0.375,17289.73
343,.2mm magnetic lashes without eyeliner,16,B093BMLXFW,"OAZIZ Dual Magnetic Eyelashes, 0.2mm Ultra Thin Magnet, Easy to Wear & Light Weight, Best 3D Reusable Eyelashes, Magnetic Lashes Set with Applicator [8 PC with Tweezers]",E,FN,,0.375,0.375,0.375,17289.73
343,.2mm magnetic lashes without eyeliner,16,B07FNXBDY3,"Suzie Bumble Magnetic Eyelashes Natural Look; Magnetic Eyelashes Without Eyeliner, Magnetic Eye Lashes, Magnetic Eyelash, Eyelash Magnetic, Eyelashes Magnetic Lashes Natural - Pestañas Magneticas - Comes with Beautiful Mirror Travel Case",E,FN,,0.375,0.375,0.375,17289.73
343,.2mm magnetic lashes without eyeliner,16,B095H5R38T,"VESHELY Dual Magnetic Eyelashes Without Eyeliner Kit,8D Quantum Reusable Magnetic Lashes with Applicator Tool No Eyeliner,0.2mm Ultra Thin Soft Magnet Technology - Natural Dramatic False Eyelashes With Tweezers",E,FN,,0.375,0.375,0.375,17289.73
343,.2mm magnetic lashes without eyeliner,16,B07PHN2VQ4,"VASSOUL Dual Magnetic Eyelashes, 0.2mm Ultra Thin Magnet, Light weight & Easy to Wear, Best 3D Reusable Eyelashes with Applicator (8 PC with Tweezers)",E,FN,,0.375,0.375,0.375,17289.73
343,.2mm magnetic lashes without eyeliner,16,B08DK7V72N,Lash'd Up by Amazon Magnetic Eyelashes Without Eyeliner 3 Magnets (Can also be worn as Dual Magnets) Full Eye Snap-on Set Soft Faux Silk Vegan (Long & Volume),E,FN,,0.375,0.375,0.375,17289.73
343,.2mm magnetic lashes without eyeliner,16,B082MS38KG,"KISS Magnetic Lashes, Tempt, 1 Pair Synthetic False Eyelashes With 5 Double Strength Magnets, Wind Resistant, Dermatologist Tested Fake Lashes Last Up To 16 Hours, Reusable Up To 15 Times",E,FN,,0.375,0.375,0.375,17289.73
343,.2mm magnetic lashes without eyeliner,16,B0928F8MTB,"NILSTOREY Magnetic Lashes Clip, Premium Magnetic Lash Applicator Tool Magnetic Eyelashes Clip Easily Apply Magnetic Lashes Tools with 4PCS/1Pair 3D Magnets Reusable False Lashes",E,FN,,0.375,0.375,0.375,17289.73
343,.2mm magnetic lashes without eyeliner,16,B087C5D4QG,"Davocy Magnetic Eyelashes Applicator Tool Kit, Magnetic Eyelashes without Eyeliner, Glue-free Magnetic Eyelash Clip & Eyelashes Set with 2 Pairs Soft Magnetic False Eyelashes with Manual, Natural,Gold",E,FN,,0.375,0.375,0.375,17289.73
343,.2mm magnetic lashes without eyeliner,16,B095S6H9DF,"loraleo 3 PC Magnetic Eyelash Applicator Tool Kit No Glue False 3D Reusable Eyelashes 0.2mm Ultra Thin Magnet, Light weight & Easy to Wear",E,FN,,0.375,0.375,0.375,17289.73
343,.2mm magnetic lashes without eyeliner,16,B08DK5LGRR,Lash'd Up by Amazon Magnetic Eyelashes Without Eyeliner 3 Magnets (Can also be worn as Dual Magnets) Full Eye Snap-on Set Soft Faux Silk Vegan (Runway Ready),E,FN,,0.375,0.375,0.375,17289.73
348,.40 cal suppressor oil filter not as it seems,10,B002QH5VVI,"FRAM Ultra Synthetic 20,000 Mile Protection Oil Filter, XG10060 with SureGrip (Pack of 1)",I,FP,1,0.2,0.2,0.2,16322.65
348,.40 cal suppressor oil filter not as it seems,10,B00496MAWC,ACDelco GM Original Equipment PF47E Engine Oil Filter,I,FP,2,0.2,0.2,0.2,16322.65
348,.40 cal suppressor oil filter not as it seems,10,B000CSIPUC,"WIX Filters - 51261 Heavy Duty Spin-On Lube Filter, Pack of 1",E,TP,3,0.2,0.2,0.2,16322.65
348,.40 cal suppressor oil filter not as it seems,10,B08JSNBJRD,Anzac AM125424 Oil Filter for GY20577 SST15 L100 LX173 Lawn Tractors with Kohler Engines 2Pack,I,FP,4,0.2,0.2,0.2,16322.65
348,.40 cal suppressor oil filter not as it seems,10,B000P4ZDTO,Oil Filter,E,TP,5,0.2,0.2,0.2,16322.65
348,.40 cal suppressor oil filter not as it seems,10,B0009IQZJS,"FRAM Extra Guard PH373, 10,000 Mile Protection Heavy Duty Spin-On Oil Filter",S,FP,6,0.2,0.2,0.2,16322.65
348,.40 cal suppressor oil filter not as it seems,10,B001O4GRY4,"Baldwin Filters Oil Filter, Spin-On, Full-Flow, Red",I,FP,7,0.2,0.2,0.2,16322.65
348,.40 cal suppressor oil filter not as it seems,10,B000C9QEF4,ACDelco GM Original Equipment PF2232 Engine Oil Filter,S,FP,8,0.2,0.2,0.2,16322.65
348,.40 cal suppressor oil filter not as it seems,10,B00C5T7WPA,WIX (57099XP) XP Oil Filter,S,FP,9,0.2,0.2,0.2,16322.65
348,.40 cal suppressor oil filter not as it seems,10,B00S75VRL6,ACDelco GM Original Equipment PF48E Engine Oil Filter,I,FP,10,0.2,0.2,0.2,16322.65
348,.40 cal suppressor oil filter not as it seems,10,B000E8XFJG,Purolator PL14670 PurolatorONE Advanced Engine Protection Spin On Oil Filter,E,FN,,0.2,0.2,0.2,16322.65
348,.40 cal suppressor oil filter not as it seems,10,B0034HNNFK,"Bosch D3423 Distance Plus High Performance Oil Filter, Pack of 1",E,FN,,0.2,0.2,0.2,16322.65
348,.40 cal suppressor oil filter not as it seems,10,B07W3B63BM,"Mymazn Holographic Glitter Waiter Book for Serving Wallet Waitress Book for Restaurant Guest Check Book Organizer Waitstaff, Glitter Purple",E,FN,,0.2,0.2,0.2,16322.65
348,.40 cal suppressor oil filter not as it seems,10,B088WDCRJG,Ball Lock CO2 Adapter for Tapcooler Counter Pressure Bottle Filler,E,FN,,0.2,0.2,0.2,16322.65
348,.40 cal suppressor oil filter not as it seems,10,B00BJ4BLMC,Motorcraft - Oil Filter (FL2051S),E,FN,,0.2,0.2,0.2,16322.65
348,.40 cal suppressor oil filter not as it seems,10,B000C9WL74,"WIX Filters - 51143 Cartridge Fuel Metal Canister, Pack of 1",E,FN,,0.2,0.2,0.2,16322.65
348,.40 cal suppressor oil filter not as it seems,10,B000C9TCYY,"WIX Filters - 51258 Spin-On Lube Filter, Pack of 1",E,FN,,0.2,0.2,0.2,16322.65
348,.40 cal suppressor oil filter not as it seems,10,B000C9TV90,ACDelco GM Original Equipment PF1218 Engine Oil Filter,E,FN,,0.2,0.2,0.2,16322.65
351,.5 inch suction cups without hooks,1,B071WFNKTB,"Whaline 45mm Large Suction Cup PVC Plastic Sucker Pads Without Hooks, 20 Packs Clear",S,FP,1,0.0,0.0,0.0,15726.55
351,.5 inch suction cups without hooks,1,B07BHD441K,Aoyoho Diameter 20MM Mini Clear Plastic Suction Cups Without Hooks Pack of 120,E,FN,,0.0,0.0,0.0,15726.55
352,.5 lead b ain,6,B01HODH9QI,"Pentel Ain Stein Mechanical Pencil Lead, 0.5mm B,2B,3B,4B (40 Leads) 1 Each + Original 5 Colors Sticky Notes",E,TP,1,0.6667,0.6667,0.6667,16148.62
352,.5 lead b ain,6,B00MIIFX8G,"Pentel Ain Pencil Leads 0.5mm 2B, 40 Leads X 5 Pack/total 200 Leads (Japan Import) [Komainu-Dou Original Package]",S,FP,2,0.6667,0.6667,0.6667,16148.62
352,.5 lead b ain,6,B004EHYH0Y,"Pentel Ain Stein Mechanical Pencil Lead, 0.5mm B, 40 Leads x 3 Pack (XC275B-3P)",E,TP,3,0.6667,0.6667,0.6667,16148.62
352,.5 lead b ain,6,B017Q9VRIQ,"Pentel 0.5 Refill 3-piece Set 3B2BBAS for PG1015/515, Packaged Ain Stein Lead, 0.5 mm B, 2B, 3B for PG1015/515, Tube of 40pcs (XC275-B,2B,3B), 1 Each",E,TP,4,0.6667,0.6667,0.6667,16148.62
352,.5 lead b ain,6,B001TQDTOS,"Pentel Super Hi-Polymer Lead Refill, 0.5mm, Fine, B, 144 Pieces of Lead (C505-B)",S,FP,5,0.6667,0.6667,0.6667,16148.62
352,.5 lead b ain,6,B004EHYH2M,"Pentel Ain Stein Mechanical Pencil Lead, 0.5mm 2B, 40 Leads x 3 Pack (XC2752B-3P)",E,TP,6,0.6667,0.6667,0.6667,16148.62
352,.5 lead b ain,6,B00PQY8XRC,"Pentel Ain Pencil Leads 0.5mm 4B, 40 Leads X 5 Pack/total 200 Leads (Japan Import) [Komainu-Dou Original Package]",E,FN,,0.6667,0.6667,0.6667,16148.62
352,.5 lead b ain,6,B008JF3RLC,"Pentel Mechanical Pencil Lead, Ain Stein, 0.5mm, 4B (C275-4B)",E,FN,,0.6667,0.6667,0.6667,16148.62
353,.5 mm pen,15,B07K9MPWFF,"12 Pieces Rolling Ball Pens, Quick-Drying Ink 0.5 mm Extra Fine Point Pens Liquid Ink Pen Rollerball Pens (Black, Red, Blue, Pink, Purple and Green)",E,TP,1,0.6667,0.6667,0.6667,16947.01
353,.5 mm pen,15,B00006IE87,"uni-ball ONYX Rollerball Pen, Micro Point (0.5mm), Black, 12 Count",E,TP,2,0.6667,0.6667,0.6667,16947.01
353,.5 mm pen,15,B001E6A9M8,"PILOT Precise V5 RT Refillable & Retractable Liquid Ink Rolling Ball Pens, Extra Fine Point (0.5mm) Black Ink, 12-Pack (26062)",E,TP,3,0.6667,0.6667,0.6667,16947.01
353,.5 mm pen,15,B00006IEBI,"PILOT Precise V5 Stick Liquid Ink Rolling Ball Stick Pens, Extra Fine Point (0.5mm) Black Ink, 12-Pack (35334)",E,TP,4,0.6667,0.6667,0.6667,16947.01
353,.5 mm pen,15,B002R0DYZ4,"Pentel EnerGel Deluxe RTX Retractable Liquid Gel Pens, Fine Point, 0.5 mm, 54% Recycled, Blue Barrel, Black Ink, Pack of 12 Pens",E,TP,5,0.6667,0.6667,0.6667,16947.01
353,.5 mm pen,15,B082PMHSBB,"Sharpie S-Gel, Gel Pens, Fine Point (0.5mm), Blue Ink Gel Pen, 12 Count",E,TP,6,0.6667,0.6667,0.6667,16947.01
353,.5 mm pen,15,B07G2DMV63,"Zebra Pen G-402 Stainless Steel Retractable Gel Pen, Fine Point, 0.5mm, Black Ink, 2-Count (49212)",E,TP,7,0.6667,0.6667,0.6667,16947.01
353,.5 mm pen,15,B078MCWLX7,"Tanmit Gel Pens Retractable Black Ink Rollerball Pens, Fine Point Ballpoint Writing Pen for Office - 0.5mm Tips with Comfort Grip (18-Pack)",E,TP,8,0.6667,0.6667,0.6667,16947.01
353,.5 mm pen,15,B07S1DRSZC,Bewinds Men's UPF 50+UV Sun Protection Long Sleeve T-Shirt Performance Dri-fit UV Blocking Shirts for Running Fishing Gray,I,FP,9,0.6667,0.6667,0.6667,16947.01
353,.5 mm pen,15,B07485X95K,"ParKoo Retractable Erasable Gel Pens Clicker, Fine Point, No Need for White Out, Assorted Color Inks for Planners and Crossword Puzzles, 7-Pack",I,FP,10,0.6667,0.6667,0.6667,16947.01
353,.5 mm pen,15,B005EE4UPS,"Pentel EnerGel-X Retractable Liquid Gel Pen, 0.5 mm, Black, Pack of 12",E,TP,11,0.6667,0.6667,0.6667,16947.01
353,.5 mm pen,15,B01NBWOPVU,"TUL Retractable Gel Pens, Needle Point, 0.5 mm, Gray Barrel, Assorted Bright Ink Colors, Pack of 8",E,TP,12,0.6667,0.6667,0.6667,16947.01
353,.5 mm pen,15,B0013CO8XE,"uni-ball 207 Colors Retractable Gel Pens, Medium Point (0.7mm), Assorted, 8 Count",I,FP,13,0.6667,0.6667,0.6667,16947.01
353,.5 mm pen,15,B00006JNJ8,"PILOT G2 Premium Refillable & Retractable Rolling Ball Gel Pens, Extra Fine Point, Black Ink, 12-Pack (31002)",S,FP,14,0.6667,0.6667,0.6667,16947.01
353,.5 mm pen,15,B001TQFX3I,"Ticonderoga Tri-Conderoga Triangular Pencils, Wood-Cased #2, Sharpener, Soft Touch Comfort Barrel, Black, 12-Pack (22500)",I,FP,15,0.6667,0.6667,0.6667,16947.01
353,.5 mm pen,15,B01MDLE5ZJ,"Retractable Gel Pens, 20 Assorted Colors",E,FN,,0.6667,0.6667,0.6667,16947.01
353,.5 mm pen,15,B00CMO1G9G,"Pentel Pink BCA EnerGel Pearl Deluxe RTX Liquid Gel Pen, (0.5mm), Fine Line, Needle Tip (BLN75WBP2PA)",E,FN,,0.6667,0.6667,0.6667,16947.01
353,.5 mm pen,15,B07R79FGTC,"INC R2 PRECISION ROLLERBALL 0.5 MM Tip Ultra Fine Point 12 Count Comfort Grip R-2 Precision Pens with Free Flowing Liquid Ink for Smooth Writing, Premium Black Ink Pens for Home, School or Office",E,FN,,0.6667,0.6667,0.6667,16947.01
353,.5 mm pen,15,B07VPVWPBB,Kaco Pure Retractable Gel Ink Pens Retro Colored Ink 0.5mm Extra Fine Point 5-Pack,E,FN,,0.6667,0.6667,0.6667,16947.01
353,.5 mm pen,15,B00K3KRQM2,"Sakura Pigma Micron Black #49, 6 Count (Pack of 1)",E,FN,,0.6667,0.6667,0.6667,16947.01
354,.50 cc syringe without needle,3,B00Z7MQBA4,3cc 3ml Syringe Without Needle 100 Syringes Box Medint,I,FP,1,0.3333,0.3333,0.3333,15440.32
354,.50 cc syringe without needle,3,B07PY77BHF,"DEPEPE 120pcs 1ml Luer Slip Tip Syringe with Caps, Without Needle, for Pet Feeding and Industrial Use",E,TP,2,0.3333,0.3333,0.3333,15440.32
354,.50 cc syringe without needle,3,B07GX4RJF3,"1ml Oral Syringe - 100 Pack – Luer Slip Tip, No Needle, Sterile Individually Blister Packed - Medicine Administration for Infants, Toddlers and Small Pets",S,FP,3,0.3333,0.3333,0.3333,15440.32
354,.50 cc syringe without needle,3,B07P25XH8Z,20 Packs Plastic Syringe with Measurement Liquids Measuring Syringes Without Needle for Medicine Resin Epoxy Watering Refilling (3 ml),E,FN,,0.3333,0.3333,0.3333,15440.32
354,.50 cc syringe without needle,3,B01N01TO2O,"BSTEAN 1ml 1cc Syringe with Luer Slip Tip, No Needle, Non-Sterile (Pack of 50)",E,FN,,0.3333,0.3333,0.3333,15440.32
358,.625 width 20 gal metal strapping without holes,1,B08B7YV1H1,"30ft Perforated Metal Hanger Straps, Steel Hanger, ½ inches Width, 0.7 mm Thickness, Max. Load: 60 lb",I,FP,1,0.0,0.0,0.0,15317.08
358,.625 width 20 gal metal strapping without holes,1,B06XTKM2GJ,"Poly Strapping Tensioner & Cutter Manual Banding Tools Windlass for 1/2"" -3/4"" Width Polyester Polyproplyn Strap",E,FN,,0.0,0.0,0.0,15317.08
362,.75 carat rings band curved,11,B08LKF77TL,"3/4 Ct Pear Emerald Diffused Solitaire Ring, Crown Engagement Ring, 1/2 Ct HI-SI Diamond Halo Bridal Ring, Curved Statement Ring, Vintage Wedding Ring, 14K Rose Gold, Size:US 10.5",S,FP,1,0.2727,0.2727,0.2727,16136.9
362,.75 carat rings band curved,11,B0188VY67K,TwoBirch 3/4 Ct. Infinity Bypass Engagement Ring Guard in Sterling Silver with Cubic Zirconia (Size 7),S,FP,2,0.2727,0.2727,0.2727,16136.9
362,.75 carat rings band curved,11,B00FXW7076,"Amazon Collection Platinum-Plated Sterling Silver Solitaire Ring set with Round Swarovski Zirconia (2 cttw), Size 7",S,FP,3,0.2727,0.2727,0.2727,16136.9
362,.75 carat rings band curved,11,B00NUXVZ0S,"Dazzlingrock Collection 0.80 Carat (ctw) 14K Round Cut Diamond Wedding 3 Stone Enhancer Guard Ring 3/4 CT, White Gold, Size 7",S,FP,4,0.2727,0.2727,0.2727,16136.9
362,.75 carat rings band curved,11,B07D6KDDT2,Diamonbella Supreme 101 Facets 2 Carat Rectangular Cushion Cut NSCD Simulated Diamond Ring Band Set Solid 925 Silver Halo Design (6),I,FP,5,0.2727,0.2727,0.2727,16136.9
362,.75 carat rings band curved,11,B098JR5BMM,"Moissanite Wedding Band, Wedding bands for Women with 6pcs of Real Moissanite, 0.6ct in toal in 925 Sterling Silver with 18K Gold Plated, Nice and Affordable Womens Wedding Band, Shiny as Real Diamonds(90)",S,FP,6,0.2727,0.2727,0.2727,16136.9
362,.75 carat rings band curved,11,B07Y1QBY26,Sterling Silver Curved Wedding Band Ring Enhancer Pave Arched Rings,S,FP,7,0.2727,0.2727,0.2727,16136.9
362,.75 carat rings band curved,11,B00VF2UGTM,BERRICLE Rhodium Plated Sterling Silver Cubic Zirconia CZ Wishbone Wedding Curved Half Eternity Band Ring Size 8,S,FP,8,0.2727,0.2727,0.2727,16136.9
362,.75 carat rings band curved,11,B00KL3N8XM,"Dazzlingrock Collection 0.75 Carat (ctw) 10k Round Diamond Curved Guard Matching Bridal Wedding Band, White Gold, Size 9",E,TP,9,0.2727,0.2727,0.2727,16136.9
362,.75 carat rings band curved,11,B00KM333MM,"Dazzlingrock Collection 0.75 Carat (ctw) 18K Ruby Ladies Curved Guard Matching Bridal Wedding Band 3/4 CT, White Gold, Size 7",E,TP,10,0.2727,0.2727,0.2727,16136.9
362,.75 carat rings band curved,11,B005MTHRZK,"Dazzlingrock Collection 0.75 Carat (ctw) 14K Round Diamond Curved Guard Bridal Wedding Band 3/4 CT, White Gold, Size 7",E,TP,11,0.2727,0.2727,0.2727,16136.9
362,.75 carat rings band curved,11,B08SQR39ZH,DovEggs 0.46CTW GHI 2mm Width Moissanite Lab Created Diamond Half Curved Eternity Wedding Band Sterling Silver for Women (7),E,FN,,0.2727,0.2727,0.2727,16136.9
362,.75 carat rings band curved,11,B00KL39T8K,"Dazzlingrock Collection 0.75 Carat (ctw) 10k Round White And Blue Diamond Curved Guard Bridal Wedding Band, White Gold, Size 7",E,FN,,0.2727,0.2727,0.2727,16136.9
362,.75 carat rings band curved,11,B081ZW6Z7T,Sterling Silver Curved Wedding Band Simple Stackable Ring Stacking Minimalist Thin Band Bridal Ring Size 6,E,FN,,0.2727,0.2727,0.2727,16136.9
362,.75 carat rings band curved,11,B008EMFRSG,BERRICLE Rhodium Plated Sterling Silver Cubic Zirconia CZ Wedding Curved Half Eternity Band Ring Size 7,E,FN,,0.2727,0.2727,0.2727,16136.9
362,.75 carat rings band curved,11,B07N575QB8,BERRICLE Rhodium Plated Sterling Silver Cubic Zirconia CZ Wishbone Wedding Curved Half Eternity Band Ring Size 6,E,FN,,0.2727,0.2727,0.2727,16136.9
362,.75 carat rings band curved,11,B07KQYJ3LK,"Classic Bridal Ring Set 0.75 Ct Pear Cut Teardrop Halo Ring Eternity Infinity Band Size 4 5 6 7 8 9 10 (Silver, 7)",E,FN,,0.2727,0.2727,0.2727,16136.9
362,.75 carat rings band curved,11,B07FMQQK2Q,2mm 925 Stering Silver Ring Cubic Zirconia Curved Half Eternity ring for Women Size 7,E,FN,,0.2727,0.2727,0.2727,16136.9
362,.75 carat rings band curved,11,B00KL3NICS,"Dazzlingrock Collection 0.75 Carat (ctw) 18k Round Diamond Curved Guard Matching Bridal Wedding Band, White Gold, Size 9",E,FN,,0.2727,0.2727,0.2727,16136.9
363,.8 beading wire plastic not stretchy,8,B08FR8BFG3,E-outstanding Beading Wire Stretch Thread 100m/Roll 0.8mm Elastic Crystal Line Cord String Rope for Jewelry Making Supply DIY Necklace Bracelet,E,TP,1,0.25,0.25,0.25,16483.65
363,.8 beading wire plastic not stretchy,8,B075VQJ8GP,Paxcoo Jewelry Making Supplies Kit - Jewelry Repair Tool with Accessories Jewelry Pliers Jewelry Findings and Beading Wires for Adults and Beginners,C,FP,2,0.25,0.25,0.25,16483.65
363,.8 beading wire plastic not stretchy,8,B07PHS1T73,Yaomiao 0.8 mm Elastic Cord Clear Stretchy Bracelet Beading Thread with Beading Needle for Jewelry Bracelet Making(Clear),I,FP,3,0.25,0.25,0.25,16483.65
363,.8 beading wire plastic not stretchy,8,B08FQRH5VC,Stiesy 0.8mm Elastic Beading Thread Cord Strong Stretchy Flat Elastic Crystal String Craft Jewelry Bracelet Making Cord String 10m/roll-Clear,I,FP,4,0.25,0.25,0.25,16483.65
363,.8 beading wire plastic not stretchy,8,B07TW51GDB,"EuTengHao 10 Packs Crystal String 0.8mm Elastic String Elastic Cord Stretchy Bracelet String Bead Cord for Bracelet, Beading Jewelry Making（10 Colors, 150m）",I,FP,5,0.25,0.25,0.25,16483.65
363,.8 beading wire plastic not stretchy,8,B00E95QXMG,"328 FT Elastic String for Bracelets, Premium 0.8mm Jewelry Elastic Cord Clear, Strong Stretchy String Elastic Cord for Bracelet, Jewelry Making, Beads, Crafts, Crystal String Beading Thread for Kids",E,TP,6,0.25,0.25,0.25,16483.65
363,.8 beading wire plastic not stretchy,8,B07QYLMVJ1,"EuTengHao 0.8mm Elastic Bracelet String, Crystal String Cord for Bracelet, 150m Elastic Cord Stretchy Bracelet String Bead Cord Jewelry String for Bracelet, Beading, Jewelry Making(150m/492ft, 0.8mm)",S,FP,7,0.25,0.25,0.25,16483.65
363,.8 beading wire plastic not stretchy,8,B07HBPGXJG,"Paxcoo 0.8mm Elastic String, Stretchy Bracelet String Crystal String Bead Cord for Bracelet, Beading and Jewelry Making (120m)",I,FP,8,0.25,0.25,0.25,16483.65
363,.8 beading wire plastic not stretchy,8,B002RTKGW4,Beadsmith Illusion Monofilament Bead Cord .010 In 6 lb 164ft,E,FN,,0.25,0.25,0.25,16483.65
363,.8 beading wire plastic not stretchy,8,B006DRFACW,"SuppleMax Illusion Beading Cord, 0.30 mm / .012 in, Clear Monofilament, 50 m / 164 ft",E,FN,,0.25,0.25,0.25,16483.65
363,.8 beading wire plastic not stretchy,8,B07CVTFQGW,BENECREAT 300-Feet 0.018inch/0.46mm Tiger Tail Beading Wire 7-Strand Bead Stringing Wire,E,FN,,0.25,0.25,0.25,16483.65
363,.8 beading wire plastic not stretchy,8,B07QWQCZJQ,"320 FT Jewelry Cord, Elastic Bracelet Rope Crystal Beading Cords, Transparent and Shiny Elastic Beaded Line, Can Easily Pass Through Beaded Jewelry, Suitable for DIY Jewelry Making, Bracelet Making",E,FN,,0.25,0.25,0.25,16483.65
363,.8 beading wire plastic not stretchy,8,B0899PP3RK,"0.8mm Crystal Elastic String, 393.7ft Clear Bead Cord Stretchy Bracelet String for Handcrafts/Jewelry Making/Necklace/Bracelet/Beading Thread",E,FN,,0.25,0.25,0.25,16483.65
363,.8 beading wire plastic not stretchy,8,B01KQ2JNLI,Striveday 30 AWG Flexible Silicone Wire Electric Wire 30 Gauge Coper Hook Up Wire 300V Cables Electronic Stranded Wire Cable Electrics DIY Box-1,E,FN,,0.25,0.25,0.25,16483.65
376,.i'm a dreamer but i not the only one dragonfly,29,B08CDDXQ7T,Dragonfly Image You May say I'm a Dreamer but I'm not The only one T-Shirt White,E,TP,1,0.7241,0.7241,0.7241,18057.25
376,.i'm a dreamer but i not the only one dragonfly,29,B08PSNPPK1,You May Say I'm A Dreamer But I Not The Only One Dragon Fly T-Shirt (Black;S),E,TP,2,0.7241,0.7241,0.7241,18057.25
376,.i'm a dreamer but i not the only one dragonfly,29,B08MJDNVC9,You May Say I'm A Dreamer But I Not The Only One Dragon Fly Women Flowy Racerback Tank Top Black,E,TP,3,0.7241,0.7241,0.7241,18057.25
376,.i'm a dreamer but i not the only one dragonfly,29,B0854JSKPQ,You May Say I'm A Dreamer But I Not The Only One Dragon Fly T-Shirt,E,TP,4,0.7241,0.7241,0.7241,18057.25
376,.i'm a dreamer but i not the only one dragonfly,29,B08MK1B1G9,You May Say I'm A Dreamer But I Not The Only One Dragon Fly Cotton Short Sleeve T-Shirt Black,E,TP,5,0.7241,0.7241,0.7241,18057.25
376,.i'm a dreamer but i not the only one dragonfly,29,B097T6THD3,Personalized Name You May Say I'm A Dreamer But Not The Only One Dragon Fly Blanket LETD FUCT2409,E,TP,6,0.7241,0.7241,0.7241,18057.25
376,.i'm a dreamer but i not the only one dragonfly,29,B098MT83R4,Personalized Mug- You May Say I'm A Dreamer But I'm Not The Only One Imagine Dragonfly 1 Custom Mug Coffee Mugs Tea Cup 11oz 15oz Stainless Steel Bottle Travel Beer Stein Mug,E,TP,7,0.7241,0.7241,0.7241,18057.25
376,.i'm a dreamer but i not the only one dragonfly,29,B0854D24S5,You May Say I'm A Dreamer But I Not The Only One Dragon Fly Long Sleeve T-Shirt,E,TP,8,0.7241,0.7241,0.7241,18057.25
376,.i'm a dreamer but i not the only one dragonfly,29,B0854C6R4C,You May Say I'm A Dreamer But I Not The Only One Dragon Fly Sweatshirt,E,TP,9,0.7241,0.7241,0.7241,18057.25
376,.i'm a dreamer but i not the only one dragonfly,29,B08CXB2BMG,"Vintage Industrial End Table, 21 Inch Square Side Table with Metal Frame & Storage Shelves 3-Tier Storage Coffee Tea End Table for Living Room, Bedroom, Sturdy Structure, Rustic Brown",I,FP,10,0.7241,0.7241,0.7241,18057.25
376,.i'm a dreamer but i not the only one dragonfly,29,B08FSV3DB6,Hand-held Embossed Rolling Pins Christmas Wooden Hand Grip Engraved Rolling Pin for Baking Non-stick Embossed Professional Dough Roller for Cookies (2),I,FP,11,0.7241,0.7241,0.7241,18057.25
376,.i'm a dreamer but i not the only one dragonfly,29,B08MJMXLK7,"Mi2luky You May Say I'm A Dreamer But I Not The Only One Dragon Fly (17""x22"") Wall Art Print Poster Home Decor",E,TP,12,0.7241,0.7241,0.7241,18057.25
376,.i'm a dreamer but i not the only one dragonfly,29,B098MV8QTD,Personalized Mug- You May Say I'm A Dreamer But I'm Not The Only One Imagine Dragonfly 2 Custom Mug Coffee Mugs Tea Cup 11oz 15oz Stainless Steel Bottle Travel Beer Stein Mug,E,TP,13,0.7241,0.7241,0.7241,18057.25
376,.i'm a dreamer but i not the only one dragonfly,29,B0854C5VQ6,You May Say I'm A Dreamer But I Not The Only One Dragon Fly PopSockets Grip and Stand for Phones and Tablets,E,TP,14,0.7241,0.7241,0.7241,18057.25
376,.i'm a dreamer but i not the only one dragonfly,29,B08Q3SHC5B,You May Say I'm A Dreamer But I'm Not The Only One Dragonfly T-Shirt,E,TP,15,0.7241,0.7241,0.7241,18057.25
376,.i'm a dreamer but i not the only one dragonfly,29,B08XJ1VWHV,1PCS Hippie Imagine You May Say I'm A Dreamer But I Am Not The Only One Dragonfly Cloth Mask,E,TP,16,0.7241,0.7241,0.7241,18057.25
376,.i'm a dreamer but i not the only one dragonfly,29,B07T7WXH5H,Heart Chain Shoulder Bag Glossy Women Cross Body Bag Cosplay Purse (Black),I,FP,17,0.7241,0.7241,0.7241,18057.25
376,.i'm a dreamer but i not the only one dragonfly,29,B0854BDTGT,You May Say I'm A Dreamer But I Not The Only One Dragon Fly Tank Top,E,TP,18,0.7241,0.7241,0.7241,18057.25
376,.i'm a dreamer but i not the only one dragonfly,29,B0854FRCQZ,You May Say I'm A Dreamer But I Not The Only One Dragon Fly Premium T-Shirt,E,TP,19,0.7241,0.7241,0.7241,18057.25
376,.i'm a dreamer but i not the only one dragonfly,29,B07GLLX6LB,"Evolur Waverly Double Dresser, Rustic Grey , 54x20.25x33 Inch (Pack of 1)",I,FP,20,0.7241,0.7241,0.7241,18057.25
376,.i'm a dreamer but i not the only one dragonfly,29,B098NDWJ38,Personalized Mug- You May Say I'm A Dreamer But I'm Not The Only One Imagine Dragonfly 1 Custom Mug Coffee Mugs Tea Cup 11oz 15oz Stainless Steel Bottle Travel Beer Stein Mug,E,TP,21,0.7241,0.7241,0.7241,18057.25
376,.i'm a dreamer but i not the only one dragonfly,29,B091TTB48Q,"You May Say I'm A Dreamer But I'm Not The Only One Imagine Dragonfly Aesthetic Quote Dreamer T-Shirt, Long Sleeve, Sweatshirt, Hoodie, Babysuit",E,TP,22,0.7241,0.7241,0.7241,18057.25
376,.i'm a dreamer but i not the only one dragonfly,29,B07GVCZM8Y,ANLEY 5 X 3 inch American US Flag Decal - Patriotic Stars Reflective Stripe USA Flag Car Stickers - Support US Military (3 Pack),I,FP,23,0.7241,0.7241,0.7241,18057.25
376,.i'm a dreamer but i not the only one dragonfly,29,B07MP1CMFF,"Kanu Surf Girls' Mahina Beach Sport Halter Bikini 2-Piece Swimsuit, Erin Purple Camo, 7",I,FP,24,0.7241,0.7241,0.7241,18057.25
376,.i'm a dreamer but i not the only one dragonfly,29,B096TRTS8N,"You May Say I M A Dreamer But I Not The Only One Dragon Fly: notebook, notebook journal beautiful , simple, impressive,size 6x9 inches, 114 paperback pages",E,TP,25,0.7241,0.7241,0.7241,18057.25
376,.i'm a dreamer but i not the only one dragonfly,29,B08MK2RB9T,You May Say I'm A Dreamer But I Not The Only One Dragon Fly Ceramic Coffee Mug Tea Cup,E,TP,26,0.7241,0.7241,0.7241,18057.25
376,.i'm a dreamer but i not the only one dragonfly,29,B098NF1DKT,Personalized Mug- You May Say I'm A Dreamer But I Not The Only One Imagine Dragonfly 3 Custom Mug Coffee Mugs Tea Cup 11oz 15oz Stainless Steel Bottle Travel Beer Stein Mug,E,TP,27,0.7241,0.7241,0.7241,18057.25
376,.i'm a dreamer but i not the only one dragonfly,29,B079Q9K1GF,"DexBoard 36 x 24 Inch Cork /Dry Erase Combo Board, Magnetic Presentation Whiteboard/Bulletin Combination Board",I,FP,28,0.7241,0.7241,0.7241,18057.25
376,.i'm a dreamer but i not the only one dragonfly,29,B08B7SJX8Q,Fated Mate Tamed: A Dark Sci-Fi Mafia Romance (Vostra Crime Lords Book 1),I,FP,29,0.7241,0.7241,0.7241,18057.25
376,.i'm a dreamer but i not the only one dragonfly,29,B07XD6TDFH,"GrayFoxxy You May Say I'm A Dreamer But I Not The Only One Dragon Fly Gift Decorations - 4x3 Vinyl Stickers, Laptop Decal, Water Bottle Sticker (Set of 3)",E,FN,,0.7241,0.7241,0.7241,18057.25
376,.i'm a dreamer but i not the only one dragonfly,29,B07YP5NY88,"Peach Poem Dragonfly You May say I'm a Dreamer but I'm not The only one Gift Decorations - 4x3 Vinyl Stickers, Laptop Decal, Water Bottle Sticker (Set of 3)",E,FN,,0.7241,0.7241,0.7241,18057.25
376,.i'm a dreamer but i not the only one dragonfly,29,B098NF452B,Personalized Mug- You May Say I'm A Dreamer But I'm Not The Only One Imagine Dragonfly 2 Custom Mug Coffee Mugs Tea Cup 11oz 15oz Stainless Steel Bottle Travel Beer Stein Mug,E,FN,,0.7241,0.7241,0.7241,18057.25
376,.i'm a dreamer but i not the only one dragonfly,29,B08MQ3QB8W,"Mi2luky Sticker You May Say I'm A Dreamer But I Not The Only One Dragon Fly 3""×4"" Decals for Laptop Window Car Bumper Helmet Water Bottle (3 PCs/Pack)",E,FN,,0.7241,0.7241,0.7241,18057.25
376,.i'm a dreamer but i not the only one dragonfly,29,B0854BVBQ1,Womens You May Say I'm A Dreamer But I Not The Only One Dragon Fly V-Neck T-Shirt,E,FN,,0.7241,0.7241,0.7241,18057.25
376,.i'm a dreamer but i not the only one dragonfly,29,B08MJDCR4J,You May Say I'm A Dreamer But I Not The Only One Dragon Fly Pullover Hoodie Black,E,FN,,0.7241,0.7241,0.7241,18057.25
376,.i'm a dreamer but i not the only one dragonfly,29,B0854BVXP5,You May Say I'm A Dreamer But I Not The Only One Dragon Fly Pullover Hoodie,E,FN,,0.7241,0.7241,0.7241,18057.25
376,.i'm a dreamer but i not the only one dragonfly,29,B098MTLFD1,Personalized Mug- You May Say I'm A Dreamer But I Not The Only One Imagine Dragonfly 3 Custom Mug Coffee Mugs Tea Cup 11oz 15oz Stainless Steel Bottle Travel Beer Stein Mug,E,FN,,0.7241,0.7241,0.7241,18057.25
382,.rascal does not dream of bunny girl senpai tapestry,38,B08RRWXXKY,439 Rascal Does Not Dream of Bunny Girl Senpai Tapestry Wall Hanging Art Decoration for Apartment Home Wall Tapestry for Bedroom Living Room Dorm 6051Ines,E,TP,1,0.9355,0.7632,0.8406,18868.39
382,.rascal does not dream of bunny girl senpai tapestry,38,B095NBYVGC,"Rascal Does Not Dream of Bunny Girl Senpai Mai Wall Hanging Tapestry for Apartment Home Art Decoration, Living Room, Dormitory Wall Hanging Tapestry Fashion Tapestry 60 x 40inch",E,TP,2,0.9355,0.7632,0.8406,18868.39
382,.rascal does not dream of bunny girl senpai tapestry,38,B09BCD3FKW,Rascal Does Not Dream Of Bunny Girl Senpai Tapestry Wall Hanging Tapestries Art Tapestries Classic Wall Hanging Blanket Decoration Home Living Room Bedroom Dorm 90x60inch,E,TP,3,0.9355,0.7632,0.8406,18868.39
382,.rascal does not dream of bunny girl senpai tapestry,38,B09BC2ZZVV,Rascal Does Not Dream Of Bunny Girl Senpai Tapestry Wall Hanging Tapestries Decoration Tapestries Classic Wall Hanging Blanket 60x40inch,E,TP,4,0.9355,0.7632,0.8406,18868.39
382,.rascal does not dream of bunny girl senpai tapestry,38,B09BBYL2C8,Rascal Does Not Dream Of Bunny Girl Senpai Tapestry Wall Hanging Tapestries Decoration Tapestries Classic Wall Hanging Blanket 60x40inch,E,TP,5,0.9355,0.7632,0.8406,18868.39
382,.rascal does not dream of bunny girl senpai tapestry,38,B08M5QYC54,Marquezin Rascal Does Not Dream of Bunny Girl Senpai Tapestry Wall Hanging Comfortable Tapestry Fashion Wall Home Art Decoration Living Room Bedroom Dormitory Home Decoration 60x40 Inch,E,TP,6,0.9355,0.7632,0.8406,18868.39
382,.rascal does not dream of bunny girl senpai tapestry,38,B09BCFFGHR,Rascal Does Not Dream Of Bunny Girl Senpai Tapestry Wall Hanging Tapestries Decoration Tapestries Classic Wall Hanging Blanket 60x40inch,E,TP,7,0.9355,0.7632,0.8406,18868.39
382,.rascal does not dream of bunny girl senpai tapestry,38,B09BC22WWX,Rascal Does Not Dream Of Bunny Girl Senpai Tapestry Wall Hanging Tapestries Decoration Tapestries Classic Wall Hanging Blanket 60x40inch,E,TP,8,0.9355,0.7632,0.8406,18868.39
382,.rascal does not dream of bunny girl senpai tapestry,38,B09BC33XHS,Rascal Does Not Dream Of Bunny Girl Senpai Tapestry Wall Hanging Tapestries Art Tapestries Classic Wall Hanging Blanket Decoration Home Living Room Bedroom Dorm 90x60inch,E,TP,9,0.9355,0.7632,0.8406,18868.39
382,.rascal does not dream of bunny girl senpai tapestry,38,B09BC51DGL,Rascal Does Not Dream Of Bunny Girl Senpai Tapestry Wall Hanging Tapestries Decoration Tapestries Classic Wall Hanging Blanket 60x40inch,E,TP,10,0.9355,0.7632,0.8406,18868.39
382,.rascal does not dream of bunny girl senpai tapestry,38,B09BC2D83N,Rascal Does Not Dream Of Bunny Girl Senpai Tapestry Wall Hanging Tapestries Decoration Tapestries Classic Wall Hanging Blanket 60x40inch,E,TP,11,0.9355,0.7632,0.8406,18868.39
382,.rascal does not dream of bunny girl senpai tapestry,38,B09BC1X733,Rascal Does Not Dream Of Bunny Girl Senpai Tapestry Wall Hanging Tapestries Art Tapestries Classic Wall Hanging Blanket Decoration Home Living Room Bedroom Dorm 90x60inch,E,TP,12,0.9355,0.7632,0.8406,18868.39
382,.rascal does not dream of bunny girl senpai tapestry,38,B08M67QVKS,Marquezin Rascal Does Not Dream of Bunny Girl Senpai Tapestry Wall Hanging Comfortable Tapestry Fashion Wall Home Art Decoration Living Room Bedroom Dormitory Home Decoration 60x40 Inch,E,TP,13,0.9355,0.7632,0.8406,18868.39
382,.rascal does not dream of bunny girl senpai tapestry,38,B086J98VBJ,AsakawaKoutarou Rascal Does Not Dream of Bunny Girl Senpai Banner Tapestry 90x60 Inches Wall Art Tapestries Hanging Dorm Room Living Home Decorative,E,TP,14,0.9355,0.7632,0.8406,18868.39
382,.rascal does not dream of bunny girl senpai tapestry,38,B09BC5HB6X,Rascal Does Not Dream Of Bunny Girl Senpai Tapestry Wall Hanging Tapestries Art Tapestries Classic Wall Hanging Blanket Decoration Home Living Room Bedroom Dorm 90x60inch,E,TP,15,0.9355,0.7632,0.8406,18868.39
382,.rascal does not dream of bunny girl senpai tapestry,38,B09BBZCM4V,Rascal Does Not Dream Of Bunny Girl Senpai Tapestry Wall Hanging Tapestries Art Tapestries Classic Wall Hanging Blanket Decoration Home Living Room Bedroom Dorm 90x60inch,E,TP,16,0.9355,0.7632,0.8406,18868.39
382,.rascal does not dream of bunny girl senpai tapestry,38,B09BC27J9V,Rascal Does Not Dream Of Bunny Girl Senpai Tapestry Wall Hanging Tapestries Decoration Tapestries Classic Wall Hanging Blanket 60x40inch,E,TP,17,0.9355,0.7632,0.8406,18868.39
382,.rascal does not dream of bunny girl senpai tapestry,38,B09BC173JH,Rascal Does Not Dream Of Bunny Girl Senpai Tapestry Wall Hanging Tapestries Decoration Tapestries Classic Wall Hanging Blanket 60x40inch,E,TP,18,0.9355,0.7632,0.8406,18868.39
382,.rascal does not dream of bunny girl senpai tapestry,38,B09BC1M2YB,Rascal Does Not Dream Of Bunny Girl Senpai Tapestry Wall Hanging Tapestries Decoration Tapestries Classic Wall Hanging Blanket 60x40inch,E,TP,19,0.9355,0.7632,0.8406,18868.39
382,.rascal does not dream of bunny girl senpai tapestry,38,B098FGC8C9,"Rascal Does Not Dream Of Bunny Girl Senpai Tapestry For Bbq, Bedsheet, Wall Art, Decor Wall, And Wall Hanging, Tapestry Blanket For Living Room Or Office 60 X 40 Inches",E,TP,20,0.9355,0.7632,0.8406,18868.39
382,.rascal does not dream of bunny girl senpai tapestry,38,B09BC8ZFX1,Rascal Does Not Dream Of Bunny Girl Senpai Tapestry Wall Hanging Tapestries Art Tapestries Classic Wall Hanging Blanket Decoration Home Living Room Bedroom Dorm 90x60inch,E,TP,21,0.9355,0.7632,0.8406,18868.39
382,.rascal does not dream of bunny girl senpai tapestry,38,B08RYD5542,"439 Rascal Does Not Dream of Bunny Girl Senpai Tapestry Wall Hanging Art Decoration for Apartment Home Wall Tapestry for Bedroom Living Room Dorm, 60*40Ines",E,TP,22,0.9355,0.7632,0.8406,18868.39
382,.rascal does not dream of bunny girl senpai tapestry,38,B09BC2SPHX,Rascal Does Not Dream Of Bunny Girl Senpai Tapestry Wall Hanging Tapestries Art Tapestries Classic Wall Hanging Blanket Decoration Home Living Room Bedroom Dorm 90x60inch,E,TP,23,0.9355,0.7632,0.8406,18868.39
382,.rascal does not dream of bunny girl senpai tapestry,38,B09BC1D1YV,Rascal Does Not Dream Of Bunny Girl Senpai Tapestry Wall Hanging Tapestries Decoration Tapestries Classic Wall Hanging Blanket 60x40inch,E,TP,24,0.9355,0.7632,0.8406,18868.39
382,.rascal does not dream of bunny girl senpai tapestry,38,B08SJPLM15,HGNN Rascal Does Not Dream of Bunny Girl Senpai Nude Wall Hanging Anime Manga Tapestry Blanket for Party Bedroom Decoration 50x150cm(19.6in x 59in) Satin Peach Skin Pillowcase,E,TP,25,0.9355,0.7632,0.8406,18868.39
382,.rascal does not dream of bunny girl senpai tapestry,38,B09BC1RVV6,Rascal Does Not Dream Of Bunny Girl Senpai Tapestry Wall Hanging Tapestries Art Tapestries Classic Wall Hanging Blanket Decoration Home Living Room Bedroom Dorm 90x60inch,E,TP,26,0.9355,0.7632,0.8406,18868.39
382,.rascal does not dream of bunny girl senpai tapestry,38,B098FJ7RGD,"Rascal Does Not Dream Of Bunny Girl Senpai Tapestry For Bbq, Bedsheet, Wall Art, Decor Wall, And Wall Hanging, Tapestry Blanket For Living Room Or Office 60 X 40 Inches",E,TP,27,0.9355,0.7632,0.8406,18868.39
382,.rascal does not dream of bunny girl senpai tapestry,38,B071WF6N9F,"EastPoint Sports Billiard Pool Table 87 Inch or Cover - Scratch Resistant Top Rail, Built-in Durable Leg Levelers – Perfect for Family Game Room",I,FP,28,0.9355,0.7632,0.8406,18868.39
382,.rascal does not dream of bunny girl senpai tapestry,38,B09BC2NLT6,Rascal Does Not Dream Of Bunny Girl Senpai Tapestry Wall Hanging Tapestries Decoration Tapestries Classic Wall Hanging Blanket 60x40inch,E,TP,29,0.9355,0.7632,0.8406,18868.39
382,.rascal does not dream of bunny girl senpai tapestry,38,B09BBYVMX7,Rascal Does Not Dream Of Bunny Girl Senpai Tapestry Wall Hanging Tapestries Art Tapestries Classic Wall Hanging Blanket Decoration Home Living Room Bedroom Dorm 90x60inch,E,TP,30,0.9355,0.7632,0.8406,18868.39
382,.rascal does not dream of bunny girl senpai tapestry,38,B074G1HBX2,Men Low Crotch Harem Pants Elastic Waist Drawstring Joggers Stylish Baggy Hip Hop Dance Sweatpants Black Casual Multi-Pocket Techwear Trousers,I,FP,31,0.9355,0.7632,0.8406,18868.39
382,.rascal does not dream of bunny girl senpai tapestry,38,B09BBB94VL,Rascal Does Not Dream Of Bunny Girl Senpai Tapestry Wall Hanging Tapestries Decoration Tapestries Classic Wall Hanging Blanket 80x60inch,E,FN,,0.9355,0.7632,0.8406,18868.39
382,.rascal does not dream of bunny girl senpai tapestry,38,B09BBYSTP7,Rascal Does Not Dream Of Bunny Girl Senpai Tapestry Wall Hanging Tapestries Art Tapestries Classic Wall Hanging Blanket Decoration Home Living Room Bedroom Dorm 90x60inch,E,FN,,0.9355,0.7632,0.8406,18868.39
382,.rascal does not dream of bunny girl senpai tapestry,38,B09BBY5T4C,Rascal Does Not Dream Of Bunny Girl Senpai Tapestry Wall Hanging Tapestries Art Tapestries Classic Wall Hanging Blanket Decoration Home Living Room Bedroom Dorm 90x60inch,E,FN,,0.9355,0.7632,0.8406,18868.39
382,.rascal does not dream of bunny girl senpai tapestry,38,B09BC3WNGJ,Rascal Does Not Dream Of Bunny Girl Senpai Tapestry Wall Hanging Tapestries Art Tapestries Classic Wall Hanging Blanket Decoration Home Living Room Bedroom Dorm 90x60inch,E,FN,,0.9355,0.7632,0.8406,18868.39
382,.rascal does not dream of bunny girl senpai tapestry,38,B09BCC963J,Rascal Does Not Dream Of Bunny Girl Senpai Tapestry Wall Hanging Tapestries Decoration Tapestries Classic Wall Hanging Blanket 60x40inch,E,FN,,0.9355,0.7632,0.8406,18868.39
382,.rascal does not dream of bunny girl senpai tapestry,38,B09BC2WWFZ,Rascal Does Not Dream Of Bunny Girl Senpai Tapestry Wall Hanging Tapestries Decoration Tapestries Classic Wall Hanging Blanket 60x40inch,E,FN,,0.9355,0.7632,0.8406,18868.39
382,.rascal does not dream of bunny girl senpai tapestry,38,B08M5DQXFZ,Marquezin Rascal Does Not Dream of Bunny Girl Senpai Tapestry Wall Hanging Comfortable Tapestry Fashion Wall Home Art Decoration Living Room Bedroom Dormitory Home Decoration 60x40 Inch,E,FN,,0.9355,0.7632,0.8406,18868.39
382,.rascal does not dream of bunny girl senpai tapestry,38,B08M61561B,"Marquezin Rascal Does Not Dream of Bunny Girl Senpai Tapestry Wall Hanging Comfortable Tapestry Fashion Wall Home Art Decoration Living Room Bedroom Dormitory Home Decoration 60x40 Inch,Black,One Size",E,FN,,0.9355,0.7632,0.8406,18868.39
382,.rascal does not dream of bunny girl senpai tapestry,38,B09BC35GP6,Rascal Does Not Dream Of Bunny Girl Senpai Tapestry Wall Hanging Tapestries Art Tapestries Classic Wall Hanging Blanket Decoration Home Living Room Bedroom Dorm 90x60inch,E,FN,,0.9355,0.7632,0.8406,18868.39
387,.weapon of warfare are not carnàl scripture,3,0842339523,"Mark of the Lion Series Gift Collection: Complete 3-Book Set (A Voice in the Wind, An Echo in the Darkness, As Sure as the Dawn) Christian Historical Fiction Novels Set in 1st Century Rome",I,FP,1,0.0,0.0,0.0,15636.53
387,.weapon of warfare are not carnàl scripture,3,B00Z71VJJS,"Jesus Before the Gospels: How the Earliest Christians Remembered, Changed, and Invented Their Stories of the Savior",I,FP,2,0.0,0.0,0.0,15636.53
387,.weapon of warfare are not carnàl scripture,3,B01F9QAR0M,"Sarah Young Jesus Devotionals 3 Pack (Jesus Calling, Jesus Today & Jesus Lives - 3 Volume Set) by Sarah Young (2011-05-03)",I,FP,3,0.0,0.0,0.0,15636.53
387,.weapon of warfare are not carnàl scripture,3,B084NZP9TT,"Grunt Style DRRC - Men's T-Shirt (Black, XX-Large)",E,FN,,0.0,0.0,0.0,15636.53
387,.weapon of warfare are not carnàl scripture,3,B000OMJWM6,Bible Times Quiz Challenge Cards,E,FN,,0.0,0.0,0.0,15636.53
387,.weapon of warfare are not carnàl scripture,3,B00TCVI96A,Grunt Style Start Running T-Shirt - XLarge Black,E,FN,,0.0,0.0,0.0,15636.53
393,0 2 ml 8-tube pcr strips without caps low profile white,1,B0070Z8YMO,"Polyethylene (PE) Rectangular Bar, Opaque White, Standard Tolerance, 1/2"" Thickness, 3/4"" Width, 5' Length",E,FN,,0.0,0.0,0.0,15398.18
402,0 size 4 pads without wings,10,B08518TBQH,"Seventh Generation Ultra Thin Pads, Super Long, 40Count",E,TP,1,0.5,0.5,0.5,15983.34
402,0 size 4 pads without wings,10,B07B4XFVTJ,"Amazon Brand - Solimo Thick Maxi Pads for Periods, Super Absorbency, Unscented, 192 Count, 4 Packs of 48",E,TP,2,0.5,0.5,0.5,15983.34
402,0 size 4 pads without wings,10,B082WZ42M5,"U by Kotex Ultra Thin Teen Feminine Pads with Wings, Overnight Protection, Unscented, 48 Count (4 Packs of 12) (Packaging May Vary)",S,FP,3,0.5,0.5,0.5,15983.34
402,0 size 4 pads without wings,10,B079X5KN3Z,"Rael Organic Pads Value Packs - Regular Pads, Overnight Pads, Regular Liners and Feminine Wipes",I,FP,4,0.5,0.5,0.5,15983.34
402,0 size 4 pads without wings,10,B07NLS4YFZ,"Always Maxi Feminine Pads with Wings for Women, Size 4, Overnight, 144 Count Total, FSA HSA Eligible, Unscented, 48 Count - Pack of 3 (144 Count Total)",E,TP,5,0.5,0.5,0.5,15983.34
402,0 size 4 pads without wings,10,B01IZ5EHJG,"Always Ultra Thin Feminine Pads with Wings for Women, Size 4, 78 Count, Overnight Absorbency, Unscented, (26 count, Pack of 3 - 78 Count Total)",E,TP,6,0.5,0.5,0.5,15983.34
402,0 size 4 pads without wings,10,B000GCNB6C,"Always Maxi Feminine Pads for Women, Regular Absorbency, 24 Count, No Wings, Unscented (24 Count)",S,FP,7,0.5,0.5,0.5,15983.34
402,0 size 4 pads without wings,10,B00NJNJ222,"Stayfree Maxi Regular Pads For Women, Wingless, Reliable Protection and Absorbency of Feminine Periods, Scented, 66 count",E,TP,8,0.5,0.5,0.5,15983.34
402,0 size 4 pads without wings,10,B07N71SCXV,"Amazon Brand - Solimo Ultra Thin Pads with Flexi-Wings for Periods, Overnight Absorbency, Unscented, Size 4, 28 Count, 1 Pack",S,FP,9,0.5,0.5,0.5,15983.34
402,0 size 4 pads without wings,10,B07QDPNVMP,"Amazon Brand - Solimo Thick Maxi Pads with Flexi-Wings for Periods, Overnight Absorbency, Unscented, Size 4, 28 Count, 1 Pack",S,FP,10,0.5,0.5,0.5,15983.34
402,0 size 4 pads without wings,10,B00LTK2SIW,"Always Discreet Incontinence & Postpartum Incontinence Pads for Women, 162 Count, Moderate Absorbency, Long Length (54 Count, Pack of 3 - 162 Count Total)",E,FN,,0.5,0.5,0.5,15983.34
402,0 size 4 pads without wings,10,B0014GW1CO,"Seventh Generation Maxi Pads, Regular, Free & Clear Chlorine Free, 24 count",E,FN,,0.5,0.5,0.5,15983.34
402,0 size 4 pads without wings,10,B078L8DRJH,"U by Kotex Security Maxi Feminine Pads, Regular Absorbency, Unscented, 192 Count (4 Packs of 48) (Packaging May Vary)",E,FN,,0.5,0.5,0.5,15983.34
402,0 size 4 pads without wings,10,B000FFFGX6,"U by Kotex Security Maxi Feminine Pads, Overnight Absorbency, Unscented, 112 Count (4 Packs of 28) (Packaging May Vary)",E,FN,,0.5,0.5,0.5,15983.34
402,0 size 4 pads without wings,10,B005OICT84,"Stayfree Maxi Pads for Women, Super - 66 Count",E,FN,,0.5,0.5,0.5,15983.34
404,0% sad without you tanktop,3,B07ZMTJ3RS,Funny Relationship 0 Percent Sad Without You Tank Top,E,TP,1,0.3333,0.3333,0.3333,15481.23
404,0% sad without you tanktop,3,B08FZJ5F67,Funny Retired Emo Kid Sad Music Gift Tank Top,S,FP,2,0.3333,0.3333,0.3333,15481.23
404,0% sad without you tanktop,3,B094Z6PK9B,Japanese Vaporwave Aesthetic Offline Sad Anime Girl Tank Top,I,FP,3,0.3333,0.3333,0.3333,15481.23
404,0% sad without you tanktop,3,B07V24R7DZ,Womens Be Kind To Animals Or I'll Kill You Tank Top,E,FN,,0.3333,0.3333,0.3333,15481.23
404,0% sad without you tanktop,3,B0843J1CGQ,Funny St Patty's Patricks Day Pinch Me And I'll Punch You Tank Top,E,FN,,0.3333,0.3333,0.3333,15481.23
420,0.0 womens blue light glasses without magnification,11,B0871ZSWQF,"Blue Light Blocking Reading Glasses for Women Men, Fashion Computer Glasses with Spring Hinge, Anti-Glare Anti-eyestrain Filter Lightweight Eyeglasses，UV400/3 Pairs",E,TP,1,0.5455,0.5455,0.5455,15972.83
420,0.0 womens blue light glasses without magnification,11,B07XB5BXH9,"Gaoye Progressive Multifocus Reading Glasses Blue Light Blocking for Women Men,No Line Multifocal Readers with Spring Hinge (Light Black/GY1701, 2.0)",I,FP,2,0.5455,0.5455,0.5455,15972.83
420,0.0 womens blue light glasses without magnification,11,B093RM82ZG,CRGATV 4-Pack Rimless Tinted Reading Glasses for Women Blue Light Blocking Stylish Readers Anti UV/Eye Strain/Glare (+3.0 Magnification),S,FP,3,0.5455,0.5455,0.5455,15972.83
420,0.0 womens blue light glasses without magnification,11,B07YBJ3X6H,"Gaoye 5-Pack Reading Glasses Blue Light Blocking,Spring Hinge Readers for Women Men Anti Glare Filter Lightweight Eyeglasses (#5-Pack Mix Color, 2.0)",E,TP,4,0.5455,0.5455,0.5455,15972.83
420,0.0 womens blue light glasses without magnification,11,B0878TKXGM,"5-Pack Reading Glasses Blue Light Blocking Anti Eyestrain Computer Reading Glasses for Women and Men Readers (Mixed color, 2.00)",S,FP,5,0.5455,0.5455,0.5455,15972.83
420,0.0 womens blue light glasses without magnification,11,B08P4T43ML,"4 Pack Blue Light Blocking Reading Glasses Women Men Glare UV Filter Computer Readers 1.0 1.5 2.0 2.5 3.0 3.5 4.0 Black, 1.50 WEMOOTANTS",S,FP,6,0.5455,0.5455,0.5455,15972.83
420,0.0 womens blue light glasses without magnification,11,B08GYQWNTT,Reading Glasses Blue Light Blocking - 2 Pack Computer Readers for Womens 1.0 Magnification Eyeglasses with Spring Hinge,I,FP,7,0.5455,0.5455,0.5455,15972.83
420,0.0 womens blue light glasses without magnification,11,B08F7JFP44,"Henotin 3 Pack Blue Light Blocking Reading Glasses,Spring Hinge Computer Readers for Men Women,Anti UV Ray Filter Eyeglasses (Mixed Color, 1.25)",E,TP,8,0.5455,0.5455,0.5455,15972.83
420,0.0 womens blue light glasses without magnification,11,B07SV1NV2T,"Livho Blue Light Blocking Glasses - Lightweight Computer Readers Anti Glare/Eye Strain/UV Ray Glasses for Men Women (Black and Red, Large, 0.0)",E,TP,9,0.5455,0.5455,0.5455,15972.83
420,0.0 womens blue light glasses without magnification,11,B06WGQMZ1Q,"LifeArt Blue Light Blocking Glasses, Anti Eyestrain, Computer Reading Glasses, Gaming Glasses, TV Glasses for Women Men, Anti Glare (Tortoise, No Magnification)",E,TP,10,0.5455,0.5455,0.5455,15972.83
420,0.0 womens blue light glasses without magnification,11,B07QF86BV9,Blue Light Filter Computer Reading Glasses UV420 Protection Readers for Women and Men (Clear) without Magnification,E,TP,11,0.5455,0.5455,0.5455,15972.83
420,0.0 womens blue light glasses without magnification,11,B08FWRK1JM,"SIGVAN Progressive Multifocal Computer Glasses Women Men Blue Light Blocking Reading Glasses Spring Hinge Readers (2 Mix, 3.0)",E,FN,,0.5455,0.5455,0.5455,15972.83
420,0.0 womens blue light glasses without magnification,11,B07FDX6DR8,K KENZHOU Blue Light Blocking Glasses/Computer Glasses 2 Pack Blue light glasses(Women/Men) with Spring Hinges Nerd Reading Gaming Glasses,E,FN,,0.5455,0.5455,0.5455,15972.83
420,0.0 womens blue light glasses without magnification,11,B06XHP4MQ7,Blue Light Blocking Glasses Anti Glare 0.00 Power,E,FN,,0.5455,0.5455,0.5455,15972.83
420,0.0 womens blue light glasses without magnification,11,B01NCTQX77,PROSPEK Blue Light Blocking Glasses Dynamic +0.0 Magnification - Anti Blue Light Glasses - Large Size,E,FN,,0.5455,0.5455,0.5455,15972.83
420,0.0 womens blue light glasses without magnification,11,B078X8C1L3,Computer Glasses with Crystals for Women Reading Blue Light Filter Eyeglasses(Black) without Strength,E,FN,,0.5455,0.5455,0.5455,15972.83
422,0.07 lash extensions not easy fans,26,B08C7MN97N,"Premade Fans Eyelash Extensions 3D 4D 5D 6D Long Stem Premade Volume Eyelash Extensions Volume Lash Extensions .07 .10 Premade Volume Fans C D Pre made Lash Fans(4D-D-0.10,14 mm)",E,TP,1,0.5769,0.5769,0.5769,18603.24
422,0.07 lash extensions not easy fans,26,B094W35RG5,"EHY Eyelash Extensions, Individual Lashes 0.07mm D Curl 8-15mm Mixed Tray, Synthetic Fiber Volume Lash Extensions, Easy Fan Volume Lashes, Self Fanning for Beginner",E,TP,2,0.5769,0.5769,0.5769,18603.24
422,0.07 lash extensions not easy fans,26,B0946HW3RW,"Blue Easy Fan Eyelash Extensions 0.07mm D Curl Colored Volume Long Lash Extension Individual Mixed Tray(Blue-0.07-D,15-20mm)",I,FP,3,0.5769,0.5769,0.5769,18603.24
422,0.07 lash extensions not easy fans,26,B08QRWW53S,binglingfunlash Volume Eyelash Extensions Easy fan Lashes D Curl 0.05mm Rapid Self Blooming Mix 8-14mm Length,I,FP,4,0.5769,0.5769,0.5769,18603.24
422,0.07 lash extensions not easy fans,26,B08DFP7QG8,"Lash Extensions Individual Lashes Eyelash Extensions Not Easy Fans 0.07mm D Curl 20-25mm Mixed Tray Classic Eyelash Extensions Semi-permanent Professional Salon Use by FADVAN (0.07mm-D, 20-25mm)",E,TP,5,0.5769,0.5769,0.5769,18603.24
422,0.07 lash extensions not easy fans,26,B094VTZZLK,"Gemerry Color Lash Extensions 0.07mm C Curl 8-14mm Easy Fan Volume Lashes Colorful Blue Lashes Self Fanning 2D-20D Rapid Automatic Blooming Flower Professional (Blue-C, 8-14mm)",E,TP,6,0.5769,0.5769,0.5769,18603.24
422,0.07 lash extensions not easy fans,26,B093PMVMKC,"Le-Hoki Volume Eyelash Extensions, Premade Fans Eyelashes Extension Tray, C Curls, 5D, Long Stem, Easy Russian lashes Extension fan 0.07mm Thickness-5D-0.07mm-C_15mm",E,TP,7,0.5769,0.5769,0.5769,18603.24
422,0.07 lash extensions not easy fans,26,B08MFFRSQL,"Lash Extension Supplies 20-25mm Long Easy Fan Lashes .07 D Curl Volume Eyelash Extensions Auto Fanning Lashes 2D 3D 4D 5D 6D-20D Rapid Blooming Easy Fans Matte Black (0.07-D Curl, Mix 20-25mm)",S,FP,8,0.5769,0.5769,0.5769,18603.24
422,0.07 lash extensions not easy fans,26,B085VWF34V,"1 Tray Volume Lash Extensions .03 .05 .07 Easy Fan Volume Lashes C D Curl Flowering Lash Extensions 10-25mm Length Mega Volume Lash Extensions(D-0.05, 14 mm)",E,TP,9,0.5769,0.5769,0.5769,18603.24
422,0.07 lash extensions not easy fans,26,B08NPPTZWM,Crislashes Volume Lash Extensions C Curl 0.07 15-20mm Mix 13 Rows Easy Fan Volume Lashes 2D 3D 5D~10D Volume Eyelash Extensions Rapid Blooming Self Easy Fan Lashes(0.07-C Mix-15-20mm),I,FP,10,0.5769,0.5769,0.5769,18603.24
422,0.07 lash extensions not easy fans,26,B07YBQQB9K,"FADLASH Eyelash Extensions C D Curl Lashes 0.07 Easy Fan Volume Lash Extensions Premium Self Fanning Eyelash Extension Rapid Blooming Lashes (0.07-C, 12mm)",E,TP,11,0.5769,0.5769,0.5769,18603.24
422,0.07 lash extensions not easy fans,26,B094F5M8RQ,EMEDA Volume Lash Extensions Purple/Blue/Green/Red Colored Lash Extensions Easy Fan Volume Lashes Pop Hot Colorful Self Fanning Volume Eyelash Extensions (Purple/Blue/Brown/Red 0.07mm D Curl 15mm),S,FP,12,0.5769,0.5769,0.5769,18603.24
422,0.07 lash extensions not easy fans,26,B08JG97BXT,Volume Lashes Easy Fan Lash Extensions 0.07 CC Curl 8-20mm Mixed Mega Rapid Blooming Lashes Premade Fans 2D 3D 4D 5D 6D 10D（0.07 CC Mix8-20mm）,E,TP,13,0.5769,0.5769,0.5769,18603.24
422,0.07 lash extensions not easy fans,26,B08ZCZ37M1,Rosmax Easy Fan Volume Eyelash Extension 0.07 C Curl False Mink Silk Self Fanning Lashes Supplies (Mix 8-15MM),S,FP,14,0.5769,0.5769,0.5769,18603.24
422,0.07 lash extensions not easy fans,26,B08B3LMZH8,EMEDA Easy Fan Volume Lashes Self Fanning Automatic Rapid Blooming Flower Mega Volume Lash Extensions 0.07mm D Curl 8-14mm Mixed Tray Fast Fan Eyelash Extensions (0.07 D 8-14 Mix),E,TP,15,0.5769,0.5769,0.5769,18603.24
422,0.07 lash extensions not easy fans,26,B08Y5J6ZDD,"Eyelash Extension C CC D DD curl Easy Fan Volume Lashes .03 .05 .07 .10 Eyelash Extensions Blooming Self Fanning Volume Lash Extensions 9 to 25mm (D-0.07,12-17mix)",E,TP,16,0.5769,0.5769,0.5769,18603.24
422,0.07 lash extensions not easy fans,26,B07SHT9YJC,NAGARAKU Natural Brown Color Eyelash Extensions 0.07mm C curl 7-15mm Mix Tray Individual Lashes Classic Faux Mink Volume 20 rows Soft Eyelash Supplies,E,TP,17,0.5769,0.5769,0.5769,18603.24
422,0.07 lash extensions not easy fans,26,B08FHZ1YNH,"SRCKFIZ Volume Lash Extensions C D Curl Fast Fanning Eyelash Extensions 0.05 0.07mm Easy Fanning Volume Lashes 2D~10D Premade Fans Lashes 8-15mm Mixed Tray Auto Self Volume Lashes (D-0.07, 8-15mm Mix)",E,TP,18,0.5769,0.5769,0.5769,18603.24
422,0.07 lash extensions not easy fans,26,B091CG7D56,"Volume Lash Extensions 0.07 D Curl Easy Fan Volume Lashes Mixed Tray 15-20mm Easy Fanning Lashes Brown Colored Lash Extension Supplies (Brown 0.07-D, 15-20mm)",E,TP,19,0.5769,0.5769,0.5769,18603.24
422,0.07 lash extensions not easy fans,26,B08421QQB1,"Eyelash Extension D Curl 0.07 15-20mm Mixed Tray Easy Fan Lashes 2D-10D Volume Lashes Extension Self Fanning Lashes by FADLASH (0.07-D, 15-20mm Mix)",I,FP,20,0.5769,0.5769,0.5769,18603.24
422,0.07 lash extensions not easy fans,26,B08MVXSFDS,"Eyelash Extension 0.07 mm Volume Lash Extensions C/D Curl Purple Easy Fan Rapid Blooming Lashes 3D 4D 6D 10D 20D Lash Extensions By WENDY LASHES(Purple 0.07-D, 14-20mm)",E,TP,21,0.5769,0.5769,0.5769,18603.24
422,0.07 lash extensions not easy fans,26,B087X2LNDY,"Volume Lash Extensions Easy Fan Volume Lashes .05 .07 8-14mm C/D Curl Mixed Self Fanning 4D 5D 6D~10D Easy Fan Cluster Rapid Automatic Blooming Lash Extensions by WENDY LASHES(0.05-CC, 8-14mm)",I,FP,22,0.5769,0.5769,0.5769,18603.24
422,0.07 lash extensions not easy fans,26,B06W5DY5PQ,"No Firearms Guns Or Weapons Allowed Sign, 10x7 Rust Free Aluminum, Weather/Fade Resistant, Easy Mounting, Indoor/Outdoor Use, Made in USA by Sigo Signs",I,FP,23,0.5769,0.5769,0.5769,18603.24
422,0.07 lash extensions not easy fans,26,B08C7BJYSM,"Lash Extension Easy Fan Volume Lashes .03 .05 .07 .10 Easy Fan Lashes 9 to 25 mm Rapid Blooming Eyelash Extensions Flowering Volume Lash Extensions Mix Tray(D-0.07,9-16mix)",S,FP,24,0.5769,0.5769,0.5769,18603.24
422,0.07 lash extensions not easy fans,26,B07GXBNVQG,EMEDA Volume Lash Extensions C Curl 0.07mm Mixed Tray 8-15mm Easy Fan Volume Lashes Automatic Rapid Self Fanning Blooming Flower2D-20D Eyelash Extensions (0.07 C 8-15 Mix),E,TP,25,0.5769,0.5769,0.5769,18603.24
422,0.07 lash extensions not easy fans,26,B07HF93323,Volume Lash Extensions 4D 6D 7D 8D Premade Volume Eyelash Extensions .07 .10 Diameter Premade Fans Eyelash Extensions C D curl Pre made Lash Fans 9-18 mm Length（6D-D-0.07-14mm）,I,FP,26,0.5769,0.5769,0.5769,18603.24
422,0.07 lash extensions not easy fans,26,B08Z41HCZF,"Volume Lash Extensions D Curl 0.07 Mix Blooming Lashes Easy Fan Volume Lashes Trays Colored Eyelash Extension Supplies (White 0.07-D, 8-14 Mixed)",E,FN,,0.5769,0.5769,0.5769,18603.24
422,0.07 lash extensions not easy fans,26,B08DY7MPB1,LANKIZ Volume Lash Extensions Premade Fans Eyelash Extensions 5D 0.07mm D Curl 8-15mm Mixed Tray Long Stem Russian Volume Individual Lashes,E,FN,,0.5769,0.5769,0.5769,18603.24
422,0.07 lash extensions not easy fans,26,B08Y8JDKN2,"Colored Eyelash Extensions Purple Easy Fan Volume Lashes 0.05 0.07 Color Lashes Easy Fan Lashes Volume Lash Extensions(Purple-D-0.07,8-15MIX)",E,FN,,0.5769,0.5769,0.5769,18603.24
422,0.07 lash extensions not easy fans,26,B09337TC8N,NAGARAKU Easy Fan Eyelash Extensions Volume Lash 0.07 C curl 8-15mm Rapid Blooming Faux Mink Cluster For Beginners Soft Professional Lash Supplies,E,FN,,0.5769,0.5769,0.5769,18603.24
422,0.07 lash extensions not easy fans,26,B0952P3G25,"Fenshine Volume Lashes Extensions, 0.07 C Curl 8-15mm Soft Easy Fan Volume Lashes Self Fanning Lashes, 0.05/0.07 C/D Single 8-20mm Mix 8-15 16-23 Automatic Blooming Lashes (8-15mm, 0.07 C)",E,FN,,0.5769,0.5769,0.5769,18603.24
422,0.07 lash extensions not easy fans,26,B08L3WQ24V,"Gorota Premade Fans Eyelash Extensions 3D C Curl 8mm Length 0.1 Middle Stem & Long Stem Heat Bonded Premade Fans Russian Volume Lash Extensions Supplies (5D-C-0.07, 8-15MM)",E,FN,,0.5769,0.5769,0.5769,18603.24
422,0.07 lash extensions not easy fans,26,B085VQG3X9,"Premade Fans Eyelash Extensions 5D 0.07 C Curl Premade Lash Fans Long Stem Lashes Extension Premade Volume Fans 8-22mm Supplies (5D-0.07-C, 15mm)",E,FN,,0.5769,0.5769,0.5769,18603.24
422,0.07 lash extensions not easy fans,26,B08TMYK56M,Pink Eyelash Extensions 0.07mm D Curl 14mm Mixed Color Lash Extensions Not Easy Fans Blue Purple White Brown Red Individual Lashes Pink Lash Extensions D Curl by FADVAN (14mm),E,FN,,0.5769,0.5769,0.5769,18603.24
422,0.07 lash extensions not easy fans,26,B07R6CGQC6,Volume Lash Extensions 0.07 D Curl Mix 8-15mm Eyelash Extensions Easy Fan Volume Lashes Extension Rapid Blooming Lashes Self Fanning 2D-10D-20D Easy Fanning Lash Extensions(0.07 D Mix 8-15mm),E,FN,,0.5769,0.5769,0.5769,18603.24
422,0.07 lash extensions not easy fans,26,B07ZDPV65H,"Volume Lash Extensions FADLASH Easy Fan Volume Lashes DD Curl Mixed Eyelash Extensions 0.07mm Easy Fanning Lashes (0.07-DD, Mix 9-16mm)",E,FN,,0.5769,0.5769,0.5769,18603.24
422,0.07 lash extensions not easy fans,26,B08C9PFNM7,"Premade Volume Eyelash Extensions 4D-C-0.10-Mix Short Stem Premade Fans Eyelash Extensions .07 .10 Pre made Lash Fans C D Curl Volume Lash Extensions 9-16 Mix(4D-C-0.10,9-16mm)",E,FN,,0.5769,0.5769,0.5769,18603.24
423,0.0womens blue light glasses without magnification,16,B088JPW8PD,"Madison Avenue Women Blue Light Glasses,Oversize Blue Light Glasses for Women, Anti Eyestrain & UV Protection Computer Eyeglasses (Tortoiseshell)",E,TP,1,0.75,0.75,0.75,17213.16
423,0.0womens blue light glasses without magnification,16,B07YBJ1B3N,"Gaoye 5-Pack Reading Glasses Blue Light Blocking,Spring Hinge Readers for Women Men Anti Glare Filter Lightweight Eyeglasses (#5-Pack Mix Color, 0.0)",E,TP,2,0.75,0.75,0.75,17213.16
423,0.0womens blue light glasses without magnification,16,B07W9GP26S,"livho 2 Pack Blue Light Blocking Glasses, Computer Reading/Gaming/TV/Phones Glasses for Women Men,Anti Eyestrain & UV Glare (Matte Black+Leopord)",E,TP,3,0.75,0.75,0.75,17213.16
423,0.0womens blue light glasses without magnification,16,B07WRQ54PG,Blue Light Blocking Computer Gaming Glasses 2 Pack Anti Glare Eyestrain Men/Women,E,TP,4,0.75,0.75,0.75,17213.16
423,0.0womens blue light glasses without magnification,16,B07FDXR8JC,"Blue Light Blocking Glasses/Computer Glasses 2 Pack for Women/Men Computer Reading/Gaming/TV/Phones Glasses,Anti Eyestrain & UV Glare",E,TP,5,0.75,0.75,0.75,17213.16
423,0.0womens blue light glasses without magnification,16,B07R4SG77T,"FEIYOLD Blue Light Blocking Glasses Women/Men,Retro Round Anti Eyestrain Computer Gaming Glasses(2Pack)",E,TP,6,0.75,0.75,0.75,17213.16
423,0.0womens blue light glasses without magnification,16,B07VBFSY33,"Blue Light Blocking Glasses, Blue Blocker Computer Glasses for Men Women, Anti Glare 400 UV & Eye Strain Fake Square Glasses (Tortoise + Black)",E,TP,7,0.75,0.75,0.75,17213.16
423,0.0womens blue light glasses without magnification,16,B08F9LNJLW,"5 Pack Reading Glasses Classic Frame Blue Light Blocking Computer Spring Hinge Readers for Men and Women Eyewear Value Pack (3.0X, 5 Color Assorted)",I,FP,8,0.75,0.75,0.75,17213.16
423,0.0womens blue light glasses without magnification,16,B085RXSKVF,"Blue Light Blocking Glasses,Anti Eye Strain Computer Glasses, Vintage Retro Round UV Filter Blue Blocker Glasses for Women Men",I,FP,9,0.75,0.75,0.75,17213.16
423,0.0womens blue light glasses without magnification,16,B00008G7QC,Holiday Belles,I,FP,10,0.75,0.75,0.75,17213.16
423,0.0womens blue light glasses without magnification,16,B07NW4GVP9,"livho Blue Light Blocking Computer Glasses,Anti Eyestrain UV Ray,Sleep Better Women Men",E,TP,11,0.75,0.75,0.75,17213.16
423,0.0womens blue light glasses without magnification,16,B07W47LVMT,"Livho Blue Light Blocking Glasses, Computer Reading/ Gaming / TV /Phones Glasses for Women Men,Anti Eyestrain & UV Glare LI8081 (Clear)",E,TP,12,0.75,0.75,0.75,17213.16
423,0.0womens blue light glasses without magnification,16,B07N2GRFSC,Blue Light Blocking glasses/Computer Glasses 2 Pack Anti Eye Eyestrain Unisex(Men/Women) Glasses with Spring Hinges UV Protection(Twilight and Red),E,TP,13,0.75,0.75,0.75,17213.16
423,0.0womens blue light glasses without magnification,16,B07WF1R28L,"CNLO Blue light blocking Glasses,Computer Glasses,Radiation protection Gaming Glasses,For UV Protection, Anti Eyestrain,Lightweight Frame Eyewear,Men/Women (Crystal)",E,TP,14,0.75,0.75,0.75,17213.16
423,0.0womens blue light glasses without magnification,16,B01GNO3G48,Cyxus Blue Light Blocking Computer Glasses Square Retro Clear Lens Eyeglasses Frame,E,TP,15,0.75,0.75,0.75,17213.16
423,0.0womens blue light glasses without magnification,16,B088RHV7D9,CRGATV 3 Pack Reading Glasses Blue Light Blocking Retro Round Computer Readers,I,FP,16,0.75,0.75,0.75,17213.16
423,0.0womens blue light glasses without magnification,16,B07YBTQKFV,Unisex Blue Light Blocking Glasses Blue Filter Computer Glasses (Anti Eye Eyestrain) Gaming Glasses for Women Man (3pc-Leopard-Black-White),E,FN,,0.75,0.75,0.75,17213.16
423,0.0womens blue light glasses without magnification,16,B00BQ7KBV4,GAMMA RAY 003 UV Glare Protection Amber Tinted Computer Readers Glasses Anti Harmful Blue Rays in Shatterproof Memory Flex Frame - +0.00 Magnification,E,FN,,0.75,0.75,0.75,17213.16
423,0.0womens blue light glasses without magnification,16,B07Z8P8Q5W,AOMASTE Blue Light Blocking Glasses Retro Semi Rimless UV400 Clear Lens Computer Eyewear For Men Women,E,FN,,0.75,0.75,0.75,17213.16
423,0.0womens blue light glasses without magnification,16,B07SPZ3K86,"Blue Light Blocking Glasses for Women, Anti Eyestrain, Computer Reading, TV Glasses, Stylish Square Frame, Anti Glare(+2.00 Magnification)",E,FN,,0.75,0.75,0.75,17213.16
426,0.2 cu. ft. mini personal fridge in black without freezer,3,B0896XBYNJ,"10 Liter Fridge, Compact Portable Cooler Warmer Personal Fridge Beauty Fridge Outdoor 12V 110V Car Refrigerator Cooler or Indoor for Bedroom, Office or Dorm",I,FP,1,0.3333,0.3333,0.3333,15683.14
426,0.2 cu. ft. mini personal fridge in black without freezer,3,B0771S9XT8,"Cooluli Skincare Mini Fridge for Bedroom - Car, Office Desk & Dorm Room - Portable 4L/6 Can Electric Plug In Cooler & Warmer for Food, Drinks, Beauty & Makeup - 12v AC/DC & Exclusive USB Option, Black",E,TP,2,0.3333,0.3333,0.3333,15683.14
426,0.2 cu. ft. mini personal fridge in black without freezer,3,B07L43W4MF,"Chefman Mini Portable Eraser Board Personal Fridge, Cools & Heats 4 Liter Capacity, Chills 6 12oz cans, 100% Freon-Free & Eco Friendly, Includes Plugs for Home Outlet & 12V Car Charger, Black",S,FP,3,0.3333,0.3333,0.3333,15683.14
426,0.2 cu. ft. mini personal fridge in black without freezer,3,B0914N7SQR,"NewAir 60 Can Beverage Fridge with Glass Door, Small Freestanding Mini Fridge in Black",E,FN,,0.3333,0.3333,0.3333,15683.14
426,0.2 cu. ft. mini personal fridge in black without freezer,3,B08D3THHG8,"TECCPO Mini Fridge TAMF33, 4.5 Cu.Ft Mini Fridge with Freezer, Energy Star, Auto Defrost, Super Quiet, Small Refrigerator for Dorm, Bedroom",E,FN,,0.3333,0.3333,0.3333,15683.14
427,0.25 cotton thread for beads without wax,6,B00ION6JIM,"SuppleMax Illusion Beading Cord, 0.25 mm / .010 in, Black Monofilament, 50 m / 164 ft",I,FP,1,0.3333,0.3333,0.3333,15642.73
427,0.25 cotton thread for beads without wax,6,B00275YBJW,"Gutermann 3000C-5709 Natural Cotton Thread Solids, 3281-Yard, White",E,TP,2,0.3333,0.3333,0.3333,15642.73
427,0.25 cotton thread for beads without wax,6,B002B9IVIG,Hemp Twine Bead Cord .5mm 3 Spool App 59 Feet 42543 by Beadsmith,E,TP,3,0.3333,0.3333,0.3333,15642.73
427,0.25 cotton thread for beads without wax,6,B07SRR78SL,"PH PandaHall 200 Yards 1mm Waxed Cotton Thread Cords Thread Beading String Spool for Jewelry Making and Macrame Supplies (Black & White, 100 Yards Each Roll)",I,FP,4,0.3333,0.3333,0.3333,15642.73
427,0.25 cotton thread for beads without wax,6,B07H9N6RKR,"Tatuo 200 m Clear Nylon Invisible Thread String for Hanging Christmas Ornaments, Bracelet Making, Sew Hobby, Clear Beading Thread with Bead Needle (0.25mm)",S,FP,5,0.3333,0.3333,0.3333,15642.73
427,0.25 cotton thread for beads without wax,6,B00JKQIJHG,Mandala Crafts 1mm 109 Yards Jewelry Making Beading Crafting Macramé Waxed Cotton Cord Thread (White),S,FP,6,0.3333,0.3333,0.3333,15642.73
427,0.25 cotton thread for beads without wax,6,B07TSMX5HV,"CHGCRAFT 116 Yards Waxed Cord Polyester, Waxed Polyester Thread 0.5mm Round Rattail Waxed Beading String Cord for Jewelry Bracelet Making Macrame Crafting DIY Leather - White",E,FN,,0.3333,0.3333,0.3333,15642.73
427,0.25 cotton thread for beads without wax,6,B07PP6TM46,196yards Waxed Cotton Cord 32.8ft/Color Bracelet Thread 1mm Diameter for Jewelry Making Leather Craft DIY(18 Colors) by CCINEE,E,FN,,0.3333,0.3333,0.3333,15642.73
427,0.25 cotton thread for beads without wax,6,B0869FFWXL,"New brothread 24 Basic Colors Multi-Purpose 100% Mercerized Cotton Threads 30WT(50S/3) 600M(660Y) Each Spool for Quilting, Sewing and Embroidery",E,FN,,0.3333,0.3333,0.3333,15642.73
427,0.25 cotton thread for beads without wax,6,B07KQ7YVQF,"waxkiss Beauty Non-woven Waxing Strips for Facial & Body & Leg Epilating for women & men, 3x9'' Wax Strips for Hair Removal Use-200 pieces",E,FN,,0.3333,0.3333,0.3333,15642.73
430,0.30 cotton thread for beads without wax,4,B00AV5FYSM,"Beadalon Supplemax 0.60 mm (0.024"") Nylon Bead Stringing Material, 50 m (164 ft), Clear Monofilament Illusion Cord",I,FP,1,0.0,0.0,0.0,15600.17
430,0.30 cotton thread for beads without wax,4,B07SRR78SL,"PH PandaHall 200 Yards 1mm Waxed Cotton Thread Cords Thread Beading String Spool for Jewelry Making and Macrame Supplies (Black & White, 100 Yards Each Roll)",I,FP,2,0.0,0.0,0.0,15600.17
430,0.30 cotton thread for beads without wax,4,B00JKQJZ56,Mandala Crafts 1mm 109 Yards Jewelry Making Beading Crafting Macramé Waxed Cotton Cord Thread (Black),I,FP,3,0.0,0.0,0.0,15600.17
430,0.30 cotton thread for beads without wax,4,B07BNF8KH5,PH PandaHall 100 Yards 1mm Waxed Cotton Cord Thread Beading String for Bracelet Necklace Jewelry Making Crafting Beading Macrame Ginger Yellow,I,FP,4,0.0,0.0,0.0,15600.17
430,0.30 cotton thread for beads without wax,4,B00275YBJW,"Gutermann 3000C-5709 Natural Cotton Thread Solids, 3281-Yard, White",E,FN,,0.0,0.0,0.0,15600.17
430,0.30 cotton thread for beads without wax,4,B08P5W84MP,HAPYLY Macrame Cord Natual Macrame Cotton Cord DIY Craft Cord Spool Twine Rustic String Cotton Rope for Wall Hanging Plant Hangers Crafts Knitting Decorative Projects 3mm x100m (Natural White),E,FN,,0.0,0.0,0.0,15600.17
430,0.30 cotton thread for beads without wax,4,B002B9IVIG,Hemp Twine Bead Cord .5mm 3 Spool App 59 Feet 42543 by Beadsmith,E,FN,,0.0,0.0,0.0,15600.17
430,0.30 cotton thread for beads without wax,4,B001689Y8Y,One Package of 400 feet 100% Natural Hemp Cord #20,E,FN,,0.0,0.0,0.0,15600.17
431,0.33 mfd capacitor,16,B01MSQOX0Q,OCR 24Value 500pcs Electrolytic Capacitor Assortment Box Kit Range 0.1uF－1000uF,E,TP,1,0.9375,0.9375,0.9375,17221.36
431,0.33 mfd capacitor,16,B07Z63KZL3,"MCIGICM 180Pcs 20pF to 470nF Monolithic Ceramic Capacitor Set, DIP Multilayer Ceramic Chip Capacitors Assortment, 18 Values",E,TP,2,0.9375,0.9375,0.9375,17221.36
431,0.33 mfd capacitor,16,B00M1VE0XE,"Set of 10, Nichicon 105°C Electrolytic Capacitor 0.33uF 200V (0.33 mfd 200V) 20% Radial, 3/16""x 7/16"" (5x11mm)",E,TP,3,0.9375,0.9375,0.9375,17221.36
431,0.33 mfd capacitor,16,B073TY3B3P,"Hilitchi 150-Pcs CBB Metallized Polypropylene Film Capacitors Assortment Kit, 400V, 600V, 10nF ~ 68nF / 0.01uF ~ 0.068uF",E,TP,4,0.9375,0.9375,0.9375,17221.36
431,0.33 mfd capacitor,16,B07KC99W2K,"Swpeet 240Pcs 24 Kinds Different Electrolytic Capacitors Range 0.1uF－1000uF Assortment Kit, 10V/16V/25V/50V Aluminum Radial Electrolytic Capacitors for TV, LCD Monitor, Radio, Stereo, Game",E,TP,5,0.9375,0.9375,0.9375,17221.36
431,0.33 mfd capacitor,16,B073RHM9D3,"Ltvystore 200PCS 13Value 25V 35V 50V Black Metal Electrolytic Capacitors Assortment Kit Set with Reuse Box and A Lable Marked Resistance,Range 0.47uF to 1000uF",E,TP,6,0.9375,0.9375,0.9375,17221.36
431,0.33 mfd capacitor,16,B00EZPO11K,Z97F9848 - 35 + 5 uf MFD 440 Volt VAC - GE Round Dual Run Capacitor Upgrade,E,TP,7,0.9375,0.9375,0.9375,17221.36
431,0.33 mfd capacitor,16,B06XF8XKJ8,60+5 MFD uf Micro Farad 370 or 440 Volt Dual Run Round Capacitor PW-60/5/370-440R for Condenser Straight Cool or Heat Pump Air Conditioner - Guaranteed to Last 5 Years,E,TP,8,0.9375,0.9375,0.9375,17221.36
431,0.33 mfd capacitor,16,B09F2KJYMS,"XinYun Mop Bucket with Heavy-Duty Wringer, Household Portable Mop Bucket with Wringer on Wheels, 5 Gallon 21Qt Plastic Combo Bucket by Dryser, Ideal for Floor Cleaning, Low Noise",I,FP,9,0.9375,0.9375,0.9375,17221.36
431,0.33 mfd capacitor,16,B00DCGWYKI,"Genteq Capacitor 10 UF MFD 370V 97F9002, 97F9002s (Replaces Old GE# 97F9002BZ3, Z97F9002, 27L669), 10 MFD at 370V, Oval",E,TP,10,0.9375,0.9375,0.9375,17221.36
431,0.33 mfd capacitor,16,B07C8FFJMW,PowerWell 7.5 uf MFD 370 or 440 VAC Oval Run Capacitor PW-7.5 for Fan Motor Blower Condenser in Air Handler Straight Cool or Heat Pump Air Conditioner - Guaranteed to Last 5 Years,E,TP,11,0.9375,0.9375,0.9375,17221.36
431,0.33 mfd capacitor,16,B008OJMPRK,"Genteq GENTEQ - C305L / 27L570 GE Capacitor Oval 5 uf MFD 370 Volt 97F5705 (Replaces Old GE# Z97F5705, 97F95702, Z97F5702), 5uf 370 Vac(VAC), 5X370 Run Capacitor",E,TP,12,0.9375,0.9375,0.9375,17221.36
431,0.33 mfd capacitor,16,B008OJRHJG,Genteq C3355R Capacitor Dual Run Round 35/5 UF MFD 370V VAC 97F9834 (Replace Old GE# Z97F9834) 35 and 5 MFD at 370V,E,TP,13,0.9375,0.9375,0.9375,17221.36
431,0.33 mfd capacitor,16,B0716WJMM2,"Genteq C325R 25 UF MFD X 370 Vac GE Industrial Replacement Capacitor Round, 97F9606",E,TP,14,0.9375,0.9375,0.9375,17221.36
431,0.33 mfd capacitor,16,B008OJWMM8,"GE Genteq Replacement for Capacitor 30/5 uf 370 volt 97F9833, 370V, 30/5 MFD, Dual Run, Round Capacitor",E,TP,15,0.9375,0.9375,0.9375,17221.36
431,0.33 mfd capacitor,16,B00BY9J8DG,GE Genteq Capacitor round 55/5 uf MFD 440 volt 97F9839,E,TP,16,0.9375,0.9375,0.9375,17221.36
431,0.33 mfd capacitor,16,B07KJLTW15,"Glarks 240Pcs 24 Value 10V 16V 25V 50V Metal Electrolytic Capacitors Assorted Assortment Kit Set, Lable Capacitor Range 0.1UF - 1000UF",E,FN,,0.9375,0.9375,0.9375,17221.36
433,0.35x 0.5 stainless steel u not h trowel,7,B0923C91TW,ODYN 11 in. x 3/8 in. x 3/4 in. U-Notch Stainless Steel Trowel w/Soft Handle,S,FP,1,0.1429,0.1429,0.1429,15895.67
433,0.35x 0.5 stainless steel u not h trowel,7,B0061Z1FDO,Goldblatt G02384 1/4-Inch By 3/8-Inch By 1/4-Inch U-Notch Trowel With Pro-Grip Handle,S,FP,2,0.1429,0.1429,0.1429,15895.67
433,0.35x 0.5 stainless steel u not h trowel,7,B07ZPR88G6,"SE 11"" Orange Heavy-Duty Nylon Hand Trowel - NPT289OR",I,FP,3,0.1429,0.1429,0.1429,15895.67
433,0.35x 0.5 stainless steel u not h trowel,7,B086BDB21S,RTC SwitchBlade Trowel Set,S,FP,4,0.1429,0.1429,0.1429,15895.67
433,0.35x 0.5 stainless steel u not h trowel,7,B01C3WZGWY,"Bon 13-144 U Notch Trowel 16-inch x 4-inch - 1/4-inch x 1/4-inch x 1/4-inch, Comfort Grip Handle",E,TP,5,0.1429,0.1429,0.1429,15895.67
433,0.35x 0.5 stainless steel u not h trowel,7,B01C3WZH6Y,"Bon 13-145 U Notch Trowel 16-inch x 4-inch - 3/8-inch x 3/8-inch x 3/8-inch, Comfort Grip Handle",S,FP,6,0.1429,0.1429,0.1429,15895.67
433,0.35x 0.5 stainless steel u not h trowel,7,B003CMDH8A,SCHLUTER KERDI TROWEL - 1/8in x 1/8 in Square Notch,S,FP,7,0.1429,0.1429,0.1429,15895.67
433,0.35x 0.5 stainless steel u not h trowel,7,B072B9YCNS,"OX Tools SS California Notched Trowel For Large Format Tiles, Alternating Notches",E,FN,,0.1429,0.1429,0.1429,15895.67
433,0.35x 0.5 stainless steel u not h trowel,7,B07YR3QKS6,"Frosch Stainless Steel Square Notch Tile Trowel (1/4"" X 1/4"")",E,FN,,0.1429,0.1429,0.1429,15895.67
433,0.35x 0.5 stainless steel u not h trowel,7,B002FYAOKK,M-D Building Products 49112 1/4-Inch by 3/8-Inch by 1/4-Inch Premium Square Notch,E,FN,,0.1429,0.1429,0.1429,15895.67
433,0.35x 0.5 stainless steel u not h trowel,7,B001RJ8PGO,"Flooring & Tiling Notched Trowel 16"" 1/4 X 3/8 X 1/4 Square",E,FN,,0.1429,0.1429,0.1429,15895.67
433,0.35x 0.5 stainless steel u not h trowel,7,B073XKCND9,"RUTICH Stainless Steel Folding Trowel, Lightweight Mini Garden Trowel Great for Light Gardening and Camping, Comes in a Holster",E,FN,,0.1429,0.1429,0.1429,15895.67
433,0.35x 0.5 stainless steel u not h trowel,7,B002FYAONW,M-D Building Products 20058 3/16-Inch by 3/16-Inch by 3/16-Inch Premium Square Notch,E,FN,,0.1429,0.1429,0.1429,15895.67
444,0.5 lead pencil without grip,15,B08Y1TLLD2,"Mechanical Pencil 0.5 Mechanical Pencil Set, Nicpro 3 PCS Pencil with Erase and 6 Tubes Lead Refill, Case for Drawing, Writing, Drafting, Sketching",S,FP,1,0.5333,0.5333,0.5333,16824.54
444,0.5 lead pencil without grip,15,B08HYSY16J,"MyArTool 0.5mm Mechanical Pencil Set, 3 Pieces Metal Automatic Drafting Pencil with 3 Pack 4B Eraser and 6 Tubes of 0.5mm HB Lead Refills for Sketching Drawing Illustration Drafting Detailed Writing",S,FP,2,0.5333,0.5333,0.5333,16824.54
444,0.5 lead pencil without grip,15,B004OHNTVC,"uni Core Keeps Sharp Mechanical Pencil, Gun Metallic (M510171P.43)",E,TP,3,0.5333,0.5333,0.5333,16824.54
444,0.5 lead pencil without grip,15,B06XGPLVH7,"Paper Mate Clearpoint Mechanical Pencils, 0.5mm, HB #2, with Bonus InkJoy 300RT Blue Ballpoint Pen, 2 + 1 Pack (1964046)",S,FP,4,0.5333,0.5333,0.5333,16824.54
444,0.5 lead pencil without grip,15,B01NCU2M3J,"Staedtler triplus micro 0.5mm Lead Retractable Mechanical Pencil with Twist Eraser, Writing, Drawing, Drafting, 3-Pack, 77427BK3A6",E,TP,5,0.5333,0.5333,0.5333,16824.54
444,0.5 lead pencil without grip,15,B0026ZPWXM,"Pentel Quicker Clicker Automatic Pencil, 0.5mm Lead Size, Transparent Blue Barrel, Box of 12 (PD345T-C)",S,FP,6,0.5333,0.5333,0.5333,16824.54
444,0.5 lead pencil without grip,15,B08XB4JQXW,"Nicpro 4 PCS Mechanical Pencil Set 0.5 & 0.7 mm with Storage Case, Side Click Lead Pencil with Erase, Lead Refill and Case For Drawing, Writing, Drafting, Sketching",S,FP,7,0.5333,0.5333,0.5333,16824.54
444,0.5 lead pencil without grip,15,B07QW2TR2F,Zebra DelGuard Type-GR mechanical pencil 0.5mm Lead Size black,E,TP,8,0.5333,0.5333,0.5333,16824.54
444,0.5 lead pencil without grip,15,B015G83EDK,Skilcraft 7520-01-386-1581 Retractable Mechanical Pencil - 0.5 mm Lead Size - Gray Barrel - 6 / Box,E,TP,9,0.5333,0.5333,0.5333,16824.54
444,0.5 lead pencil without grip,15,B07FS5XSYJ,"Jimmidda 0.5 mm Mechanical Pencils Set, Metal Automatic Artist Pencil With 0.5 HB Pencil Leads And Erasers For Writing Drafting, Drawing, Sketching-Metal Mechanical Pencil-Sliver",E,TP,10,0.5333,0.5333,0.5333,16824.54
444,0.5 lead pencil without grip,15,B00006IEGJ,"Pentel Super Hi-Polymer Leads, 0.5 mm, 2B, 12 Leads Per Tube, Pack of 3 Tubes",C,FP,11,0.5333,0.5333,0.5333,16824.54
444,0.5 lead pencil without grip,15,B07GWVN33G,"Paper Mate ClearPoint Mechanical Pencils, 0.5mm, Purple Barrels, Box of 12 (2067428)",E,TP,12,0.5333,0.5333,0.5333,16824.54
444,0.5 lead pencil without grip,15,B00AZWNS84,"rOtring 800 Retractable Mechanical Pencil, 0.5 mm, Black Barrel (1904447)",E,TP,13,0.5333,0.5333,0.5333,16824.54
444,0.5 lead pencil without grip,15,B01MYBMVF2,"Zebra Pen DelGuard Mechanical Pencil with Lead Refill, Fine Point, 0.5mm, Black Barrel, Refillable, 3-Pack (10613)",E,TP,14,0.5333,0.5333,0.5333,16824.54
444,0.5 lead pencil without grip,15,B07JQV965D,Uni Mechanical Pencil Kuru Toga Roulette Model 0.5mm Gun Metallic (M510171P.43) + Lead 2 Set (Pencil : Lead : U05203HB.24),S,FP,15,0.5333,0.5333,0.5333,16824.54
444,0.5 lead pencil without grip,15,B08JCVMCMZ,"ZenZoi Yellow Mechanical Pencil with Premium Schmidt Lead 0.5mm System. Elegant Full Metal Body Pencil For Sketching, Drafting, Writing, Note Taking. Luxury Gift Box for Men and Women(0.5 mm, Yellow)",E,FN,,0.5333,0.5333,0.5333,16824.54
444,0.5 lead pencil without grip,15,B06XV61B3T,"uni Kuru Toga Advance - Auto Lead Rotating Mechanical Pencil, 0.5mm (Black)",E,FN,,0.5333,0.5333,0.5333,16824.54
444,0.5 lead pencil without grip,15,B06XV3W6CT,"uni Kuru Toga Advance - Auto Lead Rotating Mechanical Pencil, 0.5mm (White)",E,FN,,0.5333,0.5333,0.5333,16824.54
444,0.5 lead pencil without grip,15,B00M7RCXG8,"Uni Kurutoga Mechanical Pencil Standard, 0.5mm, Red (M54501P.15)",E,FN,,0.5333,0.5333,0.5333,16824.54
444,0.5 lead pencil without grip,15,B06XTX4STK,"uni Kuru Toga Advance - Auto Lead Rotating Mechanical Pencil, 0.5mm (Navy)",E,FN,,0.5333,0.5333,0.5333,16824.54
444,0.5 lead pencil without grip,15,B07W7W89FN,"Pentel Quick Click Pop Mechanical Pencil, (0.7mm) Medium 2B Lead, with 2B Lead and (2) Eraser Refills, 4-PK (PD217ALEBP4)",E,FN,,0.5333,0.5333,0.5333,16824.54
444,0.5 lead pencil without grip,15,B001PV2KYM,Paper Mate 34666PP Clearpoint 0.5mm Mechanical Pencil Starter Set,E,FN,,0.5333,0.5333,0.5333,16824.54
446,0.5 mm pens ballpoint black not gel,10,B08R6W3RYB,"Retractable Pastel Gel Ink Pens, Shuttle Art 11 Pack Black Ink Pens, Cute Pens 0.5mm Fine Point for Writing Journaling Taking Notes School Office Home",S,FP,1,0.3,0.3,0.3,16384.33
446,0.5 mm pens ballpoint black not gel,10,B08L7WVRDJ,"Gel Ink Ball Point Pens,ProttyLife 12 Packs Japanese Style Pens, Premium Gel Ink Pen Fine Point Pens Ballpoint Pen 0.5mm Cute School Supplies for Japanese Office School Stationery Supply",I,FP,2,0.3,0.3,0.3,16384.33
446,0.5 mm pens ballpoint black not gel,10,B096M7TGY5,Thenshop Retractable Gel Ink Pens Black Ink Ballpoint Pens 0.5 mm Fine Point Writing Pens 6 Colors Retractable Roller Pens for School Office Supplies Students Stationery (18 Pieces),S,FP,3,0.3,0.3,0.3,16384.33
446,0.5 mm pens ballpoint black not gel,10,B078MCWLX7,"Tanmit Gel Pens Retractable Black Ink Rollerball Pens, Fine Point Ballpoint Writing Pen for Office - 0.5mm Tips with Comfort Grip (18-Pack)",I,FP,4,0.3,0.3,0.3,16384.33
446,0.5 mm pens ballpoint black not gel,10,B08HPFDN5M,Japan Style Gel Ink Rollerball Pens 12 Colors/Black Japan Pen Quick Drying 0.5mm Multicolor Office School Stationery Supply Children Student,I,FP,5,0.3,0.3,0.3,16384.33
446,0.5 mm pens ballpoint black not gel,10,B096MSPL4F,"DOUMI Black Gel Pens Gel Ink Ballpoint Pens Fine Point Pens Roller Ball Smooth Writing Pens for Office Home Work, 0.5mm Fine Tip Pen, Comfort Grip (12-Pack) (Black)",S,FP,6,0.3,0.3,0.3,16384.33
446,0.5 mm pens ballpoint black not gel,10,B092MP2NB9,"12 Pieces Retractable Gel Ink Pens Black Ink Rollerball Pens Pastel Barrel Metallic Clip 0.5mm Tips Fine Point Ballpoint Writing Pen for School Office Home, Comfort Grip",I,FP,7,0.3,0.3,0.3,16384.33
446,0.5 mm pens ballpoint black not gel,10,B08FNLN8YP,"Premium Black Gel Pens, [0.5mm] Extra Fine Point Pens Smooth Writing Ballpoint Pens for Japanese Office School Stationery Supply (12 Packs)",E,TP,8,0.3,0.3,0.3,16384.33
446,0.5 mm pens ballpoint black not gel,10,B0819MCRLZ,KACO Soft Touch Retractable Gel Ink Pens 0.5mm Fine Point (Black Color 10-Pack Black Ink),E,TP,9,0.3,0.3,0.3,16384.33
446,0.5 mm pens ballpoint black not gel,10,B0855H2L3D,"COLNK Retractable Gel Pens, Black Ink, Cute Pens, Pastel Pens Barrel, Premium Fine Writing Pens, Fine Point, 0.5mm, Metallic Clip, Soft Comfort Grip, 6 Counts, Nice Pack.",E,TP,10,0.3,0.3,0.3,16384.33
446,0.5 mm pens ballpoint black not gel,10,B019QBOJOG,"Paper Mate InkJoy Gel Pens, Fine Point, Dark Blue, 12 Count",E,FN,,0.3,0.3,0.3,16384.33
446,0.5 mm pens ballpoint black not gel,10,B001E6D3W6,"PILOT G2 Premium Refillable & Retractable Rolling Ball Gel Pens, Bold Point, Black Ink, 12-Pack (31256)",E,FN,,0.3,0.3,0.3,16384.33
446,0.5 mm pens ballpoint black not gel,10,B001B0BE76,"PILOT The Better Ball Point Pen Refillable & Retractable Ballpoint Pens, Fine Point, Black Ink, 12-Pack (30000)",E,FN,,0.3,0.3,0.3,16384.33
446,0.5 mm pens ballpoint black not gel,10,B07T552PTC,Zebra sarasa Mark on Gel ink 0.5mm ballpoint pens ink color (Black) pack of 6,E,FN,,0.3,0.3,0.3,16384.33
446,0.5 mm pens ballpoint black not gel,10,B08G8DHCKB,"Japanese Style Gel Ink Pens 0.5mm Black Fine Ballpoint Maker Pen for Office School Stationery Supply,Pack of 12,Black",E,FN,,0.3,0.3,0.3,16384.33
446,0.5 mm pens ballpoint black not gel,10,B07HRR3QKC,"12 Pieces Rolling Ball Pens, Quick-Drying Ink 0.5 mm Extra Fine Point Pens Liquid Ink Pen Rollerball Pens (Black Ink)",E,FN,,0.3,0.3,0.3,16384.33
446,0.5 mm pens ballpoint black not gel,10,B00006JNJ8,"PILOT G2 Premium Refillable & Retractable Rolling Ball Gel Pens, Extra Fine Point, Black Ink, 12-Pack (31002)",E,FN,,0.3,0.3,0.3,16384.33
447,0.5 pens fine point black not gel,11,B07G2DMV63,"Zebra Pen G-402 Stainless Steel Retractable Gel Pen, Fine Point, 0.5mm, Black Ink, 2-Count (49212)",I,FP,1,0.2727,0.2727,0.2727,16110.86
447,0.5 pens fine point black not gel,11,B019QBODN8,"Paper Mate InkJoy Gel Pens, Fine Point, Black, 10 Count",S,FP,2,0.2727,0.2727,0.2727,16110.86
447,0.5 pens fine point black not gel,11,B08SJ8GPP6,"Deli 8 Colored Liquid Ink Pens, Ultra Fine Point (0.5 mm), 8 Assorted Colors Marker Pens, Instant Dry No Smudge Rolling Ball Pens, Fine Point Liquid Rollerball Pens",S,FP,3,0.2727,0.2727,0.2727,16110.86
447,0.5 pens fine point black not gel,11,B07HRR3QKC,"12 Pieces Rolling Ball Pens, Quick-Drying Ink 0.5 mm Extra Fine Point Pens Liquid Ink Pen Rollerball Pens (Black Ink)",E,TP,4,0.2727,0.2727,0.2727,16110.86
447,0.5 pens fine point black not gel,11,B002VL7IA6,"TUL Retractable Gel Pens, Fine Point, 0.5 mm, Gray Barrel, Black Ink, Pack Of 12 Pens",I,FP,5,0.2727,0.2727,0.2727,16110.86
447,0.5 pens fine point black not gel,11,B0855H2L3D,"COLNK Retractable Gel Pens, Black Ink, Cute Pens, Pastel Pens Barrel, Premium Fine Writing Pens, Fine Point, 0.5mm, Metallic Clip, Soft Comfort Grip, 6 Counts, Nice Pack.",S,FP,6,0.2727,0.2727,0.2727,16110.86
447,0.5 pens fine point black not gel,11,B082PMZDG5,"Sharpie S-Gel, Gel Pens, Fine Point (0.5mm), Black Ink Gel Pen, 12 Count",I,FP,7,0.2727,0.2727,0.2727,16110.86
447,0.5 pens fine point black not gel,11,B08HD6B57S,"DELI 12 Pack Black Rolling Ball Pens, Fine Point Pens, 0.5mm Liquid Ink Pens, Quick Dry, No Smear No Bleed Pens",E,TP,8,0.2727,0.2727,0.2727,16110.86
447,0.5 pens fine point black not gel,11,B079ZCP1HZ,"Dale of Norway Geiranger Unisex Men’s/Women’s 100% Norwegian Wool Pullover Sweater, Medium, Navy-Smoke-Off White-Blue Shad",I,FP,9,0.2727,0.2727,0.2727,16110.86
447,0.5 pens fine point black not gel,11,B078MCWLX7,"Tanmit Gel Pens Retractable Black Ink Rollerball Pens, Fine Point Ballpoint Writing Pen for Office - 0.5mm Tips with Comfort Grip (18-Pack)",E,TP,10,0.2727,0.2727,0.2727,16110.86
447,0.5 pens fine point black not gel,11,B07BZ3L66Z,"Paper mate Inkjoy Gel Pens, Fine Point (0.5mm), Assorted Colors Gel Ink Rollerball Pen (1988991)",I,FP,11,0.2727,0.2727,0.2727,16110.86
447,0.5 pens fine point black not gel,11,B001B66DXU,"Sharpie Felt Tip Pens, Fine Point, Black, 12 Count",E,FN,,0.2727,0.2727,0.2727,16110.86
447,0.5 pens fine point black not gel,11,B019QBO3GK,"Paper Mate 1951638 InkJoy Gel Pens, Fine Point, Black, 3 Count",E,FN,,0.2727,0.2727,0.2727,16110.86
447,0.5 pens fine point black not gel,11,B08G1GL971,"Black Gel Pens, Tanmit Retractable Roll Ball Gel Pen, 30 Black Pens Fine Point With Comfortable Grips for Smooth Writing",E,FN,,0.2727,0.2727,0.2727,16110.86
447,0.5 pens fine point black not gel,11,B08XW8VW46,Black Fine Point Rollerball Pens Smooth Writing Extra Fine 0.5 mm Tip Pens Non Bleed Quick Drying Pens Needle Point Pens for Writing Journaling Taking Notes School Office 12 PCS,E,FN,,0.2727,0.2727,0.2727,16110.86
447,0.5 pens fine point black not gel,11,B001B0BE76,"PILOT The Better Ball Point Pen Refillable & Retractable Ballpoint Pens, Fine Point, Black Ink, 12-Pack (30000)",E,FN,,0.2727,0.2727,0.2727,16110.86
447,0.5 pens fine point black not gel,11,B0815S4RVD,"Arteza Rollerball Pens, Pack of 20, 0.5mm Black Liquid Ink Pens for Bullet Journaling, Fine Point Rollerball, Office Supplies for Writing, Taking Notes & Sketching",E,FN,,0.2727,0.2727,0.2727,16110.86
447,0.5 pens fine point black not gel,11,B019QBOGDK,"Paper Mate InkJoy Gel Pens, Fine Point, Black, 12 Count - 1951720",E,FN,,0.2727,0.2727,0.2727,16110.86
447,0.5 pens fine point black not gel,11,B00006JNJ8,"PILOT G2 Premium Refillable & Retractable Rolling Ball Gel Pens, Extra Fine Point, Black Ink, 12-Pack (31002)",E,FN,,0.2727,0.2727,0.2727,16110.86
448,0.5 syringe without needle,4,B07P25XH8Z,20 Packs Plastic Syringe with Measurement Liquids Measuring Syringes Without Needle for Medicine Resin Epoxy Watering Refilling (3 ml),E,TP,1,0.5,0.5,0.5,15811.89
448,0.5 syringe without needle,4,B07P54R1ZM,"20 Pack Plastic Syringe Luer Lock with Measurement, No Needle (3 ML)",S,FP,2,0.5,0.5,0.5,15811.89
448,0.5 syringe without needle,4,B07QJZMN51,"1ml Syringe Without Needle Luer Lock 100 Pack by Tilcare - Sterile Plastic Medicine Droppers for Children, Pets or Adults – Latex-Free Oral Medication Dispenser - Syringes for Glue and Epoxy",S,FP,3,0.5,0.5,0.5,15811.89
448,0.5 syringe without needle,4,B01JJYYWH4,"Care Touch Luer Lock Tip Syringes 5 mL - 100 Disposable Syringes Without Needles - Great for Oral Medicine, Home Care, and Hobbies",E,TP,4,0.5,0.5,0.5,15811.89
448,0.5 syringe without needle,4,B07Q33SG9Z,"Bitomic 0.5ml Borosilicate Glass Syringe | 10 Pack Anti-Leak Luer Lock Syringe Without Needle | Accurate Measuring Syringe for Plant & Hemp Oils, EJuices, Liquids, Glue, Veterinary, and Lab Syringes",E,FN,,0.5,0.5,0.5,15811.89
448,0.5 syringe without needle,4,B00OAC21Y2,"Covidien 685784972530 Plastic 6 cc 1 Tsp. Slip Tip Oral Medication Syringes without Needle, Includes Tip Cap, 6 mL (Pack of 10)",E,FN,,0.5,0.5,0.5,15811.89
451,0.5ml syringe without needle,3,B01MRGNQCS,BAXA ExactaMed Oral Liquid Medication Syringe 0.5cc/0.5mL 4/PK Clear Medicine Dose Dispenser With Cap Exacta-Med BAXTER Comar Latex Free,E,TP,1,0.6667,0.6667,0.6667,15557.06
451,0.5ml syringe without needle,3,B07B7HXQ1P,"50 Pack 1ml 1cc Syringes, Buytra Plastic Syringe with Luer Slip Tip, No Needle, Non Sterile- Ideal for Measuring or Transfering Tiny Amount of Liquids(Without Cap)",S,FP,2,0.6667,0.6667,0.6667,15557.06
451,0.5ml syringe without needle,3,B07Q33SG9Z,"Bitomic 0.5ml Borosilicate Glass Syringe | 10 Pack Anti-Leak Luer Lock Syringe Without Needle | Accurate Measuring Syringe for Plant & Hemp Oils, EJuices, Liquids, Glue, Veterinary, and Lab Syringes",E,TP,3,0.6667,0.6667,0.6667,15557.06
451,0.5ml syringe without needle,3,B07P25XH8Z,20 Packs Plastic Syringe with Measurement Liquids Measuring Syringes Without Needle for Medicine Resin Epoxy Watering Refilling (3 ml),E,FN,,0.6667,0.6667,0.6667,15557.06
454,0.6ml syringe without needle,4,B07GX34NBV,"5ml Oral Syringes - 100 Pack – Luer Slip Tip, No Needle, Individually Blister Packed - Medicine Administration for Infants, Toddlers and Small Pets (No Cover)",S,FP,1,0.25,0.25,0.25,15821.86
454,0.6ml syringe without needle,4,B07BQDRDC2,1ml Syringe Sterile with Luer Slip Tip - 100 Syringes by BH Supplies (No Needle) Individually Sealed,S,FP,2,0.25,0.25,0.25,15821.86
454,0.6ml syringe without needle,4,B01JJYMOP6,Care Touch 10ml Oral Dispenser with Cover- 100 Syringes (No needle),S,FP,3,0.25,0.25,0.25,15821.86
454,0.6ml syringe without needle,4,B07GX4RJF3,"1ml Oral Syringe - 100 Pack – Luer Slip Tip, No Needle, Sterile Individually Blister Packed - Medicine Administration for Infants, Toddlers and Small Pets",E,TP,4,0.25,0.25,0.25,15821.86
454,0.6ml syringe without needle,4,B07L3NSPD8,"20 Packs Plastic Syringe with Measurement, Oral Liquids Measuring Syringes for Medicine Animal Pet Water Feeding Refilling (1 ml)",E,FN,,0.25,0.25,0.25,15821.86
454,0.6ml syringe without needle,4,B08LDL3VV4,"12 Pack 20ml/cc Plastic Syringe,Individually Sealed with Measurement & Cap, for Scientific Labs, Measuring Liquids, Feeding Pets, DIY Lip Gloss, Oil or Glue Applicator, Art Painting (20 ml)",E,FN,,0.25,0.25,0.25,15821.86
454,0.6ml syringe without needle,4,B07QM74NWG,"12 Pack - 1ml Plastic Syringe with Measurement, No Needle Suitable for Refilling and Measuring Liquids, Feeding Pets, Oil or Glue Applicator",E,FN,,0.25,0.25,0.25,15821.86
457,0.7 pens,10,B082PMSSS7,"Sharpie S-Gel, Gel Pens, Medium Point (0.7mm), 4 Black, 4 Blue, 4 Red Gel Ink Pens, 12 Count",E,TP,1,0.8,0.8,0.8,16468.2
457,0.7 pens,10,B07P76WGHW,"Paper Mate InkJoy Gel Retractable Pens, 0.7mm, Medium Point, 12-Count (Black)",E,TP,2,0.8,0.8,0.8,16468.2
457,0.7 pens,10,B001S2RDRM,"Pentel EnerGel Retractable Liquid Gel Pens, Medium Point, 0.7 mm, Silver Barrel, Black Ink, Pack Of 12",E,TP,3,0.8,0.8,0.8,16468.2
457,0.7 pens,10,B00006JNJC,"PILOT G2 Premium Refillable & Retractable Rolling Ball Gel Pens, Fine Point, Blue Ink, 12 Count (31021)",S,FP,4,0.8,0.8,0.8,16468.2
457,0.7 pens,10,B082PMRSBK,"Sharpie S-Gel, Gel Pens, Medium Point (0.7mm), Black Ink Gel Pen, 4 Count",E,TP,5,0.8,0.8,0.8,16468.2
457,0.7 pens,10,B01MSBOBM7,"BIC Gel-ocity Retractable Quick Dry Gel Pen, Medium Point (0.7mm), Black, Comfortable Full Grip, 12-Count",E,TP,6,0.8,0.8,0.8,16468.2
457,0.7 pens,10,B0058NNAM4,"PILOT G2 Premium Refillable & Retractable Rolling Ball Gel Pens, Fine Point, Blue Ink, 5-Pack (31299)",S,FP,7,0.8,0.8,0.8,16468.2
457,0.7 pens,10,B07WHV9YGW,"Pentel EnerGel 0.7 mm RTX Retractable Liquid Gel Pen, Bulk Combo Pack of 6 BLACK INK & 6 BLUE INK metal pens (Total of 12 Deluxe Pens in box) Medium Line, Metal Tip pentel pens",E,TP,8,0.8,0.8,0.8,16468.2
457,0.7 pens,10,B07TXGYTJX,"Gel Pens, 20 Pack Black Gel Pen Medium Point, Retractable Gel Ink Rollerball Pens with Premium Ink & Comfort Grip for Smooth Writing (0.7mm)",E,TP,9,0.8,0.8,0.8,16468.2
457,0.7 pens,10,B086Q788MQ,"PILOT G2 Premium gel Pens, Fine Point Gel Ink Pen, 0.7 mm, Refillable & Retractable Rolling Ball, 5 Black and 5 Blue pens (Bulk pack of 10 Pens) (14784)",E,TP,10,0.8,0.8,0.8,16468.2
457,0.7 pens,10,B001GAOTSW,"PILOT G2 Premium Refillable & Retractable Rolling Ball Gel Pens, Fine Point, Black Ink, 12-Pack (31020)",E,FN,,0.8,0.8,0.8,16468.2
457,0.7 pens,10,B01IIKUYEU,"Pentel EnerGel Pearl Deluxe RTX Retractable Liquid Gel Pen, 0.7mm, 4 Pack, Assorted Colors (BLN77WBP4M)",E,FN,,0.8,0.8,0.8,16468.2
472,00 size empty capsules not made with carageenena,37,B01I5TPVXI,Capsuline - Size 00 Clear Empty Gelatin Capsules - 500 Count - Manufactured in North & South America - Kosher & Halal Certified - Pill Capsules,E,TP,1,0.7568,0.7568,0.7568,19017.2
472,00 size empty capsules not made with carageenena,37,B071J8Z3GH,"PurecapsUSA - 1,000 Size 00 Fillable Clear Empty Vegetarian Pullulan Capsules",E,TP,2,0.7568,0.7568,0.7568,19017.2
472,00 size empty capsules not made with carageenena,37,B07Z6DFDJ5,ALL-IN Capsule - Size 1 Clear Empty Gelatin Capsules - 1000 Count and Compatible with Capsule Filling Machine - Fillable with Powders of Your Choice,S,FP,3,0.7568,0.7568,0.7568,19017.2
472,00 size empty capsules not made with carageenena,37,B00KUBJVFO,"PurecapsUSA – Empty Dark Green/ Yellow Gelatin Capsules - Fast Dissolving and Easily Digestible - Preservative Free with Natural Ingredients - (1,000 Joined Capsules) - Size 00",E,TP,4,0.7568,0.7568,0.7568,19017.2
472,00 size empty capsules not made with carageenena,37,B08K98H3HG,LFA Size 1 Empty Capsules - Clear Gelatin - 500 Count Jar - Easy Snap Fillable Beef Gel Caps for DIY Powder Supplement Pills - Halal - Fits Filling Machine - Medium Pure Gelatin Capsule,S,FP,5,0.7568,0.7568,0.7568,19017.2
472,00 size empty capsules not made with carageenena,37,B005JDXC7Q,"Capsule Connection Wholesale Bulk Empty Vegetable Capsules '00' Size, Vegan & Vegetarian (1000) resealable Bag",E,TP,6,0.7568,0.7568,0.7568,19017.2
472,00 size empty capsules not made with carageenena,37,B08HY9XQDJ,LFA Size 00 Empty Capsules - Clear Gelatin - 120 Count Jar - Easy Snap Fillable Beef Gel Caps for DIY Powder Supplement Pills - Halal - Fits Filling Machine - Large Pure Gelatin Capsule,E,TP,7,0.7568,0.7568,0.7568,19017.2
472,00 size empty capsules not made with carageenena,37,B07ZWL1Y66,XPRS Nutra Size 00 Purple Empty Gelatin Capsules - 1000 Count Pure Gelatin Pill Capsule - DIY Supplement Filling,E,TP,8,0.7568,0.7568,0.7568,19017.2
472,00 size empty capsules not made with carageenena,37,B07ZH2C7QF,"iHFL 00 Capsules Separated, Empty Gelatin Capsules 00 Size - Make Your Own Pill Capsules, Gelatin Capsules Empty 1000 Count",E,TP,9,0.7568,0.7568,0.7568,19017.2
472,00 size empty capsules not made with carageenena,37,B005QOLOAU,Solaray Empty Capsules Size 00 (Bag) | 100ct,E,TP,10,0.7568,0.7568,0.7568,19017.2
472,00 size empty capsules not made with carageenena,37,B012BY20HI,"PurecapsUSA – Empty Clear Vegetarian and Vegan Capsules - Fast Dissolving and Easily Digestible - Preservative Free with Natural Ingredients - (2,000 Joined Capsules) - Size 00",E,TP,11,0.7568,0.7568,0.7568,19017.2
472,00 size empty capsules not made with carageenena,37,B07GVW9PXW,"Tapioca Empty 00 Capsules, Vegan and Vegetarian, Premium Quality (500 Count) resealable Bag",E,TP,12,0.7568,0.7568,0.7568,19017.2
472,00 size empty capsules not made with carageenena,37,B07KLJJ96C,"Clear Size 00 Empty Capsules | 1000 Gelatin Capsules | Resealable Bag | Non-GMO, Gluten Free | by Horbaach",E,TP,13,0.7568,0.7568,0.7568,19017.2
472,00 size empty capsules not made with carageenena,37,B000OSQS4U,"NOW Supplements, Empty Capsules, Vegetarian, Double ""00"", 250 Veg Capsules",E,TP,14,0.7568,0.7568,0.7568,19017.2
472,00 size empty capsules not made with carageenena,37,B0058AACKU,"NOW FOODS Gel Caps '00' Capsules, 750 CT",E,TP,15,0.7568,0.7568,0.7568,19017.2
472,00 size empty capsules not made with carageenena,37,B00PYVHRI8,Capsuline - Size 00 Clear Empty Vegetarian Capsules - 1000 Count - Registered by Vegan Society - Manufactured in North & South America - Non-GMO Verified,E,TP,16,0.7568,0.7568,0.7568,19017.2
472,00 size empty capsules not made with carageenena,37,B071FHJ3HG,"PurecapsUSA – Empty Dark Green Gelatin Capsules - Fast Dissolving and Easily Digestible - Preservative Free with Natural Ingredients - (1,000 Joined Capsules) - Size 00",E,TP,17,0.7568,0.7568,0.7568,19017.2
472,00 size empty capsules not made with carageenena,37,B00I7DVEJS,"PurecapsUSA – Empty Clear Vegetarian and Vegan Capsules - Fast Dissolving and Easily Digestible - Preservative Free with Natural Ingredients - (1,000 Joined Capsules) - Size 00",E,TP,18,0.7568,0.7568,0.7568,19017.2
472,00 size empty capsules not made with carageenena,37,B081VV9YHP,XPRS Nutra Size 00 Empty Capsules - 1000 Count Empty Gelatin Capsules - Capsules Express Empty Pill Capsules - DIY Capsule Filling - Fillable Pill Capsules Empty Gel Caps (Blue / White),E,TP,19,0.7568,0.7568,0.7568,19017.2
472,00 size empty capsules not made with carageenena,37,B08ST29H6W,"1000 Pack of Size 00 Gel Capsules – Kosher & Halal. Empty Pill Capsules 00 are 100% Pure, Just Beef Gelatin and Water",I,FP,20,0.7568,0.7568,0.7568,19017.2
472,00 size empty capsules not made with carageenena,37,B07B4J6DJV,1000 Empty Gelatin Capsules Size 00 Natural. Hypoallergenic. Non GMO. Kosher. Halal. Manufactured in North America.,E,TP,21,0.7568,0.7568,0.7568,19017.2
472,00 size empty capsules not made with carageenena,37,B071Y45HG5,"PurecapsUSA – Empty Chlorophyll Colored Gelatin Capsules - Fast Dissolving and Easily Digestible - Preservative Free with Natural Ingredients - (1,000 Joined Capsules) - Size 00",E,TP,22,0.7568,0.7568,0.7568,19017.2
472,00 size empty capsules not made with carageenena,37,B000ACUJRW,Empty Gelatin Capsules 0 Size -1000 Empty Capsules |Manufactured in North & South America|Kosher & Halal Certified |Gluten Free,E,TP,23,0.7568,0.7568,0.7568,19017.2
472,00 size empty capsules not made with carageenena,37,B009IU6ITK,I Am Legend,I,FP,24,0.7568,0.7568,0.7568,19017.2
472,00 size empty capsules not made with carageenena,37,B0013MRUSO,Sanuk Yoga Mat White 9 B (M),I,FP,25,0.7568,0.7568,0.7568,19017.2
472,00 size empty capsules not made with carageenena,37,B083XRJXSD,"Anker Power Strip with USB PowerExtend USB 2 mini, 2 Outlets, and 2 USB Ports, Flat Plug, 5 ft Extension Cord, Safety System for Travel, Desk, and Home Office",I,FP,26,0.7568,0.7568,0.7568,19017.2
472,00 size empty capsules not made with carageenena,37,B07Z6N5F1L,"PurecapsUSA – Empty Chlorophyll Colored Vegetarian and Vegan Capsules - Fast Dissolving and Easily Digestible - Preservative Free with Natural Ingredients - (1,000 Joined Capsules) - Size 00",E,TP,27,0.7568,0.7568,0.7568,19017.2
472,00 size empty capsules not made with carageenena,37,B07DYFPGDN,"PurecapsUSA – Empty Clear Vegetarian and Vegan Capsules - Fast Dissolving and Easily Digestible - Preservative Free with Natural Ingredients - (1,000 Separated Capsules) - Size 00",E,TP,28,0.7568,0.7568,0.7568,19017.2
472,00 size empty capsules not made with carageenena,37,B07QFWJRS2,"Wananfu Pre-Separated Empty Capsules 00 Gelatin, 1000 Count in Resealable Bags, Compatible with Capsule Filling Machine 00",E,TP,29,0.7568,0.7568,0.7568,19017.2
472,00 size empty capsules not made with carageenena,37,B08BFHSL85,"[500 Masks] Disposable Face Mask, 3-Ply Adult Masks, Single Use Facial Cover with Elastic Earloops For Home, Office, School, and Outdoors",I,FP,30,0.7568,0.7568,0.7568,19017.2
472,00 size empty capsules not made with carageenena,37,B01FL9DFR4,"Maximum Strength Hyaluronic Acid Capsules with Vitamin E, 100mg,180 Counts, Powerfully Supports Antioxidant, Skin Hydration & Joints Lubrication. Non-GMO and Made in USA. (2 Pack)",I,FP,31,0.7568,0.7568,0.7568,19017.2
472,00 size empty capsules not made with carageenena,37,B004L4ZNAS,Ware Manufacturing Small Animal Grooming Kit,I,FP,32,0.7568,0.7568,0.7568,19017.2
472,00 size empty capsules not made with carageenena,37,B07XTQ8YZN,"Capsule Connection 500 00 Size Empty Gelatin Capsules, Resealable Bag, Natural, No additives",E,TP,33,0.7568,0.7568,0.7568,19017.2
472,00 size empty capsules not made with carageenena,37,B0050PHIRI,"Capsule Connection Separated Empty Gelatin Capsules, 00 Size (1000) Resealable Bag",E,TP,34,0.7568,0.7568,0.7568,19017.2
472,00 size empty capsules not made with carageenena,37,B017S0AMV6,"Capsule Connection USA-Made 500 Bulk Empty Gelatin Capsules, 00 Size resealable Bag",E,TP,35,0.7568,0.7568,0.7568,19017.2
472,00 size empty capsules not made with carageenena,37,B00PYV9D6M,Capsuline Size 00 Empty Gelatin Capsules - 1000 Count - Empty Pill Capsules - DIY Capsule Filling - Fillable Pill Capsules Empty Gel Caps (Clear),E,TP,36,0.7568,0.7568,0.7568,19017.2
472,00 size empty capsules not made with carageenena,37,B07SH33NBN,"Capsule Connection Wholesale Bulk Empty Vegetable Capsules '00' Size, Vegan & Vegetarian (500) Resealable Bag",E,TP,37,0.7568,0.7568,0.7568,19017.2
472,00 size empty capsules not made with carageenena,37,B07L8B2CXN,ALL-IN Capsule - Size 00 Clear Empty Vegetarian Capsules - 1000 Count Vegan Capsules Compatible with Capsule Filling Machine - Fillable with Powders of Your Choice,E,FN,,0.7568,0.7568,0.7568,19017.2
472,00 size empty capsules not made with carageenena,37,B0006NZ1VO,"Carlson - Empty Gelatin #00 Capsules, Easy to Separate & Fill, 150 capsules",E,FN,,0.7568,0.7568,0.7568,19017.2
472,00 size empty capsules not made with carageenena,37,B00I2BYEB0,PurecapsUSA – Empty Clear Gelatin Capsules - Fast Dissolving and Easily Digestible - Preservative Free with Natural Ingredients - (500 Joined Capsules) - Size 000,E,FN,,0.7568,0.7568,0.7568,19017.2
472,00 size empty capsules not made with carageenena,37,B01KY6XS08,BulkSupplements.com Empty (00) Capsules Pill Capsules - Capsules Size 00 - Empty Gelatin Capsules - Gel Caps (300 Gelatin Capsules - Red),E,FN,,0.7568,0.7568,0.7568,19017.2
472,00 size empty capsules not made with carageenena,37,B00I2C7EEI,"PurecapsUSA – Empty Clear Gelatin Capsules - Fast Dissolving and Easily Digestible - Preservative Free with Natural Ingredients - (1,000 Joined Capsules) - Size 00",E,FN,,0.7568,0.7568,0.7568,19017.2
472,00 size empty capsules not made with carageenena,37,B00IKNX0ZQ,"Empty Vegetarian Capsules - 1000 Size""00"" Bulk Wholesale",E,FN,,0.7568,0.7568,0.7568,19017.2
472,00 size empty capsules not made with carageenena,37,B00E40DJ82,"NOW Supplements, Empty Gelatin Capsules, Double ""00"", Bovine Sourced, Filled by Weight, 250 Gel Capsules",E,FN,,0.7568,0.7568,0.7568,19017.2
472,00 size empty capsules not made with carageenena,37,B0150H5BOC,"PharmaCapsules USA Empty Gelatin Capsules (00, Quantity 1000)",E,FN,,0.7568,0.7568,0.7568,19017.2
472,00 size empty capsules not made with carageenena,37,B08KTRGC4K,LFA Size 0 Empty Capsules - Clear Vegan Pullulan - 120 Count Jar - Easy Snap Fillable Vegetarian Capsules for DIY Powder Supplement Pills - Kosher and Halal - Fits Machine - Medium Pure Tapioca Caps,E,FN,,0.7568,0.7568,0.7568,19017.2
479,007 james bond the world is not enough,13,B001PO6IDI,James Bond Blu-ray Collection: Volume Three (Moonraker / The World is Not Enough / Goldfinger),E,TP,1,0.7692,0.7692,0.7692,16291.67
479,007 james bond the world is not enough,13,1538138573,The World Is Not Enough: A Biography of Ian Fleming,E,TP,2,0.7692,0.7692,0.7692,16291.67
479,007 james bond the world is not enough,13,B09834RW6M,James Bond 007 The World Is Not Enough Movie Promotion Canvas Poster Wall Art Decor Print Picture Paintings for Living Room Bedroom Decoration Unframe:20×30inch(50×75cm),E,TP,3,0.7692,0.7692,0.7692,16291.67
479,007 james bond the world is not enough,13,B00000BLFI,James Bond Ultimate Edition - Vol. 1 (The Man with the Golden Gun / Goldfinger / The World Is Not Enough / Diamonds Are Forever / The Living Daylights),E,TP,4,0.7692,0.7692,0.7692,16291.67
479,007 james bond the world is not enough,13,B0998W7KBG,James Bond 007 The World Is Not Enough Movie Cover Retro Poster Metal Tin Sign Chic Art Retro Iron Painting Bar People Cave Cafe Family Garage Poster Wall Decoration 8×12inch(20×30cm),E,TP,5,0.7692,0.7692,0.7692,16291.67
479,007 james bond the world is not enough,13,B01HDJBJ4G,Da Bang The World is NOT Enough James Bond 007 F Tv Movie Film Poster Fabric Silk Poster Print B0129-17,E,TP,6,0.7692,0.7692,0.7692,16291.67
479,007 james bond the world is not enough,13,B01LE3Q73U,2016 James Bond 007 CLASSICS Trading Cards The World Is Not Enough Set 1-72 Rittenhouse Archives,E,TP,7,0.7692,0.7692,0.7692,16291.67
479,007 james bond the world is not enough,13,B088P72B85,"PIERCE BROSNAN SIGNED AUTOGRAPH - TOMORROW NEVER DIES FULL MOVIE SCRIPT - JONATHAN PRYCE, MICHELLE YEOH, TERI HATCHER, JUDI DENCH, 007, JAMES BOND, GOLDENEYE, THE WORLD IS NOT ENOUGH, DIE ANOTHER DAY, MAMMA MIA, THE GHOST WRITER, MRS DOUBTFIRE",C,FP,8,0.7692,0.7692,0.7692,16291.67
479,007 james bond the world is not enough,13,B00IZOL6L0,"The World Is Not Enough (From ""James Bond 007 - The World Is Not Enough"")",E,TP,9,0.7692,0.7692,0.7692,16291.67
479,007 james bond the world is not enough,13,B000CCKJCA,"World Is Not Enough, The (007) (Special Edition)",E,TP,10,0.7692,0.7692,0.7692,16291.67
479,007 james bond the world is not enough,13,B07MXT3NFZ,"James Bond Collection - 24-Disc Box Set ( Spectre/ Skyfall / Quantum of Solace / Casino Royale / Die Another Day / The World Is Not Enough / Tomorrow Never Dies [ Blu-Ray, Reg.A/B/C Import - Denmark ]",E,TP,11,0.7692,0.7692,0.7692,16291.67
479,007 james bond the world is not enough,13,B07TS62D7J,Aquarium Turtle Filter Waterfall Flow Water Clean Pump Bio-Filtration for Reptiles Tank Low Level Waterfall Filter for Small Fish Tank Turtle Tank Shrimp Amphibian Frog Crab (600L/H Aquarium Filter),I,FP,12,0.7692,0.7692,0.7692,16291.67
479,007 james bond the world is not enough,13,B071GN8Y4G,Legionnaire (Galaxy's Edge Book 1),I,FP,13,0.7692,0.7692,0.7692,16291.67
479,007 james bond the world is not enough,13,B07BZ1W4S8,Cigar Girl - The World Is Not Enough (Trading Card) James Bond 007 - The Quotable # 72 Rittenhouse Archives 2004 - NM/M,E,FN,,0.7692,0.7692,0.7692,16291.67
479,007 james bond the world is not enough,13,B011MHC976,The World Is Not Enough [Blu-ray + DHD],E,FN,,0.7692,0.7692,0.7692,16291.67
479,007 james bond the world is not enough,13,B009RO9LKK,Pierce Brosnan Ultimate 007 Edition (Goldeneye / The World Is Not Enough / Die Another Day),E,FN,,0.7692,0.7692,0.7692,16291.67
485,01 ford mustang 3.8 tan seat covers without headrest,10,B06Y2J5R5D,FH Group PU001102 PU Leather Seat Covers (Tan Color) Front Set – Universal Fit for Cars Trucks & SUVs,S,FP,1,0.3,0.3,0.3,15866.18
485,01 ford mustang 3.8 tan seat covers without headrest,10,B087ZM7YPH,"OASIS AUTO Leather Car Seat Covers, Faux Leatherette Automotive Vehicle Cushion Cover for Cars SUV Pick-up Truck Universal Fit Set for Auto Interior Accessories (OS-001 Front Pair, TAN)",E,TP,2,0.3,0.3,0.3,15866.18
485,01 ford mustang 3.8 tan seat covers without headrest,10,B00MXRR8TY,"FH Group PU002TAN102 Tan Faux Leather Front Bucket Seat Cover, Set of 2 Airbag Compatible",S,FP,3,0.3,0.3,0.3,15866.18
485,01 ford mustang 3.8 tan seat covers without headrest,10,B00F4FAKDS,Plasticolor 008584R01 Ford Black Sideless Seat Cover,E,TP,4,0.3,0.3,0.3,15866.18
485,01 ford mustang 3.8 tan seat covers without headrest,10,B01LXG715S,Plasticolor 008614R01 Sideless Seat Cover (Ford Mustang 50 Year Anniversary),S,FP,5,0.3,0.3,0.3,15866.18
485,01 ford mustang 3.8 tan seat covers without headrest,10,B00NV5OC5K,"FH Group Universal Fit Full Set Flat Cloth Fabric Car Seat Cover (Beige/Black) (FH-FB050114, Fit Most Car, Truck, Suv, or Van)",S,FP,6,0.3,0.3,0.3,15866.18
485,01 ford mustang 3.8 tan seat covers without headrest,10,B01LX4MHX4,"FH Group Premium PU Leather Car Seat Covers Full Set, Airbag Compatible and Split Ready with Gift– Universal Fit for Cars Trucks and SUVs (Black)",S,FP,7,0.3,0.3,0.3,15866.18
485,01 ford mustang 3.8 tan seat covers without headrest,10,B08J3Z3V54,"BDK EasyFit Universal Car Seat Covers for Front Seats, Black – Front Seat Cover Set with Integrated Headrest Cover, Quick Slip-On Installation, Universal Fit for Car Truck Van SUV",E,TP,8,0.3,0.3,0.3,15866.18
485,01 ford mustang 3.8 tan seat covers without headrest,10,B07PMGRXS9,Tuoze 7 Pieces Patio Furniture Sectional Outdoor All Weather PE Rattan Wicker Lawn Conversation Cushioned Garden Sofa Set with Glass Coffee Table (Brown),I,FP,9,0.3,0.3,0.3,15866.18
485,01 ford mustang 3.8 tan seat covers without headrest,10,B01MRIAPQK,Yupbizauto Plasticolor New Pair of Blue Oval Mustang Logo for a Ford Compatible Cars Universal Sideless Seat Cover w/HeadRest and Air Freshener,S,FP,10,0.3,0.3,0.3,15866.18
485,01 ford mustang 3.8 tan seat covers without headrest,10,B01MTLYJWF,"EDEALYN Ultra-Luxury PU Leather Car Seat Protection Cover Car Seat Cover for Most Four-Door Sedan&SUV ,Single Seat Cover Without Backrest 1PCS (W 20.8× D 21× T 0.2inch) (3D-Beige-tan",E,FN,,0.3,0.3,0.3,15866.18
485,01 ford mustang 3.8 tan seat covers without headrest,10,B01HUTS6HC,FH Group FB030BEIGEBLACK115-COMBO Seat Cover Combo Set with Steering Wheel Cover and Seat Belt Pad (Airbag Compatible and Split Bench Beige/Black),E,FN,,0.3,0.3,0.3,15866.18
485,01 ford mustang 3.8 tan seat covers without headrest,10,B089Y2ZJQH,"Motor Trend LuxeFit Beige Faux Leather Car Seat Cover for Front Seats, 1 Piece – Premium Universal Fit Interior Protector, Padded Leather Seat Cover Cushion for Auto Truck Van & SUV",E,FN,,0.3,0.3,0.3,15866.18
485,01 ford mustang 3.8 tan seat covers without headrest,10,B07RHTRYWD,"Gorla Gear Beige Premium Universal Fit Waterproof Stain Resistant Tan Khaki Car Seat Cover Neoprene Non-Slip Bucket Seat Dog & Kid Auto Protector Save Your Leather & Cloth Seats, Van, Truck, SUV",E,FN,,0.3,0.3,0.3,15866.18
485,01 ford mustang 3.8 tan seat covers without headrest,10,B01GSV4M4Y,Pet Magasin Luxury Pet Car Seat Cover Waterproof & Scratch Proof & Nonslip Backing & Hammock Style & Heavy Duty Back Seat Protector for Cars Trucks and SUVs,E,FN,,0.3,0.3,0.3,15866.18
485,01 ford mustang 3.8 tan seat covers without headrest,10,B00KG57430,Seat Armour SA100PONB Black 'Ford Mustang Pony' Seat Protector Towel,E,FN,,0.3,0.3,0.3,15866.18
485,01 ford mustang 3.8 tan seat covers without headrest,10,B08QFW5DDP,"SYNOME Leather Car Seat Covers, Faux Leatherette Automotive Vehicle Cushion Cover for 5 Seats Cars SUV Pick-up Truck Universal Fit Set for Auto Interior Accessories (Black)",E,FN,,0.3,0.3,0.3,15866.18
486,01 ford ranger headlights not smoke lens,20,B07NL7TNMM,OEDRO Headlight Assembly Compatible with 1999-2004 Ford F250 F350 F450 F550 Super Duty / 00-04 Ford Excursion Headlights Chrome Housing Black Headlamps - Driver & Passenger Side,E,TP,1,0.4737,0.45,0.4615,17737.14
486,01 ford ranger headlights not smoke lens,20,B07T6BZJMG,Autozensation for 2001-2011 Ford Ranger Smoke Headlights w/Corner Signal Lamps Left+Right,I,FP,2,0.4737,0.45,0.4615,17737.14
486,01 ford ranger headlights not smoke lens,20,B07DNJMCR9,Brock Headlights Compatible with 2001-2011 Ranger Pickup Truck Replacement Driver and Passenger Headlamps 6L5Z13008BA 6L5Z13008AA,E,TP,3,0.4737,0.45,0.4615,17737.14
486,01 ford ranger headlights not smoke lens,20,B01H9HY304,Compatible with Ford Ranger Pickup Pair of Bumper Driving Fog Lights (Smoke Lens),I,FP,4,0.4737,0.45,0.4615,17737.14
486,01 ford ranger headlights not smoke lens,20,B07FP1XNYG,ACANII - For Smoke 1997-2004 Ford F150 Expedition 97-99 F250 Headlights+Corner Signal Lamps Driver + Passenger Side,E,TP,5,0.4737,0.45,0.4615,17737.14
486,01 ford ranger headlights not smoke lens,20,B00YWGSKBY,4Pcs Smoked Housing Headlights Clear Corner Turn Signal Light Lamps Kit Compatible with Ford Ranger 01-11,E,TP,6,0.4737,0.45,0.4615,17737.14
486,01 ford ranger headlights not smoke lens,20,B07B8Z8P6D,White Sheer Curtains for Living Room Leaf Tile Embroidered Window Curtain Rod Pocket Leaf Geometric Embroidery Drapes Bedroom Kitchen 84 inch 2 Panels,I,FP,7,0.4737,0.45,0.4615,17737.14
486,01 ford ranger headlights not smoke lens,20,B008G23AUQ,Headlights Headlamps Driver and Passenger Replacement for 1998-2000 Ford Ranger Pickup Truck F87Z 13008 FB F87Z 13008 EB,E,TP,8,0.4737,0.45,0.4615,17737.14
486,01 ford ranger headlights not smoke lens,20,B08VWDDW7N,DWVO Headlights Assembly Compatible with 2001-2011 Ford Ranger Headlamp Replacement Chrome Housing Smoke Lens Amber Reflector,E,TP,9,0.4737,0.45,0.4615,17737.14
486,01 ford ranger headlights not smoke lens,20,B07W9L9HJ9,Carpartsinnovate For 01-11 Pickup Truck Clear Headlights+Corner Signal Lamps Replacement,E,TP,10,0.4737,0.45,0.4615,17737.14
486,01 ford ranger headlights not smoke lens,20,B0815SBWQD,Epic Lighting OE Style Replacement Headlights Assemblies Compatible with 2001-2011 Ranger [ FO2502173 FO2503173 6L5Z13008BA 6L5Z13008AA ] Left Driver & Right Passenger Sides Pair,E,TP,11,0.4737,0.45,0.4615,17737.14
486,01 ford ranger headlights not smoke lens,20,B074CPBSN7,"Just Artifacts 2.75-inch Craft Wood Clothespins/Peg Pins (100pc, Orange)",I,FP,12,0.4737,0.45,0.4615,17737.14
486,01 ford ranger headlights not smoke lens,20,B071NBHWNQ,Fender Monterey Bluetooth Speaker,I,FP,13,0.4737,0.45,0.4615,17737.14
486,01 ford ranger headlights not smoke lens,20,B07TVMXLJB,RONRONS 6 Pack Handmade Boho Hippie Hair Extensions with Feather Clip Comb Headdress DIY Accessories for Women Gifts Valentine's Day Present,I,FP,14,0.4737,0.45,0.4615,17737.14
486,01 ford ranger headlights not smoke lens,20,B07FNZF965,ACANII - For 1999-2004 Ford F250 F350 F450 Superduty Excursion Headlights w/Amber Bumper Lamps Lights Driver + Passenger,E,TP,15,0.4737,0.45,0.4615,17737.14
486,01 ford ranger headlights not smoke lens,20,B019YICS3A,"Marde Ross & Company French Forget Me Not Seeds - Approximately 5,000 Seeds of Myosotis Sylvatica",I,FP,16,0.4737,0.45,0.4615,17737.14
486,01 ford ranger headlights not smoke lens,20,B01N3CEUF9,For Black Smoke 97-03 F150 97-99 F250 LD 97-02 Expedition Headlight + Corner Signal Lamps 4 Pieces Set,I,FP,17,0.4737,0.45,0.4615,17737.14
486,01 ford ranger headlights not smoke lens,20,B00MZMRJQ4,Spec-D Tuning Halo Projector Headlights Smoke + Corner Lights Bumper Turn Signal Lamp Compatible with Ford Ranger 1998-2000 L+R Pair Assembly,I,FP,18,0.4737,0.45,0.4615,17737.14
486,01 ford ranger headlights not smoke lens,20,B07FNYNZF2,ACANII - For [4PC] Black Smoke 1997-2003 Ford F150 Expedition Headlights+Signal Corner Lamps Driver + Passenger Side,I,FP,19,0.4737,0.45,0.4615,17737.14
486,01 ford ranger headlights not smoke lens,20,B07XL7LLVS,"Fahren 9007/HB5 LED Headlight Bulbs, 60W 12000 Lumens Super Bright LED Headlights Conversion Kit 6500K Cool White IP68 Waterproof, Pack of 2 (Blue)",E,FN,,0.4737,0.45,0.4615,17737.14
486,01 ford ranger headlights not smoke lens,20,B07CMHG25D,"Alla Lighting S-HCR HB5 9007 Headlights LED Bulbs Replacement PX29t Base10000Lms Xtreme Super Bright (Off-road use), 6K Xenon White",E,FN,,0.4737,0.45,0.4615,17737.14
486,01 ford ranger headlights not smoke lens,20,B07GT5G6V7,"SEALIGHT 9007 HB5 Led Bulbs 12000LM 24xCSP Chips Dual Beam Led Bulb 6000K White, Quick Installation Halogen Replacement, Packs of 2",E,FN,,0.4737,0.45,0.4615,17737.14
486,01 ford ranger headlights not smoke lens,20,B01N3KLQKK,"VoRock8 R2 COB 9007 HB5 8000 Lumens Led Head Iight Conversion Kit, High Low Beam Bulbs, Bright Dipped 2 in 1 Light, Replace Halogen Bulbs, 6500K Xenon White, 1 Pair",E,FN,,0.4737,0.45,0.4615,17737.14
486,01 ford ranger headlights not smoke lens,20,B081H5SB8K,"RAMHORN 9007 LED Bulbs,360 Degree Adjustable Beam 10000Lm 6500K Cool White HB5 Conversion Kits of 2.",E,FN,,0.4737,0.45,0.4615,17737.14
486,01 ford ranger headlights not smoke lens,20,B085ZZTPHB,AmeriLite for 2001-2011 Ford Ranger Pickup Truck Chrome Factory Style OE Fitment Replacement Headlights Assembly w/o Corner Lamp Pair - Driver and Passenger Side,E,FN,,0.4737,0.45,0.4615,17737.14
486,01 ford ranger headlights not smoke lens,20,B07R8SHT91,AUTOSAVER88 Headlight Assembly Compatible with Bumper Lights Compatible with 2001-2011 Ford Ranger + Corner light Chrome Housing Smoke Lens,E,FN,,0.4737,0.45,0.4615,17737.14
486,01 ford ranger headlights not smoke lens,20,B07CMF371L,For 1997-2003 Ford F150 97-02 Expedition Truck Tube Bar Projector Headlights Driver+Passenger Side,E,FN,,0.4737,0.45,0.4615,17737.14
486,01 ford ranger headlights not smoke lens,20,B06XRXTX32,(Pair) 5''x7'' 6''x7'' High Low Beam Led Headlights Compatible with Jeep Wrangler YJ Cherokee XJ H6054 H5054 H6054LL 69822 6052 6053 with Angel Eyes DRL (Black 105w Osram Chips),E,FN,,0.4737,0.45,0.4615,17737.14
486,01 ford ranger headlights not smoke lens,20,B07QQWNXGN,9007/HB5 LED Headlight Bulbs Conversion Kit leppein S Series Dual Hi/Lo Beam 24xCREE Chips 6500K 6000LM Cool White Halogen Replacement-1 Pair,E,FN,,0.4737,0.45,0.4615,17737.14
486,01 ford ranger headlights not smoke lens,20,B07GGRHPPY,SEALIGHT 9007/HB5 LED Bulbs 14000LM Dual Bulbs X1 Series 6000K Xenon White Non-polarity,E,FN,,0.4737,0.45,0.4615,17737.14
489,01 polaris scrambler 500 pull start without case,14,B07PY6XC6M,shiosheng Heavy Duty Recoil Pull Starter Kit for Polaris Sportsman 300 500 1996-2011 Scrambler 400 Xpress 300 Xpedition 325 Trail Blazer 330 ATV Quad Rewind Recoil Start Kit 3083463 3084822,C,FP,1,0.5714,0.5714,0.5714,17068.72
489,01 polaris scrambler 500 pull start without case,14,B00QZAC3QI,TOP NOTCH PARTS COMPLETE RECOIL STARTER PULL START ASSEMBLY FITS POLARIS SPORTSMAN 500 NIB 1996 1997 1998 1999 2000 2001 2002 2003 2004 2005 2006 2007 2008 2009 2010 2011 FREE FEDEX 2 DAY SHIPPING,E,TP,2,0.5714,0.5714,0.5714,17068.72
489,01 polaris scrambler 500 pull start without case,14,B07LFRB5ZJ,MOTOKU Recoil Starter Pull Start Rope Handle Cord for Big Boss 400L 500 Hawkeye 300 Scrambler Sportsman 400 500 Magnum ATV,E,TP,3,0.5714,0.5714,0.5714,17068.72
489,01 polaris scrambler 500 pull start without case,14,B07BMGLK9C,"UPMSX Unlimited Rider Water Temperature Sensor Temp Sensor for Polaris Ranger 500 2006-2013, Sportsman 500 2006-2010, Sportsman 550 2009-2014, Ranger 400 2010-2014, Scrambler 500 2010-2012 3089892",I,FP,4,0.5714,0.5714,0.5714,17068.72
489,01 polaris scrambler 500 pull start without case,14,B07G812DPP,"Recoil Pull Start Gasket fit Polaris - Pull Start Assembly Reel Rebuild Kit for 1996 97 98 99 00 01 02 03 04 05 06 07 08 09 10 2011 Polaris Sportsman 500, Replaces # 3084933, by Vautoparts",E,TP,5,0.5714,0.5714,0.5714,17068.72
489,01 polaris scrambler 500 pull start without case,14,B0911WZHBQ,Recoil Pull Starter Case Assembly Replacement for Polaris Sportsman Magnum Replace# 3090085,E,TP,6,0.5714,0.5714,0.5714,17068.72
489,01 polaris scrambler 500 pull start without case,14,B073MXFQCK,KIPA Heavy Duty Recoil Pull Starter Kit For Polaris Sportsman 300 500 Scrambler 400 Xpress 300 Xpedition 325 Trail Blazer 330 ATV Quad Rewind Recoil start Kit,E,TP,7,0.5714,0.5714,0.5714,17068.72
489,01 polaris scrambler 500 pull start without case,14,B07GB9CT9N,Carsparadisezone Complete Recoil Starter Pull Start Assembly for Polaris Ranger/Sportsman/Magnum Scrambler Xplorer 500 99-11 12 3082956 3084933,C,FP,8,0.5714,0.5714,0.5714,17068.72
489,01 polaris scrambler 500 pull start without case,14,B081YL596F,labwork Complete Recoil Starter Pull Start Assembly Fit for 1996-2006 Polaris Sportsman 500 HO EFI Duse RSE 3090085,E,TP,9,0.5714,0.5714,0.5714,17068.72
489,01 polaris scrambler 500 pull start without case,14,B000N3F7R0,"Genuine Polaris Part Number 4010262 - SWITCH-HANDLEBAR,H/L/O,REV/OR for Polaris ATV / Motorcycle / Snowmobile/ or Watercraft",C,FP,10,0.5714,0.5714,0.5714,17068.72
489,01 polaris scrambler 500 pull start without case,14,B06Y5ZDRGP,WEIYINGSI Complete Recoil Starter Pull Start Assembly Compatible with Sportsman 500 2001-2011,S,FP,11,0.5714,0.5714,0.5714,17068.72
489,01 polaris scrambler 500 pull start without case,14,B07XLZP56G,NICHE Recoil Pull Starter Case Assembly For Polaris Sportsman 500 400 X2 Magnum Ranger Trail Boss 330 3090085,E,TP,12,0.5714,0.5714,0.5714,17068.72
489,01 polaris scrambler 500 pull start without case,14,B07T9ZLZ4Y,Recoil Pull Starter Case Fits Polaris Sportsman 500 2000-2008 OEM 3090085,E,TP,13,0.5714,0.5714,0.5714,17068.72
489,01 polaris scrambler 500 pull start without case,14,B07XMM997Q,SCITOO Recoil Pull Starter Kit for Polaris 500 Series 1996-2012 New Recoil Starter Pull Assembly 3090085 for Polaris Complete Recoil Starter Pull Start Assembly Sportsman 500,I,FP,14,0.5714,0.5714,0.5714,17068.72
489,01 polaris scrambler 500 pull start without case,14,B07GSBQFWF,New Starter And Drive Combo Kit Replacement For Polaris ATV UTV 325 330 335 425 500 Sportsman Scrambler Magnum Trail Boss Ranger 113528 18645 495713 3084981 3090188,E,FN,,0.5714,0.5714,0.5714,17068.72
489,01 polaris scrambler 500 pull start without case,14,B07K87SCBX,ATRACYPART Carburetor Carb for 2001-2005 & 2010-2012 Polaris Sportsman 500 4X4 HO | 1997-2009 Polaris scrambler 500 4x4 | 2000-2002 Polaris Trail Boss 325,E,FN,,0.5714,0.5714,0.5714,17068.72
489,01 polaris scrambler 500 pull start without case,14,B07XWPGY1P,NICHE Recoil Pull Starter Case Assembly For 1999-2002 Polaris 3087054 3085856 3085652 3085405 3085406 3085413,E,FN,,0.5714,0.5714,0.5714,17068.72
489,01 polaris scrambler 500 pull start without case,14,B07RWTBWBG,Outdoors & Spares Replaces Polaris Trail Boss 325 335 425 Engine Recoil Pull Starter 3087054/3085652,E,FN,,0.5714,0.5714,0.5714,17068.72
489,01 polaris scrambler 500 pull start without case,14,B01EMJXNP8,TC-Motor Black Recoil Pull Starter Start With Claw Pawl For Tanaka Paverunner Bladez XL Moby 35cc 2 Stroke Engine Gas Scooter TC-355,E,FN,,0.5714,0.5714,0.5714,17068.72
489,01 polaris scrambler 500 pull start without case,14,B07WT3M7YJ,AUTOKAY ATV Recoil Starter Pull Start Rope Handle Cord Rangerfor Polaris Big Boss 400L 500 Hawkeye 300 Scrambler Sportsman 400 500 Magnum ATV,E,FN,,0.5714,0.5714,0.5714,17068.72
491,013 nail color not gel,7,B08PNWDJS4,Color Changing Gel Nail Polish 8Pcs Mood Changing Thermal Gel Nail Polish Kit Fall Winter Colors Purple Blue Glitter Collection Soak Off UV LED Coscelia Gel Nail Art Set,I,FP,1,0.1429,0.1429,0.1429,16028.45
491,013 nail color not gel,7,B00QF9CHDI,"Anself 36 Colors Nail Art Polish, Gel Paint Nail Kit, Gel Paint for Nails Art with 1 Nail Brush for Nails DIY Nail Art Design",I,FP,2,0.1429,0.1429,0.1429,16028.45
491,013 nail color not gel,7,B08MVDDQZC,"Zeeshy Gel Nail Polish Kit,23 pcs Popular color Gel Polish Set with No Wipe Base and Matte Glossy Top Coat, UV/LED Lamp Soak Off Nail Polish for Nail Art Salon",S,FP,3,0.1429,0.1429,0.1429,16028.45
491,013 nail color not gel,7,B08PB78WG6,GAOY Chrome Platinum Glitter Gel Nail Polish Set of 6 Colors Including Sparkly Shiny Black Silver Pink Gel Polish Kit UV LED Soak Off Shellac Nail Polish Home DIY Manicure Nail Salon Varnish,I,FP,4,0.1429,0.1429,0.1429,16028.45
491,013 nail color not gel,7,B08K2RM5MH,"Beetles Gel Nail Polish, Unicorn Collection Pastel Color Soak off Nail Gel Polish Baby Blue Yellow Nail Polish Purple Gel Polish Spring into Summer Pastel Collection, Best Easter Nail Art Gifts",I,FP,5,0.1429,0.1429,0.1429,16028.45
491,013 nail color not gel,7,B07WZMJPWQ,"Gellen Gel Nail Polish Kit 16 Colors - with Top & Base Coats, Nude Grays Series Popular Fall Winter Soak Off Gel Polish Set",S,FP,6,0.1429,0.1429,0.1429,16028.45
491,013 nail color not gel,7,B08BXL7M64,Allenbelle Color Changing Nail Polish Gift set Color Changing Gel Polish Set Mood Soak Off Uv Led Gel Nail Polish 013,E,TP,7,0.1429,0.1429,0.1429,16028.45
491,013 nail color not gel,7,B07GVQ7NT8,Nicole Miller Mini Nail Polish Set - 15 Glossy and Trendy Colors,E,FN,,0.1429,0.1429,0.1429,16028.45
491,013 nail color not gel,7,B071FXF8CP,"ILNP Birthday Suit - Cashmere Pink Holographic Nail Polish, Neutral Nude, Chip Resistant Manicure, Non-Toxic, Vegan, Cruelty Free, 12ml",E,FN,,0.1429,0.1429,0.1429,16028.45
491,013 nail color not gel,7,B07V4FB7WX,Gel Nail Polish Set - MODELONES 7 Colors Nude Pink Brown Gray Soak off Nail Polish Kit LED Nail Lamp Required Fall Winter Classic Modern Nail Art Salon Gel Nail Manicure Kit Halloween Christmas Gift,E,FN,,0.1429,0.1429,0.1429,16028.45
491,013 nail color not gel,7,B01KJPE9HA,"Lagunamoon Gel Nail Polish Set, 6 Colors Black White Red Gel Polish, Grey Pink Purple Gel Nail, Soak Off UV LED Non Toxic Long Lasting DIY Nail Manicure Gift Set, 8ml Each Bottle",E,FN,,0.1429,0.1429,0.1429,16028.45
491,013 nail color not gel,7,B08LQCJGW4,Omainy Gel Nail Polish Set -Color Changing Gel Nail Polish Set Purple Blue Pink Red Laverder Wind Red Black Color Changing Gel Polish Soak Off UV LED Thermal Temperature Art (8PCS001),E,FN,,0.1429,0.1429,0.1429,16028.45
491,013 nail color not gel,7,B073RFVDY1,"Sally Hansen - Complete Salon Manicure Nail Color, All Grey All Night 013, White to Black Collection",E,FN,,0.1429,0.1429,0.1429,16028.45
494,02 ford f150 rear brake light not coming on,19,B01A4Z3FOS,"Yorkim 3157 LED Light Bulbs White Super Bright, 3056 3156 3156A 3057 4057 3157 4157 T25 LED Bulbs for Brake Lights, Backup Reverse Lights， Reverse Tail Lights - Pack of 10",E,TP,1,0.7368,0.7368,0.7368,17195.58
494,02 ford f150 rear brake light not coming on,19,B07JLMYT8P,Jinfili Rear Led 3rd Brake Light High Mount Trailer Cargo Lamp Compatible with Ford 92-96 Bronco 94-96 F150 94-97 F250 F350,E,TP,2,0.7368,0.7368,0.7368,17195.58
494,02 ford f150 rear brake light not coming on,19,B07RV9Q8DG,Partsam High Mount Led 3rd Brake Light Bar Replacement for F150 97-04 Rear Top Roof Cab Center Mount Third Brake Light Stop Tail Cargo Light Lamps Assembly Chrome Housing Waterproof,I,FP,3,0.7368,0.7368,0.7368,17195.58
494,02 ford f150 rear brake light not coming on,19,B00NF1RLC6,Dorman 923-237 Center High Mount Stop Light for Select Ford / Lincoln Models,E,TP,4,0.7368,0.7368,0.7368,17195.58
494,02 ford f150 rear brake light not coming on,19,B077STZ5LB,Third Brake Light/Reverse Light Smoked Compatible with 2009-2014 Ford F150 Power Saving Waterproof,S,FP,5,0.7368,0.7368,0.7368,17195.58
494,02 ford f150 rear brake light not coming on,19,B07VV5DK7Q,Partsam High Mount Stop Light 3rd Third Brake Light Replacement for Ford F150 F-150 2004 2005 2006 2007 2008 Smoked LED Rear Cab Roof Brake Stop Tail Cargo Center Light Lamp Black Housing w/3 Plugs,E,TP,6,0.7368,0.7368,0.7368,17195.58
494,02 ford f150 rear brake light not coming on,19,B08R3KPZ3Z,"Nifeida High Mount 3rd Brake Light for 2004-2008 Ford F150, 2007-2010 Ford Explorer, 2006-2008 Lincoln Mark LT 22LEDs Waterproof Wedge Center Tail Light Heavy Duty Third Stop Light Cargo Lamp",E,TP,7,0.7368,0.7368,0.7368,17195.58
494,02 ford f150 rear brake light not coming on,19,B07K572QLQ,3rd Third Brake Light LED Replacement for Ford F150 2009 2010 2011 2012 2013 2014 Red/White Cargo Light Rear Back Tail Lamp Center High Mount Stop Lights Reverse Light Assembly Waterproof Smoke Lens,S,FP,8,0.7368,0.7368,0.7368,17195.58
494,02 ford f150 rear brake light not coming on,19,B07472S1MX,"VIPMOTOZ Full LED Third Brake Cargo Light Assembly For 1997-2003 Ford F150, Metallic Chrome Housing, Smoke Lens, Rear High Mount Stop Lamp",E,TP,9,0.7368,0.7368,0.7368,17195.58
494,02 ford f150 rear brake light not coming on,19,B0796PF3PV,Partsam High Mount Stop Light Third Brake Light Replacement for F150 2004 to 2008 3rd Brake Light Rear Cab Roof Center Mount Brake Tail Cargo Lights Lamp Waterproof Smoke Lens Chrome Housing (1 Plug),E,TP,10,0.7368,0.7368,0.7368,17195.58
494,02 ford f150 rear brake light not coming on,19,B07R6LKW8Q,For 1997-2003 Ford F150/2004 F150 Heritage 3rd Third LED Brake Lights Cargo Lamp Center High Mount Light Tail Light,E,TP,11,0.7368,0.7368,0.7368,17195.58
494,02 ford f150 rear brake light not coming on,19,B07VW8QZM9,Partsam Replacement for F150 F-150 2004 2005 2006 2007 2008 High Mount Stop Light 3rd Third Brake Light Smoked LED Rear Cab Roof Center Mount Brake Tail Cargo Light Lamp Chrome Housing w/3 Plugs,I,FP,12,0.7368,0.7368,0.7368,17195.58
494,02 ford f150 rear brake light not coming on,19,B07XJVQ2SS,Youxmoto High Mount Light LED 3rd Brake Light Rear Cargo Lamp Waterproof for 2004-2008 Ford F-150 2007-2010 Ford Explorer Sport Trac 2006-2008 Lincoln Mark LT Chrome Housing Clear Lens,E,TP,13,0.7368,0.7368,0.7368,17195.58
494,02 ford f150 rear brake light not coming on,19,B07Y3BSW6L,"Third Truck Brake Light, 2004-2008 F-150 & 2007-2010 Explorer Sport Trac Center High Mount Stop Lamp, with Refreshed Clearance for Ford Part Number 7L3Z-13A613-B 923-237",E,TP,14,0.7368,0.7368,0.7368,17195.58
494,02 ford f150 rear brake light not coming on,19,B01MDUEBX1,"iBrightstar Newest 9-30V Super Bright Low Power 3157 4157 3057 3156 LED Bulbs with Projector Replacement for Back Up Reverse Lights and Tail Brake Parking Lights, Xenon White",E,TP,15,0.7368,0.7368,0.7368,17195.58
494,02 ford f150 rear brake light not coming on,19,B07W3BGP1P,"LED 3rd Brake Lights Cargo Lamp Assembly Automotive Tail Lights Rear High Mount Stop Lamp Fit for 1997-2003 Ford F150, 2004 Ford F150 Heritage (Chrome Housing Smoke Lens)",E,TP,16,0.7368,0.7368,0.7368,17195.58
494,02 ford f150 rear brake light not coming on,19,B07X3FJBVG,3rd Third Brake Light Tail Rear Cargo Lamp Waterproof Red Lens Center High Mount Stop Light for Ford F-150 2004-2008 / Explorer Sport Trac 2007-2010 / 2006-2008 Lincoln Mark LT,E,TP,17,0.7368,0.7368,0.7368,17195.58
494,02 ford f150 rear brake light not coming on,19,B07R9JFM9X,for 1997-2003 Ford F150 / 2004 Heritage LED 3rd Third Brake High Mount Light Cargo Light Stop Lamp (Red),E,TP,18,0.7368,0.7368,0.7368,17195.58
494,02 ford f150 rear brake light not coming on,19,B07V5TJSZG,"BERTER Knee Brace, Knee Compression Sleeve Support for Men Women with Patella Gel Pads & Side Stabilizers, Knee Pads for Running, Meniscus Tear, ACL, Arthritis, Joint Pain Relief (Gray, M)",I,FP,19,0.7368,0.7368,0.7368,17195.58
494,02 ford f150 rear brake light not coming on,19,B08R3T8QGG,"2-Pack 921 LED Bulb, LBRST Error Free LED Backup Lights, White 6000K Super Bright 912 LED Bulb, 906 904 W16W LED Replacement Bulb for Reverse Trunk Cargo 3rd Brake Lights",E,FN,,0.7368,0.7368,0.7368,17195.58
494,02 ford f150 rear brake light not coming on,19,B009DJMLOW,Evan-Fischer Tail Light Lens and Housing Compatible with 2009-2014 Ford F-150 Styleside Chrome trim Passenger Side,E,FN,,0.7368,0.7368,0.7368,17195.58
494,02 ford f150 rear brake light not coming on,19,B07KZNWTMD,"Yorkim 3157 Led Bulb Red 3157 Led brake lights bulb 3157 Led tail lights 3157 Led blinking brake lights with Projector 3156 led bulb red 3056 3156 3057 4057 4157 T25 Led Bulbs red, Pack of 2",E,FN,,0.7368,0.7368,0.7368,17195.58
494,02 ford f150 rear brake light not coming on,19,B08GS5TDL3,"Youxmoto LED 3rd Brake Light Cargo Light High Mount Brake Light Fit for 04-08 Ford F150, 07-10 Ford Explorer Sport Trac, 06-08 Lincoln Mark LT 7L3Z-13A613-B (Chrome Housing Red Lens)",E,FN,,0.7368,0.7368,0.7368,17195.58
494,02 ford f150 rear brake light not coming on,19,B07W845X2H,"3rd Brake Light Cargo Light Rear Brake Light for 2004-2008 Ford F150, 2007-2010 Ford Explorer Sport Trac, 2006-2008 Lincoln Mark LT 7L3Z13A613B (Chrome Housing Smoke Lens)",E,FN,,0.7368,0.7368,0.7368,17195.58
500,02cool spray water bottle for drinking not flap to drink,22,B07B1PXDF8,"O2COOL Insulated Water Bottle, Mist 'N Sip Yoga Series, 20 oz, Yoga Mint, 20 Ounce",E,TP,1,0.6818,0.6818,0.6818,19668.72
500,02cool spray water bottle for drinking not flap to drink,22,B07VV6T5HY,"O2COOL Arctic Squeeze Insulated Mist 'N Sip Water Bottle | 2 Pack- 20 oz Sport Series | BPA Free, 2-in-1 Mist and Sip Function w/No Leak Pull Top Spout (Soccer 2 PK)",E,TP,2,0.6818,0.6818,0.6818,19668.72
500,02cool spray water bottle for drinking not flap to drink,22,B07B1RCPTR,"O2COOL Mist N' Sip Insulated Water Squeeze Bottle-20 oz, 20 Ounce, Football",E,TP,3,0.6818,0.6818,0.6818,19668.72
500,02cool spray water bottle for drinking not flap to drink,22,B07SMBRR27,"O2COOL Arctic Squeeze Mist 'N Sip Insulated Bottle w/Silicone Spout Cover and Locking Misting Function - 20 oz, Crackle Blue",E,TP,4,0.6818,0.6818,0.6818,19668.72
500,02cool spray water bottle for drinking not flap to drink,22,B00XK0B1PU,O2 Cool Mist 'N Sip Drinking and Misting Bottle ArcticSqueeze Classic Green Open Box,E,TP,5,0.6818,0.6818,0.6818,19668.72
500,02cool spray water bottle for drinking not flap to drink,22,B083W12ZW2,"O2COOL Kids Mist N' Sip Misting Water Bottle 12 oz, Sharks (Mist N'Sip)",E,TP,6,0.6818,0.6818,0.6818,19668.72
500,02cool spray water bottle for drinking not flap to drink,22,B0173I4YVM,O2COOL ArcticSqueeze Insulated Mist 'N Sip Squeeze Bottle 20 oz.,E,TP,7,0.6818,0.6818,0.6818,19668.72
500,02cool spray water bottle for drinking not flap to drink,22,B00TY7OHCW,"O2COOL ArcticSqueeze Insulated Mist 'N Sip Squeeze Bottle 20 oz., Blue",E,TP,8,0.6818,0.6818,0.6818,19668.72
500,02cool spray water bottle for drinking not flap to drink,22,B08CBVLXSQ,Nj State Police Balaclava Breathable Face Mask Scarf Microfiber Neck Warmer for Unisex Black,I,FP,9,0.6818,0.6818,0.6818,19668.72
500,02cool spray water bottle for drinking not flap to drink,22,B086FXPSJV,"O2COOL 2 Pack Mist N' Sip Insulated Bottle with Fine Misting Function - Tie Dye & Celestial Purple, 20 oz",E,TP,10,0.6818,0.6818,0.6818,19668.72
500,02cool spray water bottle for drinking not flap to drink,22,B074MZQPFT,Mist Spray Water Bottle 600ml Portable Sport Water Bottle AntiLeak Drinking Cup with Mist Hydration (Pink),S,FP,11,0.6818,0.6818,0.6818,19668.72
500,02cool spray water bottle for drinking not flap to drink,22,B07DLFJ1WV,"O2COOL McQueen Mist N Sip Water Bottle, 12 oz",E,TP,12,0.6818,0.6818,0.6818,19668.72
500,02cool spray water bottle for drinking not flap to drink,22,B00U0JIWXS,O2cool 20 Oz Mist N Sip Artic Squeeze Bottle Asst Colors 1 Bottle,E,TP,13,0.6818,0.6818,0.6818,19668.72
500,02cool spray water bottle for drinking not flap to drink,22,B00TY7OHEA,"O2COOL ArcticSqueeze Insulated Mist 'N Sip Squeeze Bottle 20 oz., Green",E,TP,14,0.6818,0.6818,0.6818,19668.72
500,02cool spray water bottle for drinking not flap to drink,22,B08KTQ1J9H,Google Nest WiFi Router 3 Pack ( One Router & Two extenders) 2nd Generation 4x4 AC2200 Mesh Wi-Fi Routers with 6600 Sq Ft Coverage (Renewed),I,FP,15,0.6818,0.6818,0.6818,19668.72
500,02cool spray water bottle for drinking not flap to drink,22,B074G1MF5V,"PUSTOR Leak Proof Sports Spray Mist Water Bottle Cooling Plastic Drinking Bottles for Cycling Running Biking,600ml",E,TP,16,0.6818,0.6818,0.6818,19668.72
500,02cool spray water bottle for drinking not flap to drink,22,B07TC5L2CY,"Qshare Misting Water Bottle, Spray Mist Sports Bottle for Outdoor Sport Hydration and Cooling Down, BPA-Free Misting Water Bottle with Unique Mist Lock Design (Pink-16oz)",E,TP,17,0.6818,0.6818,0.6818,19668.72
500,02cool spray water bottle for drinking not flap to drink,22,B07Z5NWFW5,"O2COOL HMLDP07 ArcticSqueeze Mist 'N Sip Bottle Ombre Blue, 20 oz, HMLDP07OMB",E,TP,18,0.6818,0.6818,0.6818,19668.72
500,02cool spray water bottle for drinking not flap to drink,22,B01I776TCK,"Slant Collections Acrylic Double-Wall Water Bottle, 16-Ounce, Sweating Wedding",S,FP,19,0.6818,0.6818,0.6818,19668.72
500,02cool spray water bottle for drinking not flap to drink,22,B001NCDE34,"Nalgene Tritan Narrow Mouth BPA-Free Water Bottle, Gray, 16 oz",I,FP,20,0.6818,0.6818,0.6818,19668.72
500,02cool spray water bottle for drinking not flap to drink,22,B00PKOAKQU,Orla Kieley 360 Drinking Tritan Waterbottle - Rose,S,FP,21,0.6818,0.6818,0.6818,19668.72
500,02cool spray water bottle for drinking not flap to drink,22,B085DBKXZK,Venture Pal Large 128oz Leakproof BPA Free Fitness Sports Water Bottle with Motivational Time Marker to Ensure You Drink Enough Water Throughout The Day-1 Gallon-Light Pink,I,FP,22,0.6818,0.6818,0.6818,19668.72
500,02cool spray water bottle for drinking not flap to drink,22,B07W67T98W,"O2COOL Arctic Squeeze Insulated Mist 'N Sip Water Bottle | 2 Pack- 20 oz | BPA Free, 2-in-1 Mist and Sip Function w/No Leak Pull Top Spout (Yoga Lilac/Yoga Green)",E,FN,,0.6818,0.6818,0.6818,19668.72
500,02cool spray water bottle for drinking not flap to drink,22,B07DLG3B1W,"O2COOL Mist N Sip Water Mist Bottle for Kids, Mickey Mouse 12 oz",E,FN,,0.6818,0.6818,0.6818,19668.72
500,02cool spray water bottle for drinking not flap to drink,22,B0124EBP5I,"O2COOL Power Flow Grip Band Bottle with Classic Mist 'N Sip Top 24 oz., Blue",E,FN,,0.6818,0.6818,0.6818,19668.72
500,02cool spray water bottle for drinking not flap to drink,22,B094CBPMNS,"O2COOL Kids Mist 'N Sip Insulated Misting Water Bottle, 12 oz (Blue Camo)",E,FN,,0.6818,0.6818,0.6818,19668.72
500,02cool spray water bottle for drinking not flap to drink,22,B0173I4UUM,"O2COOL ArcticSqueeze Insulated Mist 'N Sip Squeeze Bottle 20 oz., Patriotic Two",E,FN,,0.6818,0.6818,0.6818,19668.72
500,02cool spray water bottle for drinking not flap to drink,22,B07B1KXYFV,"O2COOL ArcticSqueeze Insulated Mist 'N Sip Squeeze Bottle 20 oz, Color Series, 20 Ounce, Hearts 2",E,FN,,0.6818,0.6818,0.6818,19668.72
500,02cool spray water bottle for drinking not flap to drink,22,B00TY7OJWU,"O2COOL ArcticSqueeze Insulated Mist 'N Sip Squeeze Bottle 20 oz., Blue/Blue Splash",E,FN,,0.6818,0.6818,0.6818,19668.72
511,"035 super clamp without stud, includes 035wdg wedge",6,B0018LQVIA,Manfrotto 035RL Super Clamp with 2908 Standard Stud - Replaces 2900 - Black,E,TP,1,0.5,0.5,0.5,16173.82
511,"035 super clamp without stud, includes 035wdg wedge",6,B000JLM4XG,"Manfrotto 035 Super Clamp without Stud - Replaces 2915 , Black",E,TP,2,0.5,0.5,0.5,16173.82
511,"035 super clamp without stud, includes 035wdg wedge",6,B08TBF4ZRR,"SLOW DOLPHIN Photography Super Clamp with Camera Clamp Mount Ball Head Clamp and Mini Ball Head Hot Shoe Mount Adapter with 1/4'' -20 Tripod Screw for LCD Monitor, LED Flash Light,Microphone (2 PCS)",E,TP,3,0.5,0.5,0.5,16173.82
511,"035 super clamp without stud, includes 035wdg wedge",6,B0062U2M4E,"SMALLRIG Super Clamp with 1/4 and 3/8 Thread for Cameras, Lights, Umbrellas, Hooks, Shelves, Plate Glass, Cross Bars, etc - 735",S,FP,4,0.5,0.5,0.5,16173.82
511,"035 super clamp without stud, includes 035wdg wedge",6,B07VHB7RJT,"Neewer Super Clamp Crab Pliers Clip with 5/8 Inches Conversion Screw All-Metal Design for DSLR Rig Cameras/Umbrellas/Cross Bars/Music Stand etc, Open Range 0.79 to 2.24 Inches/Load up to 4.4 Pounds",S,FP,5,0.5,0.5,0.5,16173.82
511,"035 super clamp without stud, includes 035wdg wedge",6,B08SBWKMQS,"QYXINC 3Pack Super Clamp with 1/4 and 3/8 Thread Camera Clamp Mount，Crab Clamp Rod Clamp Clip for Cameras, Rods, Lights, Hooks, Shelves, Cross Bars, etc",S,FP,6,0.5,0.5,0.5,16173.82
511,"035 super clamp without stud, includes 035wdg wedge",6,B06XWTL7LC,"CAMVATE Super Clamp with 1/4""-20 to 1/4""-20 Screw Converter",E,FN,,0.5,0.5,0.5,16173.82
511,"035 super clamp without stud, includes 035wdg wedge",6,B00U8MBC16,"SUPON Grip Swivel Head Clamp Holder Bracket Adapter for Light Stand, Extension Boom Arm ,Reflector Arm Support and Other Photographic Equipment",E,FN,,0.5,0.5,0.5,16173.82
511,"035 super clamp without stud, includes 035wdg wedge",6,B087TNP87B,"SLOW DOLPHIN Photography Super Clamp w/1/4'' and 3/8'' Thread Clip for DSLR,Cameras, Light Stand , Rods,Lights, Umbrellas, Hooks, Shelves, Cross Bars (2PCS)",E,FN,,0.5,0.5,0.5,16173.82
512,04 f150 black beadlight without amber,3,B00JGGVWXI,Partsam 5PCS Cab Marker Smoke Covers Lens Clearance Top Roof Running Light Lens Compatible with Ford F-150 F-250 F-350 F-450 F-550 Super Duty Pickup Trucks 1999-2016(Covers Only),I,FP,1,0.0,0.0,0.0,15640.36
512,04 f150 black beadlight without amber,3,B01MFBBXJO,"5pcs Smoke Lens With Amber LED Cab Roof Marker Lights, Roof Top Lamp Running Light Replacement Accessories For Ford 1999-2016 F150 F250 F350 F450 F550 Super Duty Pickup Trucks SUV",S,FP,2,0.0,0.0,0.0,15640.36
512,04 f150 black beadlight without amber,3,B01I9XVAB2,DNA Motoring HL-OH-F1504-CH-AM Chrome Amber Headlights Replacement Compatible with 04-08 F-150/06-08 Mark LT,I,FP,3,0.0,0.0,0.0,15640.36
512,04 f150 black beadlight without amber,3,B01EC3XUBG,"Alla Lighting 3157 LED Bulbs Super Bright 3156 3056 3157KX 4157 3457 4157NAK 3757 T25 Wedge LED Turn Signal Blinker Lights, Amber Yellow",E,FN,,0.0,0.0,0.0,15640.36
512,04 f150 black beadlight without amber,3,B073ZDLKT9,"BEAMTECH H13 LED Bulbs, 10000LM 60W 6500K Extremely Super Bright 9008 30mm Heatsink Base CSP Chips Conversion Kit,Xenon White Small Size Halogen Replacement",E,FN,,0.0,0.0,0.0,15640.36
512,04 f150 black beadlight without amber,3,B01I9XTI3O,DNA Motoring HL-OH-F1504-BK-AM Black Amber Headlights Replacement Compatible with 04-08 F-150/06-08 Mark LT,E,FN,,0.0,0.0,0.0,15640.36
517,04 nissan titan fender flares without box,4,B0794BXHSQ,EZ Flares XL – The Original Universal Flexible Foam Rubber 2-Inch Fender Flares,S,FP,1,0.5,0.5,0.5,15853.18
517,04 nissan titan fender flares without box,4,B08K2Y1QWJ,Fender Flares Kit Compatible for 2004-2015 for Nissan Titan Textured Matte Black Front Rear Wheel Pocket Rivet Style,E,TP,2,0.5,0.5,0.5,15853.18
517,04 nissan titan fender flares without box,4,B071G6FGM6,EZ Flares – The Original Universal Flexible Foam Rubber 1-Inch Fender Flares,S,FP,3,0.5,0.5,0.5,15853.18
517,04 nissan titan fender flares without box,4,B07J1MCLJD,RDJ Trucks PRO-Offroad Bolt-On Style Fender Flares - Fits/Compatible with Nissan Titan 2004-2014 - Set of 4 (Textured w/Bed Box),E,TP,4,0.5,0.5,0.5,15853.18
517,04 nissan titan fender flares without box,4,B004HYRIBE,"Bushwacker 49520 Chevrolet OE Style Ultimate BedRail Cap for 6.5' Beds,Textured Black",E,FN,,0.5,0.5,0.5,15853.18
517,04 nissan titan fender flares without box,4,B00142V64W,"Bushwacker 40923-02 Black OE-Style Smooth Finish 4-Piece Fender Flare Set for 2007-2013 Silverado 1500; 2007-2014 Silverado 2500 HD, 3500 HD (Excludes Dually)",E,FN,,0.5,0.5,0.5,15853.18
526,05 nissan titan f r not strut mount,6,B00VJWRMKE,2 Front Hood Gas Lift Supports Struts Shocks Springs for 2004-2012 Nissan Titan or 2004 Nissan Pathfinder or 2005-2013 Nissan Armada,E,TP,1,0.5,0.5,0.5,16059.21
526,05 nissan titan f r not strut mount,6,B08D8VRWKT,TUCAREST K620511 Front Right Lower Control Arm and Ball Joint Assembly Compatible With 05-15 Nissan Armada 2004 Pathfinder Armada 04-15 Titan 04-10 Infiniti QX56 Passenger Side Suspension,I,FP,2,0.5,0.5,0.5,16059.21
526,05 nissan titan f r not strut mount,6,B077XL4Y39,"Detroit Axle 171358 Front Complete Loaded Strut and Rear Shocks Assembly, Front Sway Bars for 4x4, 2004-2015 Nissan Titan - 6pc Set",S,FP,3,0.5,0.5,0.5,16059.21
526,05 nissan titan f r not strut mount,6,B07C3M3NJ6,MOSTPLUS 171358 2X Front Complete Struts Shock Absorbers with Mounts Compatible for 2004-2015 Nissan Titan (Set of 2),E,TP,4,0.5,0.5,0.5,16059.21
526,05 nissan titan f r not strut mount,6,B019WNP7TY,Detroit Axle - 4WD 171358 Front Struts Coil Spring Assembly Replacement For Infiniti Qx56 Nissan Pathfinder Armada Titan - 2pc Set,E,TP,5,0.5,0.5,0.5,16059.21
526,05 nissan titan f r not strut mount,6,B01F7G7ZQS,Unity Automotive 2-11300-001 Front 2 Wheel Complete Strut Assembly Kit 2004-2012 Nissan Titan,I,FP,6,0.5,0.5,0.5,16059.21
526,05 nissan titan f r not strut mount,6,B07MH13W4G,Complete 4WD Struts Shock Absorbers Fits for 04 05 06 07 08 09 10 11 12 13 for Nissan Titan cciyu 171358 37251 Quick Struts Assembly Front Rear Pair Struts,E,FN,,0.5,0.5,0.5,16059.21
526,05 nissan titan f r not strut mount,6,B00N5AYAZI,Front Leveling Kit - 1.5 inch Lift - Compatible with 2004-2013 Nissan Titan and 2004-2007 Nissan Armada 2WD 4WD 4x4 - Suspension Strut Upper Top Aluminum Spacers,E,FN,,0.5,0.5,0.5,16059.21
526,05 nissan titan f r not strut mount,6,B00842A7F4,GOOACC 40PCS Nylon Bumper Fastener Rivet Clips 10mm for Honda and Acura-91503-SZ3-003 Automotive Furniture Assembly Expansion Screws Kit,E,FN,,0.5,0.5,0.5,16059.21
530,05 syringe without needle,8,B07JZ2HMJ7,Frienda 4 Pack Large Plastic Syringe for Scientific Labs and Dispensing Multiple Uses Measuring Syringe Tools (20 ml),E,TP,1,0.625,0.625,0.625,16242.48
530,05 syringe without needle,8,B07DPRJBSX,3 Milliliter Plastic Syringe Luer Lock - Without Needle - Non-Sterile (Pack of 50),S,FP,2,0.625,0.625,0.625,16242.48
530,05 syringe without needle,8,B07BQFTHMQ,3ml Syringe Sterile with Luer Lock Tip - 100 Syringes by BH Supplies (No Needle) Individually Sealed,E,TP,3,0.625,0.625,0.625,16242.48
530,05 syringe without needle,8,B07KPT5KGL,"20 Packs Plastic Syringe with Measurement, Suitable for Measuring, Watering, Refilling (10 ml)",E,TP,4,0.625,0.625,0.625,16242.48
530,05 syringe without needle,8,B08JZ1T8RP,12 Pack - 1ml Plastic Syringes - Separate Sterile Packaging Small Syringe Without Needle for Plant Hydroponic Liquid Measurement Pets Feeding Tools (12Pcs 1ML/CC),E,TP,5,0.625,0.625,0.625,16242.48
530,05 syringe without needle,8,B07PY77BHF,"DEPEPE 120pcs 1ml Luer Slip Tip Syringe with Caps, Without Needle, for Pet Feeding and Industrial Use",S,FP,6,0.625,0.625,0.625,16242.48
530,05 syringe without needle,8,B013WWFJX0,Karlling Pack of 5 X 10 ml 10cc Syringes Without Needle,E,TP,7,0.625,0.625,0.625,16242.48
530,05 syringe without needle,8,B003970BSM,"General Purpose Syringe - 10cc Luer Lock Tip, NO Needle - Box of 100",I,FP,8,0.625,0.625,0.625,16242.48
530,05 syringe without needle,8,B08FFR6L7K,"CYGNUS SUPPLIES 4 Pack - 10ml Syringes Without Needle for Measuring, Lip Gloss, Liquid refilling, Dispensing, DIY Crafts, DIY Lip Gloss Accessories, Feeding Pets, Food, Scientific Labs",E,FN,,0.625,0.625,0.625,16242.48
530,05 syringe without needle,8,B07G3CQBWK,"144 Pack 1ml 1cc Syringe, Luer Slip Tip Syringe Without Needle, No Cap, Non-Sterile, Not for Injection, Bulk Package, Not Individual",E,FN,,0.625,0.625,0.625,16242.48
530,05 syringe without needle,8,B00Z7MQBA4,3cc 3ml Syringe Without Needle 100 Syringes Box Medint,E,FN,,0.625,0.625,0.625,16242.48
531,05 tahoe side mirror not heated,5,B00NGOLRAO,"Burco 2734 Left Driver Side Mirror Glass (Mount Not Included) for 99-07 Chevy Silverado & GMC Sierra, 00-06 Chevy Tahoe & GMC Yukon, 00-06 Suburban - SEE FITMENT LIST IN DESCRIPTION",E,TP,1,0.4,0.4,0.4,15866.94
531,05 tahoe side mirror not heated,5,B07PYVWF4G,Driver Side Left Side Mirror Glass With Turn Signal Without Auto Dimming Replacement For Chevy Avalanche Silverado Suburban Replacement For GMC Tahoe Sierra Yukon Cadillac 2003-2006,S,FP,2,0.4,0.4,0.4,15866.94
531,05 tahoe side mirror not heated,5,B0787Z5THV,Door Mirrors ECCPP High Performance LH+RH Side Mirror Replacement Driver+Right Side Mirror With Power Adjusted Heated for 2003-2006 For Chevy Silverado Suburban Tahoe For GMC Sierra Yuk,E,TP,3,0.4,0.4,0.4,15866.94
531,05 tahoe side mirror not heated,5,B07S7PDRN4,"AUTOSAVER88 Towing Mirrors Compatible with 2003-2007 Chevy Silverado GMC Sierra 1500 2500 HD 3500, Power Heated Side View Tow Mirrors for Tahoe Suburban Avalanche Yukon with Arrow Turn Signal Light",S,FP,4,0.4,0.4,0.4,15866.94
531,05 tahoe side mirror not heated,5,B07K2RNB9S,"MOSTPLUS Power Heated Towing Mirrors Compatible for Chevy Silverado Suburban Tahoe GMC Serria Yukon 2003-2006 w/Sequential Turn light, Clearance Lamp, Running Light(Set of 2) (Chrome)",S,FP,5,0.4,0.4,0.4,15866.94
531,05 tahoe side mirror not heated,5,B07P2DJF18,AERDM New Pair Towing Mirrors Power Operated Heated Textured Black Telescoping Trailer Side Mirrors Fit Chevy/GMC/Cadillac Silverado Sierra Avalanche Suburban Tahoe Yukon XL Escalade EXT ESV,E,FN,,0.4,0.4,0.4,15866.94
531,05 tahoe side mirror not heated,5,B009IFIETM,"Driver Side Heated Mirror Glass w/ backing plate, Cadillac Escalade, Chevrolet Avalanche, Silverado, GMC Sierra, Silverado, Sierra Classic, Suburban, Tahoe, Yukon, 6 9/ 16"" x 10 1/ 8"" x 10 3/ 4""",E,FN,,0.4,0.4,0.4,15866.94
531,05 tahoe side mirror not heated,5,B07JLZPH39,HEATED Mirror Glass With TURN SIGNAL for Escalade Avalanche Silverado Suburban Tahoe Sierra Yukon Passenger Side View Right RH,E,FN,,0.4,0.4,0.4,15866.94
533,05 vw passat window regulator without motor set,10,B007PXOL3C,Dorman 749-508 Front Driver Side Power Window Regulator (Regulator Only) Compatible with Select Models (OE FIX),S,FP,1,0.7,0.7,0.7,16247.95
533,05 vw passat window regulator without motor set,10,B07VGB3TSH,A-Premium Power Electric Window Regulator without Motor Replacement for Town & Country Dodge Grand Caravan Ram C/V Volkswagen Routan 2008-2018 Front Driver Side,E,TP,2,0.7,0.7,0.7,16247.95
533,05 vw passat window regulator without motor set,10,B010GKBA4S,GM Genuine Parts 95382562 Front Passenger Side Power Window Regulator without Motor,E,TP,3,0.7,0.7,0.7,16247.95
533,05 vw passat window regulator without motor set,10,B08KD6SVPV,BOXI 3B1837462 Front Right Passenger Side Power Window Regulator without Motor Replacement for Volkswagen Passat 1998 1999 2000 2001 2002 2003 2004 2005 (Replace 125-58805R 740-369),E,TP,4,0.7,0.7,0.7,16247.95
533,05 vw passat window regulator without motor set,10,B07G5X1JXN,A-Premium Power Window Regulator and Door Panel Without Motor Replacement for Volkswagen Passat 1998-2005 Front Right Passenger Side,E,TP,5,0.7,0.7,0.7,16247.95
533,05 vw passat window regulator without motor set,10,B08QV71LW1,"Doogo Power Window Regulator with Motor Compatible with Chevrolet Colorado 2004-2012, GMC Canyon 2004-2012, IsuzuI-280/I-290/I-290/I-350/I-370 2006-2008, Front Left Driver Side",I,FP,6,0.7,0.7,0.7,16247.95
533,05 vw passat window regulator without motor set,10,B07T7C3Y9K,"New Window Regulator Rear Drivers Side Left RLH Replacement For 1998-2005 VW Volkswagen Passat 3B1-839-461, 740-052",E,TP,7,0.7,0.7,0.7,16247.95
533,05 vw passat window regulator without motor set,10,B07G98QW46,Front Left Driver Side Power Window Regulator and Interior Door Panel without Motor for Volkswagen Passat 1998-2005,E,TP,8,0.7,0.7,0.7,16247.95
533,05 vw passat window regulator without motor set,10,B00BT1GS3W,"RegulatorFix Window Regulator Repair Clips (2) - FRONT LEFT (driver side) PAIR for VW Passat (B5, B5.5, B6, B7)",E,TP,9,0.7,0.7,0.7,16247.95
533,05 vw passat window regulator without motor set,10,B071W783WV,Office Factor Stool Clerk Teller Drafting Chair Reception Black Mesh Flip up Armrest Molded Seat with a Single Handle Mechanism (Stool Black MESH Fabric),I,FP,10,0.7,0.7,0.7,16247.95
533,05 vw passat window regulator without motor set,10,B007PXOCLI,Dorman 749-509 Front Passenger Side Window Regulator for Select Models (OE FIX),E,FN,,0.7,0.7,0.7,16247.95
533,05 vw passat window regulator without motor set,10,B001KQD7M6,Dorman 740-368 Front Driver Side Window Regulator Compatible with Select Volkswagen Models,E,FN,,0.7,0.7,0.7,16247.95
533,05 vw passat window regulator without motor set,10,B06VXPWMKX,A-Premium Electric Power Window Regulator Without Motor Compatible with Volkswagen Passat 1998-2005 Front Left Driver Side,E,FN,,0.7,0.7,0.7,16247.95
535,06 bmw 325i radio oem not navigation system,3,B0007KPRIS,SCOSCHE BW01B Aftermarket Stereo Receiver Wire Harness Connector Kit for Select 1989-2008 BMW Vehicles,I,FP,1,0.3333,0.3333,0.3333,15930.39
535,06 bmw 325i radio oem not navigation system,3,B08PB9TTKT,AWESAFE Car Radio Stereo Android 10 for BMW 3 Series 328i 330i 335i 325i E90/E91/E92/E93 7 Inch Touch Screen Head Unit with Bluetooth Support Apple Carplay Andriod Auto,E,TP,2,0.3333,0.3333,0.3333,15930.39
535,06 bmw 325i radio oem not navigation system,3,B084TV3C1B,Podofo Double Din Car Stereo in-Dash Car Radio with Apple Carplay and Android Auto Bluetooth 7 Inch HD Touchscreen Auto Radio Support Mirror Link/FM/USB/TF/Aux-in/RCA/with Backup Camera,S,FP,3,0.3333,0.3333,0.3333,15930.39
535,06 bmw 325i radio oem not navigation system,3,B0742BZXC2,"Nilight Fuse Holder Add-a-circuit Fuse TAP Adapter Mini ATM APM Blade Fuse Holder-10 Pack , 2 years Warranty",E,FN,,0.3333,0.3333,0.3333,15930.39
535,06 bmw 325i radio oem not navigation system,3,B01M0SFMIH,"Handsfree Call Car Charger,Wireless Bluetooth FM Transmitter Radio Receiver,Mp3 Audio Music Stereo Adapter,Dual USB Port Charger Compatible for All Smartphones,Samsung Galaxy,LG,HTC,etc.",E,FN,,0.3333,0.3333,0.3333,15930.39
536,06 chevy colorado driver side window regulator without motor,4,B07DR81W27,Front Left Driver Side Power Window Regulator with Motor Assembly for Chevrolet Silverado 1500 2500 3500 Tahoe GMC Sierra Yukon Cadillac Escalade,E,TP,1,0.25,0.25,0.25,15248.17
536,06 chevy colorado driver side window regulator without motor,4,B08JLVFS23,SONLEE 741-644 Front Driver Side Power Window Regulator w/Motor Replacement for Chevrolet Silverado Tahoe GMC Yukon XL Sierra Escalade Pickup Truck SUV 2000-2006,S,FP,2,0.25,0.25,0.25,15248.17
536,06 chevy colorado driver side window regulator without motor,4,B07DR8GCPL,Front Left Driver Side Power Window Regulator with Motor for Chevrolet Colorado GMC Canyon Isuzu i-280 i-290 i-350 i-370 (2 pins),I,FP,3,0.25,0.25,0.25,15248.17
536,06 chevy colorado driver side window regulator without motor,4,B07DPR5QGF,A-Premium Power Window Regulator with Motor Replacement for Chevrolet Colorado GMC Canyon 2004-2011 Isuzu i-280 i-290 i-350 i-370 Front Left,I,FP,4,0.25,0.25,0.25,15248.17
536,06 chevy colorado driver side window regulator without motor,4,B07WGPXJ3H,A-Premium Power Window Regulator with Motor Replacement for Chevrolet Blazer C1500 C2500 C3500 K1500 K2500 K3500 Tahoe GMC Yukon 1988-2002 Front Driver Side,E,FN,,0.25,0.25,0.25,15248.17
536,06 chevy colorado driver side window regulator without motor,4,B07QWQBMJ5,748-172 Front Left Driver Side Power Window Lift Regulator & Motor Assembly Compatible for 2006-2013 Chevrolet Impala & 2014-2015 Impala Limited,E,FN,,0.25,0.25,0.25,15248.17
536,06 chevy colorado driver side window regulator without motor,4,B003SNR0DG,"Dorman 749-260 Front Driver Side Window Regulator for Select Chevrolet / GMC / Isuzu Models , Black",E,FN,,0.25,0.25,0.25,15248.17
537,06 chevy silverado tailgate handle without keyhole,15,B07V7V4GQC,BOXI 15228541 Tailgate Handle Bezel Trim Replacement for 1999 2000 2001 2002 2003 2004 2005 2006 2007 Chevy Silverado & G-M-C Sierra 1500 / 2500 / 3500 HD Pickup Truck,E,TP,1,0.8,0.8,0.8,17207.02
537,06 chevy silverado tailgate handle without keyhole,15,B08HKTBSTD,"Tailgate Handle Latch and Bezel Trim with Rod Clips Replacement for 1999 2000 2001 2002 2003 2004 2005 2006 2007 Chevy Silverado GMC Sierra 1500 HD 2500 3500 , OE# 15228539 15997911",E,TP,2,0.8,0.8,0.8,17207.02
537,06 chevy silverado tailgate handle without keyhole,15,B08NWQJ5Z7,"FAERSI Tailgate Handle Latch and Bezel Trim with Rod Clips Replacements for 1999-2007 Chevy Silverado GMC Sierra 1500 2500 3500 HD Pickup Truck, Replace OE# 15228539, 15997911, 15228541, 15228540",E,TP,3,0.8,0.8,0.8,17207.02
537,06 chevy silverado tailgate handle without keyhole,15,B074R7V6NK,Red Hound Auto Replacement Tailgate Handle Bezel Compatible with Chevy GMC Silverado Sierra 1999-2006 Trim Bezel Only,E,TP,4,0.8,0.8,0.8,17207.02
537,06 chevy silverado tailgate handle without keyhole,15,B07FYFHX1M,Dunhil Tailgate Tail Gate Handle & Bezel for Silverado GMC Sierra 1999-2006 15997911 15228539 15228541 15228540 with Handle Rod Clip,I,FP,5,0.8,0.8,0.8,17207.02
537,06 chevy silverado tailgate handle without keyhole,15,B0879FLXLC,"Tailgate Handle Latch and Bezel Trim with Rod Clips | for 1999-2007 Chevy Silverado GMC Sierra 1500 2500 3500 | Replaces# 15997911, 15228539, 15228541, 15228540",E,TP,6,0.8,0.8,0.8,17207.02
537,06 chevy silverado tailgate handle without keyhole,15,B006RXR516,EZ Motoring Chrome Door Handle & Tailgate Covers for 99-06 Chevy Silverado 1500 2500 3500 (2 Doors),E,TP,7,0.8,0.8,0.8,17207.02
537,06 chevy silverado tailgate handle without keyhole,15,B00OL0F2VC,"T1A Tailgate Handle Latch and Bezel Trim Replacement for 1999 - 2007 Chevy Silverado / GMC Sierra, Rod Clips Included Also Fits 1500, 2500, 3500 HD Pickup Truck, Black Textured, 15228539 15997911",E,TP,8,0.8,0.8,0.8,17207.02
537,06 chevy silverado tailgate handle without keyhole,15,B07TYDLWML,"IRONTEK Black Tailgate Handle Bezel Replacement Fit 99-07 for Chevy Silverado and GMC Sierra, Also Fits 1500, 2500, 3500 HD Pickup Truck, Silverado, GMC Tailgate Handle Bezel OE 15228539",E,TP,9,0.8,0.8,0.8,17207.02
537,06 chevy silverado tailgate handle without keyhole,15,B002692308,Fits 99-07 Silverado Sierra Tail Gate Handle Bezel Cover Textured Black,E,TP,10,0.8,0.8,0.8,17207.02
537,06 chevy silverado tailgate handle without keyhole,15,B00OL0EXHG,"T1A Tailgate Handle Bezel Compatible with Chevrolet 1999-2007 Silverado and GMC Sierra, Also Fits 1500, 2500, 3500 HD Pickup Truck, Black Color, T1A-15228539",E,TP,11,0.8,0.8,0.8,17207.02
537,06 chevy silverado tailgate handle without keyhole,15,B079P5693B,"Tailgate Handle and Bezel Trim, Black Full Set Tailgate Latch for 1999-2007 Chevy Silverado GMC Sierra",E,TP,12,0.8,0.8,0.8,17207.02
537,06 chevy silverado tailgate handle without keyhole,15,B076TJDDZ6,Textured Black Tailgate Handle for 99-06 Chevrolet Silverado & 99-06 GMC Sierra GM1916102,E,TP,13,0.8,0.8,0.8,17207.02
537,06 chevy silverado tailgate handle without keyhole,15,B000TUCK2W,La Crosse Technology TX29U-IT 915 MHz Wireless Temperature Sensor,I,FP,14,0.8,0.8,0.8,17207.02
537,06 chevy silverado tailgate handle without keyhole,15,B07HHYTGDV,Grey Graphite Dash Defrost Vent Cover Grille Panel Replacement for Chevrolet Blazer S10 Compatible for GMC Jimmy Oldsmobile 1998-2004 SUV Pickup Truck,I,FP,15,0.8,0.8,0.8,17207.02
537,06 chevy silverado tailgate handle without keyhole,15,B07YKS9SPQ,"Tailgate Handle Bezel 15997911 15228539 for 1999-2007 Chevy Silverado| GMC Sierra 1500, 1500HD, 2500, 2500HD, 3500 Classic Pickup Tail Gate Handle and Bezel w/ Rod Clips Replaces # 15228541, 15228540",E,FN,,0.8,0.8,0.8,17207.02
537,06 chevy silverado tailgate handle without keyhole,15,B000TYOS3C,Dorman 76106 Tailgate Handle Bezel Compatible with Select Chevrolet / GMC Models,E,FN,,0.8,0.8,0.8,17207.02
537,06 chevy silverado tailgate handle without keyhole,15,B07ZTMWLK9,Xtremewarez ABS Chrome Tailgate Handle Cover W/O Keyhole for 2007-2013 Chevrolet Chevy Silverado / GMC Sierra,E,FN,,0.8,0.8,0.8,17207.02
539,06 expedition cup,11,B07XYC58YD,TRUE LINE Automotive 2 Piece Red Solar Energy Cup Holder LED Insert Interior Car Light Lamp Kit,E,TP,1,0.8182,0.8182,0.8182,16521.61
539,06 expedition cup,11,B09CDN2LJK,"Cup Holder Food Tray for Car, Truck, Sturdy & Handy Organizer Table for Car Cup Holders, 360° Adjustable Car Tray Table with Phone Holder, Swivel Arm, Expandable Base from 2.56inch to 3.7inch",I,FP,2,0.8182,0.8182,0.8182,16521.61
539,06 expedition cup,11,B07VFL6DTC,"DNA Motoring ZTL-Y-0046 Front Center Floor Console Cup Holder Inserts Replacement Compatible with 09-14 F150 without Flow Through Center Console, Black",E,TP,3,0.8182,0.8182,0.8182,16521.61
539,06 expedition cup,11,B00ARUPXTQ,Dorman 41008 Front Cup Holder Compatible with Select Ford/Lincoln Models,E,TP,4,0.8182,0.8182,0.8182,16521.61
539,06 expedition cup,11,B013IARXY4,Front Center Console Cup Holder Rubber Insert For 2009-2014 Ford F-150 Trucks Without Flow Through Center Console - OEM Replacement 2L1Z7813562A (IMPORTANT – VERIFY CENTER CONSOLE FOR PROPER FITMENT),E,TP,5,0.8182,0.8182,0.8182,16521.61
539,06 expedition cup,11,B07VGMBMRT,2pcs Front Center Floor Console Cup Holder Inserts Replacement for Ford Expedition F150 Lobo Lincoln Mark LT Navigator,E,TP,6,0.8182,0.8182,0.8182,16521.61
539,06 expedition cup,11,B07MRCDY61,TRUE LINE Automotive Blue Solar LED Energy Cup Holder Insert Interior Car Tray Light Lamp Kit USB Rechargeable,E,TP,7,0.8182,0.8182,0.8182,16521.61
539,06 expedition cup,11,B013IAS03W,Red Hound Auto 2 Front Center Console Cup Holder Rubber Inserts for 2009-2014 Compatible with Ford F-150 Trucks Without Flow Through Center Console Note - See Photos to Verify Center Console Type,E,TP,8,0.8182,0.8182,0.8182,16521.61
539,06 expedition cup,11,B07887LQ7P,APDTY 52119 Cup Holder Replacement Liner,E,TP,9,0.8182,0.8182,0.8182,16521.61
539,06 expedition cup,11,B07VKD4M83,TRUE LINE Automotive Black Carbon Fiber Car Cup Holder Insert Pad,S,FP,10,0.8182,0.8182,0.8182,16521.61
539,06 expedition cup,11,B074GBFFG6,"Pair Front Center Console Cup Holder Rubber Insert Compatible with Ford Lincoln Expedition 2003-2006, Mark LT 2006-2008, Navigator 2003-2006, F150 2004-2008",E,TP,11,0.8182,0.8182,0.8182,16521.61
539,06 expedition cup,11,B07H47TL8T,TRUE LINE Automotive 2 Piece Blue Solar Energy Cup Holder LED Insert Interior Car Light Lamp Kit,E,FN,,0.8182,0.8182,0.8182,16521.61
539,06 expedition cup,11,B07XYCLGNF,TRUE LINE Automotive 2 Piece Green Solar Energy Cup Holder LED Insert Interior Car Light Lamp Kit,E,FN,,0.8182,0.8182,0.8182,16521.61
540,06 f150 door handle without keyless entry,10,B000PUDT3K,"Auto Ventshade 685102 Chrome Door Handle Covers, 4-Door Set for 2004-2014 Ford F-150 with Passenger Keyhole, without Keypad",E,TP,1,0.6,0.6,0.6,16213.99
540,06 f150 door handle without keyless entry,10,B000B6CW5O,"Dorman 77137 Front Passenger Side Exterior Door Handle for Select Ford Models, Textured Black (OE FIX)",I,FP,2,0.6,0.6,0.6,16213.99
540,06 f150 door handle without keyless entry,10,B07GVCP3QX,Garage-Pro Exterior Door Handle Compatible with FORD F-150 2004-2014 / Mark Lt 2006-2008 Set of 4 Front and Rear Right Side and Left Side Textured Black,E,TP,3,0.6,0.6,0.6,16213.99
540,06 f150 door handle without keyless entry,10,B001FGR8LM,"Dorman 79308 Front Driver Side Exterior Door Handle for Select Ford / Lincoln Models, Black",E,TP,4,0.6,0.6,0.6,16213.99
540,06 f150 door handle without keyless entry,10,B086YMMF32,Overun 3-Layer Triple Chrome Plated Side 4 Door Handle Cover with Keypad+Tailgate Cover Designed for 2004-2014 Ford F-150,S,FP,5,0.6,0.6,0.6,16213.99
540,06 f150 door handle without keyless entry,10,B009DK3B8Q,Evan-Fischer Exterior Door Handle compatible with F-150 04-14/MARK LT 06-08 Front RH Outside Smooth Black w/Keyless Entry,E,TP,6,0.6,0.6,0.6,16213.99
540,06 f150 door handle without keyless entry,10,B0031C4EC4,"Genuine Ford 8L3Z-1522405-AA Door Handle Assembly, Exterior",I,FP,7,0.6,0.6,0.6,16213.99
540,06 f150 door handle without keyless entry,10,B08DTKVHVD,AutoJoy Club Chrome Door Handle Cover Compatible with 2004-2014 Ford F-150 F150 4 Doors W/O Passenger Side Keyhole with Key Pad,E,TP,8,0.6,0.6,0.6,16213.99
540,06 f150 door handle without keyless entry,10,B005CLM6HC,Depo 332-50015-271 Rear Passenger Side Exterior Door Handle,I,FP,9,0.6,0.6,0.6,16213.99
540,06 f150 door handle without keyless entry,10,B07GVD4YSY,Exterior Door Handle Compatible with FORD F-150 2004-2014 / Mark Lt 2006-2008 Set of 4 Front and Rear Right Side and Left Side Black Bezel With Chrome Lever,E,TP,10,0.6,0.6,0.6,16213.99
540,06 f150 door handle without keyless entry,10,B0858ZG46K,Evan-Fischer Exterior Front Door Handle 2015-2018 Ford F-150 Smooth Black Regular Cab/SuperCab/(SuperCrew Cab =REAR) Passenger Side,E,FN,,0.6,0.6,0.6,16213.99
540,06 f150 door handle without keyless entry,10,B004135JZS,"Dorman 80639 Front Driver Side Exterior Door Handle for Select Ford / Lincoln Models, Black",E,FN,,0.6,0.6,0.6,16213.99
540,06 f150 door handle without keyless entry,10,B07KRYNB4V,"BOXI Interior Rear Right Passenger-Side Chrome Door Handle For 2006-2012 Ford Fusion 2007-2012 Lincoln MKZ 2006 Lincoln Zephyr 2006-2011 Mercury Milan (Replaces 6E5Z 5422600-A, 6E5Z5422600A)",E,FN,,0.6,0.6,0.6,16213.99
540,06 f150 door handle without keyless entry,10,B07BGYSRZQ,"Auto-Partner Door Handle Interior Fits 2006-2012 Ford Fusion , 2007-2012 Lincoln MKZ , 2006 Lincoln Zephyr , 2006-2011 Mercury Milan (Front Left)",E,FN,,0.6,0.6,0.6,16213.99
541,06 honda odyssey a/c compressor,7,B002G2YAVU,Denso 471-1630 New Compressor with Clutch,E,TP,1,0.5714,0.5714,0.5714,16064.64
541,06 honda odyssey a/c compressor,7,B077BMQRDB,"UAC KT 1962A A/C Compressor and Component Kit, 1 Pack",S,FP,2,0.5714,0.5714,0.5714,16064.64
541,06 honda odyssey a/c compressor,7,B07MCWYTMD,OCPTY CO 10736C Air Conditioner Compressor Compatible with 2003 2004 2005 2006 2007 2008 for A-cura MDX for H-onda Pilot Ridgeline Odyssey,E,TP,3,0.5714,0.5714,0.5714,16064.64
541,06 honda odyssey a/c compressor,7,B01006ZVMU,Universal Air Conditioner KT 1038 A/C Compressor and Component Kit,S,FP,4,0.5714,0.5714,0.5714,16064.64
541,06 honda odyssey a/c compressor,7,B00JXZKUDK,AC Compressor & A/C Clutch For Honda Odyssey Pilot Ridgeline Accord V6 Acura TL MDX - BuyAutoParts 60-01714NA NEW,E,TP,5,0.5714,0.5714,0.5714,16064.64
541,06 honda odyssey a/c compressor,7,B07Q85DQD4,ECCPP A/C Compressor with Clutch fit for A-cura MDX Odyssey Pilot CO 10736C,E,TP,6,0.5714,0.5714,0.5714,16064.64
541,06 honda odyssey a/c compressor,7,B07P53VYXB,Facaimo 67332 A/C AC Compressor Clutch Assembly AC Clutch Fits Accord Element Pilot Odyssey TL RL MDX Ridgeline 77388 77390 97365 97329 157337,C,FP,7,0.5714,0.5714,0.5714,16064.64
541,06 honda odyssey a/c compressor,7,B004BYY8D6,Firestone WR17609287 Xtreme Air Compressor,E,FN,,0.5714,0.5714,0.5714,16064.64
541,06 honda odyssey a/c compressor,7,B00M47PJ62,"UAC-CO0011C COMPRESSOR - NEW COMPRESSOR, GREY",E,FN,,0.5714,0.5714,0.5714,16064.64
541,06 honda odyssey a/c compressor,7,B007QTD9ZG,Four Seasons 98307 New A/C Compressor with Clutch,E,FN,,0.5714,0.5714,0.5714,16064.64
544,06 saturn ion fuel pump assembly without pump without pump,5,B07GGLFL83,Fuel Pump Assembly with Pressure Sensor for Saturn Vue 2004-2006 Chevrolet Equinox 2005-2006 Pontiac Torrent 2006,E,TP,1,0.2,0.2,0.2,15945.61
544,06 saturn ion fuel pump assembly without pump without pump,5,B07DDH8YHH,Fuel Pump Assembly with Pressure Sensor for Chevrolet Malibu 2004-2006 2.2L 3.5L 3.9L excluding Maxx Model,I,FP,2,0.2,0.2,0.2,15945.61
544,06 saturn ion fuel pump assembly without pump without pump,5,B077D41PQL,High Performance Universal Intank Electric Fuel Pump With Installation Kits for Nissan Suzuki and More E2068 E8213 EFP382A,I,FP,3,0.2,0.2,0.2,15945.61
544,06 saturn ion fuel pump assembly without pump without pump,5,B004NTOCQM,HFP-342 Performance 255 LPH Fuel Pump with Installation Kit,S,FP,4,0.2,0.2,0.2,15945.61
544,06 saturn ion fuel pump assembly without pump without pump,5,B08HZ4P97K,MOSTPLUS Electric Fuel Pump Module Assembly Compatible with Chevrolet Cobalt Pontiac G5 Pursuit Saturn Ion L4 2.0L 2.2L 2.4L Replace E3726M,I,FP,5,0.2,0.2,0.2,15945.61
544,06 saturn ion fuel pump assembly without pump without pump,5,B07L95SM2J,OCPTY fits for Fuel Pump Electric Replacement Module Assembly fits 2004-2008 for Chevy Malibu for Pontiac G6 Saturn Aura L4 2.4L V6 3.5L 3.9L E3591M,E,FN,,0.2,0.2,0.2,15945.61
544,06 saturn ion fuel pump assembly without pump without pump,5,B000C9PBJY,ACDelco Gold EP309 Electric Fuel Pump,E,FN,,0.2,0.2,0.2,15945.61
544,06 saturn ion fuel pump assembly without pump without pump,5,B019BTU8H0,CUSTOM New Electric Intank Fuel Pump With Installation Kit Fit Buick Cadillac GMC Chevy EP189,E,FN,,0.2,0.2,0.2,15945.61
544,06 saturn ion fuel pump assembly without pump without pump,5,B073FBQTTB,MOSTPLUS - 340LPH - High Pressure/High Flow Fuel Pump - Compatible with TBI LT1 LT4 LS1,E,FN,,0.2,0.2,0.2,15945.61
551,06 town and country ac compressor,3,B00WP4SMS6,"AC Compressor & A/C Kit For Lexus RX350 2007 2008 2009 - Includes Drier, Expansion Valve, PAG Oil, O-Rings - BuyAutoParts 60-81551RK NEW",S,FP,1,0.0,0.0,0.0,15827.6
551,06 town and country ac compressor,3,B00JXYFGEY,"AC Compressor & A/C Kit For Nissan Altima 2.5L 4-Cyl 2002 2003 2004 2005 2006 - Includes Drier, Expansion Valve, O-Rings - BuyAutoParts 60-81130RK New",S,FP,2,0.0,0.0,0.0,15827.6
551,06 town and country ac compressor,3,B00JXYIC0E,"AC Compressor & A/C Kit For Lincoln Town Car 2004 2005 - Includes Drier, Expansion Valve, PAG Oil, O-Rings - BuyAutoParts 60-81451RK NEW",S,FP,3,0.0,0.0,0.0,15827.6
551,06 town and country ac compressor,3,B077V2G6CK,RYC Remanufactured AC Compressor and A/C Clutch IG320 (ONLY Fits 2011-2016 Dodge Grand Caravan and Chrysler Town & Country 3.6L),E,FN,,0.0,0.0,0.0,15827.6
551,06 town and country ac compressor,3,B0010HAKZ2,Denso- 4710522 NEW AC COMPRESSOR,E,FN,,0.0,0.0,0.0,15827.6
551,06 town and country ac compressor,3,B01EB5K5LI,RYC Remanufactured AC Compressor and A/C Clutch GG374,E,FN,,0.0,0.0,0.0,15827.6
553,06 trailblazer headlight without full grille bar,13,B07DW2529H,DWVO Compatible with 2002 2003 2004 2005 2006 2007 2008 2009 Chevy Trailblazer Headlight Assembly W/Full Width Grille Headlamp Replacement Amber Reflector (Not fit the LT models),S,FP,1,0.3846,0.3846,0.3846,16610.45
553,06 trailblazer headlight without full grille bar,13,B002FY64ZO,HEADLIGHTSDEPOT Halogen Headlight Compatible With Chevrolet Trailblazer 2002-2009 LT/LS/SS Includes Right Passenger Side Headlamp,E,TP,2,0.3846,0.3846,0.3846,16610.45
553,06 trailblazer headlight without full grille bar,13,B000BOK140,"Auto Ventshade AVS 37430 Dark Smoke Headlight Covers for 2002-2009 Chevrolet Trailblazer , BLACK",E,TP,3,0.3846,0.3846,0.3846,16610.45
553,06 trailblazer headlight without full grille bar,13,B08J46P6GP,"ECCPP Headlight Assembly for Chevrolet Trailblazer 2002-2009,for Chevrolet Trailblazer EXT 2002-2006 Driver and Passenger Side Headlamps Black Housing White Reflector",E,TP,4,0.3846,0.3846,0.3846,16610.45
553,06 trailblazer headlight without full grille bar,13,B008G26UBM,Aftermarket Replacement Driver and Passenger Set Headlights Compatible with 2002-2009 Trailblazer & 02-06 EXT w/Full Width Grille Bar 25970915 25970914,I,FP,5,0.3846,0.3846,0.3846,16610.45
553,06 trailblazer headlight without full grille bar,13,B002FY7S72,HEADLIGHTSDEPOT Black Housing Halogen Headlight Compatible With Chevrolet Trailblazer 2002-2009 LT/LS/SS Includes Left Driver Side Headlamp,E,TP,6,0.3846,0.3846,0.3846,16610.45
553,06 trailblazer headlight without full grille bar,13,B000U8L1KU,Thermos 34-Ounce Vacuum Insulated Stainless Steel Carafe,I,FP,7,0.3846,0.3846,0.3846,16610.45
553,06 trailblazer headlight without full grille bar,13,B07CMFG8P2,For 2007-2010 BMW 3-Series E93 E92 335i 328i 3D Halo LED Projector Headlights Pair [HID Xenon Type] LH+RH Pair,I,FP,8,0.3846,0.3846,0.3846,16610.45
553,06 trailblazer headlight without full grille bar,13,B009DJKRVG,Evan-Fischer Headlight Set Compatible with 2002-2009 Chevrolet Trailblazer 2002-2006 EXT Left Driver and Right Passenger Side Halogen With bulb(s),E,TP,9,0.3846,0.3846,0.3846,16610.45
553,06 trailblazer headlight without full grille bar,13,B07FNXC5HR,ACANII - For Black 2006-2009 Toyota 4Runner Replacement Headlights lamps 06-09 Driver + Passenger Side,S,FP,10,0.3846,0.3846,0.3846,16610.45
553,06 trailblazer headlight without full grille bar,13,B07CTF899F,"Transparent Base High Pole Bar Glass, Drinking Glasses Straight Cup For Water, Juice, Beer, And Cocktail 9.8 oz,6.5 inches Tall (Set of 6)",I,FP,11,0.3846,0.3846,0.3846,16610.45
553,06 trailblazer headlight without full grille bar,13,B07SK1Y2ZP,"[3-Pack] Screen Protector for Amazon Echo Show 5 [Update Version], [2.5D Round Edge] [9H Hardness] [High Definition] [Bubble Free] Tempered Glass Screen Protector (5.5inch)",I,FP,12,0.3846,0.3846,0.3846,16610.45
553,06 trailblazer headlight without full grille bar,13,B00318NQFY,"SYLVANIA - H11 XtraVision - High Performance Halogen Headlight Bulb, High Beam, Low Beam and Fog Replacement Bulb (Contains 2 Bulbs) (H11XV.BP2)",I,FP,13,0.3846,0.3846,0.3846,16610.45
553,06 trailblazer headlight without full grille bar,13,B00JW206B0,Dorman 1590159 Passenger Side Headlight Assembly For Select Chevrolet Models,E,FN,,0.3846,0.3846,0.3846,16610.45
553,06 trailblazer headlight without full grille bar,13,B08LNMTB1B,POISON SCORPION 9005 9006 LED Bulbs Combo | Extremely Bright Chips 6000K Super Wide Angle | 360 Degree Adjustable HB3 HB4 Conversion Kit for Halogen Replacement,E,FN,,0.3846,0.3846,0.3846,16610.45
553,06 trailblazer headlight without full grille bar,13,B08R755TFH,"NOVSIGHT 9005 9006 LED Headlight Bulbs Combo, High and Low Beam Bulbs 24000 Lumens 60W Super Bright Conversion Kits, 6500K Cool White, 9005 for High Beam, 9006 for Low Beam",E,FN,,0.3846,0.3846,0.3846,16610.45
553,06 trailblazer headlight without full grille bar,13,B08LK8YK9W,"HONCS 9006 LED Headlight Bulbs, 300% Brighter Wireless LED HB4 Low Beam/Fog Lights, 6500K Cool White LED Conversion Kit",E,FN,,0.3846,0.3846,0.3846,16610.45
553,06 trailblazer headlight without full grille bar,13,B07STHVDCD,"Yorkim 5x7 LED Headlights H6054 Headlight 7x6 inch Sealed Beam Square Headlamp with High Low Beam Dot Lights for Jeep Wrangler YJ Cherokee XJ 6054 H5054 H6054LL 6052 6053, Pack of 2",E,FN,,0.3846,0.3846,0.3846,16610.45
553,06 trailblazer headlight without full grille bar,13,B07WF1217Z,Partsam New Osram Chips 110W 5x7 Inch Led Headlights 7x6 LED Headlamp DOT Approved with High Low Beam H6054 6054 Led Headlight Compatible with Jeep YJ Cherokee XJ H5054 H6054LL 6052 6053(Pair),E,FN,,0.3846,0.3846,0.3846,16610.45
553,06 trailblazer headlight without full grille bar,13,B08P2ZWWH8,"Nilight 9005/HB3 High Beam and 9006/HB4 Low Beam,70w 14000lm 9005 9006 LED Headlight Bulbs 6500k 9005 9006 LED Bulb Cool White IP67",E,FN,,0.3846,0.3846,0.3846,16610.45
553,06 trailblazer headlight without full grille bar,13,B07VF52VFT,"Torchbeam T2 9005/HB3 9006/HB4 LED Bulb Combo, 60W 16000 Lumens 6500K Super Bright Replacement Bulbs Kit, 400% Brightness, Canbus Ready, Plug and Play with Fan, Pack of 4",E,FN,,0.3846,0.3846,0.3846,16610.45
563,07 tahoe driver mirror without power folding,6,B07FD66CM5,SCITOO fit for Chevy for GMC Driver Side Mirror Towing Mirror Puddle Lights Memory Rear View Mirror fit 2007-2013 for Chevy for GMC Amber Arrow Turn Signal Power Control Heated Manual Folding,E,TP,1,0.3333,0.3333,0.3333,16180.98
563,07 tahoe driver mirror without power folding,6,B00NJAATFO,"Burco 4110S Flat Left Driver Side Mirror Glass (Mount Not Included) w/Signal for 2007-2008 Cadillac Escalade, Chevy Avalanche, Silverado, Suburban, Chevy Tahoe, GMC Sierra, and GMC Yukon",E,TP,2,0.3333,0.3333,0.3333,16180.98
563,07 tahoe driver mirror without power folding,6,B07SR8TPK5,cciyu Left Driver Side Mirror Power Folding Power Heated Turn Signal Memory Chrome Fit for 2007-2013 for Chevy Silverado for GMC Sierra 1500/2500 HD/3500 HD,S,FP,3,0.3333,0.3333,0.3333,16180.98
563,07 tahoe driver mirror without power folding,6,B071NGCBSN,SCITOO Towing Mirrors Exterior Mirrors fit for Chevy for GMC 2007-2014 for Silverado/for Sierra Pair Rear View Mirrors with Power Control Heated Turn Signal Backup Light Manual Telescoping Folding,S,FP,4,0.3333,0.3333,0.3333,16180.98
563,07 tahoe driver mirror without power folding,6,B00ARUSSD4,"Dorman 955-1482 Driver Side Power Door Mirror - Heated / Folding Compatible with Select Cadillac / Chevrolet / GMC Models, Black",S,FP,5,0.3333,0.3333,0.3333,16180.98
563,07 tahoe driver mirror without power folding,6,B0725KNV6J,ECCPP Side View Mirror Replacement Fit for 2007-2013 For Chevy Avalanche 1500 2008-2013 For GMC Sierra 1500 Black Power Heated Driver Side Mirror,I,FP,6,0.3333,0.3333,0.3333,16180.98
563,07 tahoe driver mirror without power folding,6,B07FD8YS95,SCITOO fit for 2007 Silverado Pickup for GMC Sierra 2007-2013 for Chevy Tahoe Suburban Avalanche Passenger Side Mirror Puddle Lights Memory Amber Arrow Turn Signal Power Control Heated Manual Folding,E,FN,,0.3333,0.3333,0.3333,16180.98
563,07 tahoe driver mirror without power folding,6,B0787Z5THV,Door Mirrors ECCPP High Performance LH+RH Side Mirror Replacement Driver+Right Side Mirror With Power Adjusted Heated for 2003-2006 For Chevy Silverado Suburban Tahoe For GMC Sierra Yuk,E,FN,,0.3333,0.3333,0.3333,16180.98
563,07 tahoe driver mirror without power folding,6,B00ARUSS8E,"Dorman 955-1481 Passenger Side Power Door Mirror - Heated / Folding Compatible with Select Cadillac / Chevrolet / GMC Models, Black",E,FN,,0.3333,0.3333,0.3333,16180.98
563,07 tahoe driver mirror without power folding,6,B002MEHJGK,"Fit System - 62092G Driver Side Mirror for Avalanche, Silverado/Sierra 1500, Silverado/Sierra 2500 & 3500, Suburban, Tahoe, Yukon, Denali/XL, Silverado/Sierra Hybrid, Textured blk, Folding, Manual , black",E,FN,,0.3333,0.3333,0.3333,16180.98
565,07 zx6r plastics unpainted without abs,10,B01AOHDNDY,"Black Complete Motorcycle Fairing Bolt Kit For Kawasaki Ninja ZX-6R / ZX636 / ZX-6RR 2005-2006 Body Screws, Fasteners, and Hardware",I,FP,1,0.3,0.3,0.3,16958.8
565,07 zx6r plastics unpainted without abs,10,B08TBQBBFT,LANQIAN Motorcycle Radiator Guard Protective Cover Fit For ZX6R ZX636 2013-2020 Fit For ZX-6R Performance 2019-2020,I,FP,2,0.3,0.3,0.3,16958.8
565,07 zx6r plastics unpainted without abs,10,B081JS21X8,"ZXMOTO Unpainted Motorcycle Fairings Kit for 2000 2001 2002 Kawasaki Ninja ZX6R 636 ZX600J,&Fits ZZR600 2005 2006 2007 2008 ABS Plastic Injection Mold Bodywork",S,FP,3,0.3,0.3,0.3,16958.8
565,07 zx6r plastics unpainted without abs,10,B00K4V6RWK,Zxmoto H0609BLK Motorcycle Bodywork Fairing Kit for Honda CBR 600RR 2009-2012 Gloss Black - (Pieces/kit: 29),I,FP,4,0.3,0.3,0.3,16958.8
565,07 zx6r plastics unpainted without abs,10,B018FMA2M0,ZXMOTO Unpainted Motorcycle Fairings Kit for 2005-2006 Kawasaki Ninja ZX-6R ZX 636 ABS Plastic Full Body Fairing Kit,S,FP,5,0.3,0.3,0.3,16958.8
565,07 zx6r plastics unpainted without abs,10,B00K2N7XNM,ZXMOTO Unpainted Motorcycle Fairing Kit for 2005 2006 Kawasaki Ninja ZX6R ZX 636 Fairings Set ABS Plastics Bodywork,E,TP,6,0.3,0.3,0.3,16958.8
565,07 zx6r plastics unpainted without abs,10,B01E9FSNUA,"Complete Motorcycle Fairing Bolt Kit For Kawasaki Ninja ZX-6R / ZX636 / ZX-6RR 2003-2004 Body Screws, Fasteners, and Hardware",C,FP,7,0.3,0.3,0.3,16958.8
565,07 zx6r plastics unpainted without abs,10,B01N1WONM6,"Black Complete Motorcycle Fairing Bolt Kit For Kawasaki Ninja ZX-6R / ZX636 2007-2008 Body Screws, Fasteners, and Hardware",C,FP,8,0.3,0.3,0.3,16958.8
565,07 zx6r plastics unpainted without abs,10,B07TVRF3W2,"PROMOTOR Unpainted Motorcycle Fairing Kit Injection Body Kit for Kawasaki Ninja ZX 6R 636 2000 2001 2002, ZX600E ZX600J ZZR600 2005 2006 2007 2008 (11 Pcs)",E,TP,9,0.3,0.3,0.3,16958.8
565,07 zx6r plastics unpainted without abs,10,B06XP9BS6H,TCMT Unpainted ABS Fairing Bodywork Set Fits For Kawasaki Ninja ZX6R ZX-6R ZX636 2005 2006,E,TP,10,0.3,0.3,0.3,16958.8
565,07 zx6r plastics unpainted without abs,10,B072Z4JL2W,HTTMT MT215-020- Fairing Fasteners Complete Bolt Kit Black Screws Compatible with 2001-2007 CBR 600F4i,E,FN,,0.3,0.3,0.3,16958.8
565,07 zx6r plastics unpainted without abs,10,B087LSV6XW,"LivTee 240pcs Car Plastic Push Pin Rivet, Assortment Universal Retainer Clips Push Type Retainers Set in Case with Remover Tool",E,FN,,0.3,0.3,0.3,16958.8
565,07 zx6r plastics unpainted without abs,10,B018AI5S5U,ZXMOTO Unpainted Motorcycle Fairings Kit for 2007 2008 SUZUKI GSXR 1000 K7 Injection Mold ABS Plastics Bodywork Fairings,E,FN,,0.3,0.3,0.3,16958.8
565,07 zx6r plastics unpainted without abs,10,B072NDDFFJ,Matte Blue Motorcycle Rim Wheel Decal Accessory Sticker For Kawasaki ZX6R,E,FN,,0.3,0.3,0.3,16958.8
565,07 zx6r plastics unpainted without abs,10,B01E9FQJCY,"Black Complete Motorcycle Fairing Bolt Kit For Kawasaki Ninja ZX-6R / ZX636 / ZX-6RR 2003-2004 Body Screws, Fasteners, and Hardware",E,FN,,0.3,0.3,0.3,16958.8
565,07 zx6r plastics unpainted without abs,10,B08CV986XW,Motorcycle Radiator Grille Guard Protective Cover For Kawasaki ZX6R 2013-2020 For Kawasaki ZX6R Performance 2019 2020 For Kawasaki ZX636 2013-2018,E,FN,,0.3,0.3,0.3,16958.8
565,07 zx6r plastics unpainted without abs,10,B00N1YNRAW,HTTMT MT390-006- Black Front Rider Foot Pegs Bracket Compatible with Kawasaki Zx6R 2005-2008,E,FN,,0.3,0.3,0.3,16958.8
567,08 chevy silverado led headlights,15,B0885RQQ4R,"TECHMAX H11 LED Bulb, Windless Direct Insertion 10000LM 50W 6500K Xenon White H8 H9 of 2 Halogen Replacement",I,FP,1,0.3333,0.3333,0.3333,17195.47
567,08 chevy silverado led headlights,15,B096TPV4WW,"AISKITS H11/H9/H8 LED Headlight Bulbs, 60W 10000 Lumens LED Headlights Conversion Kit 6500K White for Ford F150/Escape/Fusion, Chevy Silverado 1500, Dodge Ram1500, Honda CRV/Civic and More(2 Pack)",E,TP,2,0.3333,0.3333,0.3333,17195.47
567,08 chevy silverado led headlights,15,B0833W5PZB,"Torchbeam T2 H11 LED Bulb 12000 Lumens, 400% Brightness, 6500K Cool White H11/H8/H9 LED Bulbs, Plug-and-Play Replacement Bulbs, 50,000+ Hour Lifespan",S,FP,3,0.3333,0.3333,0.3333,17195.47
567,08 chevy silverado led headlights,15,B08P2XCBNY,"Nilight E1 9005 LED Headlight Bulbs, 350% Brighter, 50W 10,000 Lumens HB3 LED High Beam, Mini Size LED Headlight Conversion Kit, 6000K Cool White, 2-Pack",E,TP,4,0.3333,0.3333,0.3333,17195.47
567,08 chevy silverado led headlights,15,B092CZ8WML,"Fahren H11/H9/H8 LED Headlight Bulbs, 120W 20000 Lumens Bright LED Headlights, 6500K Cool White LED Headlight Conversion Kit IP68 Waterproof, Quick Installation, Pack of 2",S,FP,5,0.3333,0.3333,0.3333,17195.47
567,08 chevy silverado led headlights,15,B07NPMV1H5,"Fahren H11/H9/H8 LED Headlight Bulbs, 60W 10000 Lumens Super Bright LED Headlights Conversion Kit 6500K Cool White IP68 Waterproof, Pack of 2",S,FP,6,0.3333,0.3333,0.3333,17195.47
567,08 chevy silverado led headlights,15,B09BR5WHFX,"DR.CAR 9005/HB3 LED Headlight Bulb, 300% Bright High Beam Headlight Bulb Wireless All-in-One Conversion Kit, 6000k Cool White, Pack of 2",S,FP,7,0.3333,0.3333,0.3333,17195.47
567,08 chevy silverado led headlights,15,B07WD6G42D,"AUXITO H8/H9/H11 LED Light Bulbs, 400% Brighter, Mini Size, 80W 16,000LM Per Pair, CanBus Ready, Beam Adjustable Lamp Conversion Kit, 6500K White, Pack of 2",S,FP,8,0.3333,0.3333,0.3333,17195.47
567,08 chevy silverado led headlights,15,B092D4ZQN4,"Fahren 9005/HB3 LED Headlight Bulbs, 120W 20000 Lumens Bright LED Headlights, 6500K Cool White LED Headlight Conversion Kit IP68 Waterproof, Quick Installation, Pack of 2",S,FP,9,0.3333,0.3333,0.3333,17195.47
567,08 chevy silverado led headlights,15,B07VK8PZS2,"Torchbeam T2 9005 H11 LED Bulb Kit, 16000 Lumens 9005/HB3 H8/H9 Combo, 400% Brightness, 6500K Cool White, Replacement Bulbs, Pack of 4",S,FP,10,0.3333,0.3333,0.3333,17195.47
567,08 chevy silverado led headlights,15,B08P2Y8Q5S,"Nilight 9005/HB3 High Beam and H11/H9 Low Beam,70w 14000lm 9005 H11 LED Headlight Bulbs 6500k H11 9005 LED Bulb Cool White IP67",E,TP,11,0.3333,0.3333,0.3333,17195.47
567,08 chevy silverado led headlights,15,B08WVHZVML,9005/HB3 High Beam H11/H9 Low Beam 14000LM LED Headlight Bulbs Combo Package CSP Chips 6000K Cool White - Carifex New,S,FP,12,0.3333,0.3333,0.3333,17195.47
567,08 chevy silverado led headlights,15,B08TQRQP7M,"H11/H9/H8 LED Headlight, LAWTOOLIGHT 2-Pack LED Headlight Bulb, 15000 Lumens Super Bright High Low Beam Fog Light, 80W 300% Brighter LED Headlight Conversion Kit, 6500K Cool White, Halogen Replacement",S,FP,13,0.3333,0.3333,0.3333,17195.47
567,08 chevy silverado led headlights,15,B08JLQQ8KK,"NOVSIGHT H11/H8/H9 LED Headlight Bulbs, 12000 Lumens 300% Brighter Conversion Kits, 60W 6500K Cool White IP68 Waterproof, Extremely Fast Cooling Halogen Replacement",E,TP,14,0.3333,0.3333,0.3333,17195.47
567,08 chevy silverado led headlights,15,B0986JW8GP,"DR.CAR H11/H8/H9 LED Headlight Bulb, 300% Bright Low Beam Headlight Bulb Wireless All-in-One Conversion Kit, 6000k Cool White, Pack of 2",E,TP,15,0.3333,0.3333,0.3333,17195.47
567,08 chevy silverado led headlights,15,B079KB8J98,"SEALIGHT Scoparc 9005/HB3 LED Bulbs, Plug and Play LED Headlamp Replacement Kit, 6000K Bright White, Halogen Replacement, Quick Installation, Pack of 2",E,FN,,0.3333,0.3333,0.3333,17195.47
567,08 chevy silverado led headlights,15,B08X4KDBQP,"Fahren H11/H9/H8 Low Beam 9005/HB3 High Beam LED Headlight Bulbs Combo, 20000 Lumens Super Bright LED Headlights Conversion Kits 6500K Cool White, Pack of 4",E,FN,,0.3333,0.3333,0.3333,17195.47
567,08 chevy silverado led headlights,15,B085L4MDTB,"4WDKING H11/H8/H9 LED Headlight Bulbs, 350% Brighter Low Beam/Fog Light with 2Pcs T10, 10000 Lumens Conversion Kit Plug and Play, 6500K Bright White, Halogen Replacement",E,FN,,0.3333,0.3333,0.3333,17195.47
567,08 chevy silverado led headlights,15,B096812T9V,"Fahren Forenner H11/H9/H8 LED Headlight Bulbs, 12000 Lumens 400% Brighter LED Headlight Conversion Kit, 6500K 10 Min Installation, Halogen Replacement, Pack of 2",E,FN,,0.3333,0.3333,0.3333,17195.47
567,08 chevy silverado led headlights,15,B09BZYKGWK,CARSPARKLE 9005/HB3 LED headlight Bulbs 600% Brighter 6500K Cool White Wireless Fanless Headlight LED Conversion Kits Hi/Lo Beam Fog Light 10000LM IP68 Waterproof Pack of 2,E,FN,,0.3333,0.3333,0.3333,17195.47
567,08 chevy silverado led headlights,15,B092LY3TJV,"Fahren Forenner 9005/HB3 LED Headlight Bulbs, 12000 Lumens 400% Brighter, LED Headlight Conversion Kit 6500K Cool White, Halogen Replacement, Pack of 2",E,FN,,0.3333,0.3333,0.3333,17195.47
567,08 chevy silverado led headlights,15,B08TQH48Q3,"9005/HB3/H10 LED Headlight Bulbs, LAWTOOLIGHT 2-Pack LED Headlight Bulb, High Low Beam Fog Light, 15000LM 80W 300% Brighter LED Headlight Conversion Kit, 6500K Cool White, Halogen Replacement",E,FN,,0.3333,0.3333,0.3333,17195.47
567,08 chevy silverado led headlights,15,B09991SJBN,"Fahren H11/H9/H8 Low Beam 9005/HB3 High Beam LED Headlight Bulbs Combo, 20000 Lumens 6500K Cool White Super Bright LED Headlights Conversion Kits IP68 Waterproof, Pack of 4",E,FN,,0.3333,0.3333,0.3333,17195.47
567,08 chevy silverado led headlights,15,B0929BCTS9,"Fahren H11/H9/H8 LED Headlight Bulbs, 10000 Lumens 6500K Cool White Super Bright LED Headlights Conversion Kit Low Beam/Fog Light IP68 Waterproof, Pack of 2",E,FN,,0.3333,0.3333,0.3333,17195.47
567,08 chevy silverado led headlights,15,B08TR6Z8FB,"9005/HB3 H11/H8/H9 LED Headlight Bulbs, LAWTOOLIGHT High Low Beam Headlight Combo, 80W 22000LM 300% Brighter LED Headlight Conversion Kit, 6500K Cool White, Halogen Replacement 4-Pack",E,FN,,0.3333,0.3333,0.3333,17195.47
568,08 chevy tahoe wheel not cover,2,B07CKS69CN,"DYNOFIT 14mmx1.5 Wheel Lug Nuts, 24x Silver 7 Spline Conical/Cone Bulge Seat Closed End M14x1.5 Lug Nuts with 2 Socket Keys for Chevy GMC Cadillac Lincoln SAAB Saturn 6 Lug Aftermarket Wheels",E,TP,1,0.5,0.5,0.5,15904.33
568,08 chevy tahoe wheel not cover,2,B00H1D17M4,18 Inch OEM Chevy 6 Lug Machined aluminum Center Cap Hubcap Wheel Cover 2007-2014 # 9596343 or 9597991 5291 Silverado Suburban Tahoe Avalanche 1500 Pickup Truck Suv,I,FP,2,0.5,0.5,0.5,15904.33
568,08 chevy tahoe wheel not cover,2,B00O2M424C,Black Wheel Lug Nut Cap Cover for Chevrolet and GMC - 20 Pack,E,FN,,0.5,0.5,0.5,15904.33
570,08 civic si fog lights without switch,24,B07G5VLVNM,"Alla Lighting 2800lm H8 H11 H16 LED Bulbs, 3000K Amber Yellow Fog Lights, DRL Replacement for Cars, Trucks, Xtreme Super Bright High Power COB-72 SMD Upgrade",E,TP,1,0.5833,0.5833,0.5833,18257.11
570,08 civic si fog lights without switch,24,B07GTC42CL,Alla Lighting 3800lm Xtreme Super Bright H11 H8 LED Fog Lights Bulbs 3000K Golden Yellow ETI 56-SMD 12V DRL Lamps Replacement H16,E,TP,2,0.5833,0.5833,0.5833,18257.11
570,08 civic si fog lights without switch,24,B08BWN1GWB,"SIRIUSLED H8 H11 LED Fog Light Bulbs DRL 2700 Lumens Super Bright 2835 26-SMD 12V H16 LED Bulbs Replacement for Cars, Trucks, 6000K Xenon White Pack of 2",E,TP,3,0.5833,0.5833,0.5833,18257.11
570,08 civic si fog lights without switch,24,B07VFY345V,AmeriLite JDM Black Replacement Headlights Set for 2006-2011 Honda Civic Sedan 4 Door/Hybrid - Passenger and Driver Side,E,TP,4,0.5833,0.5833,0.5833,18257.11
570,08 civic si fog lights without switch,24,B07CP81V3Q,JDM ASTAR Bright Amber PX Chips H11 H16 LED Fog Light Bulbs,I,FP,5,0.5833,0.5833,0.5833,18257.11
570,08 civic si fog lights without switch,24,B00N5BAWYK,SIRIUSLED H8 H11 LED bulb for car truck Fog Light 6500k White High Power Projector Super Bright Pack of 2,E,TP,6,0.5833,0.5833,0.5833,18257.11
570,08 civic si fog lights without switch,24,B088647ZJ4,LASFIT LDplus H11 H8 H9 Switchback LED Light Bulbs Fog Light 6000K White/3000K Amber Yellow Replacement for Honda Civic Accord for Toyota Tacoma 4Runner Tundra RAV4 Play and Plug(2 pack),E,TP,7,0.5833,0.5833,0.5833,18257.11
570,08 civic si fog lights without switch,24,B08T66X43W,"Yorkim H11 LED Fog Light Bulbs Amber Yellow h8 led fog light bulb Yellow 1:1 Design 300% Brighter, 15W High Power 1860 Chip, H11 led fog lights DRL Bulbs Replacement For Cars Trucks, Pack of 2",E,TP,8,0.5833,0.5833,0.5833,18257.11
570,08 civic si fog lights without switch,24,B01N67FMQ5,"Alla Lighting H11 H8 LED Bulbs 3000K Golden Yellow Xtreme Super Bright Fog Light DRL High Power 3030 SMD Replacement for Cars ,Trucks, SUVs, Vans",E,TP,9,0.5833,0.5833,0.5833,18257.11
570,08 civic si fog lights without switch,24,B06ZY49H5J,"Star Wars: Leia, Princess of Alderaan (Star Wars: Journey to Star Wars: The Last Jedi)",I,FP,10,0.5833,0.5833,0.5833,18257.11
570,08 civic si fog lights without switch,24,B07H6X6PM2,"Alla Lighting H8 H11 LED Fog Light Bulbs or DRL 6000K Xenon White, H16 H11LL H8LL H1155 2800 Lumens Xtreme Super Bright 5730 33-SMD 12V Replacement for Cars, Trucks",E,TP,11,0.5833,0.5833,0.5833,18257.11
570,08 civic si fog lights without switch,24,B07D3DGXYX,JDM ASTAR Bright White PX Chips H11 H16 LED Fog Light Bulbs with Projector,E,TP,12,0.5833,0.5833,0.5833,18257.11
570,08 civic si fog lights without switch,24,B07ZGXXTKT,"AUXLIGHT H11 H8 H11LL H8LL H16 (Japanese) LED Fog Light Bulbs 6000K Xenon White, Super Bright 2800 Lumens 33-SMD Chips LED Daytime Running Lights DRL Bulbs Replacement for Cars, Trucks (Pack of 2)",I,FP,13,0.5833,0.5833,0.5833,18257.11
570,08 civic si fog lights without switch,24,B07FCL8N2S,"Marsauto H11 LED Fog Light Bulbs H8 H16 LED Fog Lamps Super Bright CSP Chips 6000K Cool White, Play and Plug (Pack of 2)",S,FP,14,0.5833,0.5833,0.5833,18257.11
570,08 civic si fog lights without switch,24,B07GTDMVR4,"Alla Lighting 3800lm H11 H16 LED Fog Lights Bulbs H8 H8LL H11LL, 3000K Amber Yellow Xtreme Super Bright ETI 56-SMD Replacement",E,TP,15,0.5833,0.5833,0.5833,18257.11
570,08 civic si fog lights without switch,24,B08QRV41VB,"Auxbeam H11 H8 H9 H16 Led Fog Light Bulbs, NF-X60 Series-Three Colors Switchback LED Fog Daytime Running Lights 44W 8000LM, EMC tech Anti-interference, Pack of 2",I,FP,16,0.5833,0.5833,0.5833,18257.11
570,08 civic si fog lights without switch,24,B075QQKFK3,"Alla Lighting H11 LED Bulbs, 8000K Ice Blue 12V H8 H16 Fog Lights, DRL Replacement for Cars, Trucks, Xtreme Super Bright 3030 36-SMD 12V Upgrade",E,TP,17,0.5833,0.5833,0.5833,18257.11
570,08 civic si fog lights without switch,24,B085WP1GVY,"Suncloud Dawson Polarized Sunglasses, Rose Backpaint/Polarized Pink Gold Mirror",I,FP,18,0.5833,0.5833,0.5833,18257.11
570,08 civic si fog lights without switch,24,B07HK81WYV,Fog Light 9006 9006LL HB4 LED Bulbs Max 80W High Power Extremely Bright 6000K Xenon White Replace for Car Fog Spot Light or Beam Light,E,TP,19,0.5833,0.5833,0.5833,18257.11
570,08 civic si fog lights without switch,24,B07V3GDX9K,"Alla Lighting 8000LM H10 9145 9005 LED Switchback Bulbs, Fog Lights or High, Low Beam Conversion Kits Forward Lighting 6000K Xenon White/3000K Yellow Dual Color Replacement Extreme Bright",I,FP,20,0.5833,0.5833,0.5833,18257.11
570,08 civic si fog lights without switch,24,B08JYYPT33,"Temdan Clear Case Compatible with iPhone 12 Case/iPhone 12 Pro Case,Non-Yellowing Shockproof Protective Phone Case- Slim Thin",I,FP,21,0.5833,0.5833,0.5833,18257.11
570,08 civic si fog lights without switch,24,B0845XDV9M,"Clear Plastic Mini Ladles Set 6"" Inch and 5.5"" Inch Perfect for Serving Dressings, Sauces and Toppings (4 Per Pack) (Pack of 2) - By RamPro",I,FP,22,0.5833,0.5833,0.5833,18257.11
570,08 civic si fog lights without switch,24,B085NQWNS9,"MINIMALIST HOME: Simply Less! Cozy Home, Minimal Style",I,FP,23,0.5833,0.5833,0.5833,18257.11
570,08 civic si fog lights without switch,24,B018GYAB64,"RP Remarkable Power, FL7038 Fit For 2006 2007 2008 Civic 4DR Clear Fog Light Kit",E,TP,24,0.5833,0.5833,0.5833,18257.11
570,08 civic si fog lights without switch,24,B07KM3P7KY,Alla Lighting 8000LM 5201 5202 LED Switchback Fog Lights Bulbs Extremely Super Bright Dual Color 6000K Xenon White / 3000K Yellow Switch PS19W PS24WFF Fog Daytime Running Lights Replacement,E,FN,,0.5833,0.5833,0.5833,18257.11
570,08 civic si fog lights without switch,24,B07S9HBZHR,"Alla Lighting 5200lm AL-R H8 H11 LED Fog Lights, Daytime Running Lights Bulbs H16 Upgrade Halogen Lamps, 8000K Ice Blue Extremely Super Bright",E,FN,,0.5833,0.5833,0.5833,18257.11
570,08 civic si fog lights without switch,24,B011480LPA,"Alla Lighting H8 H11 LED Fog Lights/Daytime Running Lights(DRL) Bulbs Super Bright High Power 50W 12V H16, 6000K Xenon White Replacement Upgrade",E,FN,,0.5833,0.5833,0.5833,18257.11
570,08 civic si fog lights without switch,24,B082ZWR7DX,"Phinlion 3800 Lumens H8 H11 LED Yellow Fog Light Bulbs Super Bright H11LL H16 LED Bulb Replacement for Car Truck DRL and Fog Lights Lamps, 3000K Golden Yellow",E,FN,,0.5833,0.5833,0.5833,18257.11
570,08 civic si fog lights without switch,24,B07HF7CS4N,"SEALIGHT H11 LED Fog Lights Bulbs DRL 4800 Lumens 6000K Xenon White H16 H8 LED Fog Lamps High Power 12 CSP Bulbs Replacement for Cars, Trucks Pack of 2",E,FN,,0.5833,0.5833,0.5833,18257.11
570,08 civic si fog lights without switch,24,B00JRE38EA,"Yorkim 194 LED Bulbs White 6000k Super Bright 5th Generation, T10 LED Bulbs, 168 LED Bulb for Car Interior Dome Map Door Courtesy License Plate Lights W5W 2825, Pack of 10",E,FN,,0.5833,0.5833,0.5833,18257.11
570,08 civic si fog lights without switch,24,B08FZCVPG9,New Generation Led Fog Light Assembly Retrofit Upgraded For Acura Honda Civic Pilot CR-V CR-Z HR-V JAZZ Odyssey Accord Coupe Ridgeline Acura ILX RDX TL TSX 2012 2013 14 2015 2016 17 2018 2019 2020 21,E,FN,,0.5833,0.5833,0.5833,18257.11
570,08 civic si fog lights without switch,24,B07GTC8TCH,"Alla Lighting 3800lm Xtreme Super Bright H8 H16 H11 LED Bulbs, 6K Xenon White Fog Lights/DRL High Illumination ETI 56-SMD 12V Upgrade",E,FN,,0.5833,0.5833,0.5833,18257.11
570,08 civic si fog lights without switch,24,B009DK87V2,Evan-Fischer Fog Light Cover for 2011 Honda Civic Set of 2 Plastic Black w/fog light hole Right and Left Side,E,FN,,0.5833,0.5833,0.5833,18257.11
570,08 civic si fog lights without switch,24,B07T86M599,"Alla Lighting 3800lm H11 H16 Red LED Fog Lights Bulbs ETI 56-SMD Xtreme Super Bright H8 H11 H16 LED Bulbs Replacement for Cars, Trucks, SUVs, Vans",E,FN,,0.5833,0.5833,0.5833,18257.11
578,08 tundra chrome tailgate handle without camera,6,B01GKFNZIC,"APDTY 92325 Tailgate Handle Replaces 69090-0C051, 690900C051",S,FP,1,0.5,0.5,0.5,16068.19
578,08 tundra chrome tailgate handle without camera,6,B08JTMW9PH,"FAERSI Tailgate Handle Rear Liftgate Latch Door Handle with Keyhole Replacements for Toyota Tundra 2007 2008 2009 2010 2011 2012 2013, Replaces# 69090-0C040, 690900C040, 81213",E,TP,2,0.5,0.5,0.5,16068.19
578,08 tundra chrome tailgate handle without camera,6,B00OZQAB54,"QAA fits 2007-2013 Toyota Tundra 2 Piece Chrome Plated ABS Plastic Tailgate Handle Cover Kit, Includes Camera Access DH27149",S,FP,3,0.5,0.5,0.5,16068.19
578,08 tundra chrome tailgate handle without camera,6,B08T9LVR41,"Handor Tailgate Handle Liftgate Latch Handle w/ Keyhole Compatible with 2000-2006 Toyota Tundra, for Replacement# 69090-0C010 69090-0C030-C0",E,TP,4,0.5,0.5,0.5,16068.19
578,08 tundra chrome tailgate handle without camera,6,B07T51JR4H,"Tailgate Handle Liftgate Latch Handle with Keyhole, Rear Tailgate Latch Handle Compatible with 2000-2006 Toyota Tundra (69090-0C051)",S,FP,5,0.5,0.5,0.5,16068.19
578,08 tundra chrome tailgate handle without camera,6,B07Q2KM86L,"Tailgate Handle Liftgate Latch Handle with Keyhole | for 2007-2013 Toyota Tundra | Replaces# 69090-0C040, 690900C040, 81213",E,TP,6,0.5,0.5,0.5,16068.19
578,08 tundra chrome tailgate handle without camera,6,B085VDZ53D,"BOPART Tailgate Handle Liftgate Latch Handle with Keyhole for Toyota Tundra 2007 2008 2009 2010 2011 2012 2013, Replaces OE#69090-0C040, 690900C040, 81213",E,FN,,0.5,0.5,0.5,16068.19
578,08 tundra chrome tailgate handle without camera,6,B00DOST48E,OE Replacement Toyota Tundra Tailgate Handle (Partslink Number TO1915113),E,FN,,0.5,0.5,0.5,16068.19
578,08 tundra chrome tailgate handle without camera,6,B01N471CAK,Make Auto Parts Manufacturing Rear Back Tailgate Handle Smooth Black for Toyota Tundra 2000 2001 2002 2003 2004 2005 2006 - TO1915111,E,FN,,0.5,0.5,0.5,16068.19
579,08 wrangler jk without hitch,7,B08973VZK4,"KASLIGHT 55 Inch 4-Way Tow Hitch Wiring Harness Kit, Compatible with 07-2018 Jeep Wrangler JK 2 Door & 4 Door Models",I,FP,1,0.1429,0.1429,0.1429,16376.98
579,08 wrangler jk without hitch,7,B003O95MT8,"Rugged Ridge 17275.01, 4-Way Tow Hitch Wiring Harness for 07-18 Jeep Wrangler JK Models",C,FP,2,0.1429,0.1429,0.1429,16376.98
579,08 wrangler jk without hitch,7,B07BMJV699,"Smittybilt 76986 XRC Fender Liners, Rear Pair, for 2007-2018 Jeep Wrangler JK",C,FP,3,0.1429,0.1429,0.1429,16376.98
579,08 wrangler jk without hitch,7,B07JC3HZZT,"oEdRo Flat Front & Rear Fender Flares Compatible with 2007-2018 Jeep Wrangler JK & JKU Unlimited, 4 PCS Off-Road Steel Liner Set",E,TP,4,0.1429,0.1429,0.1429,16376.98
579,08 wrangler jk without hitch,7,B01LXB25YA,"Draw-Tite Trailer Hitch Class III, 2 in. Receiver, Compatible with Select Jeep Wrangler, Wrangler JK",I,FP,5,0.1429,0.1429,0.1429,16376.98
579,08 wrangler jk without hitch,7,B001C6GQPY,"CURT 13432 Class 3 Trailer Hitch, 2-Inch Receiver, Compatible with Select Jeep Wrangler JK",I,FP,6,0.1429,0.1429,0.1429,16376.98
579,08 wrangler jk without hitch,7,B0028BVDRS,"Rugged Ridge 11580.10 Trailer Hitch, 2 inch; 07-18 Jeep Wrangler JK",I,FP,7,0.1429,0.1429,0.1429,16376.98
579,08 wrangler jk without hitch,7,B00JZQXJ3K,TYGER Towing Combo: 2inch Receiver Hitch & Wiring Harness & Hitch Cover Fits 2007-2018 Wrangler JK 2Dr & 4Dr (Exclude 2018 JL Models),E,FN,,0.1429,0.1429,0.1429,16376.98
579,08 wrangler jk without hitch,7,B07STYWQ28,"hikotor 2 Inch Receiver Hitch, Rear Bumper Trailer Hitch Receiver fits for Jeep Wrangler 2007-2018 JK & Unlimited 2 & 4 Door (Exclude 2018 JL Models) with Wiring Harness & Hitch Cover Kit",E,FN,,0.1429,0.1429,0.1429,16376.98
579,08 wrangler jk without hitch,7,B00J62VV4W,Tyger Auto TG-HC2J001B Hitch & Cover Kit Custom Fit 2007-2018 Jeep Wrangler JK 2 Door & 4 Door Unlimited Factory Style 2 inch Rear Receiver Hitch Tow Towing Trailer Hitch,E,FN,,0.1429,0.1429,0.1429,16376.98
579,08 wrangler jk without hitch,7,B096KG9777,"DING.PAI 2"" JK Towing Hitch Receiver, Rear Bumper Towing Trailer Receiver Hitch Kit for Wrangler 2007-2018 JK JKU 2 Door & 4 Door Upgrade Tow Package Kit",E,FN,,0.1429,0.1429,0.1429,16376.98
579,08 wrangler jk without hitch,7,B07CVW9HCS,RT-TCZ Stainless Steel Hood Latches Hood Lock Catch Latches Kit for Jeep Wrangler JK JL 2007-2021 Unlimited (Black),E,FN,,0.1429,0.1429,0.1429,16376.98
579,08 wrangler jk without hitch,7,B07WJ3B8ZZ,GOOACC 166 Pcs Car Retainer Clips &Screw Grommets - 12 Most Popular Sizes & Applications for GM Toyota Honda Nissan Mazda - Bonus Fastener Remover,E,FN,,0.1429,0.1429,0.1429,16376.98
593,0o days without sarcasm shirt,2,B07Y5XDV6B,00 (Zero) Days without a bad dad joke - Father's Day Gift T-Shirt,S,FP,1,0.0,0.0,0.0,15414.03
593,0o days without sarcasm shirt,2,B094X82QFS,"00 Days Without A Dad Joke Mug, Funny Father's Day Dad Jokes Coffee Cup For Dads, Cool Dad Joke Mug Gift Idea For Daddies And Papa BLACK",I,FP,2,0.0,0.0,0.0,15414.03
593,0o days without sarcasm shirt,2,B082783XJX,Sarcasm Periodic Table I Only Use Sarcasm Periodically Meme T-Shirt,E,FN,,0.0,0.0,0.0,15414.03
593,0o days without sarcasm shirt,2,B00XD023L8,I Don't Like Morning People Graphic Novelty Sarcastic Funny T Shirt L Black,E,FN,,0.0,0.0,0.0,15414.03
594,0pi nail polish i'm not really a waitress,10,B00421Z0E4,"OPI Nail Lacquer, I'm Not Really a Waitress, Red Nail Polish, 0.5 fl oz",E,TP,1,0.6,0.6,0.6,16228.56
594,0pi nail polish i'm not really a waitress,10,B00178VX50,"OPI Top Coat, Protective High Gloss Shine Nail Polish Top Coat, 0.5 fl oz",E,TP,2,0.6,0.6,0.6,16228.56
594,0pi nail polish i'm not really a waitress,10,B004VKHIA0,"OPI Natural Nail Strengthener, Protective Nail Polish Base Coat, 0.5 fl oz",C,FP,3,0.6,0.6,0.6,16228.56
594,0pi nail polish i'm not really a waitress,10,B06XXFM8CX,"OPI Nail Polish Base Coat Primer & Gloss Top Coat, Infinite Shine Duo Pack, 0.5 Fl Oz each bottle",E,TP,4,0.6,0.6,0.6,16228.56
594,0pi nail polish i'm not really a waitress,10,B000NG4778,"OPI Nail Lacquer, Black Onyx, Black Nail Polish, 0.5 fl oz",E,TP,5,0.6,0.6,0.6,16228.56
594,0pi nail polish i'm not really a waitress,10,B000NGCVZS,"OPI Nail Lacquer, Rosy Future, Pink Nail Polish, 0.5 fl oz",E,TP,6,0.6,0.6,0.6,16228.56
594,0pi nail polish i'm not really a waitress,10,B074FGP86F,Starbucks North Carolina You Are Here Collection Ceramic Coffee Mug Demitasse Ornament 2 oz,I,FP,7,0.6,0.6,0.6,16228.56
594,0pi nail polish i'm not really a waitress,10,B000NG889Q,"OPI Nail Lacquer, Bubble Bath, Nude Nail Polish, 0.5 fl oz",E,TP,8,0.6,0.6,0.6,16228.56
594,0pi nail polish i'm not really a waitress,10,B004CA8TXE,"OPI Nail Lacquer, Funny Bunny, White Nail Polish, 0.5 fl oz",S,FP,9,0.6,0.6,0.6,16228.56
594,0pi nail polish i'm not really a waitress,10,B08BJPLL6Q,"OPI Nail Lacquer, Red-y For the Holidays, Red Nail Polish, Shine Bright Collection, 0.5 fl oz",S,FP,10,0.6,0.6,0.6,16228.56
594,0pi nail polish i'm not really a waitress,10,B082BHL4Q4,"OPI Infinite Shine 2 Long-Wear Lacquer, Mexico City Move-mint, Blue Long-Lasting Nail Polish, Mexico City Collection, 0.5 fl oz",E,FN,,0.6,0.6,0.6,16228.56
594,0pi nail polish i'm not really a waitress,10,B082BJZDLZ,"OPI Nail Lacquer, Mexico City Move-mint, Blue Nail Polish, Mexico City Collection, 0.5 fl oz",E,FN,,0.6,0.6,0.6,16228.56
594,0pi nail polish i'm not really a waitress,10,B08NX36246,"OPI Nail Lacquer, I’m an Extra, Pink Nail Polish, Hollywood Collection, 0.5 fl oz",E,FN,,0.6,0.6,0.6,16228.56
594,0pi nail polish i'm not really a waitress,10,B07GVQ7NT8,Nicole Miller Mini Nail Polish Set - 15 Glossy and Trendy Colors,E,FN,,0.6,0.6,0.6,16228.56
598,0rganic potting without fertelizer for roses,14,B07CND4WV9,Organic Perlite by Perfect Plants — Add to Soil for Indoor & Outdoor Container Plants for Drainage Management and Enhanced Growth (8qts.),C,FP,1,0.5,0.5,0.5,17229.07
598,0rganic potting without fertelizer for roses,14,B004OVUM40,Black Gold 1302040 8-Quart All Organic Potting Soil,E,TP,2,0.5,0.5,0.5,17229.07
598,0rganic potting without fertelizer for roses,14,B01N1UXYCC,Miracle-Gro Expand 'n Gro Concentrated Planting Mix 0.33 Cu Ft,E,TP,3,0.5,0.5,0.5,17229.07
598,0rganic potting without fertelizer for roses,14,B003STB5N6,"Xtreme Gardening HGC721205 Mykos Pure Mycorrhizal Inoculant Organic Root Enhancer, 2.2 lbs, Black",I,FP,4,0.5,0.5,0.5,17229.07
598,0rganic potting without fertelizer for roses,14,B07CNL5W2Z,"Organic Potting Mix by Perfect Plants for All Plant Types - 8qts for Indoor and Outdoor Use, Great for Veggies, Herbs, and Cannabis Plants",E,TP,5,0.5,0.5,0.5,17229.07
598,0rganic potting without fertelizer for roses,14,B002Y04TK6,Espoma AP8 8-Quart Organic Potting Mix,E,TP,6,0.5,0.5,0.5,17229.07
598,0rganic potting without fertelizer for roses,14,B000J3AG2K,Espoma Organic Bio-Tone Starter Plus All Natural Plant Food - 4 lb Bag BTS4,C,FP,7,0.5,0.5,0.5,17229.07
598,0rganic potting without fertelizer for roses,14,B07JMLDYRB,Organic Succulent and Cactus Potting Soil Mix Fast Draining Pre-Mixed Coarse Blend (2 Quarts),E,TP,8,0.5,0.5,0.5,17229.07
598,0rganic potting without fertelizer for roses,14,B01FG87H2O,"MOTHER EARTH Coco Plus Perlite Mix - For Indoor and Outdoor Container Gardens, Provides Strong Aeration & Drainage, 70% Coconut Coir, Resists Compaction, 50 Liter",C,FP,9,0.5,0.5,0.5,17229.07
598,0rganic potting without fertelizer for roses,14,B0828SMZNS,"Miracle-Gro Indoor Potting Mix 6 qt., Grows beautiful Houseplants, 2-Pack",E,TP,10,0.5,0.5,0.5,17229.07
598,0rganic potting without fertelizer for roses,14,B07GTQZN7Q,"BRUT WORM FARMS Worm Castings Soil Builder - 30 Pounds - Organic Fertilizer - Natural Enricher for Healthy Houseplants, Flowers, and Vegetables - Use Indoors or Outdoors - Non-Toxic and Odor Free",I,FP,11,0.5,0.5,0.5,17229.07
598,0rganic potting without fertelizer for roses,14,B007GS9ZGO,"Bonsai Soil Mix by Tinyroots - All Purpose Organic Mixed Bonsai Tree Blend + Used for All Varieties of Bonsai Trees, 2.5qts.",S,FP,12,0.5,0.5,0.5,17229.07
598,0rganic potting without fertelizer for roses,14,B002Y08J2A,Espoma AP16 16-Quart Organic Potting Mix,C,FP,13,0.5,0.5,0.5,17229.07
598,0rganic potting without fertelizer for roses,14,B07DF9LN96,Compressed Organic Potting-Soil for Garden & Plants - Expands up to 4 Times When Mixed with Water - Nutrient Rich Plant Food Derived from Natural Coconut Coir & Worm Castings Fertilizer,E,TP,14,0.5,0.5,0.5,17229.07
598,0rganic potting without fertelizer for roses,14,B0000CBITW,"Hoffman 15503 Canadian Sphagnum Peat Moss, 10 Quarts",E,FN,,0.5,0.5,0.5,17229.07
598,0rganic potting without fertelizer for roses,14,B08SQWQZZB,"Potting Soil Mix, 2qt Organic Bonsai Succulent Soil for Plants, Growing Indoor Kitchen Vegetables, Herbs, Indoor Plants, Herb Growing Soil Mixture Small Bag",E,FN,,0.5,0.5,0.5,17229.07
598,0rganic potting without fertelizer for roses,14,B00004RADH,"Miracle-Gro Water Soluble Rose Plant Food, 1.5 lb",E,FN,,0.5,0.5,0.5,17229.07
598,0rganic potting without fertelizer for roses,14,B002Y08J3E,Espoma AP4 4-Quart Organic Potting Mix,E,FN,,0.5,0.5,0.5,17229.07
598,0rganic potting without fertelizer for roses,14,B000OWF7YI,"Miracle-Gro Water Soluble All Purpose Plant Food, 10 lbs.",E,FN,,0.5,0.5,0.5,17229.07
598,0rganic potting without fertelizer for roses,14,B01M8FUUSJ,"SpongEase Pro Coco Coir Brick - Each brick makes 2 Gallons Organic Coco Coir Potting Soil for All Plants, Cuttings, Seedlings and Seeds (650 gm)",E,FN,,0.5,0.5,0.5,17229.07
598,0rganic potting without fertelizer for roses,14,B07L8TBTVV,"Miracle-Gro Performance Organics All Purpose Plant Nutrition, 1 lb. - All Natural Plant Food For Vegetables, Flowers and Herbs - Apply Every 7 Days For Best Results - Feeds up to 200 sq. ft.",E,FN,,0.5,0.5,0.5,17229.07
599,0rgans only not piano for sale,8,B01AAPIPJW,Plixio 61-Key Digital Electric Piano Keyboard & Sheet Music Stand - Portable Electronic Keyboard for Beginners (Kids & Adults),E,TP,1,0.375,0.375,0.375,15924.1
599,0rgans only not piano for sale,8,B08J3N888D,"BASTON Piano Keyboard Stickers for Beginners 88/76/61/54/49/37 Keys - Big Bold Letters, Removable, Transparent Piano Stickers - Perfect for Kids, Easy to Install - with Cleaning Cloth",I,FP,2,0.375,0.375,0.375,15924.1
599,0rgans only not piano for sale,8,B08R7G8SRZ,"Mustar Keyboard Piano, 61 Lighted Keys, Electric Piano, Full Size Light Up Keyboards Piano for Beginners",E,TP,3,0.375,0.375,0.375,15924.1
599,0rgans only not piano for sale,8,B01AJJIQQQ,"RockJam 61 Key Keyboard Piano With LCD Display Kit, Keyboard Stand, Piano Bench, Headphones, Simply Piano App & Keynote Stickers",I,FP,4,0.375,0.375,0.375,15924.1
599,0rgans only not piano for sale,8,B08HL2X5Z3,"Starfavor 61 Key Kids Electric Keyboard Electronic Piano Small-Sized-Key for Child Beginner, with Power Supply, Built In Speakers, LED Screen, Microphone, Headphone (SEK-361)",I,FP,5,0.375,0.375,0.375,15924.1
599,0rgans only not piano for sale,8,B088SQYH2Y,"Tencoz 61-Key Electric Keyboard Piano with Full-Size, Built-in Speakers, Dual Power Supply, Music Stand, Portable Keyboard Music Digital Piano for Beginners Kids Adult",I,FP,6,0.375,0.375,0.375,15924.1
599,0rgans only not piano for sale,8,B0823JKNG5,"Mustar 61 Key Piano Keyboard, Electronic Touch Sensitive Keyboards Piano, Headphones, Microphone, Piano Stand and Stool,Full Size Keys/LCD Screen",E,TP,7,0.375,0.375,0.375,15924.1
599,0rgans only not piano for sale,8,B08SM3HD8V,"Costzon 61-Key Electronic Keyboard Piano w/Lighted Keys, Built-in Speakers, Recorder, 255 Timbres/Rhythms, 3 Teaching Modes, LCD Display, Headphones, Adjustable Stand for Beginner Adults (Black)",S,FP,8,0.375,0.375,0.375,15924.1
599,0rgans only not piano for sale,8,B07NWZZGTY,"RIF6 Electric 61 Key Piano Keyboard - with Over Ear Headphones, Music Stand, Digital LCD Display, Teaching Modes and Adjustable Stool - Electronic Musical Instruments Starter Set for Kids and Adults",E,FN,,0.375,0.375,0.375,15924.1
599,0rgans only not piano for sale,8,B08CRK4PPV,"Kalimba 17 Keys Thumb Piano Musical Instrument Gradient Blue Star Sky, Mbira Hand Piano Gifts for Kids and Adults Beginners",E,FN,,0.375,0.375,0.375,15924.1
599,0rgans only not piano for sale,8,B00416WHV4,Casio SA-76 44-Key Mini Personal Keyboard,E,FN,,0.375,0.375,0.375,15924.1
599,0rgans only not piano for sale,8,B07FK4P9CM,"Professional Mouth Piano Melodica Instrument - Mouth Keyboard Piano Organ Melodica Set w/Mouthpiece, Tube Accessories, for Beginner or Band - Pyle (Black)",E,FN,,0.375,0.375,0.375,15924.1
599,0rgans only not piano for sale,8,B07Q3VFB8F,"Electric Keyboard Piano 61-Key, Ohuhu Musical Piano Keyboard with Headphone Jack, USB Port & Teaching Modes for Beginners",E,FN,,0.375,0.375,0.375,15924.1
600,0sxk ofrece fidget toys not expensive,26,B07DXPTCXP,"Fidget Toys Set, 36 Pack Sensory Tools Bundle for Stress Relief Hand Toys for Kids and Adults, Stretchy String/Liquid Motion/Cube/Twist Puzzle/Mesh Marble - Perfect for ADHD ADD Anxiety Autism",E,TP,1,0.6154,0.6154,0.6154,18576.95
600,0sxk ofrece fidget toys not expensive,26,B08HGZSXCG,Fidget Toys and Sensory Toys by BUNMO - Textured Stretchy Strings and Super Sensory Fidget Toys. Fidget Toys for Adults and Kids - 6 Pack,S,FP,2,0.6154,0.6154,0.6154,18576.95
600,0sxk ofrece fidget toys not expensive,26,B00ZY6JHU4,"Super Z Outlet Liquid Motion Bubbler for Sensory Play, Fidget Toy, Children Activity, Desk Top, Assorted Colors (1 Piece)",E,TP,3,0.6154,0.6154,0.6154,18576.95
600,0sxk ofrece fidget toys not expensive,26,B07DVDTYQ2,"ASSBABY Fidget Toys - Funny Facial Expressions Squeeze Bean Fidget Toy,Gift for Children and Adults Release Stress and Anxiety, Soybean Stress Relieving Chain Toys (3pcs)",E,TP,4,0.6154,0.6154,0.6154,18576.95
600,0sxk ofrece fidget toys not expensive,26,B08RRYF52V,"61 Pcs Sensory Fidget Toys Pack,Stress & Anxiety Relief Tools Bundle Figetget Toys Set for Kids Adults,Autistic ADHD Toys,Stress Balls Fidget Spinner Marble Mesh Puzzle Ball Pop Tube Fidget Box",S,FP,5,0.6154,0.6154,0.6154,18576.95
600,0sxk ofrece fidget toys not expensive,26,B01LBSZQ3U,Impresa Products 5-Pack of Stretchy String Fidget / Sensory Toys (BPA/Phthalate/Latex-Free) - Stretches from 10 Inches to 8 Feet!,E,TP,6,0.6154,0.6154,0.6154,18576.95
600,0sxk ofrece fidget toys not expensive,26,B082D7WVT8,"Fidget Toys and Textured Sensory Toys by BUNMO - Textured Stretchy Strings Fidget Toy. Bumpy Fidget Toys for Adults and Kids Make Perfect Anxiety Toys, Autism Sensory Toys, and Stress Toys.",E,TP,7,0.6154,0.6154,0.6154,18576.95
600,0sxk ofrece fidget toys not expensive,26,B076PMFWVV,Mochi Squishy Toys 20 Pcs Mini Squishy Animal Squishies Party Favors for Kids Kawaii Squishy Squeeze Toy Cat Unicorn Squishy Stress Relief Toys for Adults Birthday Favors for Kids Pinata Filler Random,E,TP,8,0.6154,0.6154,0.6154,18576.95
600,0sxk ofrece fidget toys not expensive,26,B08HN8T4T5,"WUQID Infinity Cube Fidget Toy Stress Relieving Fidgeting Game for Kids and Adults,Cute Mini Unique Gadget for Anxiety Relief and Kill Time (Macaron Yellow)",S,FP,9,0.6154,0.6154,0.6154,18576.95
600,0sxk ofrece fidget toys not expensive,26,B07HXDLNWB,"Riders by Lee Indigo Women's Denim Jacket, Black, X LARGE",I,FP,10,0.6154,0.6154,0.6154,18576.95
600,0sxk ofrece fidget toys not expensive,26,B0898R6LB7,"Sensory Fidget Toys 23-Pack – Stress Relief Toys for Focus & Calm – Toy Box & Party Favor Fidget Pack + Reusable Bag – Fidget Spinner, Stress Ball Cube, Sensory Toy Rings, & More by Chuchik",E,TP,11,0.6154,0.6154,0.6154,18576.95
600,0sxk ofrece fidget toys not expensive,26,B07F6G3F1D,"Sensory Toys Set 38 Pack, Stress Relief Fidget Hand Toys for Adults and Kids, Sensory Fidget and Squeeze Widget for Relaxing Therapy - Perfect for ADHD Add Anxiety Autism",E,TP,12,0.6154,0.6154,0.6154,18576.95
600,0sxk ofrece fidget toys not expensive,26,B07PS6JW56,"Yeetec 6 Pack 24 Links Wacky Tracks Snap and Click Fidget Toys, Finger Sensory Toys, Snake Puzzles for Stress Relief, Party Bag Fillers, Party Favours, Random Color",E,TP,13,0.6154,0.6154,0.6154,18576.95
600,0sxk ofrece fidget toys not expensive,26,B07QMQ8QP6,"ZaxiDeel Fidget Pop Tube Toys for Kids and Adults 6 Pack, Pipe Sensory Tools for Stress and Anxiety Relief, Cool Bendable Multi-Color Stimming Toys Great as Gift and Prizes for Fidgeters",S,FP,14,0.6154,0.6154,0.6154,18576.95
600,0sxk ofrece fidget toys not expensive,26,B07QR82TBY,"ToyerBee Pop Fidget Sensory Toys Set for Adults, Kids, ADHD, ADD, Anxiety Autism to Stress Relief and Anti-anxiety with Push Pop, Squishy, Stretchy Strings, Squeeze Balls, Perfect for Classroom Reward",E,TP,15,0.6154,0.6154,0.6154,18576.95
600,0sxk ofrece fidget toys not expensive,26,B08SW7FFL4,"Family Made Company Simple Dimple Fidget Popper Toy,Sensory Toys,Fidget Toy,Infant Early Education Intelligence Motor Skills Development Attention Intensive Learning Toy for Ages 6 Months and Up (A)",E,TP,16,0.6154,0.6154,0.6154,18576.95
600,0sxk ofrece fidget toys not expensive,26,B08YX1GGJ7,"Magnetic Slime Putty 2 Pack , Magnetic Putty with Magnet for Kids Science, Stress Relief Fidget Toy for Adults-Blue,Black",I,FP,17,0.6154,0.6154,0.6154,18576.95
600,0sxk ofrece fidget toys not expensive,26,B08XPXY8G5,"Figetget Toys Fidget Toys Pack - Fidgets Box Includes Infinite Fidget Cube, Popping, Fidget Ring, Snake Block Puzzles, Magic Ball, Stretchy Spring Strings - Sensory Fidget Toys Set ( 10 Pack)",E,TP,18,0.6154,0.6154,0.6154,18576.95
600,0sxk ofrece fidget toys not expensive,26,B08F6ZHQG7,"Sensory Fidget Toys Set, 27pcs Stress Relief and Anti-Anxiety Tools Bundle for Kids and Adults, Marble and Mesh, Pack of Squeeze Balls, Soybean Squeeze, Flippy Chain",E,TP,19,0.6154,0.6154,0.6154,18576.95
600,0sxk ofrece fidget toys not expensive,26,B08HMN3MF2,Hawk-Matic Personal Use Electric Cigarette Injector Smoke injecting Machine Tobacco Rolling Machine Color Silver…,I,FP,20,0.6154,0.6154,0.6154,18576.95
600,0sxk ofrece fidget toys not expensive,26,B07TJKG13F,"PUMA Men's Axelion Block Cross-Trainer, White-High Rise-high Risk Red, 10.5 M US",I,FP,21,0.6154,0.6154,0.6154,18576.95
600,0sxk ofrece fidget toys not expensive,26,B08KRP5C4H,"Handheld Mini Fidget Toy Set(4 Pack)-Magnetic Fidget Rings,Infinity Cube,Fidget Pad Cube,Flippy Chain,Stress and Anxiety Relief For Teen Kids Adults With OCD ADHD Autism",S,FP,22,0.6154,0.6154,0.6154,18576.95
600,0sxk ofrece fidget toys not expensive,26,B08S7G96WS,"HANGYUAN Push Popping Bubble Sensory Fidget Toys ,Stress Reliever Silicone Stress Reliever Toys-Purple",E,TP,23,0.6154,0.6154,0.6154,18576.95
600,0sxk ofrece fidget toys not expensive,26,B08ZVB5FPJ,"3pcs Push Pop Bubble Fidget Sensory Toy, Autism Special Needs Stress Reliever Stress Reliever Toy, Washable Silicone Toy,Pop Pop Fidget Toy for Kids and Adults(Multicolor-2)",E,TP,24,0.6154,0.6154,0.6154,18576.95
600,0sxk ofrece fidget toys not expensive,26,B0728C64KH,"Duddy-Cam Fidget Pad 8 Fun Features, Retro Classic Controller Handheld Game Pad, Perfect For Skin Picking, Anxiety and Stress Relief Sensory Toy For Children, Adults, ADD ADHD Autism + Lanyard (Black)",E,TP,25,0.6154,0.6154,0.6154,18576.95
600,0sxk ofrece fidget toys not expensive,26,B06XSX9M4R,"Genuine Fred The Original GOLD PARTY CUP, 1 Count (Pack of 1)",I,FP,26,0.6154,0.6154,0.6154,18576.95
600,0sxk ofrece fidget toys not expensive,26,B07D1KRT47,"EDsportshouse Sensory Toys Bundle-Stress Relief Fidget Hand Toys for Kids and Adults,Sensory Fidget and Squeeze Widget for Relaxing Therapy-Perfect for ADHD Anxiety Autism",E,FN,,0.6154,0.6154,0.6154,18576.95
600,0sxk ofrece fidget toys not expensive,26,B07F81VDL2,"28 Pack Sensory Toys Set, Relieves Stress and Anxiety Fidget Toy for Children Adults, Special Toys Assortment for Birthday Party Favors, Classroom Rewards Prizes, Carnival, Piñata Goodie Bag Fillers",E,FN,,0.6154,0.6154,0.6154,18576.95
600,0sxk ofrece fidget toys not expensive,26,B08Y9BVLM3,"LAFUN Stress Relief Fidget Snap Toy,Hand Grip Squeeze Grab Snap Sensory Toys Party Popper Noise Maker Stress Relief Pop Pops Click Finger Sensory Fidget Toy for Child and Adults,2 Pack (Rainbow)",E,FN,,0.6154,0.6154,0.6154,18576.95
600,0sxk ofrece fidget toys not expensive,26,B01BLYNWIU,"FlintRehab Premium Quality Therapy Putty (4 Pack, 3-oz Each) for Hand Exercise Rehab. Fidgeting, and Stress Relief…",E,FN,,0.6154,0.6154,0.6154,18576.95
600,0sxk ofrece fidget toys not expensive,26,B071X8S8WQ,"Infinity Cube Fidget Toy, Sensory Tool EDC Fidgeting Game for Kids and Adults, Cool Mini Gadget Best for Stress and Anxiety Relief and Kill Time, Unique Idea that is Light on the Fingers and Hands",E,FN,,0.6154,0.6154,0.6154,18576.95
600,0sxk ofrece fidget toys not expensive,26,B093P3N7ZP,"BOOLACYA Fidget Toys, 31pcs Fidget Packs with Pop Bubble Sensory Fidget Toy Fidget Pack Relief and Anti-Anxiety Fidget Toy Pack Gift for All Ages",E,FN,,0.6154,0.6154,0.6154,18576.95
600,0sxk ofrece fidget toys not expensive,26,B07YJF17C9,"24 Pack Bundle Sensory Fidget Toys Set-Liquid Motion Timer/Grape Ball/Mochi Squishy/Stretchy String/Flippy Chain/Easter Egg/Marble Mesh/Squeeze Bean/Cube for Autistic Kids, ADHD, Anti-Stress Toys",E,FN,,0.6154,0.6154,0.6154,18576.95
600,0sxk ofrece fidget toys not expensive,26,B07BK9GFKD,"GONGYIHONG 40 Pack Sensory Fidget Toys Bundle, Fidget Cube/Liquid Motion Timer /Bike Chain/Soybeans Squeeze Grape Ball- Perfect for Kids&Adult…",E,FN,,0.6154,0.6154,0.6154,18576.95
600,0sxk ofrece fidget toys not expensive,26,B08QCX1CDC,"Anyuwen 4 Pack Fidget Sensory Toy Set, Rainbow Push Bubble Sensory Fidget Toy for Adult Kid Silicone Game Toys Autism Special Needs Stress Reliever Squeeze Tools for Home School Office",E,FN,,0.6154,0.6154,0.6154,18576.95
600,0sxk ofrece fidget toys not expensive,26,B08GG639D2,"26 Pack Bundle Sensory Fidget Toys Packs, Stress Relief and Anti-Anxiety Tools for Kids and Adults, Pack of Marble and Mesh, Stress Balls, Soybean Squeeze, Flippy Chain, Liquid Motion Timer & More",E,FN,,0.6154,0.6154,0.6154,18576.95
602,0ver charge on items.with prime not happy,3,B07MCN9JKB,PrimeMed Plastic Blue Forceps/Tapered Tweezers at Bulk Pricing (25 Pack),I,FP,1,0.0,0.0,0.0,15450.42
602,0ver charge on items.with prime not happy,3,B077HHYYHT,"EPEVER 40A MPPT Solar Charge Controller 12V 24V Auto, 40 amp Negative Grounded Solar Charge Controller MPPT Max Input 100V, 520W/1040W for Lead-Acid, Lithium Batteries and Load Timer Setting",I,FP,2,0.0,0.0,0.0,15450.42
602,0ver charge on items.with prime not happy,3,B008GYTVSY,"LEDJump Super Bright Dimmable Plug-In Daylight White Color 300 Lights LED Tape Flexible Rope Strip 12 Volts 3M Adhesive Tape Lighting System Certified (Strip Light Only, No Power)",I,FP,3,0.0,0.0,0.0,15450.42
602,0ver charge on items.with prime not happy,3,B07Q9VBYV8,"Ring Indoor Cam, Compact Plug-In HD security camera with two-way talk, Works with Alexa - White",E,FN,,0.0,0.0,0.0,15450.42
602,0ver charge on items.with prime not happy,3,B07WLP395R,"Ring Video Doorbell 3 Plus – enhanced wifi, improved motion detection, 4-second video previews, easy installation",E,FN,,0.0,0.0,0.0,15450.42
602,0ver charge on items.with prime not happy,3,B01MA3EYC5,"ROLLO Label Printer - Commercial Grade Direct Thermal High Speed Printer – Compatible with Etsy, eBay, Amazon - Barcode Printer - 4x6 Printer",E,FN,,0.0,0.0,0.0,15450.42
605,0w20 synthetic oil,14,B01N4TIRMC,Valvoline Full Synthetic High Mileage with MaxLife Technology SAE 0W-20 Motor Oil 5 QT (Packaging May Vary),E,TP,1,0.7857,0.7857,0.7857,16486.23
605,0w20 synthetic oil,14,B005SEK9IQ,"Royal Purple 51020 API-Licensed SAE 0W-20 High Performance Synthetic Motor Oil, 5 Quart",E,TP,2,0.7857,0.7857,0.7857,16486.23
605,0w20 synthetic oil,14,B01MA4UAP5,"Pennzoil Ultra Platinum Full Synthetic 5W-20 Motor Oil (5 Quart, Single Pack)",S,FP,3,0.7857,0.7857,0.7857,16486.23
605,0w20 synthetic oil,14,B07KCSR467,Motul 5L Synthetic Engine Oil 8100 0W20 ECO-LITE,E,TP,4,0.7857,0.7857,0.7857,16486.23
605,0w20 synthetic oil,14,B07MLXF2CF,"Shell Rotella Gas Truck Full Synthetic 0W-20 Motor Oil for Pickups and SUVs (5-Quart, Pack of 1)",E,TP,5,0.7857,0.7857,0.7857,16486.23
605,0w20 synthetic oil,14,B00GZKC6EW,Valvoline Advanced Full Synthetic SAE 0W-20 Motor Oil 5 QT,E,TP,6,0.7857,0.7857,0.7857,16486.23
605,0w20 synthetic oil,14,B01MZ83HZA,"Mobil 1 Extended Performance 0W-20 Full Synthetic Motor Oil, 5 qt",E,TP,7,0.7857,0.7857,0.7857,16486.23
605,0w20 synthetic oil,14,B00EMHUL0G,"Pennzoil Platinum Full Synthetic 0W-20 Motor Oil (1-Quart, Single)",E,TP,8,0.7857,0.7857,0.7857,16486.23
605,0w20 synthetic oil,14,B072KDRZFC,Idemitsu Full Synthetic 0W-20 Engine Oil SN/GF-5-5QT,E,TP,9,0.7857,0.7857,0.7857,16486.23
605,0w20 synthetic oil,14,B07P5XQBX6,"EBIN NEW YORK 24 Hour Edge Tamer, Extreme Firm Hold, 4 Oz - No Flaking, No White Residue, Shine and Smooth texture with Argan Oil and Castor Oil",I,FP,10,0.7857,0.7857,0.7857,16486.23
605,0w20 synthetic oil,14,B00OOK1BA0,"Ensure Plus Nutrition Shake With 16 Grams of High-Quality Protein, Meal Replacement Shakes, Vanilla, 8 fl oz, 6 Count",I,FP,11,0.7857,0.7857,0.7857,16486.23
605,0w20 synthetic oil,14,B01M8JJV1H,"Pennzoil 550046127 Platinum Full Synthetic Motor Oil (SAE, SN) 0W-20, 5 Quart - Pack of 1",E,TP,12,0.7857,0.7857,0.7857,16486.23
605,0w20 synthetic oil,14,B01N6P6CNC,"Mobil 1 0W-20 Advanced Fuel Economy Full Synthetic Motor Oil, 5 qt. 2 Pack",E,TP,13,0.7857,0.7857,0.7857,16486.23
605,0w20 synthetic oil,14,B00JGQLZJ4,"Castrol 03124 Edge 0W-20 Advanced Full Synthetic Motor Oil, 5 Quart",E,TP,14,0.7857,0.7857,0.7857,16486.23
605,0w20 synthetic oil,14,B00JDSXLHY,TOYOTA Case of 12 Quarts Full Synthetic 0W-20 Oil,E,FN,,0.7857,0.7857,0.7857,16486.23
605,0w20 synthetic oil,14,B07CG384GQ,Amazon Basics Full Synthetic Motor Oil - 0W-20 - 5 Quart,E,FN,,0.7857,0.7857,0.7857,16486.23
605,0w20 synthetic oil,14,B00TS9ZW3Y,"Castrol 03060 GTX MAGNATEC 0W-20 Full Synthetic Motor Oil, Green, 5 Quart",E,FN,,0.7857,0.7857,0.7857,16486.23
606,0zo not bit,4,B07Q21RPS2,"HORUSDY 14-Piece Tamper Resistant Star Bits, S2 Alloy Steel, T5 - T40 Security Torx Bit Set (14-Piece)",I,FP,1,0.0,0.0,0.0,15949.23
606,0zo not bit,4,B083W3X1HX,"POLISI3D 2pcs MK8 Plated Wear Resistant Brass Nozzle 0.6mm Compatible with 1.75mm Makerbot MK8 extruder, Creality CR10, Ender 3 Pro Tevo Tornado 3D Printer (2X 0.6mm)",I,FP,2,0.0,0.0,0.0,15949.23
606,0zo not bit,4,B07MDG7R2J,"Upgraded Version 3018 Pro CNC Router Kit, mcwdoit GRBL Control 3 Axis DIY CNC Engraving Machine, Wood Acrylic Plastic PCB MDF Milling Engraver with Offline Controller, CNC Router Bits, 300x180x45mm",I,FP,3,0.0,0.0,0.0,15949.23
606,0zo not bit,4,B083S6ZSW8,"B BOCHAMTEC 101-Piece Magnetic Screwdriver Set with Organizer Rack,Drive Magnetic Bit Holding Screwdriver Handle,for Home Repair,Improvement,Best Tools for Men Tools Gift",I,FP,4,0.0,0.0,0.0,15949.23
606,0zo not bit,4,B00168CPYO,"Post-it Mini Notes, 1.5x2 in, 24 Pads, America's #1 Favorite Sticky Notes, Marseille Collection, Pastel Colors (Blue, Pink, Mint, Yellow), Recyclable (653-24A",E,FN,,0.0,0.0,0.0,15949.23
606,0zo not bit,4,B07GXJZVQW,"Early Buy Sticky Notes 6 Bright Color 6 Pads Self-Stick Notes 3 in x 3 in, 100 Sheets/Pad",E,FN,,0.0,0.0,0.0,15949.23
606,0zo not bit,4,B08DRQRBVH,"Hasbro Gaming Yahtzee Jr.: Disney Princess Edition Board Game for Kids Ages 4 and Up, for 2-4 Players, Counting and Matching Game for Preschoolers (Amazon Exclusive)",E,FN,,0.0,0.0,0.0,15949.23
606,0zo not bit,4,B07MZK68FZ,"Ruled Notebook/Journal – Premium Thick Paper Faux Leather Classic Writing Notebook, Black, Hard Cover, Lined (5.4 x 8.3)",E,FN,,0.0,0.0,0.0,15949.23
610,1 & 1/4pvp water suction hose without couplings,1,B003AVJQZG,Haviland Vac Hose 1-1/4-Inch by 36-Feet A/G,I,FP,1,0.0,0.0,0.0,15446.01
610,1 & 1/4pvp water suction hose without couplings,1,B07FCFWGMP,"WaterAce WA62UP Drill Pump, Black",E,FN,,0.0,0.0,0.0,15446.01
613,1 / 6 bjd clothing not include doll,21,B08SMKLXPC,"10 Pieces Set Mini Doll Clothes for 6 inch Dolls Party Grown Outfits,Doll Accessories Shoes Bag Necklace Kids Girl Gifts",E,TP,1,0.5714,0.5714,0.5714,17743.73
613,1 / 6 bjd clothing not include doll,21,B07T9Z5TXH,"SOTOGO 33 Pieces Doll Clothes and Accessories for 11.5 Inch Girl Boy Doll Wedding Playset Include 12 Sets Doll Groom Suit/Wedding Dress/Casual Wearing Clothes, 8 Pairs Shoes and Doll Accessories",E,TP,2,0.5714,0.5714,0.5714,17743.73
613,1 / 6 bjd clothing not include doll,21,B07TJNPV76,BARWA 36 Pack Doll Clothes and Accessories 5 PCS Fashion Dresses 5 Tops 5 Pants Outfits 3 PCS Wedding Gown Dresses 3 Sets Swimsuits Bikini for 10 Hangers 10shoes 11.5 inch Doll,E,TP,3,0.5714,0.5714,0.5714,17743.73
613,1 / 6 bjd clothing not include doll,21,B086PB2P3D,Tongina Dress Short Dress for 12inch Doll Clothes Outfit 1/6 Doll Accessories,E,TP,4,0.5714,0.5714,0.5714,17743.73
613,1 / 6 bjd clothing not include doll,21,B08VDZY4CX,"ZDD Cute BJD Girl Dolls Clothes, Cute Kindergarten Set Daily Simple SD Doll Dress Up (Do Not Include Doll),1/6",E,TP,5,0.5714,0.5714,0.5714,17743.73
613,1 / 6 bjd clothing not include doll,21,B07L5NHPGW,UUsave 4 Sets Handmade Doll Outfits Set + 10 Pairs Doll Shoes + 1 Pair Stocking Fashion Casual Wear Clothes 1/6 Doll Clothing Replacement for 11.5 inch Doll,E,TP,6,0.5714,0.5714,0.5714,17743.73
613,1 / 6 bjd clothing not include doll,21,B078RHCH6K,MonkeyJack 1/6 Black Long Sleeve T-shirt Top Clothes Accessory For 12'' Male Action Figure,E,TP,7,0.5714,0.5714,0.5714,17743.73
613,1 / 6 bjd clothing not include doll,21,B07ZZ3FKWY,"Miunana 125 pcs Doll Fashion Clothes Set for 11.5 inch Doll, Include 13 Random Skirt + 2 Wedding Party Banquet Dress + 110 Doll Accessories Shoes Bags Necklace Bicycle ect. (Not Include Doll)",E,TP,8,0.5714,0.5714,0.5714,17743.73
613,1 / 6 bjd clothing not include doll,21,B08K8GX443,UCanaan BJD Doll 1/6 SD Dolls 12 Inch 18 Ball Jointed Doll DIY Toys with Full Set Clothes Shoes Wig Makeup for Girls-Rita,I,FP,9,0.5714,0.5714,0.5714,17743.73
613,1 / 6 bjd clothing not include doll,21,B08SQDFQVY,"MEESock 1/6 1/4 1/3 BJD Clothes Accessory European Style Vintage Dress for SD Girl Doll, Gift Kids Toy(Do Not Include Doll),1/6",E,TP,10,0.5714,0.5714,0.5714,17743.73
613,1 / 6 bjd clothing not include doll,21,B08HV8SP7H,"6 inch BJD Ball Joints Doll Full Set with Long Hair, Skirt with Shoes, OB11 Doll Gift for Girl - Style4",I,FP,11,0.5714,0.5714,0.5714,17743.73
613,1 / 6 bjd clothing not include doll,21,B08GS2RQPX,Studio one Red Long Coat with Black -White Striped t-Shirt and Short Leather Pant Clothes for 1/3 BJD Doll 55-60 cm Doll,E,TP,12,0.5714,0.5714,0.5714,17743.73
613,1 / 6 bjd clothing not include doll,21,B08733MG94,Little Bado BJD Girl Doll 10 Inch 13 Removable Joints 1/6 SD Dolls for Age 3 4 5 6 7 Years Old Kids Dolls for Girls Baby Cute Doll Toy with Clothes and Shoes Birthday for Girls Amanda,I,FP,13,0.5714,0.5714,0.5714,17743.73
613,1 / 6 bjd clothing not include doll,21,B073CSFYBL,"Woolrich 100% Cotton Quilt Reversible Plaid Cabin Lifestyle Design All Season, Breathable Coverlet Bedspread Bedding Set, Matching Shams, Full/Queen(92""x96""), Buffalo Check Gray, 3 Piece",I,FP,14,0.5714,0.5714,0.5714,17743.73
613,1 / 6 bjd clothing not include doll,21,B07T1QRY6W,Littleforbig Cotton Romper Onesie Pajamas Bodysuit – Maid Suit M Black,I,FP,15,0.5714,0.5714,0.5714,17743.73
613,1 / 6 bjd clothing not include doll,21,B08XWWRCQ1,"ZDD 2Pcs Set Denim Skirt Girl Doll 1/6 1/4 Clothes Accessories, fit Doll Cosplay Party Dress Up (Only Clothes, Not Include Doll),1/6",E,TP,16,0.5714,0.5714,0.5714,17743.73
613,1 / 6 bjd clothing not include doll,21,B09B3WSQMW,"4pcs Fashion Pink Tight Dress Suit for 1/3 1/4 1/6 BJD Dolls (Not Included Doll),1/6",E,TP,17,0.5714,0.5714,0.5714,17743.73
613,1 / 6 bjd clothing not include doll,21,B00OLBWHA0,WARN Industries 89602 Winch Sub Pv2500 Rplcmnt,I,FP,18,0.5714,0.5714,0.5714,17743.73
613,1 / 6 bjd clothing not include doll,21,B0778SLMYG,High-tech Dental Orthodontic Braces - Transparent Soft and Hard - for Adults Teeth Straightening,I,FP,19,0.5714,0.5714,0.5714,17743.73
613,1 / 6 bjd clothing not include doll,21,B01ET1O268,Partsam (10) Marker/Clearance Light 2 Prong Pigtails & Rubber Grommets,I,FP,20,0.5714,0.5714,0.5714,17743.73
613,1 / 6 bjd clothing not include doll,21,B07FFHV944,"UCanaan BJD Doll, 1/3 SD Dolls 24 Inch 18 Ball Jointed Doll DIY Toys with Clothes Outfit Shoes Wig Hair Makeup, Best Gift for Girls - Carina",I,FP,21,0.5714,0.5714,0.5714,17743.73
613,1 / 6 bjd clothing not include doll,21,B07Y28GCRZ,"21 Pcs 18 inch Doll Clothes and Accessories fit American 18'' Girl Dolls - Including 10 Complete Set of American Doll Clothes Outfits with Unicorn Hair Clips, Hair Bands, Underwear",E,FN,,0.5714,0.5714,0.5714,17743.73
613,1 / 6 bjd clothing not include doll,21,B07J4TLH1L,"Doll Clothes, 5 Outfits Autumn Dresses Windbreaker Hat for 11.5 Inch Dolls Accessories Random Style",E,FN,,0.5714,0.5714,0.5714,17743.73
613,1 / 6 bjd clothing not include doll,21,B08N1DS5VR,"leoglint Blythe Doll Clothes, Shirt and Pants Clothing for Blythe Doll 1/6 30 cm Bjd Dolls Azone ICY Licca Doll",E,FN,,0.5714,0.5714,0.5714,17743.73
613,1 / 6 bjd clothing not include doll,21,B07DLPM86K,EuTengHao 123Pcs Clothes and Accessories for 11.5 Inch Dolls Contain 13 Party Gown Outfits Dresses for 11.5 Inch Doll Handmade Doll Wedding Dresses and 108Pcs Doll Accessories for 11.5 Inch Girl Doll,E,FN,,0.5714,0.5714,0.5714,17743.73
613,1 / 6 bjd clothing not include doll,21,B07FLHJSYP,HSOMiD 12'' Artists Wooden Manikin Jointed Mannequin Perfect for Home Decoration/Drawing The Human Figure (A),E,FN,,0.5714,0.5714,0.5714,17743.73
613,1 / 6 bjd clothing not include doll,21,B07FKBNM88,"ICY Fortune Days Original Doll Clohtes Outfit, Striped T-Shirt(Black) and Short Dungarees(Black or Blue), Doll Dress Up for 1/6 12inch Blythe Doll or ICY Doll- Fortune Days",E,FN,,0.5714,0.5714,0.5714,17743.73
613,1 / 6 bjd clothing not include doll,21,B08QGFY5KF,"leoglint Blythe Doll Clothes, Stocking Socks Clothing for Blythe Doll 30 cm 1/6 Bjd Dolls Azone ICY Licca Doll 5 Pairs (Series 1)",E,FN,,0.5714,0.5714,0.5714,17743.73
613,1 / 6 bjd clothing not include doll,21,B089QPN9S2,"YILIAN BJD Boy Doll Clothes Wave Point Shirt + Strap Pants for 1/3 1/4 1/6 SD BJD Dolls - Not Include Dolls,1/6",E,FN,,0.5714,0.5714,0.5714,17743.73
613,1 / 6 bjd clothing not include doll,21,B08SMJWX5L,"Lembani 10 Sets Mini Princess Doll Clothes for 6 inch Girl Dolls Party Outfits,Doll Accessories Shoes Bag Necklace Crown Kids Gifts",E,FN,,0.5714,0.5714,0.5714,17743.73
620,1 1/2 leather belts without buckle,12,B07G3HQZHD,"Falari Replacement Genuine Leather Belt Strap Without Buckle Snap on Strap 1.5"" Wide 8005-BLACK-34",E,TP,1,0.5,0.5,0.5,16362.13
620,1 1/2 leather belts without buckle,12,B07YLJ87NJ,"HJONES Men’s Replacement Belt Strap, Men's Leather Belt for Belt Buckle with Silver Snap On Belt Without Buckle 1 1/2” Wide (Brown, 34)…",E,TP,2,0.5,0.5,0.5,16362.13
620,1 1/2 leather belts without buckle,12,B07CYWPJHC,"CHAOREN Ratchet Belt Replacement Strap 1 3/8”, Genuine Leather Belt Casual for 40MM Slide Click Buckle",I,FP,3,0.5,0.5,0.5,16362.13
620,1 1/2 leather belts without buckle,12,B07GZKCBNJ,"Reversible Belts for Men, CHAOREN Leather Jeans Belt 1 3/8"" Black & Brown, Adjustable Trim to Fit (Black/Dark Brown 2, 44 (Fits Pants Size 42))",S,FP,4,0.5,0.5,0.5,16362.13
620,1 1/2 leather belts without buckle,12,B01CYUJL2G,"Marino Avenue Men’s Genuine Leather Ratchet Dress Belt with Linxx Buckle - Gift Box - Charcoal Depiction - Black - Adjustable from 28"" to 44"" Waist",I,FP,5,0.5,0.5,0.5,16362.13
620,1 1/2 leather belts without buckle,12,B07CMW1CDX,"CHAOREN Ratchet Belt Replacement Strap 1 3/8”, Leather Belt Strap for 40MM Slide Click Buckle",C,FP,6,0.5,0.5,0.5,16362.13
620,1 1/2 leather belts without buckle,12,B085HSRQ6V,Vatee's Reversible Genuine Leather Belts without Buckle For Men/Women Replacement Belt Strap 29mm Wide 110cm Long Black & Red,E,TP,7,0.5,0.5,0.5,16362.13
620,1 1/2 leather belts without buckle,12,B07SR9TRRJ,"Vatee's Women's/Men's Real Leather Replacement Belt Strap No Buckle 1 1/2""(38mm) Wide 45"" Long Black",E,TP,8,0.5,0.5,0.5,16362.13
620,1 1/2 leather belts without buckle,12,B01GKCQ84I,"Dickies Men's Leather Double Prong Belt, Brown, 44 (Waist: 42)",S,FP,9,0.5,0.5,0.5,16362.13
620,1 1/2 leather belts without buckle,12,B0957HRLRD,"Full Grain Leather Belts for Men, Chaoren 100% One-Piece Genuine Leather Belt 1 1/2"", Vintage Distressed Style Snap Belt (Belt for Belt Buckle)",E,TP,10,0.5,0.5,0.5,16362.13
620,1 1/2 leather belts without buckle,12,B00DUPO2CY,"Slidebelts Men's Animal-Friendly Leather Belt Without Holes - Gunmetal Buckle/Mocha Brown Leather (Trim-to-fit: Up to 48"" Waist)",I,FP,11,0.5,0.5,0.5,16362.13
620,1 1/2 leather belts without buckle,12,B07KS51359,"Vatee's Reversible Genuine Leather Belts For Men/Women Replacement Belt Strap Without Buckle 1.5""(38mm) Wide 45""(115cm) Long Black & Earth Yellow",E,TP,12,0.5,0.5,0.5,16362.13
620,1 1/2 leather belts without buckle,12,B0077IJT8C,"Carhartt Women's Standard, Casual Rugged Belts, Available in Multiple Styles, Colors & Sizes, Bridle Leather Debossed Keeper (Brown), Small",E,FN,,0.5,0.5,0.5,16362.13
620,1 1/2 leather belts without buckle,12,B07R76Z34R,"Mens Belt No Buckle,White Ratchet Leather Belt Business Wedding Cowhide Belt Adjustable(White,51.2'')",E,FN,,0.5,0.5,0.5,16362.13
620,1 1/2 leather belts without buckle,12,B07KS4NSY3,"Vatee's Men Reversible Genuine Leather Replacement Belt Strap 1 1/2""(38mm) Wide 41"" Long Black",E,FN,,0.5,0.5,0.5,16362.13
620,1 1/2 leather belts without buckle,12,B01M0RL7U4,Gelante Genuine Full Grain Leather Belt Strap without Belt Buckle G2016-BK-M,E,FN,,0.5,0.5,0.5,16362.13
620,1 1/2 leather belts without buckle,12,B014QROIGO,"Belt for buckle men Snap on Strap Full Grain One Piece Leather no buckle,1 1/2"" Wide, Made in USA, Black size 38",E,FN,,0.5,0.5,0.5,16362.13
620,1 1/2 leather belts without buckle,12,B01N2HY2XU,"WERFORU Women Casual Dress Belt Genuine Leather Belt with Round Buckle,Black,Suit Pant Size 29-34 inches",E,FN,,0.5,0.5,0.5,16362.13
622,1 1/2 sink drain without overflow,26,B07B2YQLBL,"Oil Rubbed Bronze Pop Up Drain, Bathroom Vessel Lavatory Vanity Faucet Sink Drain Stopper, ORB without Overflow",E,TP,1,0.6538,0.6538,0.6538,17812.78
622,1 1/2 sink drain without overflow,26,B07MNLSZ5N,"RANDOM Bathroom Faucet Vessel Vanity Sink Pop Up Drain Stopper without Overflow, Brushed Gold(Pop Up Drain Brushed Gold)",E,TP,2,0.6538,0.6538,0.6538,17812.78
622,1 1/2 sink drain without overflow,26,B07M7RBQ7T,"Kingston Brass EV7007 Push Pop-Up Drain without Overflow, Brushed Brass",E,TP,3,0.6538,0.6538,0.6538,17812.78
622,1 1/2 sink drain without overflow,26,B07TP9FB7W,"BESTILL Bathroom Vessel Sink Drain Stopper, Push Pop Up Drain Without Overflow, Matte Black",E,TP,4,0.6538,0.6538,0.6538,17812.78
622,1 1/2 sink drain without overflow,26,B004E0Z9LC,"DANCO (89461) Decorative Push-Button Sink Drain Without Overflow, 1-1/4 Inch, Chrome Finish, 1-Pack",I,FP,5,0.6538,0.6538,0.6538,17812.78
622,1 1/2 sink drain without overflow,26,B01N4N7LXN,"PF WaterWorks PF0324-CH-GR-NO ClogFREE Patented Never Clog Bathroom Sink/Lavatory Pop-Up Drain | Easy Remove Magnetic Stopper Without Overflow | CUPC Listed |, Gray ABS Body, Chrome",E,TP,6,0.6538,0.6538,0.6538,17812.78
622,1 1/2 sink drain without overflow,26,B07V5VTZSS,"Purelux Pop up Drain Stopper for Bathroom Sink Vessel or Vanity Sink Without Overflow, Matte Black Finish Spring Pop-Up Drain",E,TP,7,0.6538,0.6538,0.6538,17812.78
622,1 1/2 sink drain without overflow,26,B007B5QPJW,"Decor Star PU-003-TC 1 1/2"" Bathroom Faucet Vessel Vanity Sink Pop Up Drain Stopper Without Overflow Chrome",E,TP,8,0.6538,0.6538,0.6538,17812.78
622,1 1/2 sink drain without overflow,26,B002QCPQ4U,"Decor Star PU-001-TC 1 5/8"" Bathroom Faucet Vessel Vanity Sink Pop Up Drain Stopper Without Overflow Chrome",S,FP,9,0.6538,0.6538,0.6538,17812.78
622,1 1/2 sink drain without overflow,26,B01A80Z5ZQ,"Aquafaucet Vessel Sink Drain 1 5/8"" Bathroom Faucet Pop-up Drain Assembly Stopper Without Overflow Sink Drain Brushed Nickel",E,TP,10,0.6538,0.6538,0.6538,17812.78
622,1 1/2 sink drain without overflow,26,B00K1IP420,"Luxier DS03-TO 1 1/2"" Bathroom Faucet Vessel Vanity Sink Pop Up Drain Stopper Without Overflow Oil Rubbed Bronze",E,TP,11,0.6538,0.6538,0.6538,17812.78
622,1 1/2 sink drain without overflow,26,B06XY2HPQY,"KES Pop Up Drain Stopper for Bathroom Vessel Vanity Sink without Overflow, Brushed Nickel S2007D-BN",E,TP,12,0.6538,0.6538,0.6538,17812.78
622,1 1/2 sink drain without overflow,26,B00VWIR0A2,"KES Bathroom Sink Drain without Overflow Vessel Sink Lavatory Vanity Pop Up Drain Stopper Oil Rubbed Bronze Finish, S2008D-ORB",S,FP,13,0.6538,0.6538,0.6538,17812.78
622,1 1/2 sink drain without overflow,26,B01A9GHXGS,"Decor Star PU-003-TO-V2 1 1/2"" Bathroom Faucet Vessel Vanity Sink Pop Up Drain Stopper Without Overflow Oil Rubbed Bronze",E,TP,14,0.6538,0.6538,0.6538,17812.78
622,1 1/2 sink drain without overflow,26,B06XGXSRXL,Sinkology TG01-AG Copper Decorative Solid Brass Bath Grid Drain Without Overflow in Aged,S,FP,15,0.6538,0.6538,0.6538,17812.78
622,1 1/2 sink drain without overflow,26,B07Q6V1DFR,"REGALMIX Pop Up Drain, Bathroom Faucet Vessel Vanity Sink Drain Stopper, Built-In Anti-Clogging Strainer, Polished Chrome without Overflow,Fits Standard American Drain Hole(1-1/2"" to 1-3/4"") R085A-CP…",E,TP,16,0.6538,0.6538,0.6538,17812.78
622,1 1/2 sink drain without overflow,26,B07HQML4H9,Flybath Sink Drain Brass Oil Rubbed Bronze Finish Bathroom Faucet Small Pop Up Vessel Basin Sink Drain Stopper Without Overflow,E,TP,17,0.6538,0.6538,0.6538,17812.78
622,1 1/2 sink drain without overflow,26,B08PBMZH4H,"ESFORT Pop Up Sink Drain Without Overflow, Bathroom Sink Pop Up Assembly Vessel Sink Drain, Brushed Gold",S,FP,18,0.6538,0.6538,0.6538,17812.78
622,1 1/2 sink drain without overflow,26,B08YDL7WPW,"ESFORT Pop Up Drain, Bathroom Sink Drain Stopper without Overflow, Oil Rubbed Bronze, Fits Drain Hole 1-1/2"" to 1-3/4""",E,TP,19,0.6538,0.6538,0.6538,17812.78
622,1 1/2 sink drain without overflow,26,B07SBVK2XP,"Crocs Unisex Men's and Women's Classic Clog (Retired Colors), Cantaloupe, 8 US",I,FP,20,0.6538,0.6538,0.6538,17812.78
622,1 1/2 sink drain without overflow,26,B07S5ZVKW5,Black Lavatory Vessel Bathroom Vanity Faucet Pop Up Drain Stopper without Overflow,E,TP,21,0.6538,0.6538,0.6538,17812.78
622,1 1/2 sink drain without overflow,26,B01CNNH6LM,"Yodel Bathroom Sink Drain Stopper Pop up Drain Without Overflow for Vessel Sink Lavatory Vanity,Chrome",E,TP,22,0.6538,0.6538,0.6538,17812.78
622,1 1/2 sink drain without overflow,26,B00GMR51XG,"Decor Star PU-005 1 1/2"" Bathroom Faucet Vessel Vanity Sink Grid Drain Stopper Strainer Without Overflow Brushed Nickel (Regular)",C,FP,23,0.6538,0.6538,0.6538,17812.78
622,1 1/2 sink drain without overflow,26,B07CTGRGX6,"HOMELODY Vessel Sink Drain, 1 5/8"" Bathroom Sink Drain with Removable Brass Strainer Basket, Anti-clogging Pop Up Drain Stopper Oil Rubbed Bronze without Overflow, HL8018AORB",S,FP,24,0.6538,0.6538,0.6538,17812.78
622,1 1/2 sink drain without overflow,26,B072KMXDPQ,"Greenspring Bathroom Sink Drain Without Overflow 1 5/8"" Pop Up Drain Stopper Assembly Vessel Vanity Sink Lavatory Commercial Bath Brass Chrome",S,FP,25,0.6538,0.6538,0.6538,17812.78
622,1 1/2 sink drain without overflow,26,B072LYZC8Q,1 1/2 Inches Bathroom Faucet Vessel Vanity Pop-Up Sink Drain Hole Stopper Chrome Finish Without Overflow for Home Commercial Spa Restaurant Hotel,E,TP,26,0.6538,0.6538,0.6538,17812.78
622,1 1/2 sink drain without overflow,26,B08JBYRD3H,"TNOMS Bathroom Sink Drain with Strainer Basket Hair Catcher Brushed Nickel Pop Up Drain Stopper Vanity Vessel Sink without Overflow,XSQ-BR-A",E,FN,,0.6538,0.6538,0.6538,17812.78
622,1 1/2 sink drain without overflow,26,B007B5PGA6,"Decor Star PU-003-TB 1 1/2"" Bathroom Faucet Vessel Vanity Sink Pop Up Drain Stopper Without Overflow Brushed Nickel",E,FN,,0.6538,0.6538,0.6538,17812.78
622,1 1/2 sink drain without overflow,26,B07F1G9FHL,"REGALMIX Bathroom Sink Drain, Vessel Sink Pop Up Drain With Detachable Basket Stopper,Anti-Explosion And Anti-Clogging Drain Strainer, Sink Drain Assembly Without Overflow Polished Chrome, RWF082A.",E,FN,,0.6538,0.6538,0.6538,17812.78
622,1 1/2 sink drain without overflow,26,B00JKRVI4Q,"Luxier DS05-TB 1 1/2"" Bathroom Faucet Vessel Vanity Sink Grid Drain Stopper Strainer Without Overflow Brushed Nickel",E,FN,,0.6538,0.6538,0.6538,17812.78
622,1 1/2 sink drain without overflow,26,B00JV9NY54,"Luxier DS03-TB 1 1/2"" Bathroom Faucet Vessel Vanity Sink Pop Up Drain Stopper Without Overflow Brushed Nickel",E,FN,,0.6538,0.6538,0.6538,17812.78
622,1 1/2 sink drain without overflow,26,B07S31S21B,"Decor Star PU-005-TM 1 1/2"" Bathroom Faucet Vessel Vanity Sink Grid Drain Stopper Strainer Without Overflow Matte Black",E,FN,,0.6538,0.6538,0.6538,17812.78
622,1 1/2 sink drain without overflow,26,B07DN4T7T6,"Bathfinesse Bathroom Faucet Vessel Vanity Sink Pop up Drain Stopper without Overflow Brass Fits Standard Bathroom Sink Hole 1-1/2"" to 1-3/4"" Brushed Nickel",E,FN,,0.6538,0.6538,0.6538,17812.78
622,1 1/2 sink drain without overflow,26,B07QXQG73M,"7Trees Bathroom Faucet Vessel Vanity Sink Pop Up Drain Stopper Assembly Without Overflow, Oil Rubbed Bronze",E,FN,,0.6538,0.6538,0.6538,17812.78
622,1 1/2 sink drain without overflow,26,B00S5SRIO0,"Aquaterior Decor 1 1/2"" Bathroom Faucet Vessel Vanity Sink Pop Up Drain Stopper Without Overflow Antique Copper",E,FN,,0.6538,0.6538,0.6538,17812.78
628,1 1/4 leather belt without buckle full grain,21,B07TY2TT4M,"Vermont Men's Jean Casual Leather Brown Belt 1 1/4"" Wide (GUN, 30)",I,FP,1,0.4762,0.4762,0.4762,18271.13
628,1 1/4 leather belt without buckle full grain,21,B07PPPPFDK,"Mens Leather Ratchet Belt Strap Only 1 3/8” without Buckle (28""-42"" Waist Adjustable, Black leather -106)",E,TP,2,0.4762,0.4762,0.4762,18271.13
628,1 1/4 leather belt without buckle full grain,21,B07JHDP3PY,Bootlegger Leather Belt | Made in USA | Brown with Black Buckle - 44,I,FP,3,0.4762,0.4762,0.4762,18271.13
628,1 1/4 leather belt without buckle full grain,21,B085L9LK4R,"Vatee's Reversible Genuine Leather Belts For Men/Women Replacement Belt Strap Without Buckle 1.25""(32mm) Wide 39""(100cm) Long Black & Orange",E,TP,4,0.4762,0.4762,0.4762,18271.13
628,1 1/4 leather belt without buckle full grain,21,B084PB28BP,"JASGOOD Leather belt Strap for Men,Black Snap Leather Belt No Buckle,Black without buckle,Suit for pant size 34-39 Inches",E,TP,5,0.4762,0.4762,0.4762,18271.13
628,1 1/4 leather belt without buckle full grain,21,B07HHGPYNM,"1 1/4"" Stitched Leather Belt, Heavy Duty Work Belt, 100% Full Grain Leather (Black, 42)",S,FP,6,0.4762,0.4762,0.4762,18271.13
628,1 1/4 leather belt without buckle full grain,21,B01M0RL7U4,Gelante Genuine Full Grain Leather Belt Strap without Belt Buckle G2016-BK-M,E,TP,7,0.4762,0.4762,0.4762,18271.13
628,1 1/4 leather belt without buckle full grain,21,B089K94X19,Barry.Wang White Leather Belt Strap Ratchet Buckle No Holes Wedding Dress Waist Girdle 51inches Long,E,TP,8,0.4762,0.4762,0.4762,18271.13
628,1 1/4 leather belt without buckle full grain,21,B014QROIGO,"Belt for buckle men Snap on Strap Full Grain One Piece Leather no buckle,1 1/2"" Wide, Made in USA, Black size 38",S,FP,9,0.4762,0.4762,0.4762,18271.13
628,1 1/4 leather belt without buckle full grain,21,B07TZ9DNNN,Falari Replacement Genuine Leather Dress Belt Strap Without Buckle Snap on Strap 33mm fit 35mm Buckle - Black - M,E,TP,10,0.4762,0.4762,0.4762,18271.13
628,1 1/4 leather belt without buckle full grain,21,B072MDJX3G,"Uroruns Men's Real Leather 1 3/8inch Ratchet Sliding Replacment Belts Straps For Men No Buckle Big andTall, Black, Up to 54"" Waist / Belt:150cm",E,TP,11,0.4762,0.4762,0.4762,18271.13
628,1 1/4 leather belt without buckle full grain,21,B07F3N2FZY,"1 1/4"" Snap On Embossed Floral Leaf Perforated Vintage Soft Cowhide Full Grain Thick Leather Casual Jean Belt, Brown | 30""",E,TP,12,0.4762,0.4762,0.4762,18271.13
628,1 1/4 leather belt without buckle full grain,21,B01M01U4PC,"3840002 One Piece Genuine Full Grain Vintage Distressed Leather Belt Strap 1-1/2""(38mm) Wide Brown, 36",S,FP,13,0.4762,0.4762,0.4762,18271.13
628,1 1/4 leather belt without buckle full grain,21,B07S383DCW,The Classic Leather Everyday Belt | Made in USA | Full Grain Leather,S,FP,14,0.4762,0.4762,0.4762,18271.13
628,1 1/4 leather belt without buckle full grain,21,B07SDFXFJQ,"Baitaihem Men's Leather Belt Only , 2 Pack Replacement Leather Belt Strap without Buckle 1 3/8”(Black & Brown)",S,FP,15,0.4762,0.4762,0.4762,18271.13
628,1 1/4 leather belt without buckle full grain,21,B07M9Y2CT1,"Vatee's Men's Adjustable Replacement Belt Strap Without Buckle Top Grain Genuine Leather 1.5""(38mm) Wide 49"" Long",E,TP,16,0.4762,0.4762,0.4762,18271.13
628,1 1/4 leather belt without buckle full grain,21,B01LYF3KJP,"382000 Genuine One Piece Full Grain Leather Hand Tooled Engraved Belt Strap 1-1/2"" Wide (Brown, 40)",S,FP,17,0.4762,0.4762,0.4762,18271.13
628,1 1/4 leather belt without buckle full grain,21,B07TDZHM6R,"Flow Alkaline Spring Water, Organic Cucumber + Mint, 100% Natural Alkaline Water pH 8.1, Electrolytes + Essential Minerals, Eco-Friendly Pack, 100% Recyclable, BPA-Free, Non-GMO, Pack of 12x500ml",I,FP,18,0.4762,0.4762,0.4762,18271.13
628,1 1/4 leather belt without buckle full grain,21,B00LNKAQOQ,"100% One-Piece Full Grain Leather Belt Strap with No Slot Hole 1 1/2"" Wide (Brown, 36)",E,TP,19,0.4762,0.4762,0.4762,18271.13
628,1 1/4 leather belt without buckle full grain,21,B072LP46GK,"Mens Casual Belt Leather, Super Soft Full Grain Leather Comfort Belt, Black, Size 36 (Waist 34)",S,FP,20,0.4762,0.4762,0.4762,18271.13
628,1 1/4 leather belt without buckle full grain,21,B07W91SXSB,"Mens Leather belt Full Grain One Piece Vintage Distressed Style Snap on Strap for Interchangeable Buckles, 1 .25"" Wide, ATEO TAN,size 36,1043",S,FP,21,0.4762,0.4762,0.4762,18271.13
628,1 1/4 leather belt without buckle full grain,21,B0756MXKHV,Falari Full Grain Belt Strap Without Buckle 35mm Strap ONLY 8002-DBN-XL44,E,FN,,0.4762,0.4762,0.4762,18271.13
628,1 1/4 leather belt without buckle full grain,21,B01MXPFNU2,"NPET Mens Leather Belt Full Grain Vintage Distressed Style Snap on Strap 1 1/2"" Wide Coffee 32""-34""",E,FN,,0.4762,0.4762,0.4762,18271.13
628,1 1/4 leather belt without buckle full grain,21,B07SQ8HTPF,"Vatee's Women's/Men's Real Leather Replacement Belt Strap No Buckle 1 1/4""(32mm) Wide 43"" Long Earth Yellow",E,FN,,0.4762,0.4762,0.4762,18271.13
628,1 1/4 leather belt without buckle full grain,21,B00SU52QO0,"BS304 Genuine Full Grain Vintage Leather Belt Strap with Snaps on 1-1/2""(38mm) wide (Tan, 38)",E,FN,,0.4762,0.4762,0.4762,18271.13
628,1 1/4 leather belt without buckle full grain,21,B07ZT8ZVCX,"Vatee's Women's Reversible Real Leather Replacement Belt Strap without Buckle 1""/25mm Wide Adjustable 43"" Long White/Black",E,FN,,0.4762,0.4762,0.4762,18271.13
628,1 1/4 leather belt without buckle full grain,21,B0844K96WV,"Marino Avenue Men’s Genuine Leather Ratchet Dress Belt with Linxx Buckle - Gift Box - Open Grid - Black - Adjustable from 48"" to 64"" Waist",E,FN,,0.4762,0.4762,0.4762,18271.13
628,1 1/4 leather belt without buckle full grain,21,B07BS39QSG,Falari Full Grain Braided Belt Strap Without Buckle 34mm Strap Fit 35mm Buckle 8007-BRN-XL,E,FN,,0.4762,0.4762,0.4762,18271.13
628,1 1/4 leather belt without buckle full grain,21,B078ZVRFBM,"Men's Genuine Leather Dress Belt without Buckle Ratchet Belt 51""Length 1 3/8"" wide",E,FN,,0.4762,0.4762,0.4762,18271.13
628,1 1/4 leather belt without buckle full grain,21,B07R76Z34R,"Mens Belt No Buckle,White Ratchet Leather Belt Business Wedding Cowhide Belt Adjustable(White,51.2'')",E,FN,,0.4762,0.4762,0.4762,18271.13
628,1 1/4 leather belt without buckle full grain,21,B07JGPF4V9,"CHAOREN Ratchet Belt Strap Only 1 1/4”, Replacement Leather Belt 1.25"" without Buckle",E,FN,,0.4762,0.4762,0.4762,18271.13
628,1 1/4 leather belt without buckle full grain,21,B00O19RYE6,"Made in the USA One Piece Full Genuine Leather Belt Strap - 1-1/4"" (32MM) Wide (Black, 34)",E,FN,,0.4762,0.4762,0.4762,18271.13
632,1 1/4 receiver,11,B004J8KVEY,"Reese Towpower 7043000 1-1/4"" Class II Interlock Starter Kit",I,FP,1,0.6364,0.6364,0.6364,16550.34
632,1 1/4 receiver,11,B07Z8HMZ4Q,"B&W Trailer Hitches Tow & Stow - Fits 2.5"" Receiver, Tri-Ball (1-7/8"" x 2"" x 2-5/16""), 8.5"" Drop, 14,500 GTW - TS20050B",I,FP,2,0.6364,0.6364,0.6364,16550.34
632,1 1/4 receiver,11,B001GN1F6S,CURT 49506 1-1/4-Inch x 6-Inch Weld-On Raw Steel Trailer Hitch Receiver Tube,E,TP,3,0.6364,0.6364,0.6364,16550.34
632,1 1/4 receiver,11,B003AT19HQ,"CURT 45014 Class 2 Trailer Hitch Ball Mount, Fits 1-1/4-Inch Receiver, 3,500 lbs, 3/4-Inch Hole, 5-Inch Rise",E,TP,4,0.6364,0.6364,0.6364,16550.34
632,1 1/4 receiver,11,B07R4YD16B,MICTUNING 2 inches Class III/IV to 1-1/4 inches Class I/II Receiver Hitch Adapter Insert Sleeve Mount Adapter - 2 inches to 1.25 inches Receiver Reducer Converter for Bike Rack and Cargo Carriers,E,TP,5,0.6364,0.6364,0.6364,16550.34
632,1 1/4 receiver,11,B0049CHYGS,"CURT 45028 Class 1 Trailer Hitch Ball Mount, Fits 1-1/4-Inch Receiver, 2,000 lbs, 3/4-Inch Hole, 6-Inch Drop, 4-5/8-Inch Rise",E,TP,6,0.6364,0.6364,0.6364,16550.34
632,1 1/4 receiver,11,B003AT49S2,"CURT 45015 Class 2 Trailer Hitch Ball Mount, Fits 1-1/4-Inch Receiver, 3,500 lbs, 3/4-Inch Hole, 5-Inch Rise",E,TP,7,0.6364,0.6364,0.6364,16550.34
632,1 1/4 receiver,11,B00ISLA1WA,"MaxxHaul 70355 1-1/4"" to 2"" (Fits class II only) Hitch Adapter with 4"" Rise and 3-3/8"" Drop",C,FP,8,0.6364,0.6364,0.6364,16550.34
632,1 1/4 receiver,11,B005IHTAMY,"Neutrogena Fresh Foaming Facial Cleanser & Makeup Remover with Glycerin, Oil-, Soap- & Alcohol-Free Daily Face Wash Removes Dirt, Oil & Waterproof Makeup, Non-Comedogenic & Hypoallergenic, 6.7 fl. oz",I,FP,9,0.6364,0.6364,0.6364,16550.34
632,1 1/4 receiver,11,B002YEFQFO,"CURT 45000 Class 2 Trailer Hitch Ball Mount, Fits 1-1/4-Inch Receiver, 3,500 lbs, 3/4-Inch Hole, 3-7/8-Inch Rise",E,TP,10,0.6364,0.6364,0.6364,16550.34
632,1 1/4 receiver,11,B075GHG431,BougeRV 1 1/4 Inch (1.25 Inch) Trailer Hitch Cover Plug Insert Rubber Hitch Plug Fits 1.25 Inch Receivers for Subaru Jeep,E,TP,11,0.6364,0.6364,0.6364,16550.34
632,1 1/4 receiver,11,B07BN2KKHK,"Black Boar ATV/UTV Mount with Hitch Winch Strap Loop (2"" Ball 1 1/4"" Shank) (66024)",E,FN,,0.6364,0.6364,0.6364,16550.34
632,1 1/4 receiver,11,B001IH8Q0A,"Reese Towpower 7020500 1-1/4"" to 2"" Receiver Adapter - 6"" Long",E,FN,,0.6364,0.6364,0.6364,16550.34
632,1 1/4 receiver,11,B07J5G6SLS,"LFPartS from 2"" to 1-1/4"" Metal Trailer Receiver Hitch Adapter Converter for and Cargo Carriers from 2 inches to 1.25 inches with Anti-Rattle No Wobble Stainless Steel Hitch Pin Bolt Kit",E,FN,,0.6364,0.6364,0.6364,16550.34
632,1 1/4 receiver,11,B07JLZZJJ9,LFPartS 1/2 Inches Diameter Stainless Steel Trailer Hitch Pin Keeper Grip Clip Kit Fits 1 1/4 Receiver,E,FN,,0.6364,0.6364,0.6364,16550.34
637,1 1/4” npt,13,B07Y1PF49S,"AIICIOO Full Port Ball Valve 2PC Stainless Steel Female Shut Off Valve with Blue Vinyl Handle for Water Oil Gas 1 1/4"" NPT(1.25 Inch)",E,TP,1,0.7692,0.7692,0.7692,16868.12
637,1 1/4” npt,13,B07PBPB367,TAILONZ PNEUMATIC Male Straight 1/4 Inch Tube OD x 1/4 Inch NPT Thread Push to Connect Fitting PC-1/4-N2 (Pack of 10),E,TP,2,0.7692,0.7692,0.7692,16868.12
637,1 1/4” npt,13,B003TWP2IG,"Lead Free Pipe Fitting, Hex Bushing, 3/4"" NPT Male X 1/4"" NPT Female",E,TP,3,0.7692,0.7692,0.7692,16868.12
637,1 1/4” npt,13,B07F9JYRBY,"Nigo Industrial Co. Brass Pipe Fitting, Hex Bushing Reducer, Nominal Pipe Size: 1/2"" NPT Male x 1/4"" NPT Female",E,TP,4,0.7692,0.7692,0.7692,16868.12
637,1 1/4” npt,13,B07D2HF7ZL,"EDGE INDUSTRIAL Brass REDUCING HEX Bushing 1"" Male NPT X 1/4"" Female NPT Fuel / AIR/ Water / Oil/ Gas WOG (Qty 01)",E,TP,5,0.7692,0.7692,0.7692,16868.12
637,1 1/4” npt,13,B00N2SGBT6,"Supply Giant CSCV1000 1 in. Male X 1/4 in. Female NPT Lead Free Bushing, Fitting with Hexagonal Head, Brass Construction, Higher Corrosion Resistance Economical & Easy to Install, 19",E,TP,6,0.7692,0.7692,0.7692,16868.12
637,1 1/4” npt,13,B07STM6HGX,"TAILONZ PNEUMATIC 5-in-1 1/4 Inch NPT AR2000 Mini Pressure Regulator Kit for Compressed Air Systems, Adjust 0 to 140 Psi",S,FP,7,0.7692,0.7692,0.7692,16868.12
637,1 1/4” npt,13,B0087UYDPS,"Winters Instruments - PFQ804R1 -804R1 PFQ Series Stainless Steel 304 Single Scale Liquid Filled Pressure Gauge with Brass Internals, 0-100 psi, 2-1/2"" Dial Display, +/-1.5% Accuracy, 1/4"" NPT Bottom Mount",C,FP,8,0.7692,0.7692,0.7692,16868.12
637,1 1/4” npt,13,B08D6BHWQP,"Minimprover 20 PCS Solid Brass Pipe Fitting and Air Hose End Fitings,1/4"" NPT Male to 1/4"" Barb,Hose Barb Thread Pipe Adapter",E,TP,9,0.7692,0.7692,0.7692,16868.12
637,1 1/4” npt,13,B07F9Q7VDJ,"Nigo Industrial Co. Brass Pipe Fitting, Hex Bushing Reducer, Nominal Pipe Size: 3/4"" NPT Male x 1/2"" NPT Female",I,FP,10,0.7692,0.7692,0.7692,16868.12
637,1 1/4” npt,13,B01EV4TV64,"1 1/4"" NPT Thread Plug gage 100% Checked Ship by FedEx Delivery in 4 Days",E,TP,11,0.7692,0.7692,0.7692,16868.12
637,1 1/4” npt,13,B07SC7HJH6,"Nigo Brass Pipe Fitting, Forged Brass Tee, 3-Way, NPT Female X NPT Female X NPT Male (1, 1/4"" x 1/4"" x 1/4"")",E,TP,12,0.7692,0.7692,0.7692,16868.12
637,1 1/4” npt,13,B07N8SHSJQ,"Nigo Industrial Co. Brass Hose Fitting, Connector (1/4"" Barb x 1/4"" NPT Female, 1)",E,TP,13,0.7692,0.7692,0.7692,16868.12
637,1 1/4” npt,13,B07S2GH668,TAILONZ PNEUMATIC 3 Pack SL-1/4-N1 Push to Connect Air Line Fitting Air Flow Control Valve 1/4 Inch od 1/8 Inch Npt Elbow 90 Degree Air Speed Control Valve Fitting Push Lock,E,FN,,0.7692,0.7692,0.7692,16868.12
637,1 1/4” npt,13,B000FMYGIK,"Parker A-Lok 4MSC4N-316 316 Stainless Steel Tube Fitting, Adapter, 1/4"" Tube OD x 1/4"" NPT Male",E,FN,,0.7692,0.7692,0.7692,16868.12
637,1 1/4” npt,13,B07GT4WP3K,"Flagpole Revolving Truck Single Pulley Heavy Duty 1 1/4"" NPT Spindle USA Made",E,FN,,0.7692,0.7692,0.7692,16868.12
638,1 1/4” sink drain without overflow,26,B0982HHL8Y,"EZ-FLUID Plumbing 1-1/4"" x 1"" C X C LF Copper Reducer Reducing Coupling Pressure Copper Fitting Without Stop,Sweat Solder Connection for Residential,Commercial. (1 Pack)",I,FP,1,0.6154,0.6154,0.6154,17832.21
638,1 1/4” sink drain without overflow,26,B0019W54LI,"Kingston Brass KB4002 Fauceture 19 Hole Grid Drain for Vessel Sink , Polished Brass",E,TP,2,0.6154,0.6154,0.6154,17832.21
638,1 1/4” sink drain without overflow,26,B08FSVTP2J,"MENATT Round P-Trap Waste Pipe Kit Assembly, Bottle Trap Deodorant Type with 1 1/4"" Pop-up Drain Stopper without overflow, Bathroom Sink Siphon Drainer Plumbing Tube Chrome Finished",E,TP,3,0.6154,0.6154,0.6154,17832.21
638,1 1/4” sink drain without overflow,26,B07CTGRGX6,"HOMELODY Vessel Sink Drain, 1 5/8"" Bathroom Sink Drain with Removable Brass Strainer Basket, Anti-clogging Pop Up Drain Stopper Oil Rubbed Bronze without Overflow, HL8018AORB",S,FP,4,0.6154,0.6154,0.6154,17832.21
638,1 1/4” sink drain without overflow,26,B08JK541KM,Bathroom Sink Drain without Overflow with Strainer Basket Detachable Vessel Sink Lavatory Vanity Pop Up Drain Stopper Polished Chrome,E,TP,5,0.6154,0.6154,0.6154,17832.21
638,1 1/4” sink drain without overflow,26,B08PBMZH4H,"ESFORT Pop Up Sink Drain Without Overflow, Bathroom Sink Pop Up Assembly Vessel Sink Drain, Brushed Gold",I,FP,6,0.6154,0.6154,0.6154,17832.21
638,1 1/4” sink drain without overflow,26,B076DRZ1LV,Stainless Steel Bathroom Sink Flip Drain Stopper Without Overflow DFY002,E,TP,7,0.6154,0.6154,0.6154,17832.21
638,1 1/4” sink drain without overflow,26,B07B2YQLBL,"Oil Rubbed Bronze Pop Up Drain, Bathroom Vessel Lavatory Vanity Faucet Sink Drain Stopper, ORB without Overflow",E,TP,8,0.6154,0.6154,0.6154,17832.21
638,1 1/4” sink drain without overflow,26,B00PVE19SW,"KES Bathroom Faucet Vessel Vanity Sink Pop Up Drain Stopper with Overflow Oil Rubbed Bronze, S2008A-ORB",E,TP,9,0.6154,0.6154,0.6154,17832.21
638,1 1/4” sink drain without overflow,26,B01D8B405I,"KES Bathroom Sink Drain with Overflow Vessel Sink Lavatory Vanity Pop Up Drain Stopper Polished Chrome Finish, S2007A-CH",E,TP,10,0.6154,0.6154,0.6154,17832.21
638,1 1/4” sink drain without overflow,26,B08LKC6XHT,"Zerodis Basin Sink Unslotted Pop Up Click Clack Sprung, Plug Pop Up Drain Assembly Non-Over for hroom Sink (Silver)",E,TP,11,0.6154,0.6154,0.6154,17832.21
638,1 1/4” sink drain without overflow,26,B07DWS4MBW,"Brass Round Bottle P Trap, Basin Sink Waste Trap Drain Tube Kit Adjustable Height, Oil Rubbed Bronze Finished",E,TP,12,0.6154,0.6154,0.6154,17832.21
638,1 1/4” sink drain without overflow,26,B07DJ39FS9,"Homevacious 1 5/8"" Bathroom Faucet Vessel Vanity Sink Pop up Drain Stopper Plug without Overflow Fits Bathroom Standard Sink Hole 1-1/2"" to 1-3/4"" Brushed Nickel Push & Seal Cupc Lead-Free",S,FP,13,0.6154,0.6154,0.6154,17832.21
638,1 1/4” sink drain without overflow,26,B07NDKWYR6,"RV Bathroom Sink Pop-Up Drain Without Overflow for Recreational Vehicles, 5th Wheels, Campers, and Trailers - Features Easy Installation (Parchment (Beige))",E,TP,14,0.6154,0.6154,0.6154,17832.21
638,1 1/4” sink drain without overflow,26,B08CV618QH,"Bathroom Faucet Vessel Basin Vanity Sink Pop Up Drain Stopper With Detachable Basket Stopper Sink Drain Assembly With Overflow, Gold Finish",I,FP,15,0.6154,0.6154,0.6154,17832.21
638,1 1/4” sink drain without overflow,26,B07MNLSZ5N,"RANDOM Bathroom Faucet Vessel Vanity Sink Pop Up Drain Stopper without Overflow, Brushed Gold(Pop Up Drain Brushed Gold)",E,TP,16,0.6154,0.6154,0.6154,17832.21
638,1 1/4” sink drain without overflow,26,B07ZR6BPYS,Matte Black Brass Bottle P Waste Trap Decorative Adjustable Height 1 1/4″Drain Pipe Tube Kit for Bathroom Vessel Sink Lavatory with Overflow (HM2020),I,FP,17,0.6154,0.6154,0.6154,17832.21
638,1 1/4” sink drain without overflow,26,B07HQFT7GG,Gimify Bathroom Sink Bottle Trap & Pop Up Drain Waste Trap Drain Kit without Overflow for Wall Hung Sink Chrome 1-1/4'',E,TP,18,0.6154,0.6154,0.6154,17832.21
638,1 1/4” sink drain without overflow,26,B07H8WLK7C,"Brass Round Bottle P Trap, Basin Sink Waste Trap Drain Tube Kit Adjustable Height, Brushed Nickel Finished",C,FP,19,0.6154,0.6154,0.6154,17832.21
638,1 1/4” sink drain without overflow,26,B07SDLN734,"2 Pack - 2.13"" Top / 1"" Basket- Sink Strainer Bathroom Sink, Utility, Slop, Laundry, RV and Lavatory Sink Drain Strainer Hair Catcher. 1/16"" Holes. Stainless Steel",E,TP,20,0.6154,0.6154,0.6154,17832.21
638,1 1/4” sink drain without overflow,26,B001309YGM,"Moen 14078ORB Bathroom Vessel Sink Pop-Up Drain Assembly, Oil Rubbed Bronze",E,TP,21,0.6154,0.6154,0.6154,17832.21
638,1 1/4” sink drain without overflow,26,B07RLLCV3P,"KES Bathroom Sink Drain with Strainer Basket Hair Catcher Anti Clog Pop Up Drain Stopper Vanity Vessel Sink with Overflow, Matte Black S2013A-BK",I,FP,22,0.6154,0.6154,0.6154,17832.21
638,1 1/4” sink drain without overflow,26,B07HLPNR9Z,"BATHLAVISH Bathroom Faucet Vessel Vanity Sink Pop up Drain Stopper without Overflow Oil Rubbed Bronze Fits Bathroom Standard Sink Hole 1-1/2"" to 1-3/4""",S,FP,23,0.6154,0.6154,0.6154,17832.21
638,1 1/4” sink drain without overflow,26,B01MUB7BUV,"Perfect Keto Test Strips - Best for Testing Ketones in Urine on Low Carb Ketogenic Diet, Ketosis Home Urinalysis Tester Kit, 100 CT",I,FP,24,0.6154,0.6154,0.6154,17832.21
638,1 1/4” sink drain without overflow,26,B07W5PNSFW,"Drain Buddy No Installation Clog Preventing Bathroom Sink Stopper/Strainer, Fits 1.25” Bathroom Sink Drains | Chrome Plated Plastic Caps",E,TP,25,0.6154,0.6154,0.6154,17832.21
638,1 1/4” sink drain without overflow,26,B07F13Y42Z,"REGALMIX Bathroom Sink Drain, Vessel Sink Pop Up Drain With Detachable Basket Stopper,Sink Drain Assembly Without Overflow Brushed Nickel, Anti-Explosion And Anti-Clogging Drain Strainer, RWF082B",E,TP,26,0.6154,0.6154,0.6154,17832.21
638,1 1/4” sink drain without overflow,26,B07V1HKVNG,"Pop Up Drain Stopper with Overflow, Bathroom Vanity Vessel Sink Drain, Matte Black",E,FN,,0.6154,0.6154,0.6154,17832.21
638,1 1/4” sink drain without overflow,26,B082WSGWF9,"HANEBATH Brass Pop-up Drain with Strainer Basket, Bathroom Sink Drain Assembly less Overflow, Oil Rubbed Bronze",E,FN,,0.6154,0.6154,0.6154,17832.21
638,1 1/4” sink drain without overflow,26,B07M7Y58RY,"G1 1/4"" Brass Bathroom Faucet Vessel Vanity Sink Pop up Drain Stopper Without Overflow for Bathroom Kitchen Sinks(Black Chrome)",E,FN,,0.6154,0.6154,0.6154,17832.21
638,1 1/4” sink drain without overflow,26,B07MX2M7W1,"Orhemus Brass Round Bottle P Trap, Basin Sink Waste Trap Drain Tube Kit Adjustable Height, Brushed Gold Finished",E,FN,,0.6154,0.6154,0.6154,17832.21
638,1 1/4” sink drain without overflow,26,B07BB8Y5NT,"Plumb Pak K820-74 Universal Open Grid Bathroom Sink Drain Without Overflow, Polished Chrome",E,FN,,0.6154,0.6154,0.6154,17832.21
638,1 1/4” sink drain without overflow,26,B06XY2HPQY,"KES Pop Up Drain Stopper for Bathroom Vessel Vanity Sink without Overflow, Brushed Nickel S2007D-BN",E,FN,,0.6154,0.6154,0.6154,17832.21
638,1 1/4” sink drain without overflow,26,B07S5Z8HZC,"ORB Lavatory Sink Drain without Overflow, Bathroom Vessel Sink Oil Rubbed Bronze Pop Up Drain Stopper",E,FN,,0.6154,0.6154,0.6154,17832.21
638,1 1/4” sink drain without overflow,26,B07B9B4GJR,Keeney K820-76 Universal Push Button Bathroom Sink Drain Without Overflow - Chrome,E,FN,,0.6154,0.6154,0.6154,17832.21
638,1 1/4” sink drain without overflow,26,B07N43C9Y2,"TRUSTMI Bottle P Trap Brass Round 1 1/4 Inch Decorative P-Trap, Adjustable Bathroom Basin Sink Waste Drain Kit, Wall Drainage, Matte Black",E,FN,,0.6154,0.6154,0.6154,17832.21
638,1 1/4” sink drain without overflow,26,B07W8218FZ,"SinkShroom Ultra Revolutionary Bathroom Sink Drain Protector, Stainless Steel Standalone",E,FN,,0.6154,0.6154,0.6154,17832.21
642,1 12 off-road vehicle not rc,9,B07DWRPDKQ,"QIQU Synthetic Soft Shackle for Boating ATV UTV SUV 4X4 Truck Recovery Off-Road Camping Farming Marine Industrial (1/4''x80mm, Grey)",I,FP,1,0.0,0.0,0.0,16760.56
642,1 12 off-road vehicle not rc,9,B07CK5SWGW,Cigarette Lighter Socket Car Marine Motorcycle Power Supply Outlet Receptacle Waterproof Cigarette Lighter Adapter Plug DC 12V/24V with Blue LED Indicator for ATV RV Boat SUV Bus Truck,I,FP,2,0.0,0.0,0.0,16760.56
642,1 12 off-road vehicle not rc,9,B01M1DP96U,ECOTRIC 3 Point 2 Receiver Trailer Hitch Category 1 Tractor Tow Hitch Drawbar Adapter with One Year Warranty,I,FP,3,0.0,0.0,0.0,16760.56
642,1 12 off-road vehicle not rc,9,B07Z4715XK,NICHE High Strength Front Left and Right Axle Kit Combo for 2004-2009 Yamaha Rhino 450 660 5UG-F518G-20-00,I,FP,4,0.0,0.0,0.0,16760.56
642,1 12 off-road vehicle not rc,9,B07541SV4Y,VALPRO 20 Liter (5 Gallon) Olive Green Drab Authentic NATO Jerry Can with Flexible Spout,I,FP,5,0.0,0.0,0.0,16760.56
642,1 12 off-road vehicle not rc,9,B017NT33S6,110cc ATV Four Wheelers Fully Automatic 4 Stroke Engine 6 Inch Tires Quads for Kids - PRETTY PINK SPIDER,I,FP,6,0.0,0.0,0.0,16760.56
642,1 12 off-road vehicle not rc,9,B00DX88LUC,RotopaX RotoPax RZR/UTV Single Mount Plate RX-RZR,I,FP,7,0.0,0.0,0.0,16760.56
642,1 12 off-road vehicle not rc,9,B07PFL95M3,"U.S. Art Supply - 1 Quart Floetrol Additive Pouring Supply Paint Medium Basic Kit for Mixing, Stain, Epoxy, Resin - Plastic Cups, Mini Painting Stands, Sticks, Spreaders",I,FP,8,0.0,0.0,0.0,16760.56
642,1 12 off-road vehicle not rc,9,B004B61AYY,"Rugged Ridge 11238.12 Winch Mounting Plate, Raised; 87-06 Jeep Wrangler YJ/TJ",I,FP,9,0.0,0.0,0.0,16760.56
642,1 12 off-road vehicle not rc,9,B08CB2HVZV,"Remote Control Car, TREYWELL RC Cars Remote Control Truck, 2.4GHZ 1:18 Fast Racing Monster Car, Off Road Radio rc Cars for Boys with 4 Batteries for Kids Teens Adults Toys for 4,5,6,7,8,9,10 Years Old",E,FN,,0.0,0.0,0.0,16760.56
642,1 12 off-road vehicle not rc,9,B08867Z9J6,"DEERC RC Cars 1/12 Scales Remote Control Car 4WD Off Road Rock Crawler,2.4GHz All Terrain Monster Truck with Rear Fog Stream 5 LED Lighting Modes,2 Battery for 40+ Min Play,Toy Car for Boys and Adults",E,FN,,0.0,0.0,0.0,16760.56
642,1 12 off-road vehicle not rc,9,B075ZPVRBW,"DOUBLE E RC Cars Remote Control Car 1:12 Off Road Monster Truck for Boy Adult Gifts ,2.4Ghz All Terrain Hobby Car with 2 Batteries,4WD Dual Motors LED Headlight Rock Crawler",E,FN,,0.0,0.0,0.0,16760.56
642,1 12 off-road vehicle not rc,9,B08NPD96WH,"Mukola Large Scale RC Car 1:12 Off Road Monster Truck Crawler with Head Lights, 4WD All Terrains Remote Control Car Vehicle with Two Rechargeable Batteries for Kids Adults",E,FN,,0.0,0.0,0.0,16760.56
642,1 12 off-road vehicle not rc,9,B0912YKHM4,"Remote Control Car Building Blocks Kit,1:12 Scale MOC Off-Road Vehicle Toys,RC&APP Programming Controlled Climbing Cars Brick Toy for 6+ Years,Boy,Kids,Adult (Blue)",E,FN,,0.0,0.0,0.0,16760.56
642,1 12 off-road vehicle not rc,9,B08R3J1HG4,"RC Cars Outdoor Remote Control Trucks for Kids 1:12 Scale Monster Hobby RC Trucks High-Speed 3 Gear Shift 2.4GHz Off Road RC Truck with Two Rechargeable Batteries,Electric Toy for Boys Kids",E,FN,,0.0,0.0,0.0,16760.56
642,1 12 off-road vehicle not rc,9,B07SZ77VV2,DOUBLE E RC Car 1:12 Remote Control Car Monster Trucks with Head Lights 4WD Off All Terrain RC Car Rechargeable Vehicles,E,FN,,0.0,0.0,0.0,16760.56
642,1 12 off-road vehicle not rc,9,B07PPF8HC8,"BEZGAR 18 Toy Grade 1:14 Scale Remote Control Car, 2WD High Speed 20 Km/h All Terrains Electric Toy Off Road RC Monster Vehicle Truck Crawler with Two Rechargeable Batteries for Boys Kids and Adults",E,FN,,0.0,0.0,0.0,16760.56
642,1 12 off-road vehicle not rc,9,B08NFWRLKL,"Peahog Rock Crawler Rc Car ,1:12 2.4g 4wd Rc Car Off-Road High-Speed Vehicle Minitary Truck Climb Rock Crawler Electric Hobby Grade RTR Toy for Kids Over 14 Years Old and Adults (Red)",E,FN,,0.0,0.0,0.0,16760.56
659,1 5/8 pop up drain without overflow,33,B07V5VTZSS,"Purelux Pop up Drain Stopper for Bathroom Sink Vessel or Vanity Sink Without Overflow, Matte Black Finish Spring Pop-Up Drain",E,TP,1,0.697,0.697,0.697,19034.92
659,1 5/8 pop up drain without overflow,33,B01MXZGDFW,"Beelee Bathroom Faucet Vessel Vanity Sink Pop Up Drain Stopper Without Overflow, Antique Brass Finish",E,TP,2,0.697,0.697,0.697,19034.92
659,1 5/8 pop up drain without overflow,33,B095VMVVDF,"Kraus PU-L10SN Bathroom Pop-Up Drain Assembly for Vessel Sinks Without Overflow, with Extended Thread for Thicker Countertops, 10 3/4 Inch, Satin Nickel",I,FP,3,0.697,0.697,0.697,19034.92
659,1 5/8 pop up drain without overflow,33,B07MNLSZ5N,"RANDOM Bathroom Faucet Vessel Vanity Sink Pop Up Drain Stopper without Overflow, Brushed Gold(Pop Up Drain Brushed Gold)",E,TP,4,0.697,0.697,0.697,19034.92
659,1 5/8 pop up drain without overflow,33,B002QCPQ4U,"Decor Star PU-001-TC 1 5/8"" Bathroom Faucet Vessel Vanity Sink Pop Up Drain Stopper Without Overflow Chrome",E,TP,5,0.697,0.697,0.697,19034.92
659,1 5/8 pop up drain without overflow,33,B07F1G9FHL,"REGALMIX Bathroom Sink Drain, Vessel Sink Pop Up Drain With Detachable Basket Stopper,Anti-Explosion And Anti-Clogging Drain Strainer, Sink Drain Assembly Without Overflow Polished Chrome, RWF082A.",E,TP,6,0.697,0.697,0.697,19034.92
659,1 5/8 pop up drain without overflow,33,B08DFF43BC,"GZILA Bathroom Vessel Sink Drain, 1 5/8"" Brass Pop Up Drain With Removable Basket Strainer Stopper, White Ceramic Cap, Without Overflow, Chrome",E,TP,7,0.697,0.697,0.697,19034.92
659,1 5/8 pop up drain without overflow,33,B01CNNH6LM,"Yodel Bathroom Sink Drain Stopper Pop up Drain Without Overflow for Vessel Sink Lavatory Vanity,Chrome",S,FP,8,0.697,0.697,0.697,19034.92
659,1 5/8 pop up drain without overflow,33,B00VWIQY40,"KES S2008D-4 Bathroom Faucet Vessel Vanity Sink Pop Up Drain Stopper without Overflow, Golden",I,FP,9,0.697,0.697,0.697,19034.92
659,1 5/8 pop up drain without overflow,33,B08GWHCFSR,"Homevacious 1 5/8"" Bathroom Faucet Vessel Vanity Sink Pop Up Drain Assembly Stopper Fits Bathroom Standard Sink Hole 1-1/2"" to 1-3/4"" Matte Black Plug Without Overflow Lead-Free Push & Seal",E,TP,10,0.697,0.697,0.697,19034.92
659,1 5/8 pop up drain without overflow,33,B0015C38DI,"Moen 140780BN Bathroom Vessel Sink Pop-Up Drain Assembly, Brushed Nickel",E,TP,11,0.697,0.697,0.697,19034.92
659,1 5/8 pop up drain without overflow,33,B07KGTHDWV,"HIGHCRAFT DRN31 R1031 Vessel Strainer Pop Up Drain Assembly without Overflow Bathroom Faucet Vanity Sink Stopper Polished Nickel, 1-5/8 in. Diameter",E,TP,12,0.697,0.697,0.697,19034.92
659,1 5/8 pop up drain without overflow,33,B00JK20LB2,"Luxier DS01-TP 1 5/8"" Bathroom Faucet Vessel Vanity Sink Pop Up Drain Stopper Without Overflow White Ceramic Porcelain",E,TP,13,0.697,0.697,0.697,19034.92
659,1 5/8 pop up drain without overflow,33,B07TP9FB7W,"BESTILL Bathroom Vessel Sink Drain Stopper, Push Pop Up Drain Without Overflow, Matte Black",E,TP,14,0.697,0.697,0.697,19034.92
659,1 5/8 pop up drain without overflow,33,B06XGXSRXL,Sinkology TG01-AG Copper Decorative Solid Brass Bath Grid Drain Without Overflow in Aged,E,TP,15,0.697,0.697,0.697,19034.92
659,1 5/8 pop up drain without overflow,33,B00S5SRIO0,"Aquaterior Decor 1 1/2"" Bathroom Faucet Vessel Vanity Sink Pop Up Drain Stopper Without Overflow Antique Copper",S,FP,16,0.697,0.697,0.697,19034.92
659,1 5/8 pop up drain without overflow,33,B007B5PGA6,"Decor Star PU-003-TB 1 1/2"" Bathroom Faucet Vessel Vanity Sink Pop Up Drain Stopper Without Overflow Brushed Nickel",E,TP,17,0.697,0.697,0.697,19034.92
659,1 5/8 pop up drain without overflow,33,B07HYP9819,TopDall Aluminum Alloy Car Steering Wheel Decoration Ring Sticker Decals for Jaguar XE XFL F-PACE F-Type XF 2015-2021,I,FP,18,0.697,0.697,0.697,19034.92
659,1 5/8 pop up drain without overflow,33,B07RKT28ND,"KES Bathroom Sink Drain with Strainer Basket Hair Catcher Anti Clog Pop Up Drain Stopper Vanity Vessel Sink without Overflow, Matte Black S2013D-BK",E,TP,19,0.697,0.697,0.697,19034.92
659,1 5/8 pop up drain without overflow,33,B07V334HP1,Topstar Bathroom Faucet Vessel Vanity Sink Pop Up Drains Stopper without Overflow Solid Metal Brushed Gold,E,TP,20,0.697,0.697,0.697,19034.92
659,1 5/8 pop up drain without overflow,33,B07QXQG73M,"7Trees Bathroom Faucet Vessel Vanity Sink Pop Up Drain Stopper Assembly Without Overflow, Oil Rubbed Bronze",E,TP,21,0.697,0.697,0.697,19034.92
659,1 5/8 pop up drain without overflow,33,B0781XJDLF,"Brushed Nickel Pop Up Sink Drain without Overflow, Bathroom Faucet Vessel Sink Drain Stopper",E,TP,22,0.697,0.697,0.697,19034.92
659,1 5/8 pop up drain without overflow,33,B002X3YQNE,"Inello Brushed Nickel 1 5/8"" Pop-up Drain No Overflow for Vessel Sinks",E,TP,23,0.697,0.697,0.697,19034.92
659,1 5/8 pop up drain without overflow,33,B07CTGRGX6,"HOMELODY Vessel Sink Drain, 1 5/8"" Bathroom Sink Drain with Removable Brass Strainer Basket, Anti-clogging Pop Up Drain Stopper Oil Rubbed Bronze without Overflow, HL8018AORB",E,TP,24,0.697,0.697,0.697,19034.92
659,1 5/8 pop up drain without overflow,33,B08PBMZH4H,"ESFORT Pop Up Sink Drain Without Overflow, Bathroom Sink Pop Up Assembly Vessel Sink Drain, Brushed Gold",E,TP,25,0.697,0.697,0.697,19034.92
659,1 5/8 pop up drain without overflow,33,B07DF7143T,"Aquafaucet 1 5/8"" Bathroom Faucet Vessel Sink Drain Fits Bathroom Standard Sink Hole 1-1/2"" to 1-3/4"" Vanity Pop up Drain Assembly Stopper Without Overflow Copper",E,TP,26,0.697,0.697,0.697,19034.92
659,1 5/8 pop up drain without overflow,33,B07V1F1Q3C,Small Round Vessel Bathroom Sink - Lordear 16x16 inch Modern Round Bowl Above Counter Bathroom Sink Pure White Porcelain Ceramic Vessel Vanity Sink Art Basin,I,FP,27,0.697,0.697,0.697,19034.92
659,1 5/8 pop up drain without overflow,33,B0721SJNXT,"Greenspring Bathroom Sink Drain Without Overflow 1 5/8"" Pop Up Drain Stopper Assembly Vessel Vanity Sink Lavatory Commercial Bath Brass Brushed Nickel",E,TP,28,0.697,0.697,0.697,19034.92
659,1 5/8 pop up drain without overflow,33,B076M5LYMW,"KES Bathroom Sink Drain Stopper Vessel Vanity Pop Up Drain without Overflow, Oil Rubbed Bronze S2007D-ORB",E,TP,29,0.697,0.697,0.697,19034.92
659,1 5/8 pop up drain without overflow,33,B004E0Z9LC,"DANCO (89461) Decorative Push-Button Sink Drain Without Overflow, 1-1/4 Inch, Chrome Finish, 1-Pack",S,FP,30,0.697,0.697,0.697,19034.92
659,1 5/8 pop up drain without overflow,33,B07Q7V81L4,"REGALMIX Vessel Sink Drain, Bathroom Faucet Vessel Sink Pop Up Drain Stopper without Overflow Brushed Nickel, Built-In Anti-Clogging Strainer,Fits Standard American Drain Hole1-1/2"" to 1-3/4"",R085B-BN",S,FP,31,0.697,0.697,0.697,19034.92
659,1 5/8 pop up drain without overflow,33,B0073CQ9CQ,"Lasko 7050 Misto Outdoor Misting Fan - Features Cooling Misters, Ideal for Camping, Patios, Picnics, & more",I,FP,32,0.697,0.697,0.697,19034.92
659,1 5/8 pop up drain without overflow,33,B07GGV5B7R,"Onforu 2 Pack 30W LED Black Lights, Blacklight Flood Light with Plug, IP66 Waterproof, for Dance Party, Glow in The Dark, Stage Lighting, Aquarium, Body Paint, Fluorescent Poster, Neon Glow",I,FP,33,0.697,0.697,0.697,19034.92
659,1 5/8 pop up drain without overflow,33,B07JQB3BFZ,"Era 1 5/8"" Bathroom Faucet Vessel Vanity Sink Pop up Drain Stopper Oil Rubbed Bronze Without Overflow",E,FN,,0.697,0.697,0.697,19034.92
659,1 5/8 pop up drain without overflow,33,B077MBB3GV,MissMin Square pop up drain without overflow chrome for risen bathroom vessel sink universal push button drain non-overflow match with rectanglar faucets,E,FN,,0.697,0.697,0.697,19034.92
659,1 5/8 pop up drain without overflow,33,B074J94XYG,"runmade Bathroom Faucet Vessel Vanity Sink Pop Up Drain Stopper without Overflow, Polished Chrome",E,FN,,0.697,0.697,0.697,19034.92
659,1 5/8 pop up drain without overflow,33,B07X53YWF3,Gaosin Solid Brass White Color Bathroom Faucet Sink Drain Stopper Vessel vanity Pop Up Drain Without Overflow,E,FN,,0.697,0.697,0.697,19034.92
659,1 5/8 pop up drain without overflow,33,B00XBCJOMO,"KES Bathroom Sink Drain with Overflow Vessel Sink Lavatory Vanity Pop Up Drain Stopper Brushed Nickel, S2007A-BN",E,FN,,0.697,0.697,0.697,19034.92
659,1 5/8 pop up drain without overflow,33,B07HQML4H9,Flybath Sink Drain Brass Oil Rubbed Bronze Finish Bathroom Faucet Small Pop Up Vessel Basin Sink Drain Stopper Without Overflow,E,FN,,0.697,0.697,0.697,19034.92
659,1 5/8 pop up drain without overflow,33,B01NBSHPQQ,"PF WaterWorks PF0324-BN-GR-NO ClogFREE Patented Never Clog Bathroom Sink/Lavatory Pop-Up Drain | Easy Remove Magnetic Stopper Without Overflow | CUPC Listed |, Gray ABS Body, Brushed Nickel",E,FN,,0.697,0.697,0.697,19034.92
659,1 5/8 pop up drain without overflow,33,B00EP29N48,"Luxier DS01-TB 1 5/8"" Bathroom Faucet Vessel Vanity Sink Pop Up Drain Stopper Without Overflow Brushed Nickel",E,FN,,0.697,0.697,0.697,19034.92
659,1 5/8 pop up drain without overflow,33,B01A80Z5ZQ,"Aquafaucet Vessel Sink Drain 1 5/8"" Bathroom Faucet Pop-up Drain Assembly Stopper Without Overflow Sink Drain Brushed Nickel",E,FN,,0.697,0.697,0.697,19034.92
659,1 5/8 pop up drain without overflow,33,B07S5ZVKW5,Black Lavatory Vessel Bathroom Vanity Faucet Pop Up Drain Stopper without Overflow,E,FN,,0.697,0.697,0.697,19034.92
661,1 50 ml syringe without needle,9,B08L2L4WS2,"20 ml Luer Slip Plastic Syringe Without Needle - 12 Pack Individually Sealed Syringe for Scientific Labs, Feeding Pets, Oil or Glue Applicator (20cc)",E,TP,1,0.4444,0.4444,0.4444,16398.28
661,1 50 ml syringe without needle,9,B08G8F95TL,"5 Pack Syringe Without Needle 60ml, Large Plastic Syringes for Dispensing Measuring Refilling Liquid Pet Feeding Scientific Labs Draw Sauce Condiment Glue Jello Shot Lip Gloss DIY Tool (60ml)",S,FP,2,0.4444,0.4444,0.4444,16398.28
661,1 50 ml syringe without needle,9,B07SD6LLZM,"QuietN 350ml Syringe with Adapter, Plastic Large Syringe Without Needle for Scientific Lab Supplies, Pet Feeding Syringe Disposable, Liquid Measurement and Automotive Syringe Injection",S,FP,3,0.4444,0.4444,0.4444,16398.28
661,1 50 ml syringe without needle,9,B08K2W36FJ,"DEPEPE 2pcs 150ml Large Plastic Syringes with 2pcs 47in Handy Plastic Tubing and Luer Connections, Plastic Syringes for Liquid, Watering Plants, Scientific Labs, Refilling",E,TP,4,0.4444,0.4444,0.4444,16398.28
661,1 50 ml syringe without needle,9,B075CHDN9N,"2 Pack 150ml Syringes, Large Plastic Garden Syringe for Scientific Labs, Watering, Refilling",E,TP,5,0.4444,0.4444,0.4444,16398.28
661,1 50 ml syringe without needle,9,B07KPT5KGL,"20 Packs Plastic Syringe with Measurement, Suitable for Measuring, Watering, Refilling (10 ml)",I,FP,6,0.4444,0.4444,0.4444,16398.28
661,1 50 ml syringe without needle,9,B07PLSFCW1,"8pcs 20ml Plastic Large Tip Syringe Without Needle, with Caps, Multiple Uses for Scientific Lab, Measurement and Dispensing",S,FP,7,0.4444,0.4444,0.4444,16398.28
661,1 50 ml syringe without needle,9,B08FFR6L7K,"CYGNUS SUPPLIES 4 Pack - 10ml Syringes Without Needle for Measuring, Lip Gloss, Liquid refilling, Dispensing, DIY Crafts, DIY Lip Gloss Accessories, Feeding Pets, Food, Scientific Labs",I,FP,8,0.4444,0.4444,0.4444,16398.28
661,1 50 ml syringe without needle,9,B07GGQP7CQ,Frienda 4 Pack Large Plastic Syringe for Scientific Labs and Dispensing Multiple Uses Measuring Syringe Tools (60 ml),E,TP,9,0.4444,0.4444,0.4444,16398.28
661,1 50 ml syringe without needle,9,B08DCYRHH1,"2 Pack Large Syringes (150 ML), Large Plastic Garden Industrial Syringes for Scientific Labs, Measuring, Watering, Refilling, Filtration Multiple Uses,More Size Choice:100ML",E,FN,,0.4444,0.4444,0.4444,16398.28
661,1 50 ml syringe without needle,9,B07P25XH8Z,20 Packs Plastic Syringe with Measurement Liquids Measuring Syringes Without Needle for Medicine Resin Epoxy Watering Refilling (3 ml),E,FN,,0.4444,0.4444,0.4444,16398.28
661,1 50 ml syringe without needle,9,B08JPWB7RK,"2 PCS 150 ML Large Syringes, Plastic Garden Industrial Syringes for Scientific Labs, Measuring, Watering, Refilling, Filtration Multiple Uses ，More Size Choice：100ML",E,FN,,0.4444,0.4444,0.4444,16398.28
661,1 50 ml syringe without needle,9,B08312QBMC,"BSTEAN 5 Pack 150ml Large Plastic Syringe Without Needle, Catheter Tip Syringe, Individual Wrap for Scientific, Measurement or Household Multiple Uses Tools",E,FN,,0.4444,0.4444,0.4444,16398.28
661,1 50 ml syringe without needle,9,B07C71C1LH,"3 Pcs 150ml Large Syringes, Sterile and Individual Sealed, Easy to Use and Clean, Plastic Garden Syringe for Liquid, Lip Gloss, Paint, Epoxy Resin, Oil, Watering Plants, Refilling…",E,FN,,0.4444,0.4444,0.4444,16398.28
666,1 acre bug zapper outdoor without octenal attractant,19,B08YWQLJJ7,"Solar Powered Bug Zapper 3-in-1 Rechargeable Mosquito Killer Camping Lantern with SOS Emergency Light, Waterproof Electric Mosquito Zappers Insect Fly Pest Attractant Trap for Indoor Outdoor",E,TP,1,0.5789,0.5789,0.5789,17469.87
666,1 acre bug zapper outdoor without octenal attractant,19,B01G9FBKT4,"DynaTrap Insect Trap (DT2000XLP), XL, Black",E,TP,2,0.5789,0.5789,0.5789,17469.87
666,1 acre bug zapper outdoor without octenal attractant,19,B07BFDRV23,"DynaTrap DT1050-TUN Insect and Mosquito Trap Twist On/Off, 1/2 Acre, Tungsten",S,FP,3,0.5789,0.5789,0.5789,17469.87
666,1 acre bug zapper outdoor without octenal attractant,19,B08YZ1JVJY,"Anysun Solar Powered Bug Zapper, Portable Rechargeable Insect Mosquito Killer Lantern, Gnats, Flies, Pests Attractant Trap, Waterproof and Indoor & Outdoor - Backyard, Patio, Deck, Garden, Camping",E,TP,4,0.5789,0.5789,0.5789,17469.87
666,1 acre bug zapper outdoor without octenal attractant,19,B004F9Q600,"Black Flag BZ-OCT1 Bug Zapper Octenol Lure, Universal Fit",I,FP,5,0.5789,0.5789,0.5789,17469.87
666,1 acre bug zapper outdoor without octenal attractant,19,B00004R9VZ,"Flowtron BK-15D Electronic Insect Killer, 1/2 Acre Coverage",E,TP,6,0.5789,0.5789,0.5789,17469.87
666,1 acre bug zapper outdoor without octenal attractant,19,B07DYMFB5K,"RockBirds Mosquito Killer and Bug Zapper, Rockbirds Indoor Electric Fly Trap, Killer Mosquitoes & Bug by LED Light and Non-radiative, Black",I,FP,7,0.5789,0.5789,0.5789,17469.87
666,1 acre bug zapper outdoor without octenal attractant,19,B08GX8C9XR,"BLACK+DECKER Bug Zapper and Mosquito Repellent | Fly Trap Pest Control for All Insects, Including Flies, Gnats Indoor & Outdoor",E,TP,8,0.5789,0.5789,0.5789,17469.87
666,1 acre bug zapper outdoor without octenal attractant,19,B086R7WVZZ,"PIC Solar Insect Killer Torch (DFST), Bug Zapper and Flame Accent Light, Kills Bugs on Contact - Twin Pack",E,TP,9,0.5789,0.5789,0.5789,17469.87
666,1 acre bug zapper outdoor without octenal attractant,19,B07F3NH96Q,"ASPECTEK 20W Electronic Bug Zapper , Insect Fly Killer - Mosquito, Moth , Wasp , Beetle & Other Pests Killer-Indoor Use Only",S,FP,10,0.5789,0.5789,0.5789,17469.87
666,1 acre bug zapper outdoor without octenal attractant,19,B08SJQB2CT,"BOYON Bug Zapper Outdoor & Indoor, Electric Mosquito Killer IPX4 Waterproof Fly Zapper Mosquito Attractant Trap 4200V High Effective Insect Killer for Patio Garden (Black) (Black)",E,TP,11,0.5789,0.5789,0.5789,17469.87
666,1 acre bug zapper outdoor without octenal attractant,19,B07BFDY2T7,DynaTrap DT2000XLP-TUNSR 1 Acre Mosquito and Insect Outdoor Trap,E,TP,12,0.5789,0.5789,0.5789,17469.87
666,1 acre bug zapper outdoor without octenal attractant,19,B083RBJ6F6,"[2 in 1] Bug Zapper Outdoor Electric & Attractant - 4250V Electric Mosquito Zappers Fruit Fly Killer - Insect Fly Trap Indoor & Outdoor - Waterproof Light Bulb Lamp for Backyard, Patio, Home, Plug in",S,FP,13,0.5789,0.5789,0.5789,17469.87
666,1 acre bug zapper outdoor without octenal attractant,19,B01F1TGEOK,"Flowtron MC9000 Residential Bug Fighter, Green",S,FP,14,0.5789,0.5789,0.5789,17469.87
666,1 acre bug zapper outdoor without octenal attractant,19,B07T74ZTZN,LiBa Zapper Electric Indoor Zapper Powerful 2800V Grid (2-Pack) - 4 Extra Replacement Bulbs,E,TP,15,0.5789,0.5789,0.5789,17469.87
666,1 acre bug zapper outdoor without octenal attractant,19,B084Q29MC3,"BLACK+DECKER Bug Zapper, Electric UV Insect Catcher & Killer for Flies, Mosquitoes, Gnats & Other Small to Large Flying Pests, 1 Acre Outdoor Coverage for Home, Deck, Garden, Patio, Camping & More",E,TP,16,0.5789,0.5789,0.5789,17469.87
666,1 acre bug zapper outdoor without octenal attractant,19,B08V4X25K4,"Bug Zapper, Electric Insect Fly Traps, Mosquito Zappers, Mosquito Killer with Timing Function (Grey) (Grey)",E,TP,17,0.5789,0.5789,0.5789,17469.87
666,1 acre bug zapper outdoor without octenal attractant,19,B08Z3F6X5Q,"Bug Zapper, okk Portable Electronic Mosquito Killer with 9 Hours Working Time and Solar Insect Killer Lantern Safety 4-in-1 Light 360 Degree Outdoor Mosquito Trap for Home, Garden, Camping, Fishing",S,FP,18,0.5789,0.5789,0.5789,17469.87
666,1 acre bug zapper outdoor without octenal attractant,19,B0199FOSD6,HooAMI Pet Cremation Urn Keychain Always in My Heart Flower Charm Keepsake Memorial Jewelry - Funnel Included,I,FP,19,0.5789,0.5789,0.5789,17469.87
666,1 acre bug zapper outdoor without octenal attractant,19,B08T6672BY,"FVOAI Bug Zapper Outdoor, Electronic Mosquito Zapper Insect Trap for Outdoor and Indoor, Mosquito Killer Fly Trap for Patio",E,FN,,0.5789,0.5789,0.5789,17469.87
666,1 acre bug zapper outdoor without octenal attractant,19,B0196PJH0I,DynaTrap DT1775 1 Acre XL Mosquito and Insect Trap with AtraktaGlo Light - Black,E,FN,,0.5789,0.5789,0.5789,17469.87
666,1 acre bug zapper outdoor without octenal attractant,19,B093FP7QYN,"Bug Zapper Outdoor Electric, Solar Powered LED Mosquito Killer Lamp with Double Head - Outdoor Garden Lawn Mosquito Repellent Path Light Mosquito Traps",E,FN,,0.5789,0.5789,0.5789,17469.87
666,1 acre bug zapper outdoor without octenal attractant,19,B08RN69F66,"LUFFYLIVE Bug Zapper, Electric Mosquito Zapper for Indoor & Outdoor, Electric Bug Zapper",E,FN,,0.5789,0.5789,0.5789,17469.87
666,1 acre bug zapper outdoor without octenal attractant,19,B091FBTKLD,"TXDUE Bug Zapper Light Bulb 2 in 1 for Outdoor and Indoor, Electronic Mosquito Killer, Cordless, Waterproof, Portable Rechargeable Camping Lantern for Camping Home Garden Black",E,FN,,0.5789,0.5789,0.5789,17469.87
666,1 acre bug zapper outdoor without octenal attractant,19,B07G4NJWTK,"DynaTrap 100603 Mosquito Outdoor Insect Trap Models DT600 and DT700 Rep Cartridge, 8 in, Atrakta Pod Lure",E,FN,,0.5789,0.5789,0.5789,17469.87
666,1 acre bug zapper outdoor without octenal attractant,19,B08R5S7D65,"GTOCS Bug Zapper Outdoor Electric, Fly Zapper Mosquito Zapper Electronic Insect Killer",E,FN,,0.5789,0.5789,0.5789,17469.87
666,1 acre bug zapper outdoor without octenal attractant,19,B07BNV8H8F,"DynaTrap 100611 Atrakta Mosquito Lure Sachet Refills – 1 Pack , White",E,FN,,0.5789,0.5789,0.5789,17469.87
679,1 big plastic bin with lid not clear,9,B08NC15GBX,"ROOMLIFE Storage Bins with Lids and Handle Clear Containers Organizers Plastic Collapsible Decorative Storage Boxes for Office, Bedroom, Closet,Cars Toys Storage 1 Pack Foldable Big Capacity(Pink)",I,FP,1,0.4444,0.4444,0.4444,16314.55
679,1 big plastic bin with lid not clear,9,B0017DD4HK,Rubbermaid Commercial Products BRUTE Rollout Heavy-Duty Wheeled Trash/Garbage Can - 65 Gallon - Gray,I,FP,2,0.4444,0.4444,0.4444,16314.55
679,1 big plastic bin with lid not clear,9,B06ZZXZZ2V,"Homz Plastic Storage, Modular Stackable Storage Bins with Blue Latching Handles, 66 Quart, Clear, 2-Pack",S,FP,3,0.4444,0.4444,0.4444,16314.55
679,1 big plastic bin with lid not clear,9,B082VWYN2W,"HOMZ Snaplock Clear Storage Bin with Lid, X Large-56 Quart (Set of 2), Grey, 2 Count",E,TP,4,0.4444,0.4444,0.4444,16314.55
679,1 big plastic bin with lid not clear,9,B07PFLRXN4,"IRIS USA TB Pearl Plastic Storage Bin Tote Organizing Container with Durable Lid and Secure Latching Buckles, 19 Qt, 6 Count",E,TP,5,0.4444,0.4444,0.4444,16314.55
679,1 big plastic bin with lid not clear,9,B07L3H67FW,"Jekiyo Clear Plastic Storage Bin, 14 Quart Latching Box Container with Lid, 4 Packs",E,TP,6,0.4444,0.4444,0.4444,16314.55
679,1 big plastic bin with lid not clear,9,B01H2NWDXY,"IRIS USA, Inc. MLB-360 Plastic Modular Storage Bin Tote Organizing Container with Durable Lid and Secure Latching Buckles, Large, Clear/Violet, 6 Pack",E,TP,7,0.4444,0.4444,0.4444,16314.55
679,1 big plastic bin with lid not clear,9,B07PR9NM54,"Rubbermaid Cleverstore Stackable Containers with Durable Latching Clear Lids, Visible Organization, Ideal for Large Item Storage for Garage and Basement, 95 Quart - 4 Pack",I,FP,8,0.4444,0.4444,0.4444,16314.55
679,1 big plastic bin with lid not clear,9,B081W3BS8P,"Homz 3441CLGRDC.02 Clear storage container with lid, 64 Quart (2 Pack), Grey, 2 Count",S,FP,9,0.4444,0.4444,0.4444,16314.55
679,1 big plastic bin with lid not clear,9,B089LLDN39,"HOOJO Refrigerator Organizer Bins - 8pcs Clear Plastic Bins For Fridge, Freezer, Kitchen Cabinet, Pantry Organization and Storage, BPA Free Fridge Organizer, 12.5"" Long",E,FN,,0.4444,0.4444,0.4444,16314.55
679,1 big plastic bin with lid not clear,9,B071CLNGBQ,"Homz Plastic Storage Bins, Snap Lock White Lids, 6 Quart, Clear, Stackable, 10-Pack",E,FN,,0.4444,0.4444,0.4444,16314.55
679,1 big plastic bin with lid not clear,9,B08PV7P5DW,"WWahuayuan Foldable Storage Bin With Lid, Collapsible Plastic Storage Box, Stackable Clear Storage Case with Handle for Home/Office/Car/Kitchen (Blue)",E,FN,,0.4444,0.4444,0.4444,16314.55
679,1 big plastic bin with lid not clear,9,B002BDTETW,"Sterilite 16428012 6 Quart/5.7 Liter Storage Box, White Lid with Clear Base (Pack of 12)",E,FN,,0.4444,0.4444,0.4444,16314.55
679,1 big plastic bin with lid not clear,9,B00IT3O7VS,Amscan 410017 Clear Slanted Plastic Jar with lid | 80 Oz | 1 Pc,E,FN,,0.4444,0.4444,0.4444,16314.55
690,1 bushel laundry basket,5,B07JW18BY8,Set of 4 White Lightweight Plastic One Bushel Capacity Laundry Baskets,E,TP,1,0.4,0.4,0.4,15808.64
690,1 bushel laundry basket,5,B0063KZRI6,"Sterilite, White 12178006 Laundry Basket, 19""",S,FP,2,0.4,0.4,0.4,15808.64
690,1 bushel laundry basket,5,B002BDTEOW,"Sterilite 12108006 1.25 Bushel/44 Liter Ultra Hip Hold Laundry Basket, White Basket w/ Titanium Inserts, 6-Pack",S,FP,3,0.4,0.4,0.4,15808.64
690,1 bushel laundry basket,5,B07GVPYJSP,"STERILITE 1.5 Bushel Square Ultra Laundry Basket, Teal Splash (4 Units)",S,FP,4,0.4,0.4,0.4,15808.64
690,1 bushel laundry basket,5,B07GDZXTXC,"1 Bushel Laundry Basket, White, Pack of 12",E,TP,5,0.4,0.4,0.4,15808.64
690,1 bushel laundry basket,5,B07GZRP348,"IRIS USA HLB-1 Comfort Carry Laundry Basket, White, 3 Pack",E,FN,,0.4,0.4,0.4,15808.64
690,1 bushel laundry basket,5,B0771RY8JS,"Mainstays 1 Bushel / 35 Liter Laundry Basket , Case of 12 Classic Round Design",E,FN,,0.4,0.4,0.4,15808.64
690,1 bushel laundry basket,5,B00O28GASM,"Superio Laundry Basket Wicker Style, with Cut Out Handles, Beige with Brown Trim 40 Liter 10 Gallons, Laundry Bin for Dirty Cloths - 1 Bushel",E,FN,,0.4,0.4,0.4,15808.64
691,"1 by one, amplified, outdoor hdtv antenna",9,B07R4X6NJB,"[New Version] HDTV Antenna - 1byone 360° Omni-Directional Reception Amplified Outdoor TV Antenna Long Range for Indoor,Outdoor,RV,Attic Support 4K 1080P UHF VHF Free HDTV Channels - Support 2 TVs",E,TP,1,0.4444,0.4444,0.4444,16255.15
691,"1 by one, amplified, outdoor hdtv antenna",9,B01KUXVKK0,"TV Antenna, 1byone Amplified Outdoor Digital HDTV Antenna 85-100 Miles Range with VHF/UHF Signal, Built-in High Gain and Low Noise Amplifier, Mounting Pole",E,TP,2,0.4444,0.4444,0.4444,16255.15
691,"1 by one, amplified, outdoor hdtv antenna",9,B07JN6FNZ4,"PBD Outdoor Digital Amplified HDTV Antenna, 150 Mile Motorized 360 Degree Rotation, Wireless Remote Control, 59FT RG6 Coax Cable, Coaxial Grounding Block, UHF VHF 1080P 4K, Support 2 TVs",S,FP,3,0.4444,0.4444,0.4444,16255.15
691,"1 by one, amplified, outdoor hdtv antenna",9,B07YN62TM1,"[Newest 2020] Five Star Outdoor Digital Amplified HDTV Antenna - up to 200 Mile Long Range,Directional 360 Degree Rotation,HD 4K 1080P FM Radio, Supports 5 TVs Plus Installation Kit and Mounting Pole",S,FP,4,0.4444,0.4444,0.4444,16255.15
691,"1 by one, amplified, outdoor hdtv antenna",9,B07TS32GFV,Outdoor Antenna - Amplified Digital HDTV Antenna 150 Miles Range 360 Degree Rotation- Support UHF/VHF 4K 1080P with Mounting Pole & 33 ft RG6 Coax Cable,S,FP,5,0.4444,0.4444,0.4444,16255.15
691,"1 by one, amplified, outdoor hdtv antenna",9,B07PLGSV4X,"Outdoor Digital Amplified HDTV Antenna, 150 Mile Motorized 360 Degree Rotation, Wireless Remote Control, 59FT RG6 Coax Cable, Coaxial, UHF VHF 1080P 4K, Support 2 TVs",E,TP,6,0.4444,0.4444,0.4444,16255.15
691,"1 by one, amplified, outdoor hdtv antenna",9,B07FVLXHYV,U MUST HAVE Amplified HD Digital TV Antenna Long 250 Miles Range - Support 4K 1080p Fire tv Stick and All Older TV's - Indoor Smart Switch Amplifier Signal Booster - 18ft Coax HDTV Cable/AC Adapter,S,FP,7,0.4444,0.4444,0.4444,16255.15
691,"1 by one, amplified, outdoor hdtv antenna",9,B0814JBKZD,Outdoor TV Antenna - 1byone 720°Omni-Directional Reception TV Antenna Built-in Amplifier Enhance UHF for Home/RV/Attic/Marine Up to 150 Miles with 32ft Coax Cable Free HDTV Channels,E,TP,8,0.4444,0.4444,0.4444,16255.15
691,"1 by one, amplified, outdoor hdtv antenna",9,B07ZDL7HXY,"Special UK Pressing U2 "" ZOOROPA "" 2 LP Set 180 Gram w/ Bonus Mixes RARE BLUE Vinyl",I,FP,9,0.4444,0.4444,0.4444,16255.15
691,"1 by one, amplified, outdoor hdtv antenna",9,B00IF70QCW,Amplified HD Digital TV Antenna - Support 4K 1080p and All Older TV's - Indoor Smart Switch Amplifier Signal Booster - Coax HDTV Cable/AC Adapter,E,FN,,0.4444,0.4444,0.4444,16255.15
691,"1 by one, amplified, outdoor hdtv antenna",9,B07VRKM2C8,"1byone TV Antenna - Amplified HD Digital Indoor TV Antenna Up to 200+ Miles Range Support 4K 1080P and All TVs with HDTV Powerful Singal Booster, 17ft Coax Cable",E,FN,,0.4444,0.4444,0.4444,16255.15
691,"1 by one, amplified, outdoor hdtv antenna",9,B07R15CW3M,"1byone Omni Directional Outdoor TV Antenna, VHF/UHF 720° Reception UFO Clean Design Up to 150 Miles, Upgrade Exclusive Smartpass Amplified, Indoor/Outdoor/RV/Attic Use",E,FN,,0.4444,0.4444,0.4444,16255.15
691,"1 by one, amplified, outdoor hdtv antenna",9,B07S232GH1,"Outdoor TV Antenna, 1byone Amplified Digital 360° Omnidirectional Lo-VHF/H-VHF/UHF Indoor Attic Rooftop HDTV Antenna with 39ft. Coaxial Cable - Support 2 TVs",E,FN,,0.4444,0.4444,0.4444,16255.15
691,"1 by one, amplified, outdoor hdtv antenna",9,B07BGS1HS1,"1byone TV Antenna Amplified HDTV Digital Antenna Indoor/Outdoor-Long 120+ Miles Range with Booster Signal Support 4K 1080P UHF VHF Freeview Local Channels, 26FT Coax Cable/AC Adapter",E,FN,,0.4444,0.4444,0.4444,16255.15
695,1 carry-on bag not exceeding 22 x 16 x 10 in,26,B07BKKGVWT,"Travelpro Maxlite 5 Lightweight Underseat Carry-On Travel Tote Bag, Slate Green, 18-Inch",E,TP,1,0.6923,0.6923,0.6923,18485.07
695,1 carry-on bag not exceeding 22 x 16 x 10 in,26,B07M7C95QS,"Smiling Paws Pets 4-Way Expandable Airline Approved Soft Sided Pet Carrier, Pet Travel TSA Bag for Cats & Dogs, Collapsible Kennel Pet Travel Bag for Airplane, Car & Train, 17x11x9 L/W/H (XS)",I,FP,2,0.6923,0.6923,0.6923,18485.07
695,1 carry-on bag not exceeding 22 x 16 x 10 in,26,B007MHKYJ6,"J World New York Sunrise Rolling Backpack, Blue Raspberry, One Size",I,FP,3,0.6923,0.6923,0.6923,18485.07
695,1 carry-on bag not exceeding 22 x 16 x 10 in,26,B00IAZPJ12,"Olympia 8 Pocket Rolling Duffel Bag, Black/Lime, 22 inch",E,TP,4,0.6923,0.6923,0.6923,18485.07
695,1 carry-on bag not exceeding 22 x 16 x 10 in,26,B07HLLY35L,"SwissGear 7272 Energie Hardside Luggage Carry-On Luggage With Spinner Wheels & TSA Lock, White, 19”",E,TP,5,0.6923,0.6923,0.6923,18485.07
695,1 carry-on bag not exceeding 22 x 16 x 10 in,26,B07H8Z848G,"Samsonite Underseat Carry-On Spinner with USB Port, Jet Black, One Size",I,FP,6,0.6923,0.6923,0.6923,18485.07
695,1 carry-on bag not exceeding 22 x 16 x 10 in,26,B01LOLDKBY,Lily Bloom Designer 15 Inch Carry On - Weekender Overnight Business Travel Luggage - Lightweight 2- Rolling Wheels Suitcase - Under Seat Rolling Bag for Women (On the Prowl),E,TP,7,0.6923,0.6923,0.6923,18485.07
695,1 carry-on bag not exceeding 22 x 16 x 10 in,26,B07PBBKKQS,Osprey Transporter Carry On Luggage,E,TP,8,0.6923,0.6923,0.6923,18485.07
695,1 carry-on bag not exceeding 22 x 16 x 10 in,26,B07ZG6XHJJ,Dakine Split Roller Eq 75L (Carbon),I,FP,9,0.6923,0.6923,0.6923,18485.07
695,1 carry-on bag not exceeding 22 x 16 x 10 in,26,B084NYNTCR,"Samsonite Ascella X Softside Luggage, Teal, Underseater",E,TP,10,0.6923,0.6923,0.6923,18485.07
695,1 carry-on bag not exceeding 22 x 16 x 10 in,26,B07BWJVWLY,Travelpro Luggage Maxlite 5 International Expandable Carry-On Spinner,E,TP,11,0.6923,0.6923,0.6923,18485.07
695,1 carry-on bag not exceeding 22 x 16 x 10 in,26,B01LO4O5EC,"Lily Bloom Carry On Expandable Design Pattern Luggage With Spinner Wheels (20in, Bliss)",E,TP,12,0.6923,0.6923,0.6923,18485.07
695,1 carry-on bag not exceeding 22 x 16 x 10 in,26,B01LZV4JP8,"Olympia Apache Ii 21"" Carry-on Spinner, Black+RED, One Size",E,TP,13,0.6923,0.6923,0.6923,18485.07
695,1 carry-on bag not exceeding 22 x 16 x 10 in,26,B0761Y7F8K,Steve Madden Luggage Wheeled Suitcase Under Seat Bag (Harlo Black),E,TP,14,0.6923,0.6923,0.6923,18485.07
695,1 carry-on bag not exceeding 22 x 16 x 10 in,26,B071G2D5MM,"Amazon Basics Underseat Carry-On Rolling Travel Luggage Bag with Wheels, 14 Inches, Black",E,TP,15,0.6923,0.6923,0.6923,18485.07
695,1 carry-on bag not exceeding 22 x 16 x 10 in,26,B01M9J4W6Y,"Fila 22"" Lightweight Carry On Rolling Duffel Bag, Neon Lime, One Size",E,TP,16,0.6923,0.6923,0.6923,18485.07
695,1 carry-on bag not exceeding 22 x 16 x 10 in,26,B00503FUNE,"Rockland Fashion Softside Upright Luggage Set, Black, 2-Piece (14/19)",S,FP,17,0.6923,0.6923,0.6923,18485.07
695,1 carry-on bag not exceeding 22 x 16 x 10 in,26,B06XSFS4SH,Rough Country Tailgate Vent (fits) 2007-2018 Jeep Wrangler JK | Spare Tire Carrier Delete Kit | Stamp | 10514,I,FP,18,0.6923,0.6923,0.6923,18485.07
695,1 carry-on bag not exceeding 22 x 16 x 10 in,26,B0787DL55W,"Travelers Club Chicago Hardside Expandable Spinner Luggage, Teal, Carry-On 20-Inch",I,FP,19,0.6923,0.6923,0.6923,18485.07
695,1 carry-on bag not exceeding 22 x 16 x 10 in,26,B07BL9HM5S,"Travelpro Maxlite 5 Softside Lightweight Expandable Upright Luggage, Slate Green, Carry-On 22-Inch",E,TP,20,0.6923,0.6923,0.6923,18485.07
695,1 carry-on bag not exceeding 22 x 16 x 10 in,26,B072K5C6VF,"Hairginkgo Mannequin Head 26""-28"" Super Long Synthetic Fiber Hair Manikin Head Styling Hairdresser Training Head Cosmetology Doll Head for Cutting Braiding Practice with Clamp (92019D0220)",I,FP,21,0.6923,0.6923,0.6923,18485.07
695,1 carry-on bag not exceeding 22 x 16 x 10 in,26,B00FB4X6FQ,"Rockland Pasadena Softside Spinner Wheel Luggage, Black, Carry-On 20-Inch",E,TP,22,0.6923,0.6923,0.6923,18485.07
695,1 carry-on bag not exceeding 22 x 16 x 10 in,26,B06Y1BRKMF,"Kenneth Cole Reaction Renegade 20” Carry-On Luggage Lightweight Hardside Expandable 8-Wheel Spinner Travel Cabin Suitcase, Rose Gold, inch",E,TP,23,0.6923,0.6923,0.6923,18485.07
695,1 carry-on bag not exceeding 22 x 16 x 10 in,26,B07R4GLTR9,"Carry-on Tote Duffel Bag with Bottom Compartment, Slides over Luggage handle",E,TP,24,0.6923,0.6923,0.6923,18485.07
695,1 carry-on bag not exceeding 22 x 16 x 10 in,26,B076ZTWFK4,Lily Bloom Design Pattern Carry on Bag Wheeled Cabin Tote (Elephant Rain),E,TP,25,0.6923,0.6923,0.6923,18485.07
695,1 carry-on bag not exceeding 22 x 16 x 10 in,26,B013WFNNZI,"Samsonite Omni PC Hardside Expandable Luggage with Spinner Wheels, Black, Carry-On 20-Inch",E,TP,26,0.6923,0.6923,0.6923,18485.07
695,1 carry-on bag not exceeding 22 x 16 x 10 in,26,B0883DCC5M,"Vera Bradley Softside Rolling Work Bag, Felicity Paisley",E,FN,,0.6923,0.6923,0.6923,18485.07
695,1 carry-on bag not exceeding 22 x 16 x 10 in,26,B072JLP1Z4,"Briggs & Riley Sympatico-Luggage Cover, Black, Carry-On",E,FN,,0.6923,0.6923,0.6923,18485.07
695,1 carry-on bag not exceeding 22 x 16 x 10 in,26,B07H8SWKPC,"Samsonite Underseat Carry-On Spinner with USB Port, Purple, One Size",E,FN,,0.6923,0.6923,0.6923,18485.07
695,1 carry-on bag not exceeding 22 x 16 x 10 in,26,B07PHH9312,"Samsonite Solyte DLX Softside Luggage, Mediterranean Blue, Underseater",E,FN,,0.6923,0.6923,0.6923,18485.07
695,1 carry-on bag not exceeding 22 x 16 x 10 in,26,B07NPSV1MQ,Excedrin Extra Strength Caplets for Headache Pain Relief 1 Pack of 300 Count,E,FN,,0.6923,0.6923,0.6923,18485.07
695,1 carry-on bag not exceeding 22 x 16 x 10 in,26,B07GCBTDR6,2 Pack Clear Toiletry Bag TSA Approved Travel Carry On Airport Airline Compliant Bag Quart Sized 3-1-1 Kit Luggage Pouch for Liquids Bottles Women and Men Set,E,FN,,0.6923,0.6923,0.6923,18485.07
695,1 carry-on bag not exceeding 22 x 16 x 10 in,26,B00A6TKLRC,Hard White Wheat Berries • 100% Desiccant Free • 5 lbs • Non-GMO Project Verified • Kosher Parve • USA Grown • Field Traced • Burlap Bag,E,FN,,0.6923,0.6923,0.6923,18485.07
695,1 carry-on bag not exceeding 22 x 16 x 10 in,26,B00SV72EWQ,"Carhartt Legacy Travel Kit, Carhartt Brown",E,FN,,0.6923,0.6923,0.6923,18485.07
697,1 cc syringes without needles,16,B08XQH9F36,"50 Pieces 1 ml Plastic Syringes with Measurement Syringe Without Needle Oral Liquids Measuring Syringes for Feeding Pets,Scientific Labs Experiment, Refilling,Measuring Liquids, Oil or Glue Applicator",E,TP,1,0.75,0.75,0.75,18317.3
697,1 cc syringes without needles,16,B08JZ1T8RP,12 Pack - 1ml Plastic Syringes - Separate Sterile Packaging Small Syringe Without Needle for Plant Hydroponic Liquid Measurement Pets Feeding Tools (12Pcs 1ML/CC),E,TP,2,0.75,0.75,0.75,18317.3
697,1 cc syringes without needles,16,B07B7HXQ1P,"50 Pack 1ml 1cc Syringes, Buytra Plastic Syringe with Luer Slip Tip, No Needle, Non Sterile- Ideal for Measuring or Transfering Tiny Amount of Liquids(Without Cap)",E,TP,3,0.75,0.75,0.75,18317.3
697,1 cc syringes without needles,16,B07RPQCRHT,"BSTEAN 1ml 1cc Syringe with Luer Slip Tip, No Needle, Non-Sterile (Pack of 150)",E,TP,4,0.75,0.75,0.75,18317.3
697,1 cc syringes without needles,16,B07BQDRDC2,1ml Syringe Sterile with Luer Slip Tip - 100 Syringes by BH Supplies (No Needle) Individually Sealed,E,TP,5,0.75,0.75,0.75,18317.3
697,1 cc syringes without needles,16,B07PY77BHF,"DEPEPE 120pcs 1ml Luer Slip Tip Syringe with Caps, Without Needle, for Pet Feeding and Industrial Use",E,TP,6,0.75,0.75,0.75,18317.3
697,1 cc syringes without needles,16,B07G3CQBWK,"144 Pack 1ml 1cc Syringe, Luer Slip Tip Syringe Without Needle, No Cap, Non-Sterile, Not for Injection, Bulk Package, Not Individual",E,TP,7,0.75,0.75,0.75,18317.3
697,1 cc syringes without needles,16,B092HB1GVX,"Ulove Prs 12 Pack 1ml Plastic Syringe with Luer Lock for Scientific Labs, Measuring, Refilling or Little Animal Feeding(No Needle)",E,TP,8,0.75,0.75,0.75,18317.3
697,1 cc syringes without needles,16,B08QFTSLJD,"22 Pack 1ml Plastic Syringe Without Needle with Measurement, No Needle Suitable for Scientific Labs, Refilling and Measuring Liquids, Feeding Pets, Oil or Glue Applicator (1ml)",E,TP,9,0.75,0.75,0.75,18317.3
697,1 cc syringes without needles,16,B08LMRKDG7,"10 Pack 1ml Luer Lock Syringe Without Needle, Individually Sealed Wrapped, Uses for Scientific Lab, Measurement and Dispensing (1ML)",E,TP,10,0.75,0.75,0.75,18317.3
697,1 cc syringes without needles,16,B082YVX7F5,"Kylebooker 40"" Long Tactical Black Scoped Rifle Soft Padded Case Shotgun Bag Gun Scope (40"")",I,FP,11,0.75,0.75,0.75,18317.3
697,1 cc syringes without needles,16,B07GX4RJF3,"1ml Oral Syringe - 100 Pack – Luer Slip Tip, No Needle, Sterile Individually Blister Packed - Medicine Administration for Infants, Toddlers and Small Pets",E,TP,12,0.75,0.75,0.75,18317.3
697,1 cc syringes without needles,16,B092HDK2N4,"130 Pack Plastic Syringe with Measurement,Oral Liquids Measuring Syringes Without Needle for Medicine,Pet Feeding,Essential Oil,Scientific Labs(1 ml)",E,TP,13,0.75,0.75,0.75,18317.3
697,1 cc syringes without needles,16,B00FZR1FC0,"Hanes Women's Cotton Bikini Underwear, Available in Multiple Pack Sizes, 10 Pack-Assorted 1, 8",I,FP,14,0.75,0.75,0.75,18317.3
697,1 cc syringes without needles,16,B073WX89TV,Panari C1Q-EL24 Carburetor + Tune Up Kit Air Filter Fuel Line Filter for 123C 123L 123LD 223L 223R 322C 322L 322R 323C 323L 325C 325CX 325L 325LX 326C 326L 326LX String Trimmer,I,FP,15,0.75,0.75,0.75,18317.3
697,1 cc syringes without needles,16,B07TDMVLGC,The Lost Colony (The Long Winter Trilogy Book 3),I,FP,16,0.75,0.75,0.75,18317.3
697,1 cc syringes without needles,16,B007ZDHYTK,"Science Purchase 71HA1ST TB Slip-Tip Disposable Syringe MVI Without Needle, 1 mL",E,FN,,0.75,0.75,0.75,18317.3
697,1 cc syringes without needles,16,B07G76Z5CJ,1ml Syringes with Caps (Pack of 100),E,FN,,0.75,0.75,0.75,18317.3
697,1 cc syringes without needles,16,B08DWLNLXH,1ml Luer Slip Tip Syringe No Needle | 100 Pack Disposable Sterile Individually Wrapped | Universal Use | Doctor and Vet Preferred (100 Piece),E,FN,,0.75,0.75,0.75,18317.3
697,1 cc syringes without needles,16,B07SFK6Z5J,"1ml Syringe with Cap (100 Pack) | Oral Dispenser Without Needle, Luer Slip Tip, | Individually Wrapped Medicine Dropper for Infants & Pets",E,FN,,0.75,0.75,0.75,18317.3
700,1 cent that does not have shipping payment,3,B07MB4HN9X,Amazon eGift Card - Conga Dogs (Animated),I,FP,1,0.0,0.0,0.0,16128.3
700,1 cent that does not have shipping payment,3,B00GYOBLLI,Horny Goat Weed Powder (Epimedium Grandiflorum) 1 Lb or 16 Oz with (Free Shipping),I,FP,2,0.0,0.0,0.0,16128.3
700,1 cent that does not have shipping payment,3,B0078EPRVS,Lowe's $50 Gift Card,I,FP,3,0.0,0.0,0.0,16128.3
700,1 cent that does not have shipping payment,3,B0773PWTY3,BESTOPE PRO Premium Synthetic Foundation Blending Face Powder Blush Concealers Eye Shadows Make Up Brushes Kit (RoseGold),E,FN,,0.0,0.0,0.0,16128.3
700,1 cent that does not have shipping payment,3,B00TTZGVSC,"Good Cook Touch High-Temp Hamburger Meat Chopper, Black",E,FN,,0.0,0.0,0.0,16128.3
700,1 cent that does not have shipping payment,3,B07X25BNBR,"LEVOIT Air Purifier for Home Large Room, H13 True HEPA Filter Cleaner with Washable Filter for Allergies and Pets, Smokers, Mold, Pollen, Dust, Quiet Odor Eliminators for Bedroom, Vital 100 (White)",E,FN,,0.0,0.0,0.0,16128.3
705,1 contacts not more than three dollars,3,B003H03SDQ,"Contact Lens Solution by Biotrue, Multi-Purpose Solution for Soft Contact Lenses, 10 Fl Oz (Pack of 2)",C,FP,1,0.0,0.0,0.0,15527.14
705,1 contacts not more than three dollars,3,B0000537AJ,"Refresh Contacts, Eye Drops, Contact Lens Comfort, 0.4 Fl Oz Sterile",C,FP,2,0.0,0.0,0.0,15527.14
705,1 contacts not more than three dollars,3,B072N7WRHS,"Contact Lens Solution by Renu, Multi-Purpose Disinfectant, Advanced Formula Kills 99.9% of Germs, 12 Fl Oz (Pack of 2)",I,FP,3,0.0,0.0,0.0,15527.14
705,1 contacts not more than three dollars,3,B07XCZT474,AW 420D Clear Nylon Mini Makeup Travel Toiletry Bag Portable Lightweight Transparent Cosmetic Storage Organizer Pool S,E,FN,,0.0,0.0,0.0,15527.14
705,1 contacts not more than three dollars,3,B071CV8CG2,PlayStation 4 Slim 1TB Console,E,FN,,0.0,0.0,0.0,15527.14
705,1 contacts not more than three dollars,3,B08LMT2QJZ,Small Travel Size Toiletries - Cute Makeup Pouches - Waterproof Zippered Bag for Women Beauty Purse Green CoCo,E,FN,,0.0,0.0,0.0,15527.14
713,1 cup scoop without handle,5,B009L5HWQ0,"New Star Foodservice 34523 One-Piece Cast Aluminum Round Bottom Bar Ice Flour Utility Scoop, 12-Ounce, Silver (Hand Wash Only)",I,FP,1,0.0,0.0,0.0,15846.12
713,1 cup scoop without handle,5,B08HSXDDJ8,"Feed Scoop with Measurements - Large 3-quart Clear Horse & Pig Feed Measuring Bucket - Equine Livestock Scooper for Grain, Oats, Storage Containers - Pellet Sweet Feed Cup, Sturdy Animal Pet Feeder",I,FP,2,0.0,0.0,0.0,15846.12
713,1 cup scoop without handle,5,B07ZV435K1,"Stainless Steel Ice Scooper, Small Metal Food Candy Scoop for Kitchen Bar Party Wedding, Thickened material, 8OZ, Dishwasher Safe.",I,FP,3,0.0,0.0,0.0,15846.12
713,1 cup scoop without handle,5,B08BHWD4JQ,"Lainrrew Pet Food Scoop, Plastic Measuring Cups Set Pet Measuring Scoops for Dog Cat Bird Food (Set of 4)",S,FP,4,0.0,0.0,0.0,15846.12
713,1 cup scoop without handle,5,B07FKY9DLR,"1 Cup (8 Oz. | 250 mL) Scoop for Measuring Coffee, Pet Food, Grains, Protein, Spices and Other Dry Goods (Pack of 1)",S,FP,5,0.0,0.0,0.0,15846.12
713,1 cup scoop without handle,5,B08CL3KQ3V,Oval Measuring Scoop Stainless Steel Ice Cream Tea Food Measuring Scoop Multifunctional Measuring Scoop for Dry Liquid Baking Cooking or Dog Cat Food (1 Cup),E,FN,,0.0,0.0,0.0,15846.12
713,1 cup scoop without handle,5,B00KH9PUDQ,New Star Foodservice 42931 Commercial Quality Stainless Steel Oval Measuring Cups and Spoons Combo Set,E,FN,,0.0,0.0,0.0,15846.12
713,1 cup scoop without handle,5,B00DKY1O12,"iDesign Large Plastic Measuring Scoops for Baking, Kitchen Pantry, Pet Food, Laundry, Bath, 1/3 Cup, Set of 4, Clear",E,FN,,0.0,0.0,0.0,15846.12
713,1 cup scoop without handle,5,B07K229RQ1,Coffee Scoop: U-Taste Durable 18/8 Stainless Steel Measuring Coffee Scoop 1 tablespoon & 2 tablespoon,E,FN,,0.0,0.0,0.0,15846.12
713,1 cup scoop without handle,5,B07Q2HQZZB,"Disposable Measuring Cups for Resin - Pack of 20 8oz Clear Plastic Measuring Cup for Epoxy Resin, Stain, Paint Mixing - Half Pint Reusable Multipurpose Mixing Cups for Cooking and Baking",E,FN,,0.0,0.0,0.0,15846.12
720,1 dollar item free shipping,1,B086FNYH28,Amazon eGift Card - We Appreciate You- Hex pattern,I,FP,1,0.0,0.0,0.0,15365.8
720,1 dollar item free shipping,1,B072BYV875,"Canine Carry Outs Sausage Links Beef Flavor Dog Snacks, 5 Ounce Bag",E,FN,,0.0,0.0,0.0,15365.8
723,1 dollor toys,1,B072PSC4XP,Fidget Spinner,I,FP,1,0.0,0.0,0.0,15659.51
723,1 dollor toys,1,B01DQNG196,Forum Novelties Yonger Funny Shock Gag Pen Prank Trick Toys Gift Electric Shocking Pen with Battery,E,FN,,0.0,0.0,0.0,15659.51
725,1 ear headset without microphone,2,B004ZLUZGY,SENNHEISER MX 365 Earphones - White (Discontinued by Manufacturer),I,FP,1,0.0,0.0,0.0,15253.99
725,1 ear headset without microphone,2,B079V3W7P2,Geniune OEM Harman & Heatilator Black ESP Thermistor Probe Part 3-20-00744 - HARD TO FIND,I,FP,2,0.0,0.0,0.0,15253.99
725,1 ear headset without microphone,2,B095RNSS1N,"Gaming Headset, Gaming Headphones with Microphone,for PS4,PS5, PC, Xbox One,Switch -Headset with Microphone,Noise Cancelling,LED,Soft Earmuffs,Surround Sound, Kids Headphones (Blue)",E,FN,,0.0,0.0,0.0,15253.99
725,1 ear headset without microphone,2,B07G12Z1HR,"SteelSeries Arctis 3 - All-Platform Gaming Headset - for PC, PlayStation 4, Xbox One, Nintendo Switch, VR, Android, and iOS - Black",E,FN,,0.0,0.0,0.0,15253.99
729,1 ethernet port wall plate without keystone,8,B074F4D4GR,"RJ45 Dust Cover and Blockout Device 100-Pack - Protects Network Jack, Cap Ethernet Port, Switch Interface, Keystone Wall Plate",S,FP,1,0.625,0.625,0.625,15895.11
729,1 ethernet port wall plate without keystone,8,B071G2QSNY,"VCE 2-Pack 1 Port Ethernet Wall Plate, Cat6 Female to Female Wall Jack RJ45 Keystone Inline Coupler Wall Plates, UL Listed - White",E,TP,2,0.625,0.625,0.625,15895.11
729,1 ethernet port wall plate without keystone,8,B08RCV857H,"Wall Plate 2 Port (10 Pack), 1 Gang Wall Plate White for Keystone Jack, Insert, Coupler, Modular in White",E,TP,3,0.625,0.625,0.625,15895.11
729,1 ethernet port wall plate without keystone,8,B08NJYYSF1,"4 Pack Ethernet Wall Plate with Single Port, RJ45 Cat6 Female to Female Jack Inline Coupler Plates Ethernet Cable Faceplates (Blue)",E,TP,4,0.625,0.625,0.625,15895.11
729,1 ethernet port wall plate without keystone,8,B07JDFSX66,VCE 10 Pack 4-Port Keystone Wall Plate Keystone Jack Modular Inserts- White UL Listed,I,FP,5,0.625,0.625,0.625,15895.11
729,1 ethernet port wall plate without keystone,8,B07CNT1QXD,"Hdmi USB Outlet Charger Wall Plate,2 Power Outlet 15A with Dual 2.1A USB Charger Port,PHIZLI 1 HDMI HDTV + 1 CAT6 RJ45 Ethernet + Coaxial Cable TV F Type Keystone Face Plate White",S,FP,6,0.625,0.625,0.625,15895.11
729,1 ethernet port wall plate without keystone,8,B074HHDJWT,Cable Matters 10-Pack Low Profile 2-Port Keystone Jack Wall Plate in White,E,TP,7,0.625,0.625,0.625,15895.11
729,1 ethernet port wall plate without keystone,8,B01EMKYYPK,"Buyer's Point 1 Port Cat6 Wall Plate, Female-Female White with Single Gang Low Voltage Mounting Bracket Device (1 Port)",E,TP,8,0.625,0.625,0.625,15895.11
729,1 ethernet port wall plate without keystone,8,B000U5L3V0,"Leviton 43080-1S1 QuickPort Wallplate, Single Gang, 1-Port, Stainless Steel",E,FN,,0.625,0.625,0.625,15895.11
729,1 ethernet port wall plate without keystone,8,B08LKMSW7V,"4 Pack Ethernet Coax Wall Plates, Cat6 Coax Wall Plate with Ethernet Port and Gold-Plated TV Coax Cable F-Type Port (Blue)",E,FN,,0.625,0.625,0.625,15895.11
729,1 ethernet port wall plate without keystone,8,B07NMNWHNL,VCE 1 Port Keystone Wall Plate 10-Pack Single Gang Wall Plate for Keystone Jack and Modular Inserts in White - UL Listed,E,FN,,0.625,0.625,0.625,15895.11
730,1 fake hawaiian foam flower not clip for ear,22,B0799JPRF4,Ewanda store 100 Pcs Diameter 3.2 Inch Assorted Color Artificial Plumeria Rubra Hawaiian Foam Frangipani Flower Petals for Weddings Party Decoration,E,TP,1,0.6818,0.6818,0.6818,17705.77
730,1 fake hawaiian foam flower not clip for ear,22,B014GCE77E,Hula Girl Hibiscus Color Assorted Flower Island Theme Hair Clips Event Decoration Supplies (12 Pack),S,FP,2,0.6818,0.6818,0.6818,17705.77
730,1 fake hawaiian foam flower not clip for ear,22,B07HMHWBTN,Fake flower heads in bulk Wholesale for Crafts DIY Artificial Silk Rose Peony Heads Decorative Stamen Fake Flowers for Wedding Home Birthday Decoration Vases Decor Supplies 30PCS 4.5cm (Colorful),E,TP,3,0.6818,0.6818,0.6818,17705.77
730,1 fake hawaiian foam flower not clip for ear,22,B000WZ4JGO,Hibiscus Flowers for Tabletop Decoration (24),E,TP,4,0.6818,0.6818,0.6818,17705.77
730,1 fake hawaiian foam flower not clip for ear,22,B01N2MIBOD,"(50) Assorted Hawaiian Plumeria Frangipani Silk Flower Heads - 3"" - Artificial Flowers Head Fabric Floral Supplies Wholesale Lot for Wedding Flowers Accessories Make Bridal Hair Clips Headbands Dress",E,TP,5,0.6818,0.6818,0.6818,17705.77
730,1 fake hawaiian foam flower not clip for ear,22,B0799KYKLF,Ewanda store 100 Pcs Diameter 2.0 Inch Assorted Color Artificial Plumeria Rubra Hawaiian Foam Frangipani Flower Petals for Weddings Party Decoration,E,TP,6,0.6818,0.6818,0.6818,17705.77
730,1 fake hawaiian foam flower not clip for ear,22,B00XVR7VSS,Sealike 100 Pcs Diameter 2.4 Inch Artificial Plumeria Rubra Hawaiian Flower Petals for Wedding Party Decoration with Stylus White,E,TP,7,0.6818,0.6818,0.6818,17705.77
730,1 fake hawaiian foam flower not clip for ear,22,B0135U3SKU,DreamLily Women's Fashion 3 Pcs Hawaiian White Plumeria Flower Foam Hair Clip Balaclavas for Beach (White),S,FP,8,0.6818,0.6818,0.6818,17705.77
730,1 fake hawaiian foam flower not clip for ear,22,B08HXW4NDT,"50 pcs 10 Color Plumeria Artificial Flower Frangipani Water Floating Plumeria Artificial Flower Frangipani for Pool Decoration and Bathtub (Flower Dia: 6cm/2.36 inch, 01)",E,TP,9,0.6818,0.6818,0.6818,17705.77
730,1 fake hawaiian foam flower not clip for ear,22,B07T23T62Y,"LW 50 pcs Artificial Plumeria Foam Egg Flower Frangipani Heads, Headband Wreath Hawaii Beach Party Wedding Decorations (White)",S,FP,10,0.6818,0.6818,0.6818,17705.77
730,1 fake hawaiian foam flower not clip for ear,22,B01JG13R8U,"SallyFashion Foam Artificial Plumeria Rubra Flower Heads Frangipani Wedding Decoration Flowers Plumeria Flower Head/Hawaiian Plumeria Foam Flower (2.7"",50 pcs)",E,TP,11,0.6818,0.6818,0.6818,17705.77
730,1 fake hawaiian foam flower not clip for ear,22,B084TJPJBN,Toyvian Artificial Flowers Heads Hibiscus Hawaiian Flowers for Craft DIY Art Project Scrapbooking Tabletop Decoration Tropical Luau Party Favors Supplies Purple,E,TP,12,0.6818,0.6818,0.6818,17705.77
730,1 fake hawaiian foam flower not clip for ear,22,B07FZK47ML,"Hawaiian Hibiscus Flower Hair Clip,Fabric Artificial Tropical Flower Hairpin Barrette Hair Accessories for Luau Beach Party(8pcs with Assorted Colors)",I,FP,13,0.6818,0.6818,0.6818,17705.77
730,1 fake hawaiian foam flower not clip for ear,22,B01AK74C7E,Pursuestar 100Pcs White Foam Hawaiian Frangipani Artificial Plumeria Flower Petals Cap Hair Hat Wreath Floral DIY Home Wedding Decoration 5cm,E,TP,14,0.6818,0.6818,0.6818,17705.77
730,1 fake hawaiian foam flower not clip for ear,22,B013DJOCTY,Goege 100 Pcs Diameter 2.4 Inch Artificial Plumeria Rubra Hawaiian Flower Petals For Wedding Party Decoration,E,TP,15,0.6818,0.6818,0.6818,17705.77
730,1 fake hawaiian foam flower not clip for ear,22,B01KVDXJPI,Ewanda store 100 Pcs Diameter 1.6 Inch Artificial Plumeria Rubra Hawaiian Foam Frangipani Flower Petals for Weddings Party Decoration(Ivory),S,FP,16,0.6818,0.6818,0.6818,17705.77
730,1 fake hawaiian foam flower not clip for ear,22,B011ZJ4VA4,Calcifer 30pcs 1.97''Hawaii Hawaiian Plumeria Flower Clips Bridal Wedding Party Beach Hair Clips,E,TP,17,0.6818,0.6818,0.6818,17705.77
730,1 fake hawaiian foam flower not clip for ear,22,B01N391WEM,"(50) Assorted Pink Hawaiian Plumeria Frangipani Silk Flower Heads - 3"" - Artificial Flowers Head Fabric Floral Supplies Wholesale Lot for Wedding Flowers Accessories Make Bridal Hair Clips Headbands",E,TP,18,0.6818,0.6818,0.6818,17705.77
730,1 fake hawaiian foam flower not clip for ear,22,B079HCM4MG,"Adorox 96 Piece Tropical Jungle 8"" Leaves Hawaiian Hibiscus Flower Luau Party Pack",S,FP,19,0.6818,0.6818,0.6818,17705.77
730,1 fake hawaiian foam flower not clip for ear,22,B07N8ZGFQB,"One Blade of Grass: Finding the Old Road of the Heart, a Zen Memoir",I,FP,20,0.6818,0.6818,0.6818,17705.77
730,1 fake hawaiian foam flower not clip for ear,22,B01F7JIYMO,Happy Will 50 Pcs Hawaiian Foam Artificial Plumeria Rubra Hawaiian Flower Petals for Wedding Party Decoration (50),E,TP,21,0.6818,0.6818,0.6818,17705.77
730,1 fake hawaiian foam flower not clip for ear,22,B01DTU3TNM,Healthcom 100 Pcs 2.4 Inch White Artificial Plumeria Rubra Hawaiian Flower Petals Hair Hat Wreath Floral Premium Hawaiian Foam Frangipani Flowers for DIY Home Beach Wedding Party Decoration,E,TP,22,0.6818,0.6818,0.6818,17705.77
730,1 fake hawaiian foam flower not clip for ear,22,B01N5RA7UR,Oojami Hibiscus Flowers for Tabletop Decoration,E,FN,,0.6818,0.6818,0.6818,17705.77
730,1 fake hawaiian foam flower not clip for ear,22,B071JDFPFH,"Pack of 50 Pieces Beautiful Colorful Handmade Mini Diameter 1.4"" Artificial Frangipani Plumeria Hawaiian Flower for Wedding Party Home Office Decoration Handwork (Assorted Color)",E,FN,,0.6818,0.6818,0.6818,17705.77
730,1 fake hawaiian foam flower not clip for ear,22,B075KJ3CSV,"Hawaiian Luau Party Supplies-Hawaiian Leis(36Ct) with (16pcs)Hawaiian Flower Hair Clips, Perfect for Your Hawaii Luaus",E,FN,,0.6818,0.6818,0.6818,17705.77
730,1 fake hawaiian foam flower not clip for ear,22,B07TF96Q3Q,"Pursuestar 50Pcs 2.4"" Mix Colors Foam Hawaiian Frangipani Artificial Plumeria Flower Hat Hair Clips for Home Wedding Party Beach Vacation Decoration",E,FN,,0.6818,0.6818,0.6818,17705.77
730,1 fake hawaiian foam flower not clip for ear,22,B0799L5P5N,Ewanda store 100 Pcs Diameter 1.6 Inch Assorted Color Artificial Plumeria Rubra Hawaiian Foam Frangipani Flower Petals for Weddings Party Decoration,E,FN,,0.6818,0.6818,0.6818,17705.77
730,1 fake hawaiian foam flower not clip for ear,22,B01MF6X0F3,HugeStore 100 Pcs Diameter 2.4 Inch Artificial Frangipani Plumeria Hawaiian Flower Petals for Wedding Decor Decoration White,E,FN,,0.6818,0.6818,0.6818,17705.77
730,1 fake hawaiian foam flower not clip for ear,22,B01LYCI2HH,"Super Z Outlet Hula Girl Paper Foam Hibiscus Color Assorted Flower Lei Hawaiian Island Rainforest Theme Hair Clips for Costume, Birthday Party Favors, Event Decoration Supplies (12 Pack)",E,FN,,0.6818,0.6818,0.6818,17705.77
731,1 fancy box without lids,2,B07F69PLSK,Feyarl Mini 3inch Vintage Golden Treasure Box Jewelry Trinket Box Organizer Keepsake Ring Earrings Box Chest for Valentine Wedding Christmas Birthday Gift,I,FP,1,0.0,0.0,0.0,15810.35
731,1 fancy box without lids,2,B07S7QHL2Y,"Decorative Treasure Box, Vintage Wooden Large Desktop Storage Boxes for Books Jewelry Document Stash, Without Lock (#2)",S,FP,2,0.0,0.0,0.0,15810.35
731,1 fancy box without lids,2,B06ZZ3XHBW,"HOMZ 3410CLRDC.05 Plastic Storage, Modular Stackable Storage Bins with Blue Latching Handles, 7.5 Quart, Clear, 5-Pack",E,FN,,0.0,0.0,0.0,15810.35
731,1 fancy box without lids,2,B08Q3FMWJT,"BLK&WH Gift Box 14x9.5x4.5 Inches, Large Gift Box with Lid, White Gift Box, Bridesmaid Proposal Box, Collapsible Gift Box with Magnetic Lid (Matte White)",E,FN,,0.0,0.0,0.0,15810.35
737,1 for 1 chlorine free pads without wings,10,B07C57MRRS,"Seventh Generation Ultra Thin Pads with Wings, Super Absorbency, 32 Count",E,TP,1,0.1,0.1,0.1,15817.67
737,1 for 1 chlorine free pads without wings,10,B0014GXBTG,"Seventh Generation Ultrathin Pads, Regular with wings, Free & Clear, 18 count",S,FP,2,0.1,0.1,0.1,15817.67
737,1 for 1 chlorine free pads without wings,10,B01KHD3T1G,"Seventh Generation Ultrathin Pads, Overnight with wings, Free & Clear, 14 count",I,FP,3,0.1,0.1,0.1,15817.67
737,1 for 1 chlorine free pads without wings,10,B013IL5FXE,The Honest Company Organic Cotton Pads | Regular | Hypoallergenic Pads with Wings | Ultra-Soft & Ultra-Thin | PH Compatible | Breathable | Plant-Based with Organic Cotton |10 Count,I,FP,4,0.1,0.1,0.1,15817.67
737,1 for 1 chlorine free pads without wings,10,B08WRF4M2P,"LOLA Ultra Thin Menstrual Pads with Wings, Regular Absorbency, Organic Cotton Topsheet & Core, Unscented, Chlorine Free, Hypoallergenic Sanitary Napkins, Powerful Leak Protection - Regular (32 Count)",S,FP,5,0.1,0.1,0.1,15817.67
737,1 for 1 chlorine free pads without wings,10,B0014H2ZKG,"Seventh Generation Maxi Pads, Overnight with wings, Free & Clear Chlorine Free, 14 count",S,FP,6,0.1,0.1,0.1,15817.67
737,1 for 1 chlorine free pads without wings,10,B08288RTFX,Cora Organic Pads | Ultra Thin Period Pads with Wings | Super Absorbency | Ultra-Absorbent Sanitary Pads for Women | 100% Organic Cotton Topsheet (36 Count (Pack of 1)),S,FP,7,0.1,0.1,0.1,15817.67
737,1 for 1 chlorine free pads without wings,10,B08WRBG8JW,"LOLA Ultra Thin Menstrual Pads with Wings, Regular Absorbency, Organic Cotton Topsheet & Core, Unscented, Chlorine Free, Hypoallergenic Sanitary Napkins, Powerful Leak Protection - Regular (64 Count)",S,FP,8,0.1,0.1,0.1,15817.67
737,1 for 1 chlorine free pads without wings,10,B07XL578S2,Cora Organic Pads | Ultra Thin Period Pads with Wings | Overnight Absorbency | Ultra-Absorbent Sanitary Pads for Women | 100% Organic Cotton Topsheet (36 Count (Pack of 1)),S,FP,9,0.1,0.1,0.1,15817.67
737,1 for 1 chlorine free pads without wings,10,B08LL9N16Q,"48 Oregon 89-001 Aerator Tines - Replaces Ryan 2701410, 522361, Toro 121-4894, T7112",I,FP,10,0.1,0.1,0.1,15817.67
737,1 for 1 chlorine free pads without wings,10,B01IZ5EYJO,"Always Ultra Thin Pads for Women, Size 1 Regular Absorbency Without Wings Unscented, 44 Count - Pack of 3 (132 Count Total)",E,FN,,0.1,0.1,0.1,15817.67
737,1 for 1 chlorine free pads without wings,10,B0014GW1CO,"Seventh Generation Maxi Pads, Regular, Free & Clear Chlorine Free, 24 count",E,FN,,0.1,0.1,0.1,15817.67
737,1 for 1 chlorine free pads without wings,10,B002PKC39O,"SEVENTH GENERATION Free & Clear Maxi Pads, 24 Count (2 Pack)",E,FN,,0.1,0.1,0.1,15817.67
737,1 for 1 chlorine free pads without wings,10,B006R6U9SY,"U by Kotex Security Ultra Thin Feminine Pads, Heavy Absorbency, Unscented, 56 Count",E,FN,,0.1,0.1,0.1,15817.67
737,1 for 1 chlorine free pads without wings,10,B0014JWTIM,"Seventh Generation Ultrathin Pads, Overnight with wings, Free & Clear Chlorine Free, 14 count",E,FN,,0.1,0.1,0.1,15817.67
737,1 for 1 chlorine free pads without wings,10,B000C9SDPS,"Seventh Generation Maxi Pads, Regular Absorbency, Chlorine Free, 24 count, 12 Pack (Packaging May Vary)",E,FN,,0.1,0.1,0.1,15817.67
737,1 for 1 chlorine free pads without wings,10,B07192ZQ3L,"Rael Organic Cotton Sanitary Pads - Overnight Size, Heavy Absorbency, Unscented, Ultra Thin Pads for Women (20 Count)",E,FN,,0.1,0.1,0.1,15817.67
737,1 for 1 chlorine free pads without wings,10,B003CP156I,"Always Xtra Protection Daily Feminine Panty Liners for Women, Regular, Unscented, 50 Count - Pack of 6 (300 Total Count)",E,FN,,0.1,0.1,0.1,15817.67
737,1 for 1 chlorine free pads without wings,10,B07M7GVGJW,"L. Organic Cotton & Chlorine-Free Liners, Ultra Thin, 100 Count",E,FN,,0.1,0.1,0.1,15817.67
745,1 gallon ziplock bags the kind without the zip clip,18,B081ZTDBL3,"100 Pieces Resealable Smell Proof Bags Foil Pouch Bag Flat Bag for Party Favor Food Storage (Holographic Color, 3 x 4 Inch and 4 x 6 Inch)",I,FP,1,0.5556,0.5556,0.5556,17221.73
745,1 gallon ziplock bags the kind without the zip clip,18,B00JC9TJQ6,"Glad Zipper Food Storage Plastic Bags - Gallon Size - 50 Count, Pack of 4 (Package May Vary)",E,TP,2,0.5556,0.5556,0.5556,17221.73
745,1 gallon ziplock bags the kind without the zip clip,18,B01GZHRMUW,"Hefty Baggies Food Storage Bags, Gallon Size, Twist Tie, 75 Count (Pack of 9), 675 Total",S,FP,3,0.5556,0.5556,0.5556,17221.73
745,1 gallon ziplock bags the kind without the zip clip,18,B003UEGZNE,"Ziploc Freezer Bags with New Grip 'n Seal Technology, Gallon, 28 Count",E,TP,4,0.5556,0.5556,0.5556,17221.73
745,1 gallon ziplock bags the kind without the zip clip,18,B00CQG5QUA,"Ziploc Freezer Bags with New Grip 'n Seal Technology, For Food, Organization and More, Quart, 75 Count",I,FP,5,0.5556,0.5556,0.5556,17221.73
745,1 gallon ziplock bags the kind without the zip clip,18,B0065284NW,"Glad Food Storage and Freezer 2 in 1 Zipper Bags - Gallon Size - 36 Count, Pack of 9 (Package May Vary)",E,TP,6,0.5556,0.5556,0.5556,17221.73
745,1 gallon ziplock bags the kind without the zip clip,18,B07NQVYCG3,"Ziploc Gallon Food Storage Slider Bags, Power Shield Technology for More Durability, 26 Count, Pack of 4 (104 Total Bags)",E,TP,7,0.5556,0.5556,0.5556,17221.73
745,1 gallon ziplock bags the kind without the zip clip,18,B00HG1GG6S,"Ziploc Gallon Food Storage Bags, Grip 'n Seal Technology for Easier Grip, Open, and Close, 75 Count",E,TP,8,0.5556,0.5556,0.5556,17221.73
745,1 gallon ziplock bags the kind without the zip clip,18,B092P4NN69,"[9""X12"" Inches 100 pk] Heavy Weight Storage Freezer Slider Bags 9""X12"" Storage Large 1 Gallon Quality Bags for Food Home Office Clothing Packaging Shipping & All Purpose Needs 100 Ct 3 Mil Thick",I,FP,9,0.5556,0.5556,0.5556,17221.73
745,1 gallon ziplock bags the kind without the zip clip,18,B07BMYXYP9,Diversey-100946912 CRYOVAC Resealable Double Zipper Gallon Freezer Bags (30 Bags),E,TP,10,0.5556,0.5556,0.5556,17221.73
745,1 gallon ziplock bags the kind without the zip clip,18,B01FXMDA2O,"Ziploc Slider Storage Bags with New Power Shield Technology, Gallon, 32 Count, Pack of 3 (96 Total Bags)",S,FP,11,0.5556,0.5556,0.5556,17221.73
745,1 gallon ziplock bags the kind without the zip clip,18,B01N1M359Q,"SC Johnson Professional Ziploc Storage Bags with New Grip 'n Seal Technology, For Food Organization and Storage, Double Zipper, Gallon, 250 Count",E,TP,12,0.5556,0.5556,0.5556,17221.73
745,1 gallon ziplock bags the kind without the zip clip,18,B085G7QGRR,"Reusable Gallon Freezer Bags - 6 Pack 1 Gallon Storage Bags, Leakproof Silicone and Plastic Free Gallon Ziplock Bags for Marinate Meats Cereal Sandwich Snack Travel Items Meal Prep Home Organization",E,TP,13,0.5556,0.5556,0.5556,17221.73
745,1 gallon ziplock bags the kind without the zip clip,18,B0842YTCXC,"GLAD Flex’N Seal Food Storage Plastic Bags, Gallon, 35 Count, Pack of 4",S,FP,14,0.5556,0.5556,0.5556,17221.73
745,1 gallon ziplock bags the kind without the zip clip,18,B088QZBZN9,JOERSH 26PCS Mason Jar Ziplock Bags Reusable Storage for Food Snack - Airtight Fresh Seal Bags for Travel Camping or Picnic - Bottles Shaped Zipper Bags,S,FP,15,0.5556,0.5556,0.5556,17221.73
745,1 gallon ziplock bags the kind without the zip clip,18,B07BJ495GL,"Amazon Brand - Solimo Gallon Food Storage Bags, 120 Count",E,TP,16,0.5556,0.5556,0.5556,17221.73
745,1 gallon ziplock bags the kind without the zip clip,18,B08QCTZ5T9,"118 x 19.6 inch Large Sign Back to The 90s Theme Party Banner Decorations, Retro 90's Hip Hop Graffiti Backdrop Party Supplies, Throwback 90s Birthday Party Yard Sign Decor",I,FP,17,0.5556,0.5556,0.5556,17221.73
745,1 gallon ziplock bags the kind without the zip clip,18,B07PZ8HLWD,"Ziploc Gallon Food Storage Freezer Bags, Grip 'n Seal Technology for Easier Grip, Open, and Close, 30 Count, Pack of 4 (120 Total Bags)",E,TP,18,0.5556,0.5556,0.5556,17221.73
745,1 gallon ziplock bags the kind without the zip clip,18,B01HC0I57K,"Glad Trash & Food Storage Food Storage and Freezer 2 in 1 Zipper Bags - Gallon Size - 36 Count Each (Pack of 3), Transparent (10602052)",E,FN,,0.5556,0.5556,0.5556,17221.73
745,1 gallon ziplock bags the kind without the zip clip,18,B003U6A3C6,"Ziploc Storage Bags, Double Zipper Seal & Expandable Bottom, Large, 5 Count, Big Bag",E,FN,,0.5556,0.5556,0.5556,17221.73
745,1 gallon ziplock bags the kind without the zip clip,18,B07VFSNBW1,"Reusable Gallon Storage Bags - Stand up Ziplock Gallon Freezer Bags - 3 Pack LEAKPROOF 1 Gallon Size Bags - for Marinate Meats, Snack, Sandwich, Fruit, Travel Items, Cereal, Veggies, Home Organization",E,FN,,0.5556,0.5556,0.5556,17221.73
745,1 gallon ziplock bags the kind without the zip clip,18,B003OWRA72,"Ziploc Gallon Food Storage Freezer Slider Bags, Power Shield Technology for More Durability, 24 Count",E,FN,,0.5556,0.5556,0.5556,17221.73
745,1 gallon ziplock bags the kind without the zip clip,18,B083J4GF5N,Reusable Storage Bags - 12 Pack BPA FREE Freezer Bags Food Container for Sous Vide Liquid Lunch Snack Sandwich Marinate Meat Fruits Cereal Size Gallon Large Plastic Containers,E,FN,,0.5556,0.5556,0.5556,17221.73
745,1 gallon ziplock bags the kind without the zip clip,18,B07BJ469BR,"Amazon Brand - Solimo Freezer Gallon Bags, 90 Count",E,FN,,0.5556,0.5556,0.5556,17221.73
745,1 gallon ziplock bags the kind without the zip clip,18,B00CQAHOCO,"Ziploc Gallon Food Storage Freezer Bags, Grip 'n Seal Technology for Easier Grip, Open, and Close, 60 Count",E,FN,,0.5556,0.5556,0.5556,17221.73
745,1 gallon ziplock bags the kind without the zip clip,18,B01MSSW11O,"SC Johnson Professional Ziploc Freezer Bags, For Food Organization and Storage, Double Zipper, Gallon, 250 Count",E,FN,,0.5556,0.5556,0.5556,17221.73
749,1 gpm propane water heater not adapter,15,B08Z8D2XZQ,"Camplux 5L Outdoor Portable Water Heater, 1.32 GPM Tankless Propane Gas Water Heater for RV, Camping, Barns, White",E,TP,1,0.5333,0.5333,0.5333,17279.29
749,1 gpm propane water heater not adapter,15,B01I1FU1FE,Camplux 16L Outdoor 4.22 GPM Digital Display Propane Gas Tankless Water Heater,S,FP,2,0.5333,0.5333,0.5333,17279.29
749,1 gpm propane water heater not adapter,15,B00GKQWG0A,Eccotemp L5 Tankless Water Heater w/ EccoFlo 12V Pump and Strainer,I,FP,3,0.5333,0.5333,0.5333,17279.29
749,1 gpm propane water heater not adapter,15,B089LVTZP2,"FOGATTI Propane Tankless Water Heater Indoor for Home Gas 3.7 GPM 67℉Rise (5.5 GPM 45℉ Rise), High Efficiency Instant Hot On Demand Multiple Points of Use",S,FP,4,0.5333,0.5333,0.5333,17279.29
749,1 gpm propane water heater not adapter,15,B07FTK91YG,Camplux Pro 6L 1.58 GPM Outdoor Portable Propane Tankless Water Heater With 1.2 GPM Water Pump,E,TP,5,0.5333,0.5333,0.5333,17279.29
749,1 gpm propane water heater not adapter,15,B084GWH3CR,RecPro RV Tankless Water Heater | On Demand Hot Water Heater | Gas Water Heater | Remote Control Included (White),S,FP,6,0.5333,0.5333,0.5333,17279.29
749,1 gpm propane water heater not adapter,15,B002Y0K6AI,"Eccotemp FVI12-LP Liquid Propane Gas Tankless Water Heaters, White",S,FP,7,0.5333,0.5333,0.5333,17279.29
749,1 gpm propane water heater not adapter,15,B0777K889Q,"Tankless Water Heater, Camplux Constant Propane Water Heater, 3.18 GPM On Demand Water Heater, Instant Hot Water Heater, Indoor, Black",S,FP,8,0.5333,0.5333,0.5333,17279.29
749,1 gpm propane water heater not adapter,15,B08V521V9N,Camplux Outdoor Portable Hot Water Heater Propane Instant 2.11 GPM On Demand Camping Gas Tankless Water Heater,E,TP,9,0.5333,0.5333,0.5333,17279.29
749,1 gpm propane water heater not adapter,15,B01N1ZM1TS,"Camplux Tankless Water Heater, 2.64 GPM On Demand Instant Hot Water Heater,Propane Tankless Water Heater for Shower, White",S,FP,10,0.5333,0.5333,0.5333,17279.29
749,1 gpm propane water heater not adapter,15,B076S341ZH,Ridgeyard Fashion 6L Portable Propane Gas Tankless Water Heater with Shower Head 6L for Cabins,E,TP,11,0.5333,0.5333,0.5333,17279.29
749,1 gpm propane water heater not adapter,15,B08XX3N3N7,"Propane Tankless Water Heater, GASLAND Outdoors BS158 1.58GPM 6L Portable Gas Water Heater, Instant Propane Water Heater, RV Camping Water Heater, Overheating Protection, Easy to Install",E,TP,12,0.5333,0.5333,0.5333,17279.29
749,1 gpm propane water heater not adapter,15,B07TP8W2B7,"Camplux Pro 1.58 GPM Tankless Propane Water Heater, Outdoor Propane Gas Water Heater with Portable Handle, Portable Gas Water Heater for Camping,Cabins,White",E,TP,13,0.5333,0.5333,0.5333,17279.29
749,1 gpm propane water heater not adapter,15,B01MXDZCKM,Eccotemp L5 1.5 GPM Portable Outdoor Tankless Water Heater,E,TP,14,0.5333,0.5333,0.5333,17279.29
749,1 gpm propane water heater not adapter,15,B083GQPRW6,"Camplux 2.64 GPM Tankless Propane Water Heater, Outdoor Portable Gas Water Heater with Overheating Protection, Instant Propane Hot Water Heater for RV, Camping, Cabins, Barns, White",E,TP,15,0.5333,0.5333,0.5333,17279.29
749,1 gpm propane water heater not adapter,15,B082PRMBG3,Camplux Tankless Water Heater Electric with LED Display 120V Instant Water Heaters Under Sink 3.5kw TE04,E,FN,,0.5333,0.5333,0.5333,17279.29
749,1 gpm propane water heater not adapter,15,B084TMGHXX,"Camplux 2.64 GPM Portable Propane Water Heater, Tankless Propane Gas Water Heater with Digital Display, On Demand Hot Gas Water Heater for Campings, Road Trips, White",E,FN,,0.5333,0.5333,0.5333,17279.29
749,1 gpm propane water heater not adapter,15,B0789DTY5L,"Camplux ME25 Mini Tank Electric Water Heater 2.5-Gallon with Cord Plug,1.5kW at 120 Volts",E,FN,,0.5333,0.5333,0.5333,17279.29
749,1 gpm propane water heater not adapter,15,B07MDZC6KG,"Tankless Water Heater Electric 5.5kw 240V, ECOTOUCH Point-of-Use Hot Water Heater Digital Display,Electric Instant Hot Water Heater with Self-modulating,Overheating Protection,White",E,FN,,0.5333,0.5333,0.5333,17279.29
749,1 gpm propane water heater not adapter,15,B07KGFPVG6,"Hike Crew Portable Propane Water Heater & Shower Pump – Compact Outdoor Cleaning & Showering System w/LCD & Auto Safety Shutoff for Instant Hot Water While Camping, Hiking – Carry Case Included",E,FN,,0.5333,0.5333,0.5333,17279.29
749,1 gpm propane water heater not adapter,15,B07D7SY8DR,"Eemax EEM24013 Electric Tankless Water Heater, Blue",E,FN,,0.5333,0.5333,0.5333,17279.29
749,1 gpm propane water heater not adapter,15,B01MS9DVEE,"Rheem RTEX-24 24kW 240V Electric Tankless Water Heater, Gray",E,FN,,0.5333,0.5333,0.5333,17279.29
755,1 hp pool pump without filter,3,B01BSV5PIQ,Harris H1572747 ProForce 1 HP Inground Pool Pump 115/230V,I,FP,1,0.0,0.0,0.0,16034.45
755,1 hp pool pump without filter,3,B01AAWQRUY,"XtremepowerUS 2HP In-Ground Swimming Pool Pump Variable Speed 2"" Inlet 230V High Flo w/ Slip-On Fitting",S,FP,2,0.0,0.0,0.0,16034.45
755,1 hp pool pump without filter,3,B06WGVDDVW,"XtremepowerUS 1.5HP Inground Pool Pump 5280GPH 1.5"" NPT Inlet/Outlet 220V Dual Speed",S,FP,3,0.0,0.0,0.0,16034.45
755,1 hp pool pump without filter,3,B0062FTMV0,WAYNE CDU1000 1 HP Submersible Cast Iron and Stainless Steel Sump Pump with Integrated Vertical Float Switch - 58321-WYN2,E,FN,,0.0,0.0,0.0,16034.45
755,1 hp pool pump without filter,3,B00554SP3K,WAYNE CDU980E 3/4 HP Submersible Cast Iron and Stainless Steel Sump Pump With Integrated Vertical Float Switch,E,FN,,0.0,0.0,0.0,16034.45
755,1 hp pool pump without filter,3,B00ZTRLD2I,Lanchez Submersible Utility 3/4 HP Pump with 4450 GPH Flow for Water Removal， Drain Pump for Swimming Pool Garden Pond Basement，Transfer Pump 25 feet Power Cord,E,FN,,0.0,0.0,0.0,16034.45
758,1 in blank buttons without pin backs,5,B07KGHZR5H,"Seeking ROAM Buttons 4 Hole, 1 Inch, Resin, 10 Pieces, Black (Black)",I,FP,1,0.4,0.4,0.4,15635.36
758,1 in blank buttons without pin backs,5,B07XFCLK38,"50 Pack Acrylic Design Button Badge Clear Button Pin Badges Kit for Craft Supplies, DIY Badges (2.4 Inch)",I,FP,2,0.4,0.4,0.4,15635.36
758,1 in blank buttons without pin backs,5,B07C3LSGLZ,FJSM 30 Sets 2.4 inch Badge Button Pin Round DIY Button Badge Acrylic Design Clear Plastic Large Pin Button Badge Kit for Children's DIY Craft Supplies,E,TP,3,0.4,0.4,0.4,15635.36
758,1 in blank buttons without pin backs,5,B07JJW94NZ,Sumind 36 Pack 1.5 Inch Acrylic Design Button Badge Clear Button Pin Badges Kit for Craft Supplies or DIY Badges,E,TP,4,0.4,0.4,0.4,15635.36
758,1 in blank buttons without pin backs,5,B07VTTXXGB,Yesland 60 Sets Acrylic Design Button - 2.36'' - Clear Badges Kit with Pin for Craft Supplies/Activities/DIY Badges,S,FP,5,0.4,0.4,0.4,15635.36
758,1 in blank buttons without pin backs,5,B071R1W829,"Rustark 120Pcs 3 Sizes Silver Tone Pin Back Clasp Brooch for Badge Crafts, Jewelry Crafting, Sewing Fabric, Making Corsage - Small/Medium/Large",E,FN,,0.4,0.4,0.4,15635.36
758,1 in blank buttons without pin backs,5,B07ZCS9J71,BUYGOO 50Pcs 1.5 inch Acrylic Design Button Badge Clear Button Pin Badges Kit for DIY Crafts and Children's Paper Craft Activities and More,E,FN,,0.4,0.4,0.4,15635.36
758,1 in blank buttons without pin backs,5,B00RCDXCMG,GANSSIA 1 Inch Black Resin Buttons 25mm Sewing Flatback Button for Garment DIY Craft Decoration Pack of 50PCS,E,FN,,0.4,0.4,0.4,15635.36
759,1 in clear round acrylic disk without hole,11,B08PZ29L1T,"16 Pieces Acrylic Sheet 0.08 Inch Thick Circle Acrylic Blanks Plastic Disc Round Acrylic Panel Circle Acrylic Sheets Sign for Picture Frame Painting DIY Crafts (Clear,4 Inch/ 10.16 cm)",E,TP,1,0.9091,0.9091,0.9091,16747.61
759,1 in clear round acrylic disk without hole,11,B085XX31XJ,"Clear Acrylic Disks, Round Circles for Arts and Craft Supplies (3 Inches, 20 Pack)",E,TP,2,0.9091,0.9091,0.9091,16747.61
759,1 in clear round acrylic disk without hole,11,B07TK8XYMF,"Tupalizy 1 Inch Clear Circular Acrylic Game Accessories Miniature Bases Flat Discs Counter Markers for Miniature Stands, Tabletop Decor, , Terrain Building and Cake Decoration, 1.8mm Thick, 25 Pack",E,TP,3,0.9091,0.9091,0.9091,16747.61
759,1 in clear round acrylic disk without hole,11,B07ZRNNQXK,"40 Laser Cut Clear Acrylic Blank Round Discs Smooth Edge Transparent Plexiglass Circles 1/8 inch (3 mm) with or Without Holes DIY Crafts Keychains Jewelry Gift Tags (1"", with Hole)",E,TP,4,0.9091,0.9091,0.9091,16747.61
759,1 in clear round acrylic disk without hole,11,B09BC812WD,"30 Laser Cut Clear Acrylic Blank Round Discs Smooth Edge Transparent Plexiglass Circles 3/16 inch (4.5 mm) Thick with or Without Holes DIY Crafts Keychains Jewelry Gift Tags (1"", No Hole)",E,TP,5,0.9091,0.9091,0.9091,16747.61
759,1 in clear round acrylic disk without hole,11,B07ZHLXB8M,"20 Laser Cut Clear Acrylic Blank Round Discs Smooth Edge Transparent Plexiglass Circles 1/8 inch (3 mm) with or Without Holes DIY Crafts Keychains Jewelry Gift Tags (1"", with Hole)",E,TP,6,0.9091,0.9091,0.9091,16747.61
759,1 in clear round acrylic disk without hole,11,B08Q3X9M33,"BILLIOTEAM 24 PCS 3 Inch Acrylic Disks,1/8"" Thickness,Clear Acrylic Round Circles Blanks for DIY Crafts,Vinyl Projects,DIY Keychains,Decorative Ornaments,Name Plates (No Hole)",E,TP,7,0.9091,0.9091,0.9091,16747.61
759,1 in clear round acrylic disk without hole,11,B07ZPB3L6B,"30 Laser Cut Clear Acrylic Blank Round Discs Smooth Edge Transparent Plexiglass Circles 1/8 inch (3 mm) with or Without Holes DIY Crafts Keychains Jewelry Gift Tags (1"", No Hole)",E,TP,8,0.9091,0.9091,0.9091,16747.61
759,1 in clear round acrylic disk without hole,11,B09BBRW537,"20 Laser Cut Clear Acrylic Blank Round Discs Smooth Edge Transparent Plexiglass Circles 3/16 inch (4.5 mm) Thick with or Without Holes DIY Crafts Keychains Jewelry Gift Tags (1"", with Hole)",E,TP,9,0.9091,0.9091,0.9091,16747.61
759,1 in clear round acrylic disk without hole,11,B07ZKV3BK6,"100 Laser Cut Clear Acrylic Blank Round Discs Smooth Edge Transparent Plexiglass Circles 1/8 inch (3 mm) with or Without Holes DIY Crafts Keychains Jewelry Gift Tags (1"", with Hole)",E,TP,10,0.9091,0.9091,0.9091,16747.61
759,1 in clear round acrylic disk without hole,11,B00117YRMI,"The Liquid Stuff One Hour Cleansing Drink, Grape, 16 fl oz",I,FP,11,0.9091,0.9091,0.9091,16747.61
759,1 in clear round acrylic disk without hole,11,B086QT1KXM,"BigOtters Acrylic Keychain Blanks, Acrylic Transparent Circle Discs 120pcs Clear Keychains Including 30pcs Acrylic Blanks, 30pcs Keychain Tassels, 30pcs Key Chain Rings and 30pcs Jump Rings for DIY Keychain Crafting",E,FN,,0.9091,0.9091,0.9091,16747.61
765,1 inch 3 ring binder without clear pocket,20,B07DFZX1BS,"AVERY + Amy Tangerine Designer Collection Binder, 1""Round Rings, 175-Sheet Capacity, Blank Canvas (28323)",E,TP,1,0.5,0.5,0.5,17281.3
765,1 inch 3 ring binder without clear pocket,20,B00B1FKDKU,"AVERY Heavy Duty View 3 Ring Binder, 1"" One Touch EZD Ring, Holds 8.5"" x 11"" Paper, 1 Red Binder (79170)",E,TP,2,0.5,0.5,0.5,17281.3
765,1 inch 3 ring binder without clear pocket,20,B01EXIQHWO,"Samsill Fashion Color 3 Ring Storage Binders, 1 Inch Round Ring, Assorted Colors May Vary (Blue Coconut, Dragon Fruit, Blueberry), Bulk Binders - 6 Pack, Model Number: MP21398",E,TP,3,0.5,0.5,0.5,17281.3
765,1 inch 3 ring binder without clear pocket,20,B07MVH9SDW,"Blue Summit Supplies Mini 3-Ring Binder, Junior 1 Inch Mini Binder, Small 3-Ring Binder, Small Size Fits 5 1/2 x 8 1/2 Binder Paper, Set of Small Binders Ideal for Playbills or Planner, White, 6 Pack",E,TP,4,0.5,0.5,0.5,17281.3
765,1 inch 3 ring binder without clear pocket,20,B003O3GS9M,"Mead 1 Inch 3 Ring Binder, Tri-Fold, 3 Pockets, Purple/Pink (72161)",E,TP,5,0.5,0.5,0.5,17281.3
765,1 inch 3 ring binder without clear pocket,20,B00006IELN,"Avery(R) Durable View 3 Ring Binder, 2 Inch EZD Rings, 1 Black Binder (09500)",S,FP,6,0.5,0.5,0.5,17281.3
765,1 inch 3 ring binder without clear pocket,20,B08DN75G46,"Comix 3 Ring Binder with Pocket,1 inch Round Ring Binder Holds 8.5 x 11 Inch 175 Sheets for School,Office, Assorted Color(Red,,Blue,Teal,Green), 4-Pack (EA119)",E,TP,7,0.5,0.5,0.5,17281.3
765,1 inch 3 ring binder without clear pocket,20,B07HJYG8PT,"4 Pack 1.5 Inch 3 Ring Binders, Rugged Design for Home, Office, and School, Designed for of 8.5 Inch x 11 Inch Paper, Red, Purple, Aqua, Lime Green, 4 Binder Assorted Pack, Made in USA",E,TP,8,0.5,0.5,0.5,17281.3
765,1 inch 3 ring binder without clear pocket,20,B07TCS47XC,"1 Inch 3 Ring Binders,SEEKIND View Binders,Holds Up to 8.5""11"" Paper,Customizable Clear Cover,for Home,Office, and School Supply,6 Pack",E,TP,9,0.5,0.5,0.5,17281.3
765,1 inch 3 ring binder without clear pocket,20,B073Z1Q8SN,"4 Pack 3 inch 3 Ring Binders, Rugged Heavy Duty Design for Home, Office, and School, Holds up to 625 Sheets of 8.5 Inch x 11 Inch Paper, White, 4 Binders",S,FP,10,0.5,0.5,0.5,17281.3
765,1 inch 3 ring binder without clear pocket,20,B07WTPV9T6,"3 Ring View Binder 1/2"" Inch with 2 Pockets Ideal for Office, School, Home for organizing Projects, Presentations and More Available in Grey (Pack of 2) by - Emraw",S,FP,11,0.5,0.5,0.5,17281.3
765,1 inch 3 ring binder without clear pocket,20,B097CZWVCB,"YETI Rambler 14 oz Mug, Vacuum Insulated, Stainless Steel with MagSlider Lid, Harvest Red",I,FP,12,0.5,0.5,0.5,17281.3
765,1 inch 3 ring binder without clear pocket,20,B00A45VF2S,"Cardinal Economy 3-Ring Binders, 1"", Round Rings, Holds 225 Sheets, ClearVue Presentation View, Non-Stick, White, Carton of 12 (90621)",E,TP,13,0.5,0.5,0.5,17281.3
765,1 inch 3 ring binder without clear pocket,20,B08334WQ2T,Artificial Eucalyptus Garland- Wedding Greenery Garland- 2 Pack Total 12’ Long- Farmhouse Classroom Décor Garland Greenery- Eucalyptus Vine Succulent Garland- Faux Eucalyptus Garland,I,FP,14,0.5,0.5,0.5,17281.3
765,1 inch 3 ring binder without clear pocket,20,B0017P1FYM,"Avery Economy Binder with 2 Inch Round Ring, Black, One Binder (3501)",S,FP,15,0.5,0.5,0.5,17281.3
765,1 inch 3 ring binder without clear pocket,20,B001DYYFTO,"Airborne Vitamin C 1000mg (per serving) - Zesty Orange Effervescent Tablets (10 count in a box), Gluten-Free Immune Support Supplement, With Vitamins A C E, ZINC, Selenium, Echinacea & Ginger",I,FP,16,0.5,0.5,0.5,17281.3
765,1 inch 3 ring binder without clear pocket,20,B07MXDQ812,SweatyRocks Women's Bathing Suits One Shoulder Cutout One Piece Swimsuit Swimwear Monokini Pink Medium,I,FP,17,0.5,0.5,0.5,17281.3
765,1 inch 3 ring binder without clear pocket,20,B007YCOMWY,"QuickFit Heavy Duty 8.5 x 14 Inch Landscape Spreadsheet View Binder, 1 Inch, Round Ring, Black (95011L)",S,FP,18,0.5,0.5,0.5,17281.3
765,1 inch 3 ring binder without clear pocket,20,B07G4MVQPJ,"Better Office Products, 3 Ring Poly Binder with Pocket, 1 Inch, Letter Size, 4 Pack-Assorted Colors",E,TP,19,0.5,0.5,0.5,17281.3
765,1 inch 3 ring binder without clear pocket,20,B07D3QKRW1,LG Stylo 4 – 32 GB – Unlocked (AT&T/Sprint/T-Mobile/Verizon) – Aurora Black – Prime Exclusive Phone,I,FP,20,0.5,0.5,0.5,17281.3
765,1 inch 3 ring binder without clear pocket,20,B07TK2JTZT,"Blue Summit Supplies Mini 3-Ring Binder, Junior 1 Inch Mini Binder, Small 3-Ring Binder, Small Size Fits 5 1/2 x 8 1/2 Binder Paper, Set of Small Binders Ideal for Playbills or Planner, Black, 6 Pack",E,FN,,0.5,0.5,0.5,17281.3
765,1 inch 3 ring binder without clear pocket,20,B07H9LJN3T,"Travigo 3-Ring Zipper Business Leather Portfolio Folder| 1.25"" 3-Ring Binder Professional Business Folder Resume Document Organizer|Exterior Pocket | Guesseted File Pocket| 8-1-2"" Writing Pad (Black)",E,FN,,0.5,0.5,0.5,17281.3
765,1 inch 3 ring binder without clear pocket,20,B07DFZWYW4,"AVERY + Amy Tangerine Designer Collection Binder, 1""Round Rings, 175-Sheet Capacity, Watercolor Rainbow (28322)",E,FN,,0.5,0.5,0.5,17281.3
765,1 inch 3 ring binder without clear pocket,20,B01F9R3CY4,"Cardinal Economy 3 Ring Binder, 1 Inch, Presentation View, White, Holds 225 Sheets, Nonstick, PVC Free, 4 Pack of Binders (79510)",E,FN,,0.5,0.5,0.5,17281.3
765,1 inch 3 ring binder without clear pocket,20,B00006B8KL,"Avery 1"" Economy View 3 Ring Binder, Round Ring, Holds 8.5"" x 11"" Paper, 1 White Binder (5711)",E,FN,,0.5,0.5,0.5,17281.3
765,1 inch 3 ring binder without clear pocket,20,B01F9R3D9I,"Cardinal Economy 3 Ring Binder, 1 Inch, Presentation View, Black, Holds 225 Sheets, Nonstick, PVC Free, 4 Pack of Binders (79512)",E,FN,,0.5,0.5,0.5,17281.3
765,1 inch 3 ring binder without clear pocket,20,B004I01IU4,"Cardinal 3 Ring Binder, 1 Inch FreeStand Binder with Magnetic Cover Flap, Shelf Pull and 5 Color-Coded Rings, ONE-TOUCH Easy Open Locking Slant-D Rings, Holds 250 Sheets, White",E,FN,,0.5,0.5,0.5,17281.3
765,1 inch 3 ring binder without clear pocket,20,B07C425X2N,"Better Office Sheet Protectors, 50 Pack",E,FN,,0.5,0.5,0.5,17281.3
765,1 inch 3 ring binder without clear pocket,20,B07WRRTBD7,"Sooez Binder Pouch, 2 Pack Pencil Pouch 3 Ring Fabric Pencil Pouches Black Pencil Case Pencil Bags,Pencil Bags with Zipper, Zippered Pencil Pouch for 3 Ring Binder (Black)",E,FN,,0.5,0.5,0.5,17281.3
765,1 inch 3 ring binder without clear pocket,20,B00974KT7O,"Filexec Products 1-Inch 3 Ring Binder, Clear, Pack of 2 (50297-64223)",E,FN,,0.5,0.5,0.5,17281.3
774,1 inch hose clamps,16,B00XAK7ATG,"Koehler Enterprises KE16BX 10 Piece Hose Clamp Box (Size SAE 16),silver",E,TP,1,0.8125,0.8125,0.8125,17119.11
774,1 inch hose clamps,16,B073X2LF3B,"HPS Performance #16 Stainless Steel 3/8"" Fuel Injection Hose Clamps 10pc Pack (14mm - 16mm) (FIC-14x10)",I,FP,2,0.8125,0.8125,0.8125,17119.11
774,1 inch hose clamps,16,B07X2WQSXC,"IZOKEE 1/4"" Inch ID Fuel Line Set - 2 Meter / 6-Foot ¼ Inch Fuel Line + 2 Pcs 1/4 Inch & 5/16 Inch Fuel Filters + 10 Pcs 2/5"" ID Hose Clamps for Kawasaki Kohler Briggs & Stratton Small Engine",I,FP,3,0.8125,0.8125,0.8125,17119.11
774,1 inch hose clamps,16,B012ZLEZ6G,10PC Steel T-Bolt Clamps Turbo Intake Intercooler Clamp for 1 inch Hose (32-37mm，10 Pcs),E,TP,4,0.8125,0.8125,0.8125,17119.11
774,1 inch hose clamps,16,B003NR8LWQ,"Breeze - 9416H Liner Stainless Steel Hose Clamp, Worm-Drive, SAE Size 16, 13/16"" to 1-1/2"" Diameter Range, 1/2"" Bandwidth (Pack of 10)",E,TP,5,0.8125,0.8125,0.8125,17119.11
774,1 inch hose clamps,16,B07HC9SBQJ,"Hose Clamps, Senignol 60 Pieces Stainless Steel Adjustable 8-38mm Range Worm Gear Hose Clamp Assortment Kit, Fuel Line Clamp for Plumbing, Automotive and Mechanical Applications",E,TP,6,0.8125,0.8125,0.8125,17119.11
774,1 inch hose clamps,16,B002086E3W,"Precision Brand M8S Micro Seal, Miniature All Stainless Worm Gear Hose Clamp, 7/16"" - 1"" (Pack of 10)",E,TP,7,0.8125,0.8125,0.8125,17119.11
774,1 inch hose clamps,16,B076Q7ZK19,"Hose Clamp, LOKMAN 60 Pieces Stainless Steel Adjustable 6-38mm Range Worm Gear Hose Clamp, Fuel Line Clamp for Plumbing, Automotive And Mechanical Applications",E,TP,8,0.8125,0.8125,0.8125,17119.11
774,1 inch hose clamps,16,B0753C6HL7,"Hon&Guan 8"" Stainless Steel Hose Clips Duct Clamps Adjustable Worm Drive Hose Clamp For Inline Duct Fan Pack of 2 (200mm)",I,FP,9,0.8125,0.8125,0.8125,17119.11
774,1 inch hose clamps,16,B07RBBZ56Q,"Upgr8 Stainless Steel T-Bolt Clamps Range 1.37"" - 1.73"" 35MM~44MM For 1"" Silicone Coupler Hose (2 Pack)",E,TP,10,0.8125,0.8125,0.8125,17119.11
774,1 inch hose clamps,16,B017L17YGS,"Cambridge Worm Gear Hose Clamps SAE Size 12, Adjustable 1 1/16-in to 1 1/4-in, Stainless Steel Band and Housing, Zinc Plated Screw, 10 Pack",E,TP,11,0.8125,0.8125,0.8125,17119.11
774,1 inch hose clamps,16,B01M9ITMDI,"Size #12 (5/8"" ~ 1-1/4"") All Stainless Hose Clamp, 1/2"" Bandwidth, Pack of 10",E,TP,12,0.8125,0.8125,0.8125,17119.11
774,1 inch hose clamps,16,B0036R4TDI,"Precision Brand-33070 M8P Micro Seal, Miniature Partial Stainless Worm Gear Hose Clamp, 7/16"" - 1"" (Pack of 10)",E,TP,13,0.8125,0.8125,0.8125,17119.11
774,1 inch hose clamps,16,B01HPE185E,"LOKMAN 20 Pack 1 Inch Stainless Steel Cable Clamp, Rubber Cushioned Insulated Clamp, Metal Clamp, Tube Holder for Tube, Pipe or Wire Cord Installation",E,TP,14,0.8125,0.8125,0.8125,17119.11
774,1 inch hose clamps,16,B008MG1QKM,"Breeze 62012H Power-Seal Stainless Steel Hose Clamp, Worm-Drive, SAE Size 12, 11/16"" to 1-1/4"" Diameter Range, 1/2"" Bandwidth (Pack of 10)",E,TP,15,0.8125,0.8125,0.8125,17119.11
774,1 inch hose clamps,16,B07G9TZLRM,Selizo 40Pcs Hose Clamp Including 7 Sizes Adjustable Pipe Tube Clamps 304 Stainless Steel Hose Clips,E,TP,16,0.8125,0.8125,0.8125,17119.11
774,1 inch hose clamps,16,B07VH43P7F,"Hose Clamp, 10 Pieces Stainless Steel Adjustable 16-25mm Range Worm Gear Hose Clamp, Fuel Line Clamp for Plumbing, Automotive and Mechanical Applications",E,FN,,0.8125,0.8125,0.8125,17119.11
774,1 inch hose clamps,16,B00I7TANC6,"Breeze 63020H Marine Grade Power-Seal Stainless Steel Hose Clamp, Worm-Drive, SAE Size, 13/16"" to 1-3/4"" Diameter Range, 1/2"" Band Width (Pack of 10)",E,FN,,0.8125,0.8125,0.8125,17119.11
774,1 inch hose clamps,16,B001HWGML6,"Precision Brand - 35280 B20HS All Stainless Worm Gear Hose Clamp, 3/4"" - 1-3/4"" (Pack of 10)",E,FN,,0.8125,0.8125,0.8125,17119.11
775,1 inch hot air brush,16,B081VKHVFR,"Salon One Step Hair Dryer and Volumizer, ManKami Hot Air Brush 3 in 1 Hair Dryer Brush Anti-Scald Negative Ion Hair Straightener Brush Comb Curler Styler for All Hair Types",E,TP,1,0.875,0.875,0.875,16936.78
775,1 inch hot air brush,16,B07QV4FZX8,"Hot Air Brush, 3-in-1 One-Step Hair Dryer and Volumizer, Negative Ion Hair Dryer Brush Styler, Ceramic Lightweight Styling Brush for Hair Drying, Styling, Curling, Straightening, Shine and Hair Volume",E,TP,2,0.875,0.875,0.875,16936.78
775,1 inch hot air brush,16,B07Y3TNT36,"Hot Air Brush, Hair Dryer Brush, Portable Hair Dryer & Volumizer, Straightener, Salon Styler Combo with Three Interchangeable Brush Heads, Anti-Scald Negative Ion Dryer Brush, Low Noise Design",E,TP,3,0.875,0.875,0.875,16936.78
775,1 inch hot air brush,16,B07ZRR1PY6,"Hair Dryer Brush, YaFex Hot Air Brush Dryer & Volumizer with 2 Styling Heads",E,TP,4,0.875,0.875,0.875,16936.78
775,1 inch hot air brush,16,B08143HCDC,"3-in-1 Hair Dryer Brush, Hair Dryer & Volumizer in one, Hair Curler Straightener Dryer Brush in One, Negative Ion Hair Blow Dryer Styler,Lightweight Hot Air Brush for Fast Drying Salon Results",E,TP,5,0.875,0.875,0.875,16936.78
775,1 inch hot air brush,16,B00005A43X,"Conair 2-in-1 Hot Air Curling Combo, Includes 1.5-inch Curl Brush and 1-inch Aluminum Bristle Brush",E,TP,6,0.875,0.875,0.875,16936.78
775,1 inch hot air brush,16,B00EQDRXZM,"Conair 2 in 1 Hot Air Brush, with 1.5"" Aluminum Barrel and 1"" Natural Boar and Nylon Bristle Brush Attachment, with Cool Tip, and Safety Stand, and Three Position Switch, with Tangle Free Cord",E,TP,7,0.875,0.875,0.875,16936.78
775,1 inch hot air brush,16,B000PXYAL2,REVLON 500W Curl and Volumize All in One Hot Air Kit,E,TP,8,0.875,0.875,0.875,16936.78
775,1 inch hot air brush,16,B08VJ243JX,"Bamboo Hooded Bath Towel for Kids - Unicorn Design - Ultra Soft Extra Large 35"" x 35"" & Organic Hypoallergenic - 100% Organic Super Absorbent Bath Towels for Boys and Girls（Pink）",I,FP,9,0.875,0.875,0.875,16936.78
775,1 inch hot air brush,16,B0018CBBPW,"Helen of Troy 1574 Tangle Free Hot Air Brush, White, 1 Inch Barrel",E,TP,10,0.875,0.875,0.875,16936.78
775,1 inch hot air brush,16,B07D9FY1LS,Lovrio Yaki Straight Real Remy Clip in Hair Extensions 9A Grade 100% Virgin Brazilian Hair 7 Pieces Double Weft Full Head Natural Black （1 to 2）Color for Black Women YK 14 inch,I,FP,11,0.875,0.875,0.875,16936.78
775,1 inch hot air brush,16,B07SC8FC5G,"One-Step Hair Dryer & Volumizer Hot Air Brush, 3-in-1 Hair Dryer Brush Styler for Straightening, Curling, Salon Negative Ion Ceramic Lightweight Blow Dryers Straightener Curl Hair Brush",E,TP,12,0.875,0.875,0.875,16936.78
775,1 inch hot air brush,16,B00BJEOITU,"INFINITIPRO BY CONAIR Titanium Ceramic Hot Air Brush, 1 Inch Drying & Styling Hot Air Brush",E,TP,13,0.875,0.875,0.875,16936.78
775,1 inch hot air brush,16,B07MR55RBK,"SwanMyst Curling Iron Brush, Dual Voltage Travel-Friendly 1 Inch Tourmaline Ceramic Ionic Hair Curler Hot Brush, Anti-Scald Instant Heat Up Curling Wand with Teeth Styling Brush",E,TP,14,0.875,0.875,0.875,16936.78
775,1 inch hot air brush,16,B07SHF4VS9,"Hot Air Brush, One Step Hair Dryer & Volumizer, 3-in-1 Hair Dryer Brush Styler for Straightening, Curling, Salon Negative Ion Ceramic Blow Dryer Lightweight Hot Air Modeling Brush",E,TP,15,0.875,0.875,0.875,16936.78
775,1 inch hot air brush,16,B07ZTBNLXZ,"Ceramic Hot Air Brush Styler and Dryer One-Step Hair Dryer and Volumizer Lightweight 1000W Blow Dryer Brush Ionic 3 in 1 Curling Brush Hair Dryer with ALCI Safety Plug, 1.25 Inch",E,TP,16,0.875,0.875,0.875,16936.78
775,1 inch hot air brush,16,B07X7PX5PD,HOT TOOLS Professional 1” Hot Air Styling Brush,E,FN,,0.875,0.875,0.875,16936.78
775,1 inch hot air brush,16,B01MXGO26J,"Conair Pro Ceramic Tools Porcelain Series FarInfrared Hot Air Brush 34 Inch Standard, Black, 1 Count",E,FN,,0.875,0.875,0.875,16936.78
778,1 inch mending plate,4,B0891QBMBP,"TOPPROS Pack of 20 Flat Metal Straight Brace Bracket 0.06inch Thickness Metal Flat Straight Mending Plates Fixing Corner Brace,2.4inch x 1.5 inch",E,TP,1,0.5,0.5,0.5,17023.22
778,1 inch mending plate,4,B07D8QMLPR,"Sumnacon 8 Pcs Stainless Steel Flat Plates - 4 Inch Heavy Duty Mending Plate Straight Corner Brace Brackets Connector Furniture Repair Fixing Joint with Screws, Silver",S,FP,2,0.5,0.5,0.5,17023.22
778,1 inch mending plate,4,B00J9Q101E,"Hillman 851490 Hardware Essentials Mending Plate Zinc (10"" X 1"")",E,TP,3,0.5,0.5,0.5,17023.22
778,1 inch mending plate,4,B081Q1YHCY,"10 Pack Flat Mending Plate 201 Stainless Steel Straight Steel Brace, 5 ½× 2 inches Mending Joining Plates Repair Fixing Bracket Connector, 8 Hole with 201 Stainless Steel Screw, 1.9 mm Thickness",S,FP,4,0.5,0.5,0.5,17023.22
778,1 inch mending plate,4,B012GWTM4Y,Simpson Strong Tie MP14 20-Gauge 1 in. x 4 in. Mending Plate 100-per Box,E,FN,,0.5,0.5,0.5,17023.22
778,1 inch mending plate,4,B07CNQH21G,"uxcell Repair Plate, 22mmx8mm, Flat Fixing Mending Corner Brace Bracket Connector, Pack of 10",E,FN,,0.5,0.5,0.5,17023.22
781,1 inch paint brushes for acrylic painting,19,B07ZKVQ9L4,"50 Pcs Craft Paint Brushes for Kids, Anezus Flat Paint Brushes for Kids Small Paint Brushes Bulk for Detail Painting Acrylic Children Beginners Artist",S,FP,1,0.5263,0.5263,0.5263,17108.49
781,1 inch paint brushes for acrylic painting,19,B00J8HCPAY,"Plaid Taklon Flat Brush, Gold (2-Piece), 2/Pkg",S,FP,2,0.5263,0.5263,0.5263,17108.49
781,1 inch paint brushes for acrylic painting,19,B07V5TZ7HR,"VIKEWE Professional Paint Brushes Set - 16 PCS Paint Brush with Oil Painting Knife and Sponge, Suitable for Acrylic, Watercolor, Oil and Gouache Painting, Perfect Paint Brush for Artist Kids",S,FP,3,0.5263,0.5263,0.5263,17108.49
781,1 inch paint brushes for acrylic painting,19,B07QQRB9YD,"SEEFOUN Paint Brushes, 6 Pcs Paint Brushes for Acrylic Painting, Flat Paint Brushes Set, Watercolor/Gouache/Oil Paint Brushes, Paint Brushes for Kids, Students & Artists",E,TP,4,0.5263,0.5263,0.5263,17108.49
781,1 inch paint brushes for acrylic painting,19,B085RQXL94,Paint Brushes Nylon Hair 13pcs Fiberlt Head Long Handle Acrylic Paint Brush Set for Canvas Painting Oil Paint Professional Painting Kits (Filbert 13pcs Longer Handle),S,FP,5,0.5263,0.5263,0.5263,17108.49
781,1 inch paint brushes for acrylic painting,19,B078XK3KTV,Pro Grade - Chip Paint Brushes - 96 Ea 1 Inch Chip Paint Brush,E,TP,6,0.5263,0.5263,0.5263,17108.49
781,1 inch paint brushes for acrylic painting,19,B00J2J252Q,"Princeton Select Artiste, Series 3750, Paint Brush for Acrylic, Watercolor and Oil, Black Mop, 1 Inch",E,TP,7,0.5263,0.5263,0.5263,17108.49
781,1 inch paint brushes for acrylic painting,19,B08RYSZ3QC,"Sooez 12Pcs Professional Art Paint Brushes Set, 12 Different-Size Brush for Acrylic Oil Watercolor, 7 Shapes for Body Nail Face Painting, Arts Crafts Supplies for Beginners Artists Adult Kids",S,FP,8,0.5263,0.5263,0.5263,17108.49
781,1 inch paint brushes for acrylic painting,19,B075L8LCTG,"Detail Paint Brushes Set 10pcs Miniature Brushes for Fine Detailing & Art Painting - Acrylic, Watercolor,Oil,Models, Warhammer 40k.",E,TP,9,0.5263,0.5263,0.5263,17108.49
781,1 inch paint brushes for acrylic painting,19,B079TKW4W1,"2 Pack - 1"" Wide Highline Premium Bristle Paint Brushes",E,TP,10,0.5263,0.5263,0.5263,17108.49
781,1 inch paint brushes for acrylic painting,19,B07BVPSFP5,"CONDA Paint Brushes Set of 24 Different Shapes Ergonomic Professional Wood Handles with Organizing Case for Acrylic Oil Watercolor, Rock Painting",S,FP,11,0.5263,0.5263,0.5263,17108.49
781,1 inch paint brushes for acrylic painting,19,B0043G7L2C,"Princeton Select Artiste, Series 3750, Paint Brush for Acrylic, Watercolor and Oil, Flat Wash, 1 Inch",E,TP,12,0.5263,0.5263,0.5263,17108.49
781,1 inch paint brushes for acrylic painting,19,B072X4S1ZY,"Mont Marte Art Paint Brushes Set for Painting, 10 Variety of Brushes Types for Class, Kids, Artists- Nice Art Brushes for Acrylic Painting",S,FP,13,0.5263,0.5263,0.5263,17108.49
781,1 inch paint brushes for acrylic painting,19,B06XC8Q3BZ,"LorDac Arts Paint Brush Set, 7 Artist Brushes for Painting with Acrylic, Gouache, Oil and Watercolor. Professional Art Quality on Canvas, Wood, Face and Models. Includes Carrying Case Travel Kit",E,TP,14,0.5263,0.5263,0.5263,17108.49
781,1 inch paint brushes for acrylic painting,19,B08R7JG2F4,"FAATCOI 20 PCs 1-Inch Paint Brush Set, Small Paintbrushes for Acrylic Painting, Flat Paint Brushes Bulk for Wall Home Decoration Furniture Glues Varnishes, Synthetic Bristles and Plastic Handle",E,TP,15,0.5263,0.5263,0.5263,17108.49
781,1 inch paint brushes for acrylic painting,19,B092CQSW1Y,"60 Pcs Round Paint Brushes,Small Brush Bulk for Detail Painting",S,FP,16,0.5263,0.5263,0.5263,17108.49
781,1 inch paint brushes for acrylic painting,19,B08RXBN5TN,"One Inch Flat Bright Paint Brush, Pack of 4, Premium Quality Synthetic Sable Hair for Acrylic Watercolor Oil Gouache Painting by Students, Professionals and Artists",E,TP,17,0.5263,0.5263,0.5263,17108.49
781,1 inch paint brushes for acrylic painting,19,B07Y1HVQM1,"Artist Flat Paint Brush-Large Wash Brushes Set for Gesso, Varnishes, Acrylic Painting, Watercolor, Wood, Wall, Furniture-Brush Cleaner 6 Pcs",S,FP,18,0.5263,0.5263,0.5263,17108.49
781,1 inch paint brushes for acrylic painting,19,B07PQSBVT7,"Set of 2 1 inch European Professional Paint Brushes - Natural Bristles/Wood Handle - for Paint with Acrylic, Chalk, Oil Based, Latex, Stain, Watercolor, Wax, Varnish and etc Paints.",E,TP,19,0.5263,0.5263,0.5263,17108.49
781,1 inch paint brushes for acrylic painting,19,B000PGRPU2,"Wooster Brush Q3108-1 Softip Paintbrush, 1-Inch, White",E,FN,,0.5263,0.5263,0.5263,17108.49
781,1 inch paint brushes for acrylic painting,19,B01LZB5AVC,FolkArt Soft Grip Wash Brush Set,E,FN,,0.5263,0.5263,0.5263,17108.49
781,1 inch paint brushes for acrylic painting,19,B07BNHLTWG,"Genuine 12 Piece 1 inch Premium Multi Use SRT bristles Paint Brushes,Paint Brushes for Kids,Paint Brushes,Touch up Paint Brush,paintbrushes,Artist Paint Brush,Artist Paint Brushes,School,Office",E,FN,,0.5263,0.5263,0.5263,17108.49
781,1 inch paint brushes for acrylic painting,19,B00N64IKHW,"ZEM Brush Student Golden Synthetic Brushes Wash / Glaze Set Sizes 1/2"", 3/4"", 1""",E,FN,,0.5263,0.5263,0.5263,17108.49
781,1 inch paint brushes for acrylic painting,19,B0043G9ATO,"Princeton Select Artiste, Series 3750, Paint Brush for Acrylic, Watercolor and Oil, Oval Mop, 1 Inch",E,FN,,0.5263,0.5263,0.5263,17108.49
781,1 inch paint brushes for acrylic painting,19,B00VDXMLZA,Sargent Art 56-3101 40 Piece Flat Jumbo Brush Set,E,FN,,0.5263,0.5263,0.5263,17108.49
781,1 inch paint brushes for acrylic painting,19,B00J8HCPHM,"FolkArt Plaid Nylon Brush Set, 50559 Brown (3-Piece)",E,FN,,0.5263,0.5263,0.5263,17108.49
781,1 inch paint brushes for acrylic painting,19,B0027AAMJK,Martin/ F. Weber Bob Ross 1-Inch Landscape Brush (CR6401),E,FN,,0.5263,0.5263,0.5263,17108.49
781,1 inch paint brushes for acrylic painting,19,B015ZBIP3M,Marrywindix 9pcs Flat Pointed Tip Nylon Hair Acrylic Watercolor Brush Artists Paint Brush Set Black,E,FN,,0.5263,0.5263,0.5263,17108.49
785,1 inch ribbon satin,37,B072KD5JK4,"ITIsparkle 1"" Inch Double Faced Satin Ribbon 50 Yards-Roll Set for Gift Wrapping Scrap Books Party Favor Hair Braids Baby Shower Decoration Floral Arrangement Craft Supplies, Burgundy 277# Ribbon",E,TP,1,0.8919,0.8919,0.8919,19773.7
785,1 inch ribbon satin,37,B077JGFBF2,"Topenca Supplies 1-1/2 Inches x 50 Yards Double Face Solid Satin Ribbon Roll, White",E,TP,2,0.8919,0.8919,0.8919,19773.7
785,1 inch ribbon satin,37,B095SD2H8J,"Ivory Satin Ribbon 1 Inches x 25 Yards, Solid Color Fabric Ribbon for Gift Wrapping, Crafts, Hair Bows Making, Wreath, Wedding Party Decoration and Sewing Projects",E,TP,3,0.8919,0.8919,0.8919,19773.7
785,1 inch ribbon satin,37,B079K718FS,"VATIN 1 inch Double Faced Polyester Satin Ribbon Hot Red - 25 Yard Spool, Perfect for Wedding, Wreath, Baby Shower,Packing and Other Projects.",E,TP,4,0.8919,0.8919,0.8919,19773.7
785,1 inch ribbon satin,37,B0948699K9,"250 Yards 1"" Wide Double Face Satin Ribbon, 10 Solid Color Ribbon Assortment, 25 Yard Each, Great for Sewing, Gift Wrapping, Hair Bows, Flower Arranging, Home Decorating",E,TP,5,0.8919,0.8919,0.8919,19773.7
785,1 inch ribbon satin,37,B095SMQ2LN,"1 Inch Green Satin Ribbon Double Face Solid Satin Ribbon for Gift Wrapping, Wedding, Party Decoration, DIY Hair Accessories, Sewing, Invitation Embellishments (50 Yards)",E,TP,6,0.8919,0.8919,0.8919,19773.7
785,1 inch ribbon satin,37,B08GC8TM3Q,"IHKFILAN Double Face Satin Ribbon 1Inchx25Yards Double Sided Solid Polyester Ribbon for Gift Wrapping Party Hair Braids Bow Baby Shower Decoration Floral Arrangement Craft Supplies,Light Sliver",E,TP,7,0.8919,0.8919,0.8919,19773.7
785,1 inch ribbon satin,37,B093T18R22,200pcs Mini Satin Ribbon Bows Flowers Red Craft Satin Ribbon Bows 1 Inch Pre-Tied Ribbon Satin Bows Small Christmas Satin Ribbon Bows for DIY Crafts Gift Wedding Party Sewing Scrapbooking(Red),E,TP,8,0.8919,0.8919,0.8919,19773.7
785,1 inch ribbon satin,37,B0792GS2VR,"Morex Ribbon Swiss Satin Ribbon, 1"" x 27 yd, Mauve",E,TP,9,0.8919,0.8919,0.8919,19773.7
785,1 inch ribbon satin,37,B07JMJN4CY,"JB370-25 Double Sided Satin Ribbon Roll, 3/8"",1"",2"" Wide, 25 Yards (Silver,Red,Royal Blue,Navy Blue,Purple,Vanilla) (Navy Blue, 1"" x 25 Yard)",E,TP,10,0.8919,0.8919,0.8919,19773.7
785,1 inch ribbon satin,37,B07VL342GS,"12 Color 300 Yard Satin Ribbon Rolls ,12 Rolls(25 mm Wide),Satin Ribbon Fabric Ribbon Embellish Ribbon Ribbon for Bows Crafts Gifts Party Wedding Garlands Decor",E,TP,11,0.8919,0.8919,0.8919,19773.7
785,1 inch ribbon satin,37,B08X1WZ8CZ,"HUIHUANG 1 inch Satin Ribbon Solid Color Ribbon Assorted Double Faced Satin Fabric Hair Ribbon for Crafts, Gift Wrapping, Wedding Party Decor, 20 Colors with 2 Yards Each, Total 40 Yards Per Package",E,TP,12,0.8919,0.8919,0.8919,19773.7
785,1 inch ribbon satin,37,B091GK1K81,"Nsilu 25 Yards 1-1/2 inches Wide Satin Ribbon Suitable for Wedding, Party and Gift Box Packaging Ribbon (White, 1-1/2"")",E,TP,13,0.8919,0.8919,0.8919,19773.7
785,1 inch ribbon satin,37,B0016825OO,"Berwick Offray 061176 7/8"" Wide Single Face Satin Ribbon, White, 6 Yds",S,FP,14,0.8919,0.8919,0.8919,19773.7
785,1 inch ribbon satin,37,B01FDK1H80,White 1 Inch Satin Ribbon. 50 Yards Gift Wrapping Spool by Drency Ribbons,E,TP,15,0.8919,0.8919,0.8919,19773.7
785,1 inch ribbon satin,37,B08T24G2SW,"NOYI TRAXD 20 Yards Dark Grey 1 inch Wide Double Faced Polyester Satin Ribbon for Craft,Wedding,Gift Wrapping,Bow Making & Other Projects",E,TP,16,0.8919,0.8919,0.8919,19773.7
785,1 inch ribbon satin,37,B09BF5ZH9K,"SDF 25675 Satin Double Faced Ribbon for DIY Sewing, Crafting, Gift Wrapping, (1"" x 25 Yards, Gold)",E,TP,17,0.8919,0.8919,0.8919,19773.7
785,1 inch ribbon satin,37,B08JCD7W54,Ribbon 1 inch Gold Ribbons for Crafts Gift Ribbon Satin Solid Ribbon Roll 1 in x 25 Yards,E,TP,18,0.8919,0.8919,0.8919,19773.7
785,1 inch ribbon satin,37,B0975SB39S,"SATINPARTY 400 Yard Satin Ribbon Single Face 16 Solid Color Silk Satin Ribbon Set,25 Yard per Roll in 1'' Wide,16 Rolls,Perfect for Gift Wrapping Christmas Halloween Decro(1'',2.5MM,16 Rolls)",E,TP,19,0.8919,0.8919,0.8919,19773.7
785,1 inch ribbon satin,37,B07RXQ3WQS,"David Angie Double Face Satin Ribbon Set 20 Solid Color Rolls 100 Yard Fabric Ribbon 1"" for Wedding Party Decorations Gift Wrapping Bows Making (1"")",E,TP,20,0.8919,0.8919,0.8919,19773.7
785,1 inch ribbon satin,37,B077RTBR29,"SWTOOL 1"" Solid Satin Ribbon 50 Yards Roll for Wedding Details, Sewing Projects, Gift Wrapping, Invitation Embellishments and Crafting Projects Etc (White)",S,FP,21,0.8919,0.8919,0.8919,19773.7
785,1 inch ribbon satin,37,B08YJN725D,"Solid Color Turquoise Blue Satin Ribbon, 1 Inches x 25 Yards Fabric Satin Ribbon for Gift Wrapping, Crafts, Hair Bows Making, Wreath, Wedding Party Decoration and Other Sewing Projects",E,TP,22,0.8919,0.8919,0.8919,19773.7
785,1 inch ribbon satin,37,B094NRPTD5,"UnionJoy 1 inch Silk Satin Ribbon Double Face Solid Colored Ribbon, Ribbons for Crafts, Hair Bows, Gift Wrapping, Wedding Party Decoration, 20 Colors with 2 Yards Each, Total 40 Yards Per Package",E,TP,23,0.8919,0.8919,0.8919,19773.7
785,1 inch ribbon satin,37,B095Y8TVFG,"1"" Satin Ribbon, 100 Yards Black Double Faced Polyester Satin Ribbon Fabric Ribbons for Gift Wrapping, Bows Making, Crafts, Halloween Christmas Home Wedding Decoration",E,TP,24,0.8919,0.8919,0.8919,19773.7
785,1 inch ribbon satin,37,B01HXCF8EA,LaRibbons 1 Inch Wide Double Face Satin Ribbon - 25 Yard (030-Black),E,TP,25,0.8919,0.8919,0.8919,19773.7
785,1 inch ribbon satin,37,B07LG23YJX,Humphrey's Craft 1 Inch Black Double Faced Satin Ribbon - 50 Yards Variety of Color for Crafts Gift Wrapping DIY Bows Bouquet Decoration Sewing Christmas Tree Wedding and Invitation Card.,E,TP,26,0.8919,0.8919,0.8919,19773.7
785,1 inch ribbon satin,37,B076F46QSL,"Summer-Ray 40 Yards (20 x 2 Yards) Double Sided Satin Ribbon 1"" (25mm) 20 Mixed Colors Value Pack",E,TP,27,0.8919,0.8919,0.8919,19773.7
785,1 inch ribbon satin,37,B08PBN2R2N,"arricraft 20 Yards × 1 Inch Single Side Velvet Ribbon, Satin Ribbon Roll for Wedding, Gift Wrapping, Hair Bows, Flower Arranging, Home Decorating ( Olive )",E,TP,28,0.8919,0.8919,0.8919,19773.7
785,1 inch ribbon satin,37,B07H68MVW9,50 Yards Farbic Satin Ribbon 1 inch with 25 Colors Solid Hair Bow Party Wedding Supply,E,TP,29,0.8919,0.8919,0.8919,19773.7
785,1 inch ribbon satin,37,B07BK7XDC7,Pomeat 200PCS Mini Gold Satin Ribbon Bows Crafts Party Decoration Artificial Decor Wedding Card Scrapbook Souvenir Gift DIY,I,FP,30,0.8919,0.8919,0.8919,19773.7
785,1 inch ribbon satin,37,B07F8QRLHR,"JESEP 16 Rolls 400 Yards Solid Satin Fabric Ribbon Multi-Color Packing for Gift Package Wrapping Hair Bow Clips Accessories, Crafting, Sewing, Wedding, Decorator, etc (7/8"" 20MM)",E,TP,31,0.8919,0.8919,0.8919,19773.7
785,1 inch ribbon satin,37,B06X3ZL2CV,Viking Revolution Beard Comb & Beard Brush Set for Men - Natural Boar Bristle Brush and Dual Action Pear Wood Comb w/Velvet Travel Pouch - Great for Grooming Beards and Mustaches,I,FP,32,0.8919,0.8919,0.8919,19773.7
785,1 inch ribbon satin,37,B078YKTCCT,Ribest 1 inch 50 Yards Solid Double Face Satin Ribbon Per Roll for DIY Hair Accessories Scrapbooking Gift Packaging Party Decoration Wedding Flowers Navy,E,TP,33,0.8919,0.8919,0.8919,19773.7
785,1 inch ribbon satin,37,B08J7M77PM,Ribbon 1 inch Electric Yellow Neon Yellow Ribbons for Crafts Gift Ribbon Light Lime Satin Solid Ribbon Roll 1 in x 25 Yards,E,TP,34,0.8919,0.8919,0.8919,19773.7
785,1 inch ribbon satin,37,B08JCT38T1,Ribbon 1 inch Ruby Ribbons for Crafts Gift Ribbon Satin Solid Ribbon Roll 1 in x 25 Yards,E,TP,35,0.8919,0.8919,0.8919,19773.7
785,1 inch ribbon satin,37,B08CMD42C9,"Tommot Colored Satin Ribbon 10 Colors 1 inch Width 5 Yard/Roll, Suitable for Making Crafts, Bows, Gift Wrapping, Wedding Party Decorations, etc",E,TP,36,0.8919,0.8919,0.8919,19773.7
785,1 inch ribbon satin,37,B07P578VX7,"Chenkou Craft 40 Yards Single Side 1""(25mm) Solid Satin Ribbon Ribbons Assorted Craft Bow Party Decoration Packing Ribbons (1""(25mm))",E,TP,37,0.8919,0.8919,0.8919,19773.7
785,1 inch ribbon satin,37,B07RDBZS68,"ATRibbons 50 Yards 1 Inch Wide Satin Ribbon Perfect for Wedding,Handmade Bows and Gift Wrapping,25 Yards/Roll x 2 Rolls (White)",E,FN,,0.8919,0.8919,0.8919,19773.7
785,1 inch ribbon satin,37,B086TVDVX4,AVANAVA 1 Inch Wide Double Face Satin Ribbon - 50 Yards (352-Classic Blue),E,FN,,0.8919,0.8919,0.8919,19773.7
785,1 inch ribbon satin,37,B07TJH3H82,"Livder Double Face Satin Ribbon Roll, 1 inch Wide 50 Yard Length for Party Decoration, DIY Hair Accessories, Sewing, Gift Wrapping, Invitation Embellishments (Black)",E,FN,,0.8919,0.8919,0.8919,19773.7
785,1 inch ribbon satin,37,B01M98FXD3,Molshine 50yd x 1 inch Colorful Double Face Satin Ribbon for Handcraft DIY Clothing Holiday Decoration Wedding- Rainbow Seven Color,E,FN,,0.8919,0.8919,0.8919,19773.7
787,1 inch threaded elbow connector,9,B00BLUA5Z8,"6 Inch 90-Degree HVAC Elbow Duct - Galvanized 26 Gauge Adjustable Sheet Metal Elbow Duct Connector, Flexible Round Tube Air Ventilation & Fully Adjustable Vent Pipe HVAC Ductwork",I,FP,1,0.6667,0.6667,0.6667,16422.02
787,1 inch threaded elbow connector,9,B07Z1LNDH4,"Horiznext male threaded stainless steel 304 hex pipe fitting, NPT 1to NPT 3/4 reducer (Pack of 2)",C,FP,2,0.6667,0.6667,0.6667,16422.02
787,1 inch threaded elbow connector,9,B009F3MMTK,"Spears 1407 Series PVC Tube Fitting, 90 Degree Elbow, Schedule 40, Gray, 1-1/2"" Barbed x NPT Female",E,TP,3,0.6667,0.6667,0.6667,16422.02
787,1 inch threaded elbow connector,9,B009F3MPRE,"Spears 1413 Series PVC Tube Fitting, 90 Degree Elbow, Schedule 40, Gray, 1"" Barbed x NPT Male",E,TP,4,0.6667,0.6667,0.6667,16422.02
787,1 inch threaded elbow connector,9,B07TCT1CJ6,"1"" 3-Way Side Outlet Tee, Home TZH Cast Malleable Iron 3 Way Corner Pipe Fittings for Industrial vintage style DIY Project/Furniture/Shelving Decoration (10, 1"")",S,FP,5,0.6667,0.6667,0.6667,16422.02
787,1 inch threaded elbow connector,9,B07SFYWJRJ,"letsFix 3-Way 1 inch PVC Fitting, PVC Elbow PVC Pipe Connectors - Furniture Grade for DIY PVC Shelf, PVC Structures, PVC Greenhouse, PVC Frame... Fit for 1 inch SCH40 PVC Pipe, White [Pack of 10]",E,TP,6,0.6667,0.6667,0.6667,16422.02
787,1 inch threaded elbow connector,9,B01M2X8FA7,"Stainless Steel 304 Threaded Cast Pipe Fitting, 90 Degree Street Elbow, 1"" NPT Female x 1"" NPT Male",E,TP,7,0.6667,0.6667,0.6667,16422.02
787,1 inch threaded elbow connector,9,B0714861DW,"Supply Giant VQNF1 90 Degree Elbow x Male Pipe Fittings Push to Connect Pex, CPVC, 1 Inch, Brass, 1"", Brass &amp Copper",E,TP,8,0.6667,0.6667,0.6667,16422.02
787,1 inch threaded elbow connector,9,B07W6KRH9R,"1"" Pipe Fitting Elbow, Home TZH DN25 Threaded Cast Black Malleable Iron for Steampunk Vintage Shelf Bracket DIY Plumbing Pipe Decor Furniture (10, 1"")",E,TP,9,0.6667,0.6667,0.6667,16422.02
787,1 inch threaded elbow connector,9,B073YNWC8P,"SELLERS360 3Way 1 inch PVC Fittings Corner Cross Elbow 45 90 Degree for Greenhouse Shed Pipe, Tent Connection, Furniture Build Grade SCH40 [Pack of 12]",E,FN,,0.6667,0.6667,0.6667,16422.02
787,1 inch threaded elbow connector,9,B003OYJEC4,"Lead Free Brass Pipe Fitting, 45 Degree Street Elbow, Class 125, 1"" NPT Male X Female",E,FN,,0.6667,0.6667,0.6667,16422.02
787,1 inch threaded elbow connector,9,B009F3MHLS,"Spears 1406 Series PVC Tube Fitting, 90 Degree Elbow, Schedule 40, Gray, 1"" Barbed",E,FN,,0.6667,0.6667,0.6667,16422.02
789,1 inch white felt letters,5,B07N6CXKVC,"NOVARENA 1"" White or Gold or Pink Felt Letter Board Letters - 3/4"" or 1"" or 2"" | 340 or 300 or 186 Count Extra Set of Letterboard Letters, Numbers, Symbols & Emojis",E,TP,1,0.6,0.6,0.6,16028.63
789,1 inch white felt letters,5,B06X19BT47,"White Felt Upper Case Letters Sticker Craft Set, 1 3/4 Inch, 40 Letters",E,TP,2,0.6,0.6,0.6,16028.63
789,1 inch white felt letters,5,B076FFRRTP,Felt Like Sharing Plastic Letter Board Letters Only (348 Pieces) – 1” Letter Board Letters for Changeable Felt Letter Board – White Letter Board Accessories – Perfect Gift Set,E,TP,3,0.6,0.6,0.6,16028.63
789,1 inch white felt letters,5,B01N5MQG33,RERIVER 3.2-Inch Felt Alphabet Letters 52Pcs A to Z Assorted Colors Fabric ABCs for DIY Craft Kids'Toys Christmas Birthday Party Decoration,S,FP,4,0.6,0.6,0.6,16028.63
789,1 inch white felt letters,5,B076VRBKZ1,"Felt Letter Board With Easel Stand 12 x 16 | 718 Changeable Characters Including 1 inch and ¾ Letters, Symbols, Emojis Hashtag And More | Hook To Hang | 2x Canvas Storage Pouches (Black)",I,FP,5,0.6,0.6,0.6,16028.63
789,1 inch white felt letters,5,B001701PDS,"New Image Group 1NL-01573 Stick-It Felt Numbers and Letters, 1-Inch, White, 80-Pack",E,FN,,0.6,0.6,0.6,16028.63
789,1 inch white felt letters,5,B0018OALK6,"New Image Group NL-0650 Stick It Felt Numbers and Letters, 2-Inch, White, 80 Pcs",E,FN,,0.6,0.6,0.6,16028.63
793,1 item received second item not in package,3,B08YDTHCCQ,"3 Prong to 2 Prong Polarized Grounding Adapter, 3 Pack, LENCENT Plug Extender, Outlet Converter, Wall Plug Splitter with 3 AC Outlets, 3-Sided Outlet Adapter, Ideal for Non-Grounded Outlets",I,FP,1,0.0,0.0,0.0,15520.07
793,1 item received second item not in package,3,B07PYNZYFB,Replacement Headlights Assembly GCVAL02-A4 For 2002 2003 2004 2005 2006 Chevy Avalanche 1500 2500 Body Cladding Model with Chrome Housing Ambler Reflector Clear Lens Headlamp Driver and Passenger Side,I,FP,2,0.0,0.0,0.0,15520.07
793,1 item received second item not in package,3,B0142N06OK,"HERCOO License Plate Lights Lamp Lens Black Housing Compatible with Silverado Sierra Avalanche Suburban Escalade Yukon Step Bumper Truck Clips Aftermarket, Pack of 2",I,FP,3,0.0,0.0,0.0,15520.07
793,1 item received second item not in package,3,B07DKMCDY5,"Orajel Baby Daytime and Nighttime Non-Medicated Cooling Gels for Teething, 2 tubes, 0.18 oz each",E,FN,,0.0,0.0,0.0,15520.07
793,1 item received second item not in package,3,B079FV8QB9,"Softsoap Moisturizing Liquid Hand Soap, Soothing Clean Aloe Vera - 7.5 Fluid Ounces (6 Pack)",E,FN,,0.0,0.0,0.0,15520.07
793,1 item received second item not in package,3,B073QMN75M,"Frito-Lay Snacks Variety Pack 35, Classic Mix, 1 Count",E,FN,,0.0,0.0,0.0,15520.07
796,1 l brackets without screws,6,B07GXJMFP7,"24 Pieces Stainless Steel Corner Braces (1.57 x 1.57 inch，40 x 40 mm) Joint Right Angle Bracket Fastener L Shaped Corner Fastener Joints Support Bracket, 96 Pieces Screws Included",I,FP,1,0.3333,0.3333,0.3333,15687.13
796,1 l brackets without screws,6,B0714FP9LB,"16PCS L Bracket Corner Brace Double Holes Brackets for Wood, Teenitor Metal Corner Bracket, 1.57x1.57 Inch Stainless Steel Right Angle Bracket for Wood Furniture Chair Drawer Cabinet with 64PCS Screws",E,TP,2,0.3333,0.3333,0.3333,15687.13
796,1 l brackets without screws,6,B07N1KJBSW,"8 PCS Heavy Duty Corner Brace, FANDAMEI 40x40mm Stainless Steel Joint Right Angle Brackets with Screws, 90 Degree Wall Brackets Hanger for Shelves, Tables, Dressers, Chairs, Silver",S,FP,3,0.3333,0.3333,0.3333,15687.13
796,1 l brackets without screws,6,B08BZPG7ZM,"18PCS L Bracket Corner Brace, Stainless Steel Corner Bracket, 90 Degree Right Angle Bracket, Metal L Brackets for Wood Shelves Furniture Cabinet with 72PCS Screws (40mmx40mm)",S,FP,4,0.3333,0.3333,0.3333,15687.13
796,1 l brackets without screws,6,B08G1CPGZJ,"Small L Brackets (50 Pieces) Stainless Stee Support 90 Degree Corner Bracket Silver Corner Braces for Wood, Plexiglass, Furniture",E,TP,5,0.3333,0.3333,0.3333,15687.13
796,1 l brackets without screws,6,B08QD6PF1D,"40PCS L Bracket Corner Brace Small L Brackets for Wood, Metal Corner Bracket, Stainless Steel Right Angle Bracket for Wood Furniture Chair Drawer Cabinet with 80PCS Screws (0.79 x 0.79 inch)",S,FP,6,0.3333,0.3333,0.3333,15687.13
796,1 l brackets without screws,6,B07BMSXGJ9,Adhesive Hooks Heavy Duty Sticky Hooks for Hanging Wall Hangers Without Nails 15 pounds (Max) 180 Degree Rotating Seamless Stick on Wall Hooks Bathroom Kitchen Office Outdoors-10 Packs,E,FN,,0.3333,0.3333,0.3333,15687.13
796,1 l brackets without screws,6,B08Q8197RF,"Black Stainless Steel Shelf Bracket,Joint Right Angle Bracket,L Shape Heavy Duty Metal Corner Brace Shelf Supporter (16 Pcs) (1.5x1.18x1.18x0.06)",E,FN,,0.3333,0.3333,0.3333,15687.13
796,1 l brackets without screws,6,B07MZLLVXC,"YUMORE L Bracket, 5"" x 3"" Max Load: 35lb/15KG Heavy Duty Stainless Steel Solid Shelf Support Corner Brace Joint Right Angle Bracket, Pack of 4",E,FN,,0.3333,0.3333,0.3333,15687.13
796,1 l brackets without screws,6,B07QPFYJDD,"4 Pack - L11"" x H 6"" x W 1.5"", 5mm Thick Rustic Shelf Bracket, Iron Shelf Brackets, Metal Shelf Bracket, Industrial Shelf Bracket, Modern Shelf Bracket, Decorative Shelving, Shelf Supports with Screws",E,FN,,0.3333,0.3333,0.3333,15687.13
801,1 light switch dimmer without plate,9,B08V1Z91MS,"LB17020 LED Dimmer Switch - On/Off Wall Dimmer Switch with Dimmable Slide, for LED/CFL/Incandescent/Halogen Bulbs - 3 Way Single Pole, 600W max, Cover Plate Included",S,FP,1,0.2222,0.2222,0.2222,16505.52
801,1 light switch dimmer without plate,9,B01M3XJUAD,"Lutron Caseta Deluxe Smart Dimmer Switch (2 Count) Kit | Works with Alexa, Apple HomeKit, and the Google Assistant | P-BDG-PKG2W-A | White",E,TP,2,0.2222,0.2222,0.2222,16505.52
801,1 light switch dimmer without plate,9,B08VR8XFWC,"meross Smart Dimmer Switch with Remote - WiFi Light Switches Single Pole, No Hub Needed, Voice and Remote Control, Compatible with Alexa, Google Home and SmartThings, Neutral Wire Required - Upgraded",S,FP,3,0.2222,0.2222,0.2222,16505.52
801,1 light switch dimmer without plate,9,B089Q8BDHV,"Single Pole Electrical Dimmer Switch for Dimmable LED Lights,CFL,Incandescent and Halogen Lamp Bulbs,120 Vac, 600/150 W,Screwless Wall Plate Included,UL Listed,White(1 Pack)",I,FP,4,0.2222,0.2222,0.2222,16505.52
801,1 light switch dimmer without plate,9,B079775ZZQ,"Kasa Smart Dimmer Switch HS220, Single Pole, Needs Neutral Wire, 2.4GHz Wi-Fi Light Switch Works with Alexa and Google Home, UL Certified,, No Hub Required",S,FP,5,0.2222,0.2222,0.2222,16505.52
801,1 light switch dimmer without plate,9,B01LYNG09O,"UrbanMod 24” Counter Height Bar Stools 330lb Capacity Gray Kitchen Chair Island Outdoor Industrial Galvanized Metal, Silver",I,FP,6,0.2222,0.2222,0.2222,16505.52
801,1 light switch dimmer without plate,9,B07BTBZ69B,"Smart Light Switch, 2 Way WiFi Smart Switch Button, Compatible with Alexa and Google Home, Remote Control with Timing Funtion, No Hub Required,Smart Life APP Provides Control from Anywhere",S,FP,7,0.2222,0.2222,0.2222,16505.52
801,1 light switch dimmer without plate,9,B06Y5KN17V,"Leviton DDKIT-T Decora Digital/Decora Smart Dimmer Color Change Kit, Light Almond",I,FP,8,0.2222,0.2222,0.2222,16505.52
801,1 light switch dimmer without plate,9,B07HM6L48C,"Lutron Caseta Smart Home Dimmer Switch and Pico Remote Kit, Works with Alexa, Apple HomeKit, and the Google Assistant | P-PKG1WB-WH | White",E,TP,9,0.2222,0.2222,0.2222,16505.52
801,1 light switch dimmer without plate,9,B08GX6Z3BS,"ENERLITES Toggle Light Switch Wall Plate, Mid-Size 1-Gang 4.88"" x 3.11"", Unbreakable Polycarbonate Thermoplastic, UL Listed, 8811M-LA-10PCS, Light Almond, 10 Pack",E,FN,,0.2222,0.2222,0.2222,16505.52
801,1 light switch dimmer without plate,9,B00A13XNRS,"AMERELLE 149RRRDB Chelsea Steel Triple Rocker-GFCI Wallplate, Aged Bronze",E,FN,,0.2222,0.2222,0.2222,16505.52
801,1 light switch dimmer without plate,9,B01I0FQGAY,"ENERLITES Decorator Light Switch or Receptacle Outlet Wall Plate, Gloss Finish, Size 1-Gang 4.50"" x 2.76"", Unbreakable Polycarbonate Thermoplastic, UL Listed, 8831-W, White",E,FN,,0.2222,0.2222,0.2222,16505.52
801,1 light switch dimmer without plate,9,B01N0TGKJ9,"mySelectSmart GE Dimmable Wireless Control Switch, On/Off & Full, 1 Outlet, 150 ft. Range from Plug-in Receiver, Ideal for Lamps & Indoor Lighting, No Wiring Needed, 37781, Dimming Remote",E,FN,,0.2222,0.2222,0.2222,16505.52
801,1 light switch dimmer without plate,9,B00A13XPDA,"AMERELLE 149TTRDB Chelsea Steel Double Toggle/Single Rocker-GFCI Wallplate, Aged Bronze",E,FN,,0.2222,0.2222,0.2222,16505.52
801,1 light switch dimmer without plate,9,B00A13XPBC,"AMERELLE 149TTDDB Chelsea Steel Double Toggle Wallplate, 2 1 Duplex, Aged Bronze",E,FN,,0.2222,0.2222,0.2222,16505.52
801,1 light switch dimmer without plate,9,B01EZV35QU,"Kasa Smart Light Switch HS200, Single Pole, Needs Neutral Wire, 2.4GHz Wi-Fi Light Switch Works with Alexa and Google Home, UL Certified, No Hub Required , White",E,FN,,0.2222,0.2222,0.2222,16505.52
813,1 mg melatonin without xylitol,14,B01E14X7SM,"Natrol Melatonin Fast Dissolve Tablets, Helps You Fall Asleep Faster, Stay Asleep Longer, Easy to Take, Dissolve in Mouth, Strengthen Immune System, Maximum Strength, Strawberry Flavor, 10mg, 100Count",E,TP,1,0.5714,0.5714,0.5714,16799.4
813,1 mg melatonin without xylitol,14,B07NZKSFKM,"OLLY Sleep Gummy, Occasional Sleep Support, 3 mg Melatonin, L-Theanine, Chamomile, Lemon Balm, Sleep Aid, Blackberry - 60 Count",S,FP,2,0.5714,0.5714,0.5714,16799.4
813,1 mg melatonin without xylitol,14,B06ZZH52NH,"Melatonin Capsules by Sundown, for Sound, Quality Sleep*, Vegetarian Herbal Blend, Non-GMOˆ, Free of Gluten, Dairy, Artificial Flavors, 5mg, 90 Count",S,FP,3,0.5714,0.5714,0.5714,16799.4
813,1 mg melatonin without xylitol,14,B000U5ZPJ6,"Natrol Melatonin Time Release Tablets, Helps You Fall Asleep Faster, Stay Asleep Longer, Strengthen Immune System, 100% Vegetarian, 1mg, 90 Count",E,TP,4,0.5714,0.5714,0.5714,16799.4
813,1 mg melatonin without xylitol,14,B01BLVYXN6,"Natrol Melatonin 1mg Fast Dissolve Tablets, Strawberry, 90-Count (Pack of 3)",E,TP,5,0.5714,0.5714,0.5714,16799.4
813,1 mg melatonin without xylitol,14,B074KWLQDT,"Amazon Elements Melatonin 3mg, Helps with occasional sleeplessness, Vegan, 260 Tablets, 8 month supply (Packaging may vary)",S,FP,6,0.5714,0.5714,0.5714,16799.4
813,1 mg melatonin without xylitol,14,B004R64Q7Q,"Puritan's Pride Super Snooze with Melatonin Rapid Release Capsules,100 Count",S,FP,7,0.5714,0.5714,0.5714,16799.4
813,1 mg melatonin without xylitol,14,B01AYDENL4,"EZ Melts Melatonin for Sleep, 5 mg, Sublingual Vitamins, Vegan, Zero Sugar, Natural Mint Flavor, 60 Fast Dissolve Tablets",S,FP,8,0.5714,0.5714,0.5714,16799.4
813,1 mg melatonin without xylitol,14,B08L9ZKHCK,"Carlyle Melatonin 1 mg | 400 Low Dose Tablets | Drug Free Sleep Aid | Vegetarian, Non-GMO, Gluten Free",E,TP,9,0.5714,0.5714,0.5714,16799.4
813,1 mg melatonin without xylitol,14,B00DP2U1EU,"Nature's Bounty Melatonin, 100% Drug Free Sleep Aid, Dietary Supplement, 10 mg, 45 Count",S,FP,10,0.5714,0.5714,0.5714,16799.4
813,1 mg melatonin without xylitol,14,B08FQXWT93,"Advanced Sleep Melatonin Tablets, 15 mg Per Serving, 365 Tablets, Promotes Quality Sleep with 1-Year Supply, Premium Melatonin Sleep Aid, Supports Nighttime Sleep Aid and Relaxation, Non-GMO",E,TP,11,0.5714,0.5714,0.5714,16799.4
813,1 mg melatonin without xylitol,14,B005GU1J4K,"Natrol Melatonin Tablets, Helps You Fall Asleep Faster, Stay Asleep Longer, Strengthen Immune System, 100% Vegetarian, 1mg, 180 Count",E,TP,12,0.5714,0.5714,0.5714,16799.4
813,1 mg melatonin without xylitol,14,B00C3Q5JVE,"Natrol Melatonin Fast Dissolve Tablets, Helps You Fall Asleep Faster, Stay Asleep Longer, Easy to Take, Dissolves in Mouth, Strengthen Immune System, Maximum Strength, Strawberry Flavor, 1mg, 90 Count",E,TP,13,0.5714,0.5714,0.5714,16799.4
813,1 mg melatonin without xylitol,14,B0013NB6ZQ,"Nature's Bounty Melatonin 100% Drug Free Sleep Aid, Dietary Supplement, Promotes Relaxation and Sleep Health, 1mg, 180 Tablets",E,TP,14,0.5714,0.5714,0.5714,16799.4
813,1 mg melatonin without xylitol,14,B07CG8WXFN,K9 Select Melatonin for Dogs - 180 1 mg Melatonin - Beef Flavored Chewable Tablets - Specially Formulated for Smaller Dogs,E,FN,,0.5714,0.5714,0.5714,16799.4
813,1 mg melatonin without xylitol,14,B07N48MTTH,"SugarBear Sleep, Vegan Gummy Vitamins with Melatonin, 5-HTP, Magnesium, L-Theanine, Valerian Root, Lemon Balm (1 Month Supply)",E,FN,,0.5714,0.5714,0.5714,16799.4
813,1 mg melatonin without xylitol,14,B08M112L5D,Melatonin Gummies 1 MG - Low Dose for Gentle Sleep Aid Chewable Natural Vegan Gummy Chewables for Sleeping - 60 Day Supply,E,FN,,0.5714,0.5714,0.5714,16799.4
813,1 mg melatonin without xylitol,14,B00JCO3ALG,"Luna | #1 Sleep Aid on Amazon | Naturally Sourced Ingredients | 60 Non-Habit Forming Vegan Capsules | Herbal Supplement with Melatonin, Valerian Root, Chamomile | Sleeping Pills for Adults",E,FN,,0.5714,0.5714,0.5714,16799.4
813,1 mg melatonin without xylitol,14,B00K7I5DIO,Best Naturals Melatonin 10mg (Non-GMO) Tablets - Helps Promote Relaxation & Sleep - 120 Count,E,FN,,0.5714,0.5714,0.5714,16799.4
813,1 mg melatonin without xylitol,14,B01AMAONJ6,"Bluebonnet Nutrition EarthSweet Melatonin 1 mg Fast-Acting Quick Dissolve Nighttime Relaxation & Restful Sleep Support - Sleep Aid - Gluten-Free, Vegan - Raspberry Flavor - 120 Chewable Tablets",E,FN,,0.5714,0.5714,0.5714,16799.4
823,1 ml plastic tuberculin syringes without needles,18,B08JZ1T8RP,12 Pack - 1ml Plastic Syringes - Separate Sterile Packaging Small Syringe Without Needle for Plant Hydroponic Liquid Measurement Pets Feeding Tools (12Pcs 1ML/CC),E,TP,1,0.6667,0.6667,0.6667,17548.27
823,1 ml plastic tuberculin syringes without needles,18,B07GX4RJF3,"1ml Oral Syringe - 100 Pack – Luer Slip Tip, No Needle, Sterile Individually Blister Packed - Medicine Administration for Infants, Toddlers and Small Pets",E,TP,2,0.6667,0.6667,0.6667,17548.27
823,1 ml plastic tuberculin syringes without needles,18,B07G76Z5CJ,1ml Syringes with Caps (Pack of 100),E,TP,3,0.6667,0.6667,0.6667,17548.27
823,1 ml plastic tuberculin syringes without needles,18,B07MHMN3Y8,4 Packs Plastic Syringe with Measurement Oral Liquids Measuring Syringes Without Needle for Medicine Resin Epoxy Dispensing Watering Refilling,S,FP,4,0.6667,0.6667,0.6667,17548.27
823,1 ml plastic tuberculin syringes without needles,18,B07KPT5KGL,"20 Packs Plastic Syringe with Measurement, Suitable for Measuring, Watering, Refilling (10 ml)",S,FP,5,0.6667,0.6667,0.6667,17548.27
823,1 ml plastic tuberculin syringes without needles,18,B07SFK6Z5J,"1ml Syringe with Cap (100 Pack) | Oral Dispenser Without Needle, Luer Slip Tip, | Individually Wrapped Medicine Dropper for Infants & Pets",S,FP,6,0.6667,0.6667,0.6667,17548.27
823,1 ml plastic tuberculin syringes without needles,18,B07VF8CKGL,"1ml Syringe Sterile with Luer Lock Tip, BH SUPPLIES - (No Needle) Individually Sealed - 100 Syringes",E,TP,7,0.6667,0.6667,0.6667,17548.27
823,1 ml plastic tuberculin syringes without needles,18,B07QM74NWG,"12 Pack - 1ml Plastic Syringe with Measurement, No Needle Suitable for Refilling and Measuring Liquids, Feeding Pets, Oil or Glue Applicator",E,TP,8,0.6667,0.6667,0.6667,17548.27
823,1 ml plastic tuberculin syringes without needles,18,B089M8VJC6,"12 Pack 1ml Plastic Syringe - Individually Sealed Syringe for Scientific Labs, Feeding Pets, Plant Hydroponic, Oil or Glue Applicator (12 Pack)",E,TP,9,0.6667,0.6667,0.6667,17548.27
823,1 ml plastic tuberculin syringes without needles,18,B07BQDRDC2,1ml Syringe Sterile with Luer Slip Tip - 100 Syringes by BH Supplies (No Needle) Individually Sealed,E,TP,10,0.6667,0.6667,0.6667,17548.27
823,1 ml plastic tuberculin syringes without needles,18,B01N01TO2O,"BSTEAN 1ml 1cc Syringe with Luer Slip Tip, No Needle, Non-Sterile (Pack of 50)",E,TP,11,0.6667,0.6667,0.6667,17548.27
823,1 ml plastic tuberculin syringes without needles,18,B08LMRKDG7,"10 Pack 1ml Luer Lock Syringe Without Needle, Individually Sealed Wrapped, Uses for Scientific Lab, Measurement and Dispensing (1ML)",E,TP,12,0.6667,0.6667,0.6667,17548.27
823,1 ml plastic tuberculin syringes without needles,18,B07L3NSPD8,"20 Packs Plastic Syringe with Measurement, Oral Liquids Measuring Syringes for Medicine Animal Pet Water Feeding Refilling (1 ml)",E,TP,13,0.6667,0.6667,0.6667,17548.27
823,1 ml plastic tuberculin syringes without needles,18,B07PJ6B1WF,"20 Packs Plastic Syringe with Measurement, Oral Liquids Measuring Syringes for Medicine Animal Pet Water Feeding Refilling (1 ml/ 3 ml/ 5 ml/ 10 ml)",S,FP,14,0.6667,0.6667,0.6667,17548.27
823,1 ml plastic tuberculin syringes without needles,18,B08MJM5Q7P,"LUTER 12Pcs 1ml Plastic Syringes, No Needle Plastic Syringe with Measurement for Scientific Labs Experiment, Dispensing, Measuring Liquids, Watering, Feeding Pets, Oil or Glue Applicator",E,TP,15,0.6667,0.6667,0.6667,17548.27
823,1 ml plastic tuberculin syringes without needles,18,B007P5TSSI,"Grasslands Road Angels Wind Chime - Home Garden Décor - 7 Inch Width 23 Inch Height, Metal/Glass",I,FP,16,0.6667,0.6667,0.6667,17548.27
823,1 ml plastic tuberculin syringes without needles,18,B00408QLME,"Platinum Pets Coated Chain Training Collar, 18-Inch by 3mm, Bubblegum Pink",I,FP,17,0.6667,0.6667,0.6667,17548.27
823,1 ml plastic tuberculin syringes without needles,18,B01LZ80YOV,"Care Touch 1mL Syringe with Luer Slip Tip - 10 Sterile, Individually-Wrapped Syringes (No Needle) - Great for Dispensing Oral Medicine to Children & Pets, Home Care, and Precision Applications",E,TP,18,0.6667,0.6667,0.6667,17548.27
823,1 ml plastic tuberculin syringes without needles,18,B08DWLNLXH,1ml Luer Slip Tip Syringe No Needle | 100 Pack Disposable Sterile Individually Wrapped | Universal Use | Doctor and Vet Preferred (100 Piece),E,FN,,0.6667,0.6667,0.6667,17548.27
823,1 ml plastic tuberculin syringes without needles,18,B08HFJ5HLL,1ml Sterile Luer Slip Tip Syringe - with Covers -100 Syringes by BH Supplies (No Needle) Individually Sealed,E,FN,,0.6667,0.6667,0.6667,17548.27
823,1 ml plastic tuberculin syringes without needles,18,B08M63N2FV,"30 Pack 1ml Plastic Syringe, Luer Slip Tip, Individually Sealed, with Measurement, for Oral, Medicine Student, Refilling, Feed Pets, Oil or Glue Applicator",E,FN,,0.6667,0.6667,0.6667,17548.27
823,1 ml plastic tuberculin syringes without needles,18,B07T8F2RKB,"Easy Touch Syringes, 30 Gauge 1cc ½, 100 Syringes Each Box (0.5 30Gx1/2)",E,FN,,0.6667,0.6667,0.6667,17548.27
823,1 ml plastic tuberculin syringes without needles,18,B01DARHDV8,"Care Touch CTSLL10 10mL Syringe Only with Luer Lock Tip (No Needle), Shape (Pack of 100)",E,FN,,0.6667,0.6667,0.6667,17548.27
823,1 ml plastic tuberculin syringes without needles,18,B07PPQ9FYD,"Brandzig Ultra-Fine Insulin Syringes 31G 1cc 5/16"" 100-Pack",E,FN,,0.6667,0.6667,0.6667,17548.27
826,1 ml vet syringe without needle with cap,8,B07GJ2BHXY,"100 Pack Luer Slip Syringe with Cap, 1Milliliter 1cc Syringe No Needle, Non-Sterile, Not for Injection",E,TP,1,0.75,0.75,0.75,16090.14
826,1 ml vet syringe without needle with cap,8,B07GX3TMPL,"Brandzig 3ml Syringe - 100 Pack – Luer Slip Tip, No Needle, Individually Blister Packed - Medicine Administration for Infants, Toddlers and Small Pets",I,FP,2,0.75,0.75,0.75,16090.14
826,1 ml vet syringe without needle with cap,8,B07F7C9HH5,"20Pack-1ml Syringes with 26G 3/5inch Needles,Disposable Sterile Syringe with Needle Plastic Syringe",I,FP,3,0.75,0.75,0.75,16090.14
826,1 ml vet syringe without needle with cap,8,B07PY77BHF,"DEPEPE 120pcs 1ml Luer Slip Tip Syringe with Caps, Without Needle, for Pet Feeding and Industrial Use",E,TP,4,0.75,0.75,0.75,16090.14
826,1 ml vet syringe without needle with cap,8,B07GX4RJF3,"1ml Oral Syringe - 100 Pack – Luer Slip Tip, No Needle, Sterile Individually Blister Packed - Medicine Administration for Infants, Toddlers and Small Pets",E,TP,5,0.75,0.75,0.75,16090.14
826,1 ml vet syringe without needle with cap,8,B07RRSK529,"BSTEAN 1ml 1cc Syringe with Luer Slip Tip and Caps, No Needle (Pack of 100)",E,TP,6,0.75,0.75,0.75,16090.14
826,1 ml vet syringe without needle with cap,8,B07LH2BRJX,100Pack 1ml Syringes with Caps,E,TP,7,0.75,0.75,0.75,16090.14
826,1 ml vet syringe without needle with cap,8,B08DWLNLXH,1ml Luer Slip Tip Syringe No Needle | 100 Pack Disposable Sterile Individually Wrapped | Universal Use | Doctor and Vet Preferred (100 Piece),E,TP,8,0.75,0.75,0.75,16090.14
826,1 ml vet syringe without needle with cap,8,B08M63N2FV,"30 Pack 1ml Plastic Syringe, Luer Slip Tip, Individually Sealed, with Measurement, for Oral, Medicine Student, Refilling, Feed Pets, Oil or Glue Applicator",E,FN,,0.75,0.75,0.75,16090.14
826,1 ml vet syringe without needle with cap,8,B07G3CQBWK,"144 Pack 1ml 1cc Syringe, Luer Slip Tip Syringe Without Needle, No Cap, Non-Sterile, Not for Injection, Bulk Package, Not Individual",E,FN,,0.75,0.75,0.75,16090.14
833,1 ms monitor 144hz,15,B09B8WLYGD,"ASUS ROG Strix 27” 4K HDR 144Hz DSC Gaming Monitor (XG27UQR) - UHD (3840 x 2160), IPS, 1ms, Extreme Low Motion Blur, DisplayHDR 400, DCI-P3 90%, G-SYNC Compatible, Eye Care, DisplayPort, HDMI, USB 3.0",E,TP,1,0.7333,0.7333,0.7333,17454.82
833,1 ms monitor 144hz,15,B0826XXSC1,Dell 27 LED Backlit LCD Monitor SE2719H IPS Full HD 1080p with Logitech MK270 Wireless Keyboard and Mouse Combo Bundle,I,FP,2,0.7333,0.7333,0.7333,17454.82
833,1 ms monitor 144hz,15,B088MKB54B,"ASUS TUF Gaming VG27VH1B 27” Curved Monitor, 1080P Full HD, 165Hz (Supports 144Hz), Extreme Low Motion Blur, Adaptive-sync, FreeSync Premium, 1ms, Eye Care, HDMI D-Sub, BLACK",S,FP,3,0.7333,0.7333,0.7333,17454.82
833,1 ms monitor 144hz,15,B07C86W87B,"Alienware 25 Gaming Monitor - AW2518Hf, Full HD @ Native 240 Hz, 16:9, 1ms Response Time, DP, HDMI 2.0a, USB 3.0, AMD FreeSync, Tilt, Swivel, Height-Adjustable (Renewed)",I,FP,4,0.7333,0.7333,0.7333,17454.82
833,1 ms monitor 144hz,15,B07KGMQGDT,"Sceptre E255B-1658A 25"" 165Hz 144Hz 1ms AMD FreeSync gaming LED Monitor 2x HDMI 2.0 1x DisplayPort RTS FPS Build-in Speakers, Machine Black, Metallic Black",E,TP,5,0.7333,0.7333,0.7333,17454.82
833,1 ms monitor 144hz,15,B06ZYHZ6R6,"Acer XFA240 bmjdpr 24"" Gaming G-SYNC Compatible Monitor 1920 x 1080, 144hz Refresh Rate, 1ms Response Time with Height, Pivot, Swivel & Tilt, Black",E,TP,6,0.7333,0.7333,0.7333,17454.82
833,1 ms monitor 144hz,15,B083K17XLH,"MSI 24” FHD (1920 x 1080) Non-Glare with Super Narrow Bezel 144Hz 1ms 16:9 HDMI/DP AMD Radeon FreeSync IPS Gaming Monitor (OPTIX G241), Black",E,TP,7,0.7333,0.7333,0.7333,17454.82
833,1 ms monitor 144hz,15,B08FF3HDW5,"SAMSUNG Odyssey G5 Series 32-Inch WQHD (2560x1440) Gaming Monitor, 144Hz, Curved, 1ms, HDMI, Display Port, FreeSync Premium (LC32G55TQWNXZA)",E,TP,8,0.7333,0.7333,0.7333,17454.82
833,1 ms monitor 144hz,15,B0817JCFJN,"ASUS TUF Gaming 25"" 1080P Monitor (VG259Q) - Full HD, IPS, 144Hz, 1ms, Extreme Low Motion Blur, Speaker, Adaptive-Sync, G-SYNC Compatible, VESA Mountable, DisplayPort, HDMI, Height Tilt Adjustable",E,TP,9,0.7333,0.7333,0.7333,17454.82
833,1 ms monitor 144hz,15,B08FJHMTZJ,"AOC G2490VX 24"" Class Frameless Gaming Monitor, FHD 1920x1080, 1ms 144Hz, FreeSync Premium, 126% sRGB / 93% DCI-P3, 3Yr Re-Spawned Zero Dead Pixels, Black",E,TP,10,0.7333,0.7333,0.7333,17454.82
833,1 ms monitor 144hz,15,B08GYLHM2T,"LG 27'' Ultragear 4K UHD Nano IPS 1ms 144Hz G-Sync Compatible Gaming Monitor, Black (27GN95B-B)",E,TP,11,0.7333,0.7333,0.7333,17454.82
833,1 ms monitor 144hz,15,B07FFHMRN9,"Amazon Essentials Women's 2-Pack Tech Stretch Relaxed-Fit Racerback Tank Top, Space dye/Black, Large",I,FP,12,0.7333,0.7333,0.7333,17454.82
833,1 ms monitor 144hz,15,B0918Q2RKZ,BenQ MOBIUZ EX3415R 34'' Ultrawide Curved Monitor for Gaming | 144Hz 1ms| HDRi Optimization | Dual Speakers + Subwoofer | FreeSync Premium | Eye-Care & Height/Tilt Adjustable Stand,E,TP,13,0.7333,0.7333,0.7333,17454.82
833,1 ms monitor 144hz,15,B07MQBPMJ2,"Acer Nitro XV272U Pbmiiprzx 27"" WQHD (2560 x 1440) IPS G-SYNC Compatible Monitor, 144Hz, 1ms VRB, VESA Certified DisplayHDR400, DCI-P3, Delta E<2",E,TP,14,0.7333,0.7333,0.7333,17454.82
833,1 ms monitor 144hz,15,B091G34M7P,"Acer Nitro XV282K KVbmiipruzx 28"" UHD (3840 x 2160) Agile-Splendor IPS Gaming Monitor | AMD FreeSync Premium | 144Hz | 1ms | TUV/Eyesafe | 1 x Display Port 1.2, 2 x HDMI 2.1 & 4 x USB Ports",E,TP,15,0.7333,0.7333,0.7333,17454.82
833,1 ms monitor 144hz,15,B08D5H24N8,ViewSonic VX3268-2KPC-MHD 32 Inch 1440p Curved 144Hz 1ms Gaming Monitor with FreeSync Premium Eye Care HDMI and DP,E,FN,,0.7333,0.7333,0.7333,17454.82
833,1 ms monitor 144hz,15,B093T8773S,"MSI Full HD Non-Glare 1ms 1920 x 1080 144Hz Refresh Rate Resolution Free Sync 24"" Curved Gaming Monitor (Optix G24C6P) - Black",E,FN,,0.7333,0.7333,0.7333,17454.82
833,1 ms monitor 144hz,15,B0865GK92R,"MSI 24"" FHD 1500R Curvature Non-Glare Super Narrow Bezel 1ms 1920 x 1080 144Hz Refresh Rate Tilt Adjustment FreeSync Curved Gaming Monitor (Optix G24C4), Black",E,FN,,0.7333,0.7333,0.7333,17454.82
833,1 ms monitor 144hz,15,B08WWKJGDV,"Sceptre IPS 27 inch Gaming LED Monitor up to 165Hz 144Hz 1ms DisplayPort HDMI, FreeSync FPS RTS Build-in Speakers Gunmetal Black 2021 (E275B-FPT165)",E,FN,,0.7333,0.7333,0.7333,17454.82
838,1 ounce plastic disposable portion cups without lids,4,B079L1WYPJ,"TashiBox 1 oz disposable portion cups with lids, set of 200 - jello shot cups, souffle cups, sampling cups, sauce cups",E,TP,1,0.75,0.75,0.75,15496.4
838,1 ounce plastic disposable portion cups without lids,4,B07GXCMSQC,"TashiBox Disposable Mini Cups, Portion Cups (No Lids), 200 Count (1 oz)",E,TP,2,0.75,0.75,0.75,15496.4
838,1 ounce plastic disposable portion cups without lids,4,B07KT4WKR4,"TashiBox 1oz-100 Sets Plastic Disposable Jello Shot Cups with Lids/Souffle Portion/Sauce Salad Dressing/Condiment Cups, 100 pack Clear Plastic Disposable Food Containers with Lids (1 Ounce)…",E,TP,3,0.75,0.75,0.75,15496.4
838,1 ounce plastic disposable portion cups without lids,4,B075Y2Q3LW,"EDI Clear Disposable Plastic Portion Cups/Souffle Cups with Lids, 1 Ounce (100 Count)",I,FP,4,0.75,0.75,0.75,15496.4
838,1 ounce plastic disposable portion cups without lids,4,B078TQJQCC,"1 oz, Paper Souffle Portion Cups - Value set of 500",E,FN,,0.75,0.75,0.75,15496.4
841,1 oz dropper bottles glass,15,B074TXQCBD,DropperStop 1oz Amber Glass Dropper Bottles (30mL) with Tapered Glass Droppers - Pack of 99,E,TP,1,0.6667,0.6667,0.6667,17051.74
841,1 oz dropper bottles glass,15,B078N18QD1,"Vivaplex, 12, Assorted Colors, 1 oz Glass Bottles, With Glass Eye Droppers",E,TP,2,0.6667,0.6667,0.6667,17051.74
841,1 oz dropper bottles glass,15,B086DJN6VZ,"Dropper Bottles, RUCKAE Glass Dropper Bottle with Eye Dropper(1oz,24Pack), Dropper for Essential Oils, Colognes, Perfumes, with 2 Extra Fine Mist Sprayers, Funnel and Pen (Cobalt Blue)",E,TP,3,0.6667,0.6667,0.6667,17051.74
841,1 oz dropper bottles glass,15,B07WJ8MW7W,"6 Pack 120 ml 4oz Blue Glass Spray Bottles with Fine Mist Sprayer & Dust Cap for Essential Oils, Perfumes,Cleaning Products.Included 1 Brush, 2 Funnels,2 Droppers & 12 Labels.",I,FP,4,0.6667,0.6667,0.6667,17051.74
841,1 oz dropper bottles glass,15,B0836NVVLM,"YoleShy 1oz Glass Dropper Bottle,99 Pack Amber Glass Bottles with Glass Droppers and Black Cap for Essential Oils, Lab Chemicals, Perfumes",E,TP,5,0.6667,0.6667,0.6667,17051.74
841,1 oz dropper bottles glass,15,B01MXONUR2,"Vivaplex, 12, Clear, 1 oz Glass Bottles, with Glass Eye Droppers",E,TP,6,0.6667,0.6667,0.6667,17051.74
841,1 oz dropper bottles glass,15,1561581291,"The Timber-Frame Home: Design, Construction, Finishing",I,FP,7,0.6667,0.6667,0.6667,17051.74
841,1 oz dropper bottles glass,15,B08252DJHN,"2oz Amber Glass Spray Bottles for Essential Oils, Small Empty Spray Bottle, Fine Mist Spray, Set of 3",I,FP,8,0.6667,0.6667,0.6667,17051.74
841,1 oz dropper bottles glass,15,B081VHRL46,"Eye Dropper Bottle, Hoa Kinh 48 Pack 1 oz 30ml Amber Glass Dropper Bottle with Droppers, 2 Funnels for Essential Oils, Perfumes (Brown, 1oz)",E,TP,9,0.6667,0.6667,0.6667,17051.74
841,1 oz dropper bottles glass,15,B07TKVJH6Q,"Kingrol 24 Pack Amber Glass Bottles with Glass Eye Dropper, 1 oz Dropper Bottles for Essential Oils, Perfumes, Aromatherapy, Chemistry Lab Chemicals",E,TP,10,0.6667,0.6667,0.6667,17051.74
841,1 oz dropper bottles glass,15,B018Y3K2H0,"12, Cobalt Blue, 1 oz, Glass Bottles, with Glass Eye Droppers",E,TP,11,0.6667,0.6667,0.6667,17051.74
841,1 oz dropper bottles glass,15,B00MD9W93W,"3/4"" - 20 Right Hand Thread Die",I,FP,12,0.6667,0.6667,0.6667,17051.74
841,1 oz dropper bottles glass,15,B079SFLQ7F,"Vivaplex, 24, Clear, 10 ml (1/3 oz) Glass Bottles, with Glass Eye Droppers",S,FP,13,0.6667,0.6667,0.6667,17051.74
841,1 oz dropper bottles glass,15,B07ZNK3ZDJ,"12, 1 oz Dropper Bottles for Essential Oils with 3 Stainless Steel Funnels & 1 Long Glass Dropper - 30ml Amber Glass Bottles with Eye Droppers - Tincture Bottles, Leak Proof Travel Bottles for Liquids",E,TP,14,0.6667,0.6667,0.6667,17051.74
841,1 oz dropper bottles glass,15,B07QCWYLDH,"PrettyCare Eye Dropper Bottle 1 oz (24 Pack Clear Glass Bottles 30ml with Golden Caps, 2 Extra Measured Pipettes, 48 Labels, 2 Funnels ) Empty Tincture Bottles for Essential Oils, Perfume",E,TP,15,0.6667,0.6667,0.6667,17051.74
841,1 oz dropper bottles glass,15,B00I4BQXVW,"Premium Vials B36-pk12 Boston Round Glass Bottle with Dropper, 1 oz Capacity, Clear (Pack of 12)",E,FN,,0.6667,0.6667,0.6667,17051.74
841,1 oz dropper bottles glass,15,B074KQXWC6,"Vivaplex, 12, Green, 1 oz Glass Bottles, With Glass Eye Droppers",E,FN,,0.6667,0.6667,0.6667,17051.74
841,1 oz dropper bottles glass,15,B083HYZLWG,"June Fox Glass Dropper Bottle,99 Pack 1oz Blue Glass Bottles with Glass Droppers and Black Cap for Essential Oils, Lab Chemicals, Perfumes",E,FN,,0.6667,0.6667,0.6667,17051.74
841,1 oz dropper bottles glass,15,B00SS49UVA,"12, Amber, 1 oz Glass Bottles, with Glass Eye Droppers",E,FN,,0.6667,0.6667,0.6667,17051.74
841,1 oz dropper bottles glass,15,B088JX9RVJ,"1 oz Eye Dropper Bottle(48 Pack), Eternal Moment 30ml Amber Glass Bottles with Glass Eye Dropper for Essential Oils, Chemistry Lab Chemicals, Colognes & Perfumes",E,FN,,0.6667,0.6667,0.6667,17051.74
846,1 pack blue braiding hair pre stretched,1,B07XYX2Z4X,"Pre-stretched Braiding Hair Yaki Texture Kanekalon Braids Hair Ombre Black to Blue 26 Inch 8 Packs/Lot Synthetic Hair For Easy Braids Itch Free (26inch,#1B/Blue)",S,FP,1,0.0,0.0,0.0,15638.49
846,1 pack blue braiding hair pre stretched,1,B081GSVGGB,Pre-Stretched Braiding Hair Extensions 26 Inch Omber Colors Prefessional Perm Yaki Hot Water Setting Braiding Hair Easy Braids Synthetic Hair Extensions 3Packs(Green Ombre Blue),E,FN,,0.0,0.0,0.0,15638.49
847,1 pack blue fairy lights battery without timer,12,B01MAY5HHO,"Accmor 4 Pack 10ft/3m 30 LEDs Mini Bulb Battery Operated Fairy String Lights,Super Bright Starry Lights for Gift Wedding Party Bedroom Home Halloween Decoration, Crafts (Warm White)",E,TP,1,0.5833,0.5833,0.5833,16377.87
847,1 pack blue fairy lights battery without timer,12,B0861961Q2,24 Pack Led Fairy Lights Battery Operated String Lights Waterproof Silver Wire 7 Feet 20 Led Firefly Starry Moon Lights for DIY Wedding Party Bedroom Patio Christmas Warm White,E,TP,2,0.5833,0.5833,0.5833,16377.87
847,1 pack blue fairy lights battery without timer,12,B075SYL9YQ,"CYLAPEX 12 PCS Fairy Lights Cool White 3.3FT Silvery Copper Wire 20 LED String Lights Battery Powered, Starry String Lights Battery Operated Firefly Lights for Costume DIY Wedding Home Party Christmas",E,TP,3,0.5833,0.5833,0.5833,16377.87
847,1 pack blue fairy lights battery without timer,12,B081QLWD3T,"6 Pack Fairy Lights Battery Operated String Lights 3.3ft with 10 LEDs, Waterproof Flexible Silver-Plated Copper Wire Firefly Lights for Wedding Centerpieces Bedroom Mason Jars Party(Warm White)",S,FP,4,0.5833,0.5833,0.5833,16377.87
847,1 pack blue fairy lights battery without timer,12,B07WG18RLT,12 Pack Led Fairy Lights Battery Operated String Lights Waterproof Silver Wire 7 Feet 20 Led Firefly Starry Moon Lights for DIY Wedding Party Bedroom Patio Christmas Warm White,E,TP,5,0.5833,0.5833,0.5833,16377.87
847,1 pack blue fairy lights battery without timer,12,B01FOITH9M,"CYLAPEX 6 Pack Fairy Lights Battery Operated String Lights, 20 LED on 3.3ft Silvery Copper Wire, Firefly Fairy String Lights Warm White for Wedding Party Mason Jar Christmas Decorations Bedroom Decor",E,TP,6,0.5833,0.5833,0.5833,16377.87
847,1 pack blue fairy lights battery without timer,12,B07ZT2P4TH,"STARKER Battery Operated String Lights, 16ft 50 LED 8 Mode Waterproof Fairy Light with Timer for Bedroom Wedding Christmas Festival Decoration, Pack of 2 (Warm White, Dimmable)",S,FP,7,0.5833,0.5833,0.5833,16377.87
847,1 pack blue fairy lights battery without timer,12,B013TEEKOK,"[6-PACK] 7Feet Starry String Lights,Fairy String Lights 20 Micro Starry Leds On Silvery Copper Wire. 2pcs CR2032 Batteries Included,Works for Wedding Centerpiece,Party,Christmas,Table Decor,Warm White",E,TP,8,0.5833,0.5833,0.5833,16377.87
847,1 pack blue fairy lights battery without timer,12,B07JMJ686Q,YKB 6 Pack Pink Fairy String Lights Battery Operated Fairy Lights Starry String Lights on 3.3ft/1m Silvery Copper Wire DIY Christmas Decoration Costume Wedding Party Halloween Easter,I,FP,9,0.5833,0.5833,0.5833,16377.87
847,1 pack blue fairy lights battery without timer,12,B07RJRSP8G,"24 Packs Fairy Light Battery Operated(Batteries Included),10.2FT 30LEDs Copper Wire Firefly Lights,Mini Starry String Lights for DIY Wedding Party Mason Jars Christmas Decorations (Warm White)",E,TP,10,0.5833,0.5833,0.5833,16377.87
847,1 pack blue fairy lights battery without timer,12,B074SK25S9,"10PCS Fairy Lights Battery Operated,Waterproof Copper Wire 6.5 Feet Fairy String Lights 20 Led Firefly Starry Moon Lights for Home Party Wedding Christmas Table Decoration(Warm White)",S,FP,11,0.5833,0.5833,0.5833,16377.87
847,1 pack blue fairy lights battery without timer,12,B07XQD2M6M,12 Pack Fairy Lights 7Ft 20 Led Firefly Lights Battery Operated String Lights Silver Wire Starry Moon Lights for DIY Wedding Bedroom Indoor Party Christmas Decorations Pure White,S,FP,12,0.5833,0.5833,0.5833,16377.87
847,1 pack blue fairy lights battery without timer,12,B08K8CW59L,"Fairy Lights Battery Operated, 33 Ft Battery Powered String Light, 100 LED Warm White Battery Fairy Light for Bedroom Christmas Halloween Party Wedding",E,FN,,0.5833,0.5833,0.5833,16377.87
847,1 pack blue fairy lights battery without timer,12,B07ZFFZ9HF,"JosMega Upgraded Larger Solar Powered Fairy String Lights 8 Mode Twinkle Lighting Outdoor Waterproof Auto On/Off, Christmas Decoration",E,FN,,0.5833,0.5833,0.5833,16377.87
847,1 pack blue fairy lights battery without timer,12,B08118PJPB,18 Pack Fairy Lights Battery Operated 6.6ft 20 Led Mini String Lights Silver Wire Starry Lights for DIY Wedding Party Festival Halloween Christmas (Warm White),E,FN,,0.5833,0.5833,0.5833,16377.87
847,1 pack blue fairy lights battery without timer,12,B07T7W7PNK,"Aluan Fairy Lights 100 LED 33 FT Copper Wire Christmas Lights USB & Battery Powered Waterproof LED String Lights with 8 Modes for Indoor Outdoor Bedroom Wedding Party Patio Decor, Warm White",E,FN,,0.5833,0.5833,0.5833,16377.87
847,1 pack blue fairy lights battery without timer,12,B0811T37DC,"Tasodin led Fairy Lights Waterproof 16.4ft String Lights Battery Operated for Wedding, Home, Garden, Party, Christmas Decoration, White",E,FN,,0.5833,0.5833,0.5833,16377.87
856,1 per day bariatric multivitamin capsules without iron,8,B08HG44W98,"Bariatric Fusion Watermelon Bariatric Multivitamin Soft Chews for Post Bariatric Surgery Patients Including Gastric Bypass and Sleeve Gastrectomy, 60 Count, 1 Month Supply",S,FP,1,0.375,0.375,0.375,16220.65
856,1 per day bariatric multivitamin capsules without iron,8,B08NFTHBPX,"BariMelts Multivitamin with Iron - Fast Melting Bariatric Multivitamin for Post Gastric Bypass and Sleeve Gastrectomy Surgery Patients, Weight Loss Surgery Vitamins [60 Tablets]",I,FP,2,0.375,0.375,0.375,16220.65
856,1 per day bariatric multivitamin capsules without iron,8,B01J4I8VYA,"BariMelts B1, Dissolvable Bariatric Vitamins, Natural Berry Flavor, 90 Fast Melting Tablets",S,FP,3,0.375,0.375,0.375,16220.65
856,1 per day bariatric multivitamin capsules without iron,8,B07HJFZ9YV,"Bariatric Fusion Bariatric Multivitamin ONE per Day Capsule with 45mg of Iron for Post Bariatric Surgery Patients Including Gastric Bypass and Sleeve Gastrectomy, 30 Count, 1 Month Supply",E,TP,4,0.375,0.375,0.375,16220.65
856,1 per day bariatric multivitamin capsules without iron,8,B087ZQ82TR,NATURELO Bariatric Multivitamin - One Daily with Iron - Supplement for Post Gastric Bypass Surgery Patients - Natural Whole Food Nutrition - 60 Veggie Capsules,S,FP,5,0.375,0.375,0.375,16220.65
856,1 per day bariatric multivitamin capsules without iron,8,B001FY1KAE,"Bariatric Fusion Mixed Berry Complete Chewable Bariatric Multivitamin For Bariatric Surgery Patients Including Gastric Bypass and Sleeve Gastrectomy, 120 Tablets",E,TP,6,0.375,0.375,0.375,16220.65
856,1 per day bariatric multivitamin capsules without iron,8,B00OJGEQ0G,"BariMelts Multivitamin, Dissolvable Bariatric Vitamins, Natural Fruit Flavor, 60 Fast Melting Tablets",E,TP,7,0.375,0.375,0.375,16220.65
856,1 per day bariatric multivitamin capsules without iron,8,B07HGJKGST,"Bariatric Fusion Bariatric Multivitamin Capsules Without Iron for Post Bariatric Surgery Patients Including Gastric Bypass and Sleeve Gastrectomy, 2 Capsules Daily, 180 Count, 3 Month Supply",S,FP,8,0.375,0.375,0.375,16220.65
856,1 per day bariatric multivitamin capsules without iron,8,B08DF8Q482,"Bariatric Advantage - Ultra Solo Once-Per-Day Multivitamin Capsule for Bariatric Surgery Patients, Without Iron, 30ct",E,FN,,0.375,0.375,0.375,16220.65
856,1 per day bariatric multivitamin capsules without iron,8,B00ILYYNUA,"Bariatric Advantage – Chewable Advanced Multi EA - Multivitamin for Bariatric Surgery Patients Including Gastric Bypass, Sleeve Gastrectomy, and DS, Mixed Fruit, 60 ct",E,FN,,0.375,0.375,0.375,16220.65
856,1 per day bariatric multivitamin capsules without iron,8,B071L78LLB,NATURELO One Daily Multivitamin for Women 50+ (Iron Free) - Menopause Support for Women Over 50 - Whole Food Supplement - Non-GMO - No Soy - 60 Capsules | 2 Month Supply,E,FN,,0.375,0.375,0.375,16220.65
856,1 per day bariatric multivitamin capsules without iron,8,B00OKNCI0S,"BariMelts Calcium Citrate, Dissolvable Bariatric Vitamins, Natural Berry Flavor, 120 Fast Melting Tablets",E,FN,,0.375,0.375,0.375,16220.65
856,1 per day bariatric multivitamin capsules without iron,8,B00Y3QDOGO,Methyl Multi Without Iron - 240 Vegetable Capsules | This Vegan Formula Features Activated Vitamin Cofactors and Folate as Quatrefolic® (5-MTHF) | Patented Albion TRAACS Chelated Mineral Complexes,E,FN,,0.375,0.375,0.375,16220.65
858,1 peter jen wilkin,2,1430051558,1 Peter: A Living Hope in Christ - Leader Kit,E,TP,1,1.0,1.0,1.0,15460.24
858,1 peter jen wilkin,2,143005154X,1 Peter Bible Study Book: A Living Hope in Christ (Gospel Coalition),E,TP,2,1.0,1.0,1.0,15460.24
861,1 pint mason jars without words,24,B07KQQYJC6,"Encheng 16 oz Glass Jars With Lids,Wide Mouth Ball Mason Jars For Storage,Canning Jars For Pickles,Herb,Jelly,Jams,Honey,Dishware Safe,Set Of 15 …",E,TP,1,0.5833,0.5833,0.5833,17647.22
861,1 pint mason jars without words,24,B07N3SXV24,"KAMOTA Mason Jars 12 oz With Regular Lids and Bands, Ideal for Jam, Honey, Wedding Favors, Shower Favors, Baby Foods, DIY Magnetic Spice Jars, 12 PACK, 20 Whiteboard Labels Included",E,TP,2,0.5833,0.5833,0.5833,17647.22
861,1 pint mason jars without words,24,B08MZH2L7S,"Foruisin 16 OZ(12-Set) Smooth Sided Wide Mouth Mason Jars with Lids and Bands, Transparent Glass Canning Jar Ideal for Jellies, Smoothies, Salsas, Sauces, Relishes, Fruit Butters",E,TP,3,0.5833,0.5833,0.5833,17647.22
861,1 pint mason jars without words,24,B07VD4DS5D,"Apexstone Mason Jar 16 oz Regular Mouth,Mason Jar 16 oz with Lids,16 oz Mason Jars with Lids,16 oz Mason Jars Regular Mouth,Mason Jar 16 oz Set of 4",E,TP,4,0.5833,0.5833,0.5833,17647.22
861,1 pint mason jars without words,24,B08M3TGPS3,"Mason jars 16 oz 15 Pack – Glass Jars For Food Storage With Gold Metal Lids, Set Of 15 With 20 Labels",E,TP,5,0.5833,0.5833,0.5833,17647.22
861,1 pint mason jars without words,24,B071KTNCSC,"Ball Wide Mouth Pint 16-Ounce Glass Mason Jar with Lids and Bands, 12-Count, 12-Pack, Clear",S,FP,6,0.5833,0.5833,0.5833,17647.22
861,1 pint mason jars without words,24,B07RZVPM35,"Ball Wide Mouth Mason Jars 16 oz [6 Pack] With mason jar lids and Bands, Ball mason jars 16 oz - For Canning, Fermenting, Pickling - Jar Decor - Microwave/Freeze/Dishwasher Safe + SEWANTA Jar Opener",S,FP,7,0.5833,0.5833,0.5833,17647.22
861,1 pint mason jars without words,24,B0854176GN,"Regular-Mouth Glass Mason Jars, 16-Ounce (5-Pack) Canning Jars with Silver Metal Airtight Lids for Meal Prep, Food Storage, Canning, Drinking, Overnight Oats, Jelly, Dry Food, Spices, Salads, Yogurt",E,TP,8,0.5833,0.5833,0.5833,17647.22
861,1 pint mason jars without words,24,B07N3S558V,"KAMOTA Mason Jars 16 OZ With Regular Lids and Bands, Ideal for Meal Prep, Jam, Honey, Wedding Favors, Shower Favors, Baby Foods, DIY Magnetic Spice Jars, 12 PACK, 20 Whiteboard Labels Included",E,TP,9,0.5833,0.5833,0.5833,17647.22
861,1 pint mason jars without words,24,B08NJJJQZH,"Luckore Mason Jars Wide Mouth 16 oz Set of 12, Canning Glass Jars with Metal Airtight Lids, Ideal for Meal Prep, Food Storage, Canning, Fermenting, Jam, Honey, Yogurt, Jellies",E,TP,10,0.5833,0.5833,0.5833,17647.22
861,1 pint mason jars without words,24,B07HGG3DD1,"Ball Mason 32 oz Wide Mouth Jars with Lids and Bands, Set of 12 Jars.",S,FP,11,0.5833,0.5833,0.5833,17647.22
861,1 pint mason jars without words,24,B01B3GXVKA,"Ball 4-Ounce Quilted Crystal Jelly Jars with Lids and Bands, Set of 12-3 Pack (Total 36 Jars)",E,TP,12,0.5833,0.5833,0.5833,17647.22
861,1 pint mason jars without words,24,B07D5HZDFV,Single Jarden Ball Regular Mouth 16-Ounces Mason Jar with Lid and Band (1-jar),S,FP,13,0.5833,0.5833,0.5833,17647.22
861,1 pint mason jars without words,24,B07VWSPXRG,"Ball Mason Jar, Pint Clear Glass Heritage Series, 16-Ounces, Set of 4",I,FP,14,0.5833,0.5833,0.5833,17647.22
861,1 pint mason jars without words,24,B01EV99PWE,12 Ball Mason Jar with Lid - Regular Mouth - 16 oz by Jarden (Packs of 12),C,FP,15,0.5833,0.5833,0.5833,17647.22
861,1 pint mason jars without words,24,1632367440,Attack on Titan Season 3 Part 2 Manga Box Set,I,FP,16,0.5833,0.5833,0.5833,17647.22
861,1 pint mason jars without words,24,B07X3LBW1P,"Aux Cord for iPhone with Charge Port, Car Aux Audio Cable for iPhone 11/11 Pro/X/XS/XR/XS MAX/8/8P/7/7P with Charging Function,Aux and Charge Cable for iPhone Support iOS 11/12/13 and Above (Grey)",I,FP,17,0.5833,0.5833,0.5833,17647.22
861,1 pint mason jars without words,24,B07MZ97158,"Ball Regular Mouth 16-Ounces Mason Jar with Lids and Bands (12-Units), 12-Pack, AS SHOWN",E,TP,18,0.5833,0.5833,0.5833,17647.22
861,1 pint mason jars without words,24,B07VVKKLRS,"Mason Jars, SPANLA 16 OZ Mason Jars Glass Jars with Regular Lids and Bands, Ideal for Jam, Honey, Wedding Favors, Shower Favors, Baby Foods, DIY Magnetic Spice Jars, 12 PACK, 12 Whiteboard Labels",E,TP,19,0.5833,0.5833,0.5833,17647.22
861,1 pint mason jars without words,24,B009QY64RY,Chessex Dice D6 Sets: Vortex Bright Green with Black - 16Mm Six Sided Die (12) Block of Dice,I,FP,20,0.5833,0.5833,0.5833,17647.22
861,1 pint mason jars without words,24,B07PGLPCFN,"SXUDA 16 oz Mason Jars with Silver Lids and Bands Regular Mouth Canning Jars for Jam, Honey, Jelly, Wedding Favors, Shower Favors, Baby Foods, DIY Magnetic Spice Jars, 12 PACK",E,TP,21,0.5833,0.5833,0.5833,17647.22
861,1 pint mason jars without words,24,B07SKN58FQ,"Tebery 15 Pack Clear Mason Jars 8 Oz, Regular Mouth Mason Jars Canning Glass Jars With Airtight lids and Bands",I,FP,22,0.5833,0.5833,0.5833,17647.22
861,1 pint mason jars without words,24,B00RNFSYVC,Ball Regular Mouth Pint 16-oz Mason Jar with Lids and Bands (Pack of 24),E,TP,23,0.5833,0.5833,0.5833,17647.22
861,1 pint mason jars without words,24,B000SN0WES,"Ball Pint Jar, Regular Mouth, Set of 12, (16 oz)",E,TP,24,0.5833,0.5833,0.5833,17647.22
861,1 pint mason jars without words,24,B01LYFJ7WP,"Golden Spoon Mason Jars, With Regular Lids, and Lids for Drinking, Regular Mouth, Dishwasher Safe, BPA Free, (Set of 6) (16 oz/Pint)",E,FN,,0.5833,0.5833,0.5833,17647.22
861,1 pint mason jars without words,24,B014V7RSE8,"Ball Glass Mason Jar with Lid and Band, Regular Mouth, 12 Jars",E,FN,,0.5833,0.5833,0.5833,17647.22
861,1 pint mason jars without words,24,B07VSWW6BG,"Wide Mouth Mason Jars 16 oz, KAMOTA 16oz Mason Jars Canning Jars Jelly Jars With Wide Mouth Lids and Bands, Ideal for Jam, Honey, Wedding Favors, Shower Favors, Baby Foods, 6 PACK",E,FN,,0.5833,0.5833,0.5833,17647.22
861,1 pint mason jars without words,24,B07JNPZZQ9,"Mason Jars 8 OZ, VERONES 8 OZ Canning Jars Jelly Jars With Regular Lids, Ideal for Jam, Honey, Wedding Favors, Shower Favors, Baby Foods, 15 PACK",E,FN,,0.5833,0.5833,0.5833,17647.22
861,1 pint mason jars without words,24,B081SGLXMJ,"Glotoch Mason Jars 8 OZ with Lids and Bands, 12 Pack Regular Mouth Jelly Jars Bulk, Canning Jars for Jam/ Honey/ Spice with 1 Brush and 12 Chalkboard Labels",E,FN,,0.5833,0.5833,0.5833,17647.22
861,1 pint mason jars without words,24,B07RKQ4JS3,"KAMOTA Mason Jars 16 oz With Regular Lids and Bands, Ideal for Jam, Honey, Wedding Favors, Shower Favors, Baby Foods, DIY Magnetic Spice Jars, 18 PACK, 20 Whiteboard Labels Included",E,FN,,0.5833,0.5833,0.5833,17647.22
861,1 pint mason jars without words,24,B07VTSKN53,"Wide Mouth Mason Jars 16oz, VERONES 6 Pack 16 oz Wide Mouth Mason Jars with Lids and Bands, Ideal for Jam, Honey, Wedding Favors, Shower Favors, Baby Foods",E,FN,,0.5833,0.5833,0.5833,17647.22
861,1 pint mason jars without words,24,B075DM567J,"Ball Mason Jar Pint Wide Mouth Clear Glass W/Lids and Bands, 16-Ounces (Set of 4)",E,FN,,0.5833,0.5833,0.5833,17647.22
861,1 pint mason jars without words,24,B000VDYUJI,"Kerr Wide Mouth Pint Glass Mason Jars 16-Ounces with Lids and Bands 12-Count per (1-Case), Clear",E,FN,,0.5833,0.5833,0.5833,17647.22
861,1 pint mason jars without words,24,B07QCN67QM,"CUCUMI 12pcs 3.4oz Small Glass Favor Jars, 100ml Small Glass Bottles with Cork Lids, Mini Jars Milk Bottles, Party Favors Wedding Favors Potion Bottles with 25pcs Label Tags and 20m Burlap Ribbon",E,FN,,0.5833,0.5833,0.5833,17647.22
862,1 plas 7 pro,8,B07RCGY3VD,"Oneplus 7 Pro GM1910 256GB, 8GB, Dual Sim, 6.67 inch, 48MP Main Lens Triple Camera, GSM Unlocked International Model, No Warranty (Nebula Blue)",E,TP,1,0.625,0.625,0.625,16846.48
862,1 plas 7 pro,8,B07SCSW632,ISADENSER OnePlus 7 Pro Case Stand Mirror OnePlus 7 Pro Case Case View Flip Plating Mirror Makeup Glitter Slim Shockproof Full 360 Body Protective Case for OnePlus 7 Pro Mirror Blue,C,FP,2,0.625,0.625,0.625,16846.48
862,1 plas 7 pro,8,B07S4755CM,OnePlus 7 Pro 256GB ROM 8GB RAM Factory Unlocked 6.67 inch QHD+ AMOLED 90Hz Display Dual SIM Mirror Gray,E,TP,3,0.625,0.625,0.625,16846.48
862,1 plas 7 pro,8,B07SGYLZ17,for One Plus 7 Pro Privacy Screen Protector-[2 Pack][3D Curved][Anti-Scratch] 9H Hardness Tempered Glass Film Anti-Spy Screen Protector without Fingerprint Sensor,C,FP,4,0.625,0.625,0.625,16846.48
862,1 plas 7 pro,8,B07RDXN6T6,"OnePlus 7 Pro Dual Sim Factory Unlocked US Model GM1917 8GB+256GB Nebula Blue (ATT, Verizon, Tmobile) - US Warranty",E,TP,5,0.625,0.625,0.625,16846.48
862,1 plas 7 pro,8,B07RY67KWY,Spigen Tough Armor Designed for OnePlus 7 Pro Case (2019) - Black,C,FP,6,0.625,0.625,0.625,16846.48
862,1 plas 7 pro,8,B07YQ8YQCW,OnePlus 7 Pro US Model GM1915 8GB RAM 256GB ROM T-Mobile Unlocked Single SIM Mirror Gray (Renewed),E,TP,7,0.625,0.625,0.625,16846.48
862,1 plas 7 pro,8,B07ZQCFFSL,"OnePlus 7T PRO HD1910 256GB, 8GB, Dual Sim, 6.67 inch, 48MP Main Lens, Triple Lens Camera, GSM Unlocked International Model, No Warranty (Haze Blue)",E,TP,8,0.625,0.625,0.625,16846.48
862,1 plas 7 pro,8,B085PPG5WN,OnePlus 7 Pro GM1915 256GB Sprint+GSM Unlocked - Nebula Blue (Renewed),E,FN,,0.625,0.625,0.625,16846.48
862,1 plas 7 pro,8,B07ZQSQCN9,"OnePlus 7T HD1900 128GB, 8GB, Dual Sim, 6.55 inch, 48MP Main Lens, Triple Lens Camera, GSM Unlocked International Model, No Warranty (Glacier Blue)",E,FN,,0.625,0.625,0.625,16846.48
862,1 plas 7 pro,8,B07V3TL48P,OnePlus 6T A6013 128GB Mirror Black - US Version T-Mobile GSM Unlocked Phone (Renewed),E,FN,,0.625,0.625,0.625,16846.48
866,1 port coax 1 port cat5e without wall plate,3,B08LKMSW7V,"4 Pack Ethernet Coax Wall Plates, Cat6 Coax Wall Plate with Ethernet Port and Gold-Plated TV Coax Cable F-Type Port (Blue)",I,FP,1,0.0,0.0,0.0,15827.57
866,1 port coax 1 port cat5e without wall plate,3,B08NXD9JS8,"8 Pack Cat6 Coax Wall Plates, Cat6 Ethernet Port and Cable TV Coax Gold-Plated F-Type Port Wall Plate (Blue)",S,FP,2,0.0,0.0,0.0,15827.57
866,1 port coax 1 port cat5e without wall plate,3,B00RYTQEBO,RiteAV 15A Power Outlet 4 Port HDMI 1 x Cat5e Ethernet Coax Cable TV Wall Plate,I,FP,3,0.0,0.0,0.0,15827.57
866,1 port coax 1 port cat5e without wall plate,3,B004TNOV2W,"Leviton 41641-W QuickPort Decora Insert, 1-Port, White",E,FN,,0.0,0.0,0.0,15827.57
866,1 port coax 1 port cat5e without wall plate,3,B08PKFF9YF,"4 Pack Ethernet Wall Plate Outlet Rj45 Cat6 Wall Plate Keystone Jack 1 Port Female to Female, Compatible with Cat6/6e/5/5e Ethernet Devices",E,FN,,0.0,0.0,0.0,15827.57
866,1 port coax 1 port cat5e without wall plate,3,B00029IYUM,"Leviton 5G108-RW5 GigaMax 5E QuickPort Connector, Cat 5E, White",E,FN,,0.0,0.0,0.0,15827.57
869,1 puzzle frame included,5,B075JPWYHZ,Star Right Self-Correcting “How We Go” Puzzle with Realistic Art to Set of 20 (40 pieces) with 1 Puzzle Frame Included,E,TP,1,0.8,0.8,0.8,15741.51
869,1 puzzle frame included,5,B01M74UGXP,"MCS Frame for Puzzles, Black, 20 x 27 in or Smaller",E,TP,2,0.8,0.8,0.8,15741.51
869,1 puzzle frame included,5,B075JQ1BGN,"Star Right Self-Correcting Heads & Tails Animal Match Puzzle with Realistic Art, Set of 20 (40 pieces) with 1 Puzzle Frame Included",E,TP,3,0.8,0.8,0.8,15741.51
869,1 puzzle frame included,5,B075JP45WD,Star Right Self-Correcting Counting Puzzle with Realistic Art to Set of 35 (70 pieces) with 1 Puzzle Frame Included,E,TP,4,0.8,0.8,0.8,15741.51
869,1 puzzle frame included,5,B07ZQSM5HG,"8 Puzzle Sorting Trays with Lid 8"" x 8"" - Jigsaw Puzzle Accessories Black Background Makes Pieces Stand Out to Better Sort Patterns, Shapes and Colors | for Puzzles Up to 1500 Pieces",I,FP,5,0.8,0.8,0.8,15741.51
869,1 puzzle frame included,5,B0754LD6J1,"Star Right Educational Spelling Puzzle Game with Realistic Art, Learning Toys for Ages 4+, 3 and 4 Letter Words, Set of 26 (91 Pieces) with 1 Puzzle Frame Included",E,FN,,0.8,0.8,0.8,15741.51
870,1 pvc slip coupling without stop,28,B00ID8RGJO,"Orbit 35679 1"" PVC-Lock Flex Repair, 1-Inch",E,TP,1,0.7143,0.7143,0.7143,18321.01
870,1 pvc slip coupling without stop,28,B000H5Q9BW,"NDS CPC-1000 1-Inch Compression PVC Compression Coupling, Gray",E,TP,2,0.7143,0.7143,0.7143,18321.01
870,1 pvc slip coupling without stop,28,B07TD9QN8G,"Supply Giant DDDM0034-5 Straight Copper Coupling Fittings With Sweat Ends, 3/4 Inch",E,TP,3,0.7143,0.7143,0.7143,18321.01
870,1 pvc slip coupling without stop,28,B0079JXSTK,"Banjo NIP100-SH Polypropylene Pipe Fitting, Short Nipple, Schedule 80, 1"" NPT Male, 2"" Length",E,TP,4,0.7143,0.7143,0.7143,18321.01
870,1 pvc slip coupling without stop,28,B01E0DONG4,"SharkBite PVC Fitting UIP3016A 3/4 inch X 3/4 inch, PVC Connector for PVC Pipe Repair",E,TP,5,0.7143,0.7143,0.7143,18321.01
870,1 pvc slip coupling without stop,28,B000BQK6G6,Genova Products 30405CP 1/2-Inch Male Iron Pipe Thread PVC Pipe Adapter Slip by Male Iron Pipe Thread - 10 Pack,E,TP,6,0.7143,0.7143,0.7143,18321.01
870,1 pvc slip coupling without stop,28,B000H5WOZM,"NDS SNX-0750-B PVC Snap-Fix Repair Coupling, 0.75 Inch, White",E,TP,7,0.7143,0.7143,0.7143,18321.01
870,1 pvc slip coupling without stop,28,B08FFTXTD7,"Hydroseal PVC Pipe Fitting, 2"" Union JETSTREAM, Schedule 80, Grey, EPDM O-Ring, Socket x Socket, F1970, SCH80 (2"")",E,TP,8,0.7143,0.7143,0.7143,18321.01
870,1 pvc slip coupling without stop,28,B0061P7LF0,"Flowline LM52-1410 PVC Reducer Bushing, 2"" Slip x 1"" NPT Thread",I,FP,9,0.7143,0.7143,0.7143,18321.01
870,1 pvc slip coupling without stop,28,B000H5S1A4,"NDS CPC-1500 1-1/2-Inch Compression PVC Compression Coupling, Gray",E,TP,10,0.7143,0.7143,0.7143,18321.01
870,1 pvc slip coupling without stop,28,B01CYW8K6C,"Schedule 40 PVC Pipe Slip x Slip Coupling (1 1/4"" Dia. (5 Pack)) - 429-012",E,TP,11,0.7143,0.7143,0.7143,18321.01
870,1 pvc slip coupling without stop,28,B004TIYM8U,C429-012 11/4 COUPLING,E,TP,12,0.7143,0.7143,0.7143,18321.01
870,1 pvc slip coupling without stop,28,B00GP9CCF6,"LASCO 20-3120 PVC Repair Coupling, 3/4-Inch X 18-Inch",E,TP,13,0.7143,0.7143,0.7143,18321.01
870,1 pvc slip coupling without stop,28,B00JG4AJKC,CHARLOTTE PIPE 1 SCH 40 Coupling SXS Contractor Pack Pressure (10 Unit Bag),E,TP,14,0.7143,0.7143,0.7143,18321.01
870,1 pvc slip coupling without stop,28,B000KKS61A,"NDS QF-0750 Flo Control Quick-Fix Expansion Pipe Repair Coupling, 3/4 In, Socket X Spigot, 150 Psi, Pvc, 3/4-Inch",E,TP,15,0.7143,0.7143,0.7143,18321.01
870,1 pvc slip coupling without stop,28,B00HZSD7JQ,"Supply Giant 6I46 Flexible Pvc Coupling with Stainless Steel Clamps, 1-1/2, Black",E,TP,16,0.7143,0.7143,0.7143,18321.01
870,1 pvc slip coupling without stop,28,B08FW3YV4H,"Kids Thanksgiving Sectioned Divided Plate Set - Set of 4 - Patterns Include Turkey, Scarecrow, Pumpkin, Woodland Creatures",I,FP,17,0.7143,0.7143,0.7143,18321.01
870,1 pvc slip coupling without stop,28,0515111279,The Cat Who Wasn't There,I,FP,18,0.7143,0.7143,0.7143,18321.01
870,1 pvc slip coupling without stop,28,B002UPXRVM,"SharkBite U3016LFA Slip Coupling 3/4 inch, Repair Plumbing Fitting Pipe Connector, Push-to-Connect, Copper, CPVC",E,TP,19,0.7143,0.7143,0.7143,18321.01
870,1 pvc slip coupling without stop,28,B000M5MC2W,"NDS SNX-1000-B PVC Snap-Fix Repair Coupling, 1-Inch, White",E,TP,20,0.7143,0.7143,0.7143,18321.01
870,1 pvc slip coupling without stop,28,B074DX3XM1,"SharkBite Fitting, Water 23036LFA4 Compression Angle Stop Valve, 1/2 Inch x 3/8 Inch, Push-to-Connect, PEX, Copper, CPVC, PE-RT, 4 Pack, 4-Pack 1/2"" x 3/8""",I,FP,21,0.7143,0.7143,0.7143,18321.01
870,1 pvc slip coupling without stop,28,B07DNFFCDZ,Greenwich Bay Trading Company Soap Sampler 20 pack of 1.9oz bars - Bundle 20 items + BONUS 5 Soyworx Tealight Candles,I,FP,22,0.7143,0.7143,0.7143,18321.01
870,1 pvc slip coupling without stop,28,B08977SVRS,"PENGTU Ocean Wave Abstract Art Stripes Nautical Retro Colorful Surf Dust Face Cover Washable Reusable,Dustproof,Cycling",I,FP,23,0.7143,0.7143,0.7143,18321.01
870,1 pvc slip coupling without stop,28,B01MD26GWZ,FEESHOW Kids Girls' Gymnastic Camisole Leotard Top Ballet Dance Dress Ruffle Tutu Skirt Turquoise 5-6,I,FP,24,0.7143,0.7143,0.7143,18321.01
870,1 pvc slip coupling without stop,28,B000KE7CAM,"Mueller Industries 164-637HC 1-1/2"" SXS PVC UNION, 1-1/2-Inch",E,TP,25,0.7143,0.7143,0.7143,18321.01
870,1 pvc slip coupling without stop,28,B07KZMV74L,uxcell 32mm Straight PVC Pipe Fitting Coupling Adapter Connector 10 Pcs,E,TP,26,0.7143,0.7143,0.7143,18321.01
870,1 pvc slip coupling without stop,28,B0811W6MSG,"(Pack of 2) EFIELD Höger 3/4 Inch Straight Coupling Push-Fit Fitting to Connect Pex, Copper, CPVC With A Disconnect Clip, No-Lead Free Brass-2 Pieces",S,FP,27,0.7143,0.7143,0.7143,18321.01
870,1 pvc slip coupling without stop,28,B009F3KR06,"Spears 497 Series PVC Pipe Fitting, Union with EPDM O-Ring, Schedule 40, 1"" Socket",E,TP,28,0.7143,0.7143,0.7143,18321.01
870,1 pvc slip coupling without stop,28,B000BQWH1S,"Campbell Well Point 2 """,E,FN,,0.7143,0.7143,0.7143,18321.01
870,1 pvc slip coupling without stop,28,B002R7X9XO,"Campbell Well Point 1-1/2 """,E,FN,,0.7143,0.7143,0.7143,18321.01
870,1 pvc slip coupling without stop,28,B000BO8EE4,"Plumb Pak, White Keeney 46WK 1-1/4-Inch by 1-1/2-Inch Straight Extension Coupling Trap Adapter, 1-1/2-Inch 1-1/2-Inch",E,FN,,0.7143,0.7143,0.7143,18321.01
870,1 pvc slip coupling without stop,28,B009F3KQ9S,"Spears 497 Series PVC Pipe Fitting, Union with EPDM O-Ring, Schedule 40, 3/4"" Socket",E,FN,,0.7143,0.7143,0.7143,18321.01
870,1 pvc slip coupling without stop,28,B007Q2GAMM,C436-010 1 MA ADAPTER,E,FN,,0.7143,0.7143,0.7143,18321.01
870,1 pvc slip coupling without stop,28,B007Q2GRVG,U4801 11/2 HXH COUPLING PVC,E,FN,,0.7143,0.7143,0.7143,18321.01
870,1 pvc slip coupling without stop,28,B00310ZOIY,"SharkBite U020LFA Straight Connector Plumbing 1 In, PEX Fittings, Push-to-Connect, Coupler, Copper, CPVC, 1 inch",E,FN,,0.7143,0.7143,0.7143,18321.01
870,1 pvc slip coupling without stop,28,B01E0DOKVM,SharkBite PVC Connector UIP140A 1 inch X 1 inch Male NPT Plumbing Fitting,E,FN,,0.7143,0.7143,0.7143,18321.01
871,1 qt saucepan without lid stainless steel,6,B00213JLY0,"Cuisinart 719-14 Chef's Classic Stainless 1-Quart Saucepan with Cover,Silver",E,TP,1,0.1667,0.1667,0.1667,17093.73
871,1 qt saucepan without lid stainless steel,6,B000058AK7,"Farberware Classic Stainless Steel Sauce Pan/Saucepan with Lid, 1 Quart, Silver,50000",S,FP,2,0.1667,0.1667,0.1667,17093.73
871,1 qt saucepan without lid stainless steel,6,B08D2Z1L42,"Fortune Candy 1.6-Quart Saucepan with Lid, Tri-Ply, 18/10 Stainless Steel, Comfortable Grip & Advanced Welding Technology, Dishwasher Safe, Induction Ready, Mirror Finish, Silver",S,FP,3,0.1667,0.1667,0.1667,17093.73
871,1 qt saucepan without lid stainless steel,6,B07PJ68P6D,"TeamFar 1qt Saucepan, Stainless Steel Sauce Pan with Lid, Milk Pan Cookware Professional with Long Heatproof Handle, Non Toxic & Healthy, Rust Free & Dishwasher Safe",S,FP,4,0.1667,0.1667,0.1667,17093.73
871,1 qt saucepan without lid stainless steel,6,B00JAPX3CS,"Tramontina Covered Sauce Pan Stainless Steel Tri-Ply Clad 1.5-Quart, 80116/021DS",S,FP,5,0.1667,0.1667,0.1667,17093.73
871,1 qt saucepan without lid stainless steel,6,B083XH17J9,"VENTION Thick Stainless Steel Saucepan, Heavy Duty Classic Pans, Food Grade Saucepans with Cover, Support for Stove and Induction, Suitable for Milk, Making Candy and Baby Food, 1 Quart",S,FP,6,0.1667,0.1667,0.1667,17093.73
871,1 qt saucepan without lid stainless steel,6,B08MWYFSSV,"Neoflam 51405 1qt Saucepan Butter Warmer Milk Boiling|Melting Pot, Ecolon Healthy Ceramic Nonstick Coating PFOA-free, 2 Pour Spouts, Lightweight, Pink, 1 Quart",E,FN,,0.1667,0.1667,0.1667,17093.73
871,1 qt saucepan without lid stainless steel,6,B00213JO92,Cuisinart 619-14 Chef's Classic Nonstick Hard-Anodized 1-Quart Saucepan with Cover,E,FN,,0.1667,0.1667,0.1667,17093.73
871,1 qt saucepan without lid stainless steel,6,B06Y3ZPKRR,"Küchenprofi Stainless Steel Saucepan with Clad Bottom, 45-Ounce",E,FN,,0.1667,0.1667,0.1667,17093.73
871,1 qt saucepan without lid stainless steel,6,B08RQBRZ9T,"Millvado Granite 1 Quart Saucepan: Naturally Nonstick Sauce Pots - Speckled Enamel Ware Cookware - Small Sauce Pan for Cooking and Boiling - Granite Cooking Pot for Stovetop, Campfire, Outdoor Stove",E,FN,,0.1667,0.1667,0.1667,17093.73
871,1 qt saucepan without lid stainless steel,6,B003A84EK6,"Küchenprofi Stainless Steel Saucepan with Clad Bottom, 32-Ounce",E,FN,,0.1667,0.1667,0.1667,17093.73
878,1 seat sofa without arm restcover,15,B07KVV8RFF,"Easy-Going Stretch Sofa Slipcover 1-Piece Couch Sofa Cover Furniture Protector Soft with Elastic Bottom for Kids, Spandex Jacquard Fabric Small Checks(Sofa,Dark Gray)",I,FP,1,0.5333,0.5333,0.5333,17679.91
878,1 seat sofa without arm restcover,15,B07B66D3XY,"Armless Futon Cover Velvet Sofa Bed Slipcover Full Size Futon Couch Cover Without Armrests, Dark Grey",I,FP,2,0.5333,0.5333,0.5333,17679.91
878,1 seat sofa without arm restcover,15,B084C3C7M4,"Loveseat Sleeper with Memory Foam Mattress, 57"" Loveseat Sleeper, Black + Free 2020 Planner, Weekly/Monthly Hardcover Planner.",I,FP,3,0.5333,0.5333,0.5333,17679.91
878,1 seat sofa without arm restcover,15,B08ZMZLPQD,Armless Futon Slipcover Folding Sofa Cover Stretch Elastic Couch Shield Furniture Protector for Foldable Futon Sofa Bed Without Armrests (Yellow Black),E,TP,4,0.5333,0.5333,0.5333,17679.91
878,1 seat sofa without arm restcover,15,B07TCQP5GB,"Solid Colour Armless Sofa Bed Cover Polyester Spandex Stretch Futon Slipcover 3 Seater Elastic Full Folding Couch Sofa Cover fits Folding Sofa Bed Without Armrests 80"" x 50"" in (Gray)",E,TP,5,0.5333,0.5333,0.5333,17679.91
878,1 seat sofa without arm restcover,15,B08ZN1Q55S,Armless Futon Slipcover Folding Sofa Cover Stretch Elastic Couch Shield Furniture Protector for Foldable Futon Sofa Bed Without Armrests (Black Grey),E,TP,6,0.5333,0.5333,0.5333,17679.91
878,1 seat sofa without arm restcover,15,B07G73T1CT,MIFXIN Armless Sofa Cover Stretch Sofa Bed Slipcover Protector Spandex Non-Slip Settee Folding Couch Sofa Futon Cover Without Armrests Lightweight Stretch Furniture Protector (Black),S,FP,7,0.5333,0.5333,0.5333,17679.91
878,1 seat sofa without arm restcover,15,B08ZN12276,Armless Futon Slipcover Folding Sofa Cover Stretch Elastic Couch Shield Furniture Protector for Foldable Futon Sofa Bed Without Armrests (White Grey),I,FP,8,0.5333,0.5333,0.5333,17679.91
878,1 seat sofa without arm restcover,15,B07YJPBRK1,"Easy-Going 100% Waterproof Futon Cover, Dual Waterproof Couch Cover for Futon, Stretch Jacquard Armless Sofa Cover, Leakproof Furniture Protector for Kids, Pets, Dog and Cat ( Futon, Ivory)",E,TP,9,0.5333,0.5333,0.5333,17679.91
878,1 seat sofa without arm restcover,15,B07GR1NSSP,"CHUN YI Stretch Armless Sofa Slipcover Elastic Fitted Full Folding Futon Cover Without Armrests with Elastic Bottom for Kids, Removable Machine Washable Furniture Sofa for Futon Couch (Ivory White)",E,TP,10,0.5333,0.5333,0.5333,17679.91
878,1 seat sofa without arm restcover,15,B08ZN1XK2K,Armless Futon Slipcover Folding Sofa Cover Stretch Elastic Couch Shield Furniture Protector for Foldable Futon Sofa Bed Without Armrests (White Yellow),E,TP,11,0.5333,0.5333,0.5333,17679.91
878,1 seat sofa without arm restcover,15,B07QBYC8GG,ele ELEOPTION Futon Cover Armless Sofa Slipcover Stretch Sofa Bed Cover Protector Without Armrests Elastic Spandex Modern Simple Mattress Folding Couch Shield Sofa Cover Machine Washable(Black),E,TP,12,0.5333,0.5333,0.5333,17679.91
878,1 seat sofa without arm restcover,15,B01EUWC4Y8,"Martin Smith 6 Acoustic SuperKit Stand, Tuner, Bag, Strap, Picks, and Guitar Strings, Blue (W-101-BL-PK)",I,FP,13,0.5333,0.5333,0.5333,17679.91
878,1 seat sofa without arm restcover,15,B07J6QD61J,"Easy-Going Stretch Sofa Slipcover Armless Sofa Cover Furniture Protector Without Armrests Slipcover Soft with Elastic Bottom for Kids, Spandex Jacquard Fabric Small Checks(futon,Chocolate)",S,FP,14,0.5333,0.5333,0.5333,17679.91
878,1 seat sofa without arm restcover,15,B07NXCXC21,"TIANSHU Stretch Futon Cover Armless Sofa Bed Cover, Anti-Slip Protector for Couch Without Armrests, Spandex Jacquard Fabric Futon Slipcovers (Gray)",E,TP,15,0.5333,0.5333,0.5333,17679.91
878,1 seat sofa without arm restcover,15,B07BYFC5LS,"H.VERSAILTEX 100% Waterproof Quilted Recliner Chair Cover Recliner Cover Recliner Slipcover for Living Room, Secure with Elastic Strap and Non Slip Puppy Paw Silicone Backing (Standard, Brown)",E,FN,,0.5333,0.5333,0.5333,17679.91
878,1 seat sofa without arm restcover,15,B07NS6GFG1,"RHF Sofa Slipcover, Couch Covers for 3 Cushion Couch, Sofa Cover for 3 Cushion Couch, Couch Covers for Dogs, Couch Cover for 3 Cushion Couch (Dark Grey-Sofa)",E,FN,,0.5333,0.5333,0.5333,17679.91
878,1 seat sofa without arm restcover,15,B07WKDZXSJ,Armless Sofa Bed Cover Stretch Futon Slipcover Velvet Plush Thicker 3 Seat Full Folding Sofa Couch Futon Furniture Protector Cover Without Armrests (Silver Grey),E,FN,,0.5333,0.5333,0.5333,17679.91
878,1 seat sofa without arm restcover,15,B08ZMZ2SC9,Armless Futon Slipcover Folding Sofa Cover Stretch Elastic Couch Shield Furniture Protector for Foldable Futon Sofa Bed Without Armrests (White Black),E,FN,,0.5333,0.5333,0.5333,17679.91
878,1 seat sofa without arm restcover,15,B08ZN1XK2H,Armless Futon Slipcover Folding Sofa Cover Stretch Elastic Couch Shield Furniture Protector for Foldable Futon Sofa Bed Without Armrests (White Black Triangle),E,FN,,0.5333,0.5333,0.5333,17679.91
878,1 seat sofa without arm restcover,15,B08ZMXT3Q7,Armless Futon Slipcover Folding Sofa Cover Stretch Elastic Couch Shield Furniture Protector for Foldable Futon Sofa Bed Without Armrests (Orange Grey),E,FN,,0.5333,0.5333,0.5333,17679.91
878,1 seat sofa without arm restcover,15,B07S87BCP8,"CHUN YI Stretch Diamond Lattice Armchair Couch Cushion Cover Suitable for 1 Settee, Sofa Seat Slipcover with Spandex Rhombus Jacquard Fabric(Small,Light Gray)",E,FN,,0.5333,0.5333,0.5333,17679.91
883,1 square container without lids small,4,B07HF23W4P,Tamicy Metal Rectangular Empty Hinged Tins - Pack of 40 Silver Mini Portable Box Containers Small Storage Kit & Home Organizer small tins with lids craft containers 3-1/2''X2-1/2''X4/5'',I,FP,1,0.0,0.0,0.0,15872.05
883,1 square container without lids small,4,B07QYX4KS9,"DecorRack 8 Pack 8 Oz Small Empty Plastic Storage Jars with Screw On Lids Round Wide Mouth Food Grade All Purpose Storage Containers for Kitchen, Art and Craft Slime Storage Jars (Assorted)",I,FP,2,0.0,0.0,0.0,15872.05
883,1 square container without lids small,4,B07YCQW48L,"DWËLLZA KITCHEN Airtight Food Storage Containers with Lids – 6 Pieces All Same Size - Pantry Container for Spices, Candy, Nuts, Coffee and Tea, Clear Plastic BPA-Free, Keeps Food Fresh & Dry",S,FP,3,0.0,0.0,0.0,15872.05
883,1 square container without lids small,4,B08HV56P6N,"Citylife 1.3 QT 10 Pack Small Storage Bins Plastic Storage Container Stackable Box with Lids for Organizing, Clear White",I,FP,4,0.0,0.0,0.0,15872.05
883,1 square container without lids small,4,B07MHBRHGB,Plastic Food Storage Containers with Lids - 50 Pack (32oz),E,FN,,0.0,0.0,0.0,15872.05
883,1 square container without lids small,4,B07YJHD78K,"Bayco 10 Pack Glass Meal Prep Containers, Glass Food Storage Containers with Lids, Airtight Glass Lunch Bento Boxes, BPA-Free & Leak Proof (10 lids & 10 Containers)",E,FN,,0.0,0.0,0.0,15872.05
883,1 square container without lids small,4,B01JCNEJVQ,"Rubbermaid Brilliance Food Storage Container, Large, 9.6 Cup, Clear 1991158",E,FN,,0.0,0.0,0.0,15872.05
883,1 square container without lids small,4,B07X5YFC8J,"Rubbermaid Leak-Proof Brilliance Food Storage Set, 1.3 Cup Plastic Containers with Lids, Microwave and Dishwasher Safe, 5-Pack, Clear",E,FN,,0.0,0.0,0.0,15872.05
884,1 step motorhome cleaner without washing,11,B00X04JRMU,"Wet or Waterless Car Wash Wax Kit 144 oz. Aircraft Quality for your Car, RV, Boat, Motorcycle. Guaranteed the Best Wash Wax. Anywhere, Anytime, Home, Office, School, Garage, Parking Lots.",E,TP,1,0.3636,0.3636,0.3636,16450.53
884,1 step motorhome cleaner without washing,11,B0064O7VYY,One Step - 8 oz.,E,TP,2,0.3636,0.3636,0.3636,16450.53
884,1 step motorhome cleaner without washing,11,B071XB18BF,CarGuys Super Cleaner - Effective All Purpose Cleaner - Best for Leather Vinyl Carpet Upholstery Plastic Rubber and Much More! - 18 oz Kit,I,FP,3,0.3636,0.3636,0.3636,16450.53
884,1 step motorhome cleaner without washing,11,B07LHB3B2Q,SHINE ARMOR Ceramic Coating Fortify Quick Coat Car Wax Polish Spray Waterless Wash & Wax Hydrophobic Top Coat Polish & Polymer Paint Sealant Detail Protection,E,TP,4,0.3636,0.3636,0.3636,16450.53
884,1 step motorhome cleaner without washing,11,B075MKR89J,"Wet & Forget No Scrub Outdoor Cleaner for Easy Removal of Mold, Mildew and Algae Stains, Bleach-Free Formula, 64 Oz. Ready to Use",I,FP,5,0.3636,0.3636,0.3636,16450.53
884,1 step motorhome cleaner without washing,11,B00C91Q86I,"Affresh Washing Machine Cleaner, Cleans Front Load and Top Load Washers, Including HE, 6 Tablets",I,FP,6,0.3636,0.3636,0.3636,16450.53
884,1 step motorhome cleaner without washing,11,B017WT5W0Y,"Oh Yuk Dishwasher Cleaner and Descaler For All Brands and Models, Natural Citrus Fragrance, Four Cleanings Per Bottle, Septic Safe, 16 Fl Oz",I,FP,7,0.3636,0.3636,0.3636,16450.53
884,1 step motorhome cleaner without washing,11,B00EXIVUFO,STAR BRITE Instant Hull Cleaner - Clean Stains & Scum Lines on Boat Hulls Easily & Effortlessly - 32 OZ (081732SS),E,TP,8,0.3636,0.3636,0.3636,16450.53
884,1 step motorhome cleaner without washing,11,B097PMT6NT,"Under Cabinet Lights, Nityrliv 80 LED Motion Sensor Lights Rechargeable Dimmable Wireless Closet Light Magnetic Stick on Under-Counter Light with Remote for Kitchen, Wardrobe, Closet, Stairs(2pack)",I,FP,9,0.3636,0.3636,0.3636,16450.53
884,1 step motorhome cleaner without washing,11,B07J21T7K4,OLLIE ARNES Women's Thermal Long Hoodie Zip Up Jacket Sweater Tops Thermal_RED M,I,FP,10,0.3636,0.3636,0.3636,16450.53
884,1 step motorhome cleaner without washing,11,B07DV21X32,Simple Green Oxy Solve Total Outdoor Pressure Washer Cleaner – 1 Gal,I,FP,11,0.3636,0.3636,0.3636,16450.53
884,1 step motorhome cleaner without washing,11,B071V6RLWT,"RMR-86 Pro Instant Mold Stain & Mildew Stain Remover - Contractor Grade Cleaning Solution, Professional Quality Formula, Odor Removal, 1 Gallon",E,FN,,0.3636,0.3636,0.3636,16450.53
884,1 step motorhome cleaner without washing,11,B072KDDS51,Ollieroo Step Stool Portable Lightweight Folding Steel Step Ladder with Non Skid Rubber Platform One Step 330-Pound Capacity,E,FN,,0.3636,0.3636,0.3636,16450.53
884,1 step motorhome cleaner without washing,11,B075P7J8BB,"Eureka Blaze Stick Vacuum Cleaner, Powerful Suction 3-in-1 Small Handheld Vac with Filter for Hard Floor Lightweight Upright Home Pet Hair, Dark Black",E,FN,,0.3636,0.3636,0.3636,16450.53
884,1 step motorhome cleaner without washing,11,B07Q2MKX5C,"Bissell SpotClean ProHeat Portable Spot and Stain Carpet Cleaner, 2694, Blue",E,FN,,0.3636,0.3636,0.3636,16450.53
884,1 step motorhome cleaner without washing,11,B07WNG4PQN,"Baban Squeegee Window Cleaner 2 in 1 Window Cleaning Tool with Elbow and Straight Extension Pole, 61'' Telescopic Window Washing Equipment with Bendable Head for Car Indoor Outdoor High Windows (2 Pad",E,FN,,0.3636,0.3636,0.3636,16450.53
884,1 step motorhome cleaner without washing,11,B06Y29P334,"STAR BRITE One Step Teak Cleaner & Brightener - 32 OZ (094932) , White",E,FN,,0.3636,0.3636,0.3636,16450.53
884,1 step motorhome cleaner without washing,11,B01IQ9R37E,"Mrs. Meyer's Clean Day Multi-Surface Cleaner Spray, Everyday Cleaning Solution for Countertops, Floors, Walls and More, Lemon Verbena, 16 fl oz - Pack of 3 Spray Bottles",E,FN,,0.3636,0.3636,0.3636,16450.53
885,1 strap bathing suit without a stretchy belly,25,B077JMT8HX,Tempt Me Women One Piece Swimsuit Navy Blue High Neck Mesh Ruched Swimwear S,E,TP,1,0.6,0.6,0.6,18174.31
885,1 strap bathing suit without a stretchy belly,25,B07D6N6Q34,Hilor Women's One Piece Swimwear Front Crossover Swimsuits Hollow Bathing Suits Monokinis White S/US4-6,E,TP,2,0.6,0.6,0.6,18174.31
885,1 strap bathing suit without a stretchy belly,25,B089D9Z3DX,Zando Womens Tankini Swimsuits Two Piece Swimsuit for Women Floral Tankini Top with Boyshort Bathing Suits Tummy Control Swimsuit Long Torso Tankini Slimming Swimming Suit Black Red Flower M (US 6-8),I,FP,3,0.6,0.6,0.6,18174.31
885,1 strap bathing suit without a stretchy belly,25,B07KF3YRT4,"CUPSHE Women's V Neck Shirring Swimsuit,Orange, L",E,TP,4,0.6,0.6,0.6,18174.31
885,1 strap bathing suit without a stretchy belly,25,B07RV9Y12X,"CUPSHE Women's One Piece Swimsuit High Neck Tummy Control Swimwear Bathing Suit Turquoise, XXL",E,TP,5,0.6,0.6,0.6,18174.31
885,1 strap bathing suit without a stretchy belly,25,B082N23MDQ,RXRXCOCO Women V Neck One Piece Swimsuits Tummy Control Ruched Swimwear Halter Bathing Suit Black XX-Large,S,FP,6,0.6,0.6,0.6,18174.31
885,1 strap bathing suit without a stretchy belly,25,B07MXD6X18,SweatyRocks Women's Bathing Suits One Shoulder Cutout One Piece Swimsuit Swimwear Monokini Blue Medium,E,TP,7,0.6,0.6,0.6,18174.31
885,1 strap bathing suit without a stretchy belly,25,B07BQHZ88D,Hilor Women's One Piece Swimsuits One Shoulder Swimwear Asymmetric Ruffle Monokinis Bathing Suits Black 8,E,TP,8,0.6,0.6,0.6,18174.31
885,1 strap bathing suit without a stretchy belly,25,B07DDD1PFX,CUPSHE Women's One Piece Swimsuit Ruffle Deep V Neck Strappy Swimwear Bathing Suits Wine Red Large,I,FP,9,0.6,0.6,0.6,18174.31
885,1 strap bathing suit without a stretchy belly,25,B07GV6FLMV,Tempt Me Green Leaves One Piece Swimsuit for Women High Waisted Tummy Control Black Cutout Monokini Bathing Suit XL,E,TP,10,0.6,0.6,0.6,18174.31
885,1 strap bathing suit without a stretchy belly,25,B07BQBGSMN,Tempt Me Green Swimsuits for Women Two Piece High Waisted Bikini Ruffle Off Shoulder Tummy Control Bathing Suits L,S,FP,11,0.6,0.6,0.6,18174.31
885,1 strap bathing suit without a stretchy belly,25,B07MKFJLXV,"PRETTYGARDEN Women One Piece Swimsuit U Neck Tummy Control Swimwear Slimming Strap Backless Bathing Suit（Z-Black,Medium）",S,FP,12,0.6,0.6,0.6,18174.31
885,1 strap bathing suit without a stretchy belly,25,B07FFTB9HG,Upopby Women's Vintage Padded Push up One Piece Swimsuits Tummy Control Bathing Suits Plus Size Swimwear Blue 14,E,TP,13,0.6,0.6,0.6,18174.31
885,1 strap bathing suit without a stretchy belly,25,B07D1N68XC,"ZAFUL Women's Two Piece Bikini Push Up Halter Swimsuit Solid Color Bathing Suits(Blue,M)",I,FP,14,0.6,0.6,0.6,18174.31
885,1 strap bathing suit without a stretchy belly,25,B07D52XW8D,"Miraclesuit Women's Swimwear Must Haves Oceanus Tummy Control V-Neckline One Piece Swimsuit, Black, 16",E,TP,15,0.6,0.6,0.6,18174.31
885,1 strap bathing suit without a stretchy belly,25,B01N1FZBWC,Tempt Me Women's Black Off Shoulder One Piece Swimsuits Flounce Ruffle Bathing Suits S,S,FP,16,0.6,0.6,0.6,18174.31
885,1 strap bathing suit without a stretchy belly,25,B00ZHKU4V8,"BIKMAN One-Piece Snorkeling Surfing Swim Suit Short Sleeves Plus Size Swimwear- Sun Protection (L(Weight:132lbs-143lbs), Blue)",E,TP,17,0.6,0.6,0.6,18174.31
885,1 strap bathing suit without a stretchy belly,25,B07B4BGSJP,"W YOU DI AN Women's Swimsuits One Piece Tummy Control Front Cross Backless Swimsuit Bathing Suit (L, Black)",E,TP,18,0.6,0.6,0.6,18174.31
885,1 strap bathing suit without a stretchy belly,25,B08CN11DDP,TcIFE Women's One Piece Swimsuits Tummy Control Swimwear Flattering High Waisted Monokini Bathing Suits for Women…,E,TP,19,0.6,0.6,0.6,18174.31
885,1 strap bathing suit without a stretchy belly,25,B0833QYHQD,CLUCI Tummy Control Swimsuits for Women One Piece Ruched Swimming Bathing Suits Deep V Neck Sexy Plunge Swimwear Monokini,E,TP,20,0.6,0.6,0.6,18174.31
885,1 strap bathing suit without a stretchy belly,25,B07NW9HYX4,"CUPSHE Women's Tropical Leaf Print Lined Lace Up Back Padded One Piece Swimsuit, S",E,TP,21,0.6,0.6,0.6,18174.31
885,1 strap bathing suit without a stretchy belly,25,B08WC3WL13,8 Pieces Dog Collar Light Waterproof Silicon Dog Collar Light LED Night Pet Safety Strobe Harness Leash Necklace Lights for Walking Camping Warning Reflective Gear Accessories,I,FP,22,0.6,0.6,0.6,18174.31
885,1 strap bathing suit without a stretchy belly,25,B07DPKR1FK,Firpearl Women's Halter One Piece Swimsuits Braid Macrame Ruched Tummy Control Swimwear RoyalBlue US8,E,TP,23,0.6,0.6,0.6,18174.31
885,1 strap bathing suit without a stretchy belly,25,B084VPKJY3,CLUCI One Piece Swimsuits for Women Ruched Tommy Control Swimming Bathing Suits Vintage Push Up Padded Slimming Swimwear,S,FP,24,0.6,0.6,0.6,18174.31
885,1 strap bathing suit without a stretchy belly,25,B081SPYS6R,Smismivo Women's Tummy Control Swimwear Plus Size Halter One Piece Retro Swimsuit Sexy Ruched Vintage Slimming Bathing Suit Navy Blue,S,FP,25,0.6,0.6,0.6,18174.31
885,1 strap bathing suit without a stretchy belly,25,B01MZ69EMW,HOTAPEI Sexy Tankini Swimsuits for Women Color Block Womens Summer Boy Shorts Racerback Two Pieces Bathing Suits Black White Zigzag Print Swimwear Medium,E,FN,,0.6,0.6,0.6,18174.31
885,1 strap bathing suit without a stretchy belly,25,B07TH2HCQL,Aqua Eve Plus Size Swimsuit Women One Piece Swimsuit Tummy Control High Neck Bathing Suit Ruched Swimwear Wine 14W,E,FN,,0.6,0.6,0.6,18174.31
885,1 strap bathing suit without a stretchy belly,25,B08BFDMWJ9,beautyin Women's One Piece Boyleg Athletic Swimsuits Water Aerobics Swimwear,E,FN,,0.6,0.6,0.6,18174.31
885,1 strap bathing suit without a stretchy belly,25,B07CMY1CPT,ZAFUL Womens Two Piece Swimsuits One Shoulder Sexy Low Waist Bikini Set Swimsuit Red,E,FN,,0.6,0.6,0.6,18174.31
885,1 strap bathing suit without a stretchy belly,25,B07NPNGMC5,SweatyRocks Women's Bathing Suits One Shoulder Ribbed Bikini Set High Waisted Swimsuits Black Medium,E,FN,,0.6,0.6,0.6,18174.31
885,1 strap bathing suit without a stretchy belly,25,B07K7K9QP3,BALEAF Women's Athletic Training Adjustable Strap One Piece Swimsuit Swimwear Bathing Suit Wine Red 38,E,FN,,0.6,0.6,0.6,18174.31
885,1 strap bathing suit without a stretchy belly,25,B082D934JX,"CUPSHE Women's Pink Stripe Ruffled One Piece Swimsuit, L",E,FN,,0.6,0.6,0.6,18174.31
885,1 strap bathing suit without a stretchy belly,25,B08XTMG9GX,SOLY HUX Girl's One Shoulder Cut Out Bikini Bathing Suit Two Piece Swimsuits Black 130,E,FN,,0.6,0.6,0.6,18174.31
885,1 strap bathing suit without a stretchy belly,25,B085432NLX,Yonique Blouson Tankini Swimsuits for Women Bathing Suits Two Piece Loose Fit Swimwear Red Floral L,E,FN,,0.6,0.6,0.6,18174.31
885,1 strap bathing suit without a stretchy belly,25,B07B3GC5Q9,Tempt Me Navy Blue Tankini Bathing Suits for Women Two Piece One Shoulder Swim Top with Shorts Swimsuits S,E,FN,,0.6,0.6,0.6,18174.31
896,1 tb usb drive,13,B07VTWX8MN,"WD 1TB My Passport Portable External Hard Drive HDD, USB 3.0, USB 2.0 Compatible, Black - WDBYVG0010BBK-WESN",E,TP,1,0.8462,0.8462,0.8462,16944.86
896,1 tb usb drive,13,B087R89JPJ,"USB Flash Drive, USB 2.0 Memory Stick Thumb Drive Jump Drive Fold Storage Pendrive Swivel Design, Black (1TB)",E,TP,2,0.8462,0.8462,0.8462,16944.86
896,1 tb usb drive,13,B08FGZBCWQ,"USB Flash Drive (1 TB) High-Speed Data Storage Thumb Stick | Store Movies, Pictures, Documents | PC, Smartphone, Mac Support",E,TP,3,0.8462,0.8462,0.8462,16944.86
896,1 tb usb drive,13,B07NY9WR28,1TB USB Flash Drive Memory Stick for Laptop / PC / Computer,E,TP,4,0.8462,0.8462,0.8462,16944.86
896,1 tb usb drive,13,B08B5PD9Z9,Dorypal USB Flash Drive 1TB 2.0 Thumb Drive High-Speed Data Storage Memory Stick for Computers Waterproof Pen Drive -Silver,E,TP,5,0.8462,0.8462,0.8462,16944.86
896,1 tb usb drive,13,B08HWR594S,"USB Flash Drive (1 TB) High-Speed Data Storage Thumb Stick | PC, Smartphone, Mac Support | Store Movies, Pictures, Documents |",E,TP,6,0.8462,0.8462,0.8462,16944.86
896,1 tb usb drive,13,B06VVS7S94,"WD 1TB Elements Portable External Hard Drive HDD, USB 3.0, Compatible with PC, Mac, PS4 & Xbox - WDBUZG0010BBK-WESN",E,TP,7,0.8462,0.8462,0.8462,16944.86
896,1 tb usb drive,13,B07MY4KWFK,"Seagate Backup Plus Slim 1TB External Hard Drive Portable HDD – Black USB 3.0 for PC Laptop and Mac, 1 year Mylio Create, 2 Months Adobe CC Photography (STHN1000400)",E,TP,8,0.8462,0.8462,0.8462,16944.86
896,1 tb usb drive,13,B08DXP9CB2,"E&jing USB 2.0 Flash Drive 1TB Memory Stick for Computer/Laptop, High Speed Thumb Drive for Storing Photo/Video/Music/File, External Data Storage Jump Drive with Rotated Design",E,TP,9,0.8462,0.8462,0.8462,16944.86
896,1 tb usb drive,13,B08B4MC4YY,"External Hard Drive 1TB 2TB Hard Drive External Portable Hard Drive USB3.1 HDD Compatible with Mac, Laptop, PC (2TB, Black)",I,FP,10,0.8462,0.8462,0.8462,16944.86
896,1 tb usb drive,13,B07RJ2HMVB,Hot Wheels Mario Kart Track Set Assortment 4 different tracks with Mario Kart 1:64 scale vehicles and nemesis from video game gift for kids 3 years and older,I,FP,11,0.8462,0.8462,0.8462,16944.86
896,1 tb usb drive,13,B07KCYNT7X,PNY 1TB PRO Elite USB 3.0 Flash Drive - 400MB/s,E,TP,12,0.8462,0.8462,0.8462,16944.86
896,1 tb usb drive,13,B08F54NX3Z,"elevavie 1TB USB Flash Drive, Thumb Drive,Portable USB Memory Stick,1000GB Pen Drive Come with Keychain for PC/Laptop/External Storage Data(1000GB Silver)",E,TP,13,0.8462,0.8462,0.8462,16944.86
896,1 tb usb drive,13,B08FHT71DG,"E&jing USB 2.0 Flash Drive 1TB Memory Stick for Computer/Laptop, High Speed Thumb Drive for Storing Photo/Video/Music/File, External Data Storage Jump Drive with Rotated Design",E,FN,,0.8462,0.8462,0.8462,16944.86
896,1 tb usb drive,13,B079H8PZPV,"Toshiba Canvio Advance 1TB Portable External Hard Drive USB 3.0, Blue - HDTC910XL3AA",E,FN,,0.8462,0.8462,0.8462,16944.86
907,1 wheel skates without breaks,16,B071F3PJ5V,"2pm Sports Vinal Boys Adjustable Flashing Inline Skates, All Wheels Light Up, Fun Illuminating Skates for Kids and Youths - Azure Medium(1Y-4Y US)",E,TP,1,0.4375,0.4375,0.4375,17551.18
907,1 wheel skates without breaks,16,B08TTXN2NV,POLANG Inline Roller Skates Brakes Pads Adults Inline Roller Skate Shoes Skates Brakes Block Pad Brake Replacement Accessories for 72/76/80mm Wheels,I,FP,2,0.4375,0.4375,0.4375,17551.18
907,1 wheel skates without breaks,16,B093H5D6B4,"QSLITE Inline Roller Skates,Adjustable Inline Skates for Kids and Adults with Full Light Up Wheels, Outdoor Roller Blades for Women Men,Outdoor Indoor Backyard Skating",E,TP,3,0.4375,0.4375,0.4375,17551.18
907,1 wheel skates without breaks,16,B073RDBN2Y,"MammyGol Adjustable Inline Skates for Kids with Light up Wheels,Flashing Beginner Roller Skates for Boys and Girls Size 1-4",E,TP,4,0.4375,0.4375,0.4375,17551.18
907,1 wheel skates without breaks,16,B07SBYDXLW,Kid's Children's Boys Girls Adjustable Speed Quad Roller Skates Shoes with Safe Lock Mode for Beginners (Blue),S,FP,5,0.4375,0.4375,0.4375,17551.18
907,1 wheel skates without breaks,16,B07PZXPV1Q,"Circle Society Classic Adjustable Indoor & Outdoor Childrens Roller Skates - JoJo Siwa Party in Pink - Sizes 3-7, Multicolor",S,FP,6,0.4375,0.4375,0.4375,17551.18
907,1 wheel skates without breaks,16,B07X3MJNZC,"Hiboy Adjustable Inline Skates with All Light up Wheels, Outdoor & Indoor Illuminating Roller Skates for Boys, Girls, Beginners",E,TP,7,0.4375,0.4375,0.4375,17551.18
907,1 wheel skates without breaks,16,B002EPBM2O,"Chicago Boys Training Roller Skate Combo, Size 1 - 4",S,FP,8,0.4375,0.4375,0.4375,17551.18
907,1 wheel skates without breaks,16,B08FY7KJHG,"LOCAVUN Adjustable Light up Inline Skates for Kids, Hard Shell Roller Blades for Girls and Boys (Orange&Blue, Medium - (US 12C-2Y))",E,TP,9,0.4375,0.4375,0.4375,17551.18
907,1 wheel skates without breaks,16,B07V4HMD3N,Sulifeel Rainbow Unicorn 4 Size Adjustable Light up Roller Skates for Girls Boys for Kids - Medium(13C-3Y US),S,FP,10,0.4375,0.4375,0.4375,17551.18
907,1 wheel skates without breaks,16,B07Y2QN17W,XinoSports Kids Inline Skates for Girls & Boys - Adjustable Roller Blades with LED Illuminating Light Up Wheels - Youth Skates Can Be Used Indoors & Outdoors - Sizes for Ages 5-20 - Aqua Medium - 1-4,E,TP,11,0.4375,0.4375,0.4375,17551.18
907,1 wheel skates without breaks,16,B07Y9GNMLM,"Adjustable Roller Skates for Children - Featuring PU Wheels, Awesome-Looking, Safe and Durable Roller Skates, Perfect for Boys and Girls! Pink Size Medium 1-4",S,FP,12,0.4375,0.4375,0.4375,17551.18
907,1 wheel skates without breaks,16,B07KYG5SYF,"Inline Skates Kids, Roller Skates Adjustable Illuminating Wheels, Safe and Durable for Boys and Girls (R3-Black&White, M-2-5)",S,FP,13,0.4375,0.4375,0.4375,17551.18
907,1 wheel skates without breaks,16,B00P4QKB5O,"Xino Sports Kids Inline Skates for Girls & Boys - Adjustable Roller Blades with LED Illuminating Light Up Wheels - Youth Skates Can Be Used Indoors & Outdoors (Blue, Youth Big Kid Medium - 1-4)",S,FP,14,0.4375,0.4375,0.4375,17551.18
907,1 wheel skates without breaks,16,B08RYXKNCP,"JAJAHOHO Roller Skates for Girls, Adjustable Convertible 2-in-1 Skates, Junior Size 6 7 8 9, Tri-Wheels to Inline Skates 3 Wheels, Roller Blades for Kids Boys Toddler Outdoor (Blue, Junior Size 6-9)",E,TP,15,0.4375,0.4375,0.4375,17551.18
907,1 wheel skates without breaks,16,B073R1LS7G,"New Bounce Adjustable Inline Skates for Kids - 4 Wheel Blades Roller Skates for Boys, Girls, Teens, and Young Adults Outdoor Rollerskates for Beginners & Advanced | Blue",I,FP,16,0.4375,0.4375,0.4375,17551.18
907,1 wheel skates without breaks,16,B07FD4278Y,Blades Roller Skates Adjustable Blade Skate for Kids Boys Girls Ages 6-12 Youth Inline Skates with Light Up Wheels Inline Blades Roller Skates for Children Teens Roller Women Blades,E,FN,,0.4375,0.4375,0.4375,17551.18
907,1 wheel skates without breaks,16,B07G34LL58,"Segway Ninebot Drift W1, Electric Roller Skates Hovershoes, Two Wheels Self-Balancing Scooter with RGB LED",E,FN,,0.4375,0.4375,0.4375,17551.18
907,1 wheel skates without breaks,16,B087CJV869,"Gonex Roller Skates for Girls Kids Boys Women with Light up Wheels and Adjustable Sizes for Indoor Outdoor, M",E,FN,,0.4375,0.4375,0.4375,17551.18
907,1 wheel skates without breaks,16,B095PFCCKY,"Wuwer Classic Roller Skates for Women and Men Four-Wheel Flashing Women's Roller Skates for Beginner Girls Indoor Outdoor with Shoes Bag (Pink Flash,35-US:4.5)",E,FN,,0.4375,0.4375,0.4375,17551.18
907,1 wheel skates without breaks,16,B00XA30DTM,"Roller Derby Firestar Youth Girl's Quad Roller Skates, White/Pink, Size 01",E,FN,,0.4375,0.4375,0.4375,17551.18
907,1 wheel skates without breaks,16,B07BBHN39H,"2pm Sports Cytia Pink Girls Adjustable Illuminating Inline Skates with Light up Wheels, Fun Flashing Beginner Roller Skates for Kids - Medium(13C-3Y US)",E,FN,,0.4375,0.4375,0.4375,17551.18
907,1 wheel skates without breaks,16,B085RR3L6N,"Gonex Inline Skates for Girls Boys Kids, Adjustable Skates Outdoor Blades Inline Roller Skates for Children Teens Women with Light Up Wheels for Indoor Outdoor Backyard Skating, Green M",E,FN,,0.4375,0.4375,0.4375,17551.18
907,1 wheel skates without breaks,16,B07V35YGR7,"MUXSAM 1Pc Roller Skate Brakes Block Pad, Universal Skating Safety Brake Pad, Non-Slip Brake Pad Skateboard Parts for Inline Roller Skate(Black)",E,FN,,0.4375,0.4375,0.4375,17551.18
907,1 wheel skates without breaks,16,B018SRBNLQ,Inventist Orbitwheel Boardless Skateboard - Wheeled Red & Black Sport Skates - Compact and Easy to Carry - Transportation Has Never Been So Fun Portable and Convenient,E,FN,,0.4375,0.4375,0.4375,17551.18
911,1 year baby mouth without teeth cleaner,27,B01LZAGSIU,"12 Pcs Baby Toothbrush Set, Soft Toddler Finger Toothbrush Bath Essentials, Newborns Tooth Brush for 0-24 Month Infant",E,TP,1,0.7778,0.7778,0.7778,18894.64
911,1 year baby mouth without teeth cleaner,27,B085ZF4S8K,"Baby Toothbrush, Baby Tongue Cleaner, 40Pcs Disposable Infant Toothbrush Clean Baby Mouth, Gauze Toothbrush Infant Oral Cleaning Stick Dental Care for 0-36 Month Baby + Free 1Pcs Finger Toothbrush",E,TP,2,0.7778,0.7778,0.7778,18894.64
911,1 year baby mouth without teeth cleaner,27,B00NL5ARRW,"Nuby 4-Stage Oral Care Set with 1 Silicone Finger Massager, 2 Massaging Brushes, 1 Nylon Bristle Toddler Tooth Brush, Green/Aqua",E,TP,3,0.7778,0.7778,0.7778,18894.64
911,1 year baby mouth without teeth cleaner,27,B001GIQVRG,"Brilliant Baby’s 1st Toothbrush - Silicone First Toothbrush for Babies and Toddlers - Kids Love Them, Blue, 1 Count",I,FP,4,0.7778,0.7778,0.7778,18894.64
911,1 year baby mouth without teeth cleaner,27,B088F2BHTW,Serlife Baby Teeth Soft Gauze Infant Finger Clean Oral Toothbrush 120Pcs Infant Mouth Cleaner for 0-36 Months,E,TP,5,0.7778,0.7778,0.7778,18894.64
911,1 year baby mouth without teeth cleaner,27,B00KTD9J5A,Oral-B Pro-Health Stage 1 Baby Soft Toothbrush 1 ea,I,FP,6,0.7778,0.7778,0.7778,18894.64
911,1 year baby mouth without teeth cleaner,27,B07H9NGJK2,"Bilibaby 3Pcs/Set Baby Tongue Cleaner/Scraper Newborn+Soft Bristle Toothbrush+Silicone Training Teeth Brush for Kids,Infants,Toddlers,3 Stage Oral Care Set,Bpa Free",E,TP,7,0.7778,0.7778,0.7778,18894.64
911,1 year baby mouth without teeth cleaner,27,B07Y9BMV4B,"Baby Toothbrush, Infant Toothbrush Clean Baby Gums Disposable Tongue Cleaner Gauze Toothbrush Infant Oral Cleaning Stick Dental Care for 0-36 Month Baby",E,TP,8,0.7778,0.7778,0.7778,18894.64
911,1 year baby mouth without teeth cleaner,27,B08VFJ3S6P,"100 Pcs Infant Toothbrush, Tongue Cleaner, Disposable Tongue Cleaning Gauze Toothbrush, Oral Cleaning Stick, 0-36 Month Baby Oral Care",E,TP,9,0.7778,0.7778,0.7778,18894.64
911,1 year baby mouth without teeth cleaner,27,B0836GKZ4T,"Baby Toothbrush,Infant Toothbrush,Baby Tongue Cleaner,Infant Toothbrush,Baby Tongue Cleaner Newborn,Toothbrush Tongue Cleaner Dental Care for 0-36 Month Baby,36 Pcs + Free 4 Pcs",E,TP,10,0.7778,0.7778,0.7778,18894.64
911,1 year baby mouth without teeth cleaner,27,B07VGLVVCC,"Farber Baby Toddler Toothbrushes Set – Infant Toothbrush 6 Pack with Compact, Soft Bristles and Easy Grip Handle Includes 2 Suction Cup Toothbrush Holders and Toothpaste Squeezer (Pink)",E,TP,11,0.7778,0.7778,0.7778,18894.64
911,1 year baby mouth without teeth cleaner,27,B073XXCBHP,Dr. Brown's Finger Toothbrush,E,TP,12,0.7778,0.7778,0.7778,18894.64
911,1 year baby mouth without teeth cleaner,27,B0916D36YV,"[50-Pack] Dear Bear Baby Oral Cleaner, Newborn Baby Tongue Cleaner with Paper Handle, Infant Toothbrush, Disposable Soft Gauze Baby Toothbrush for 0-36 Months Baby",E,TP,13,0.7778,0.7778,0.7778,18894.64
911,1 year baby mouth without teeth cleaner,27,B083R1ZF7P,Baby Finger Toothbrush for Training Teething - Infant & Toddles & Lids Teeth Brush Soft Babies Toothbrushes Oral Cleaning Massager to Train Your Child Healthy Oral Habits -3 PCS,E,TP,14,0.7778,0.7778,0.7778,18894.64
911,1 year baby mouth without teeth cleaner,27,B085X5BTBN,"100 Pcs Baby Disposable Gauze Toothbrush,Baby Tongue Cleaner Scraper Newborn,Infant Mouth Oral Care Cleaning Swabs for 0-36 Month",E,TP,15,0.7778,0.7778,0.7778,18894.64
911,1 year baby mouth without teeth cleaner,27,B08X38B3FT,"60 PCS Baby Toothbrush, Bigtrans Infant Toothbrush Cleaner Baby Gums Disposable Tongue Cleaner Gauze Toothbrush Infant Oral Cleaning Stick Dental Care for 0-36 Months Baby",E,TP,16,0.7778,0.7778,0.7778,18894.64
911,1 year baby mouth without teeth cleaner,27,B06XSPXXXK,"BabyBaus: Baby Finger Toothbrush | Easy Oral Hygiene for Kids, Toddlers, Babies and Pets | Soft, Massaging Bristles, Ergonomic Design – Set of 3, with 3 Cases in Blue, Pink, Clear",E,TP,17,0.7778,0.7778,0.7778,18894.64
911,1 year baby mouth without teeth cleaner,27,B075WRF8XC,"KCHEX 54"" 4-in-1 Combo Entertainment Game Table with Soccer, Slide Hockey, Table Tennis, and Billiards (54"", 4-in-1 Games)",I,FP,18,0.7778,0.7778,0.7778,18894.64
911,1 year baby mouth without teeth cleaner,27,B0872YT3KD,"[40-Pack] Papablic Baby Tongue Cleaner, Upgrade Gum Cleaner with Paper Handle for Babies and Infants Ages 0-2 Years",E,TP,19,0.7778,0.7778,0.7778,18894.64
911,1 year baby mouth without teeth cleaner,27,B0882WQ8VY,"Baby Toothbrush & Toddler Toothbrush for Age 0-2 Years Old. Extra Soft Toothbrush with 10000 Soft Floss Bristle for Baby Gum Care, Dentist Recommended (3 Pack)",E,TP,20,0.7778,0.7778,0.7778,18894.64
911,1 year baby mouth without teeth cleaner,27,B08C771BVW,"Baby Tongue Cleaner, Baby Toothbrush, 42Pcs Disposable Infant Toothbrush Clean Baby Mouth,Gauze Gum Cleaner Toothbrush Baby Oral Cleaning Stick Dental Care for 0-36 Month Baby+Free 1 Finger Toothbrush",E,TP,21,0.7778,0.7778,0.7778,18894.64
911,1 year baby mouth without teeth cleaner,27,B0881HKDNV,Tongueclear Baby Dry Wipes | Tooth and Gum Wipes | Baby Tongue Cleaner | Stage 1 Birth to First Teeth | 0-36 Months | 60 Count,S,FP,22,0.7778,0.7778,0.7778,18894.64
911,1 year baby mouth without teeth cleaner,27,B00E3EL2Q0,Colgate My First Baby and Toddler Training Toothbrush and Fluoride Free Toothpaste Set for Ages 0-2 Years,E,TP,23,0.7778,0.7778,0.7778,18894.64
911,1 year baby mouth without teeth cleaner,27,B07JJQ6R9P,"360º Bristle Silicone Baby Finger Toothbrush, 100% BPA Free for Toddlers and Infants 3 Months and Up, Full Surround Design for Teeth and Gum Cleaning; 2 Sets of Finger Brushes – Clear",E,TP,24,0.7778,0.7778,0.7778,18894.64
911,1 year baby mouth without teeth cleaner,27,B01CKKOIZU,"Jordan Step 1 Baby Toothbrush, 0-2 Years, Soft Bristles, BPA Free 4 Pack",E,TP,25,0.7778,0.7778,0.7778,18894.64
911,1 year baby mouth without teeth cleaner,27,B07M6P33RR,RoyalDental Orthodontic Retainer Teeth Trainer Oral Braces Dental Appliance Mouthpieces Whitening (3 pieces/set),I,FP,26,0.7778,0.7778,0.7778,18894.64
911,1 year baby mouth without teeth cleaner,27,B088W1SS9P,"50 Pack Disposable Face Masks, Upgraded Packaging with 5 Sealed Bags of 10 Face Masks, Breathable Adjustable Face Mask, Lightweight Dust Mask Face Covering, Protective Face Masks for Kids Women Men",I,FP,27,0.7778,0.7778,0.7778,18894.64
911,1 year baby mouth without teeth cleaner,27,B013W6CCGI,"Dr. Brown's Infant-to-Toddler Toothbrush Set, 1.4 Ounce, Pink",E,FN,,0.7778,0.7778,0.7778,18894.64
911,1 year baby mouth without teeth cleaner,27,B07BSBY4XH,MUNKCARE Oral Care Swabs Disposable- Blue 100 Counts,E,FN,,0.7778,0.7778,0.7778,18894.64
911,1 year baby mouth without teeth cleaner,27,B08K4RDVH1,"48PCS Baby Toothbrush, Newborn Baby Tongue Cleaner Toothbrush Clean Baby Gums Disposable Tongue Cleaner Soft Gauze Toothbrush Infant Oral Cleaning Stick Dental Care for 0-36 Months Baby",E,FN,,0.7778,0.7778,0.7778,18894.64
911,1 year baby mouth without teeth cleaner,27,B07F6H2GXL,MUNKCARE Oral Mouth Swabs Sponge- Untreated and Unflavored for Baby & Elderly Oral Cleaning White 150 Counts,E,FN,,0.7778,0.7778,0.7778,18894.64
911,1 year baby mouth without teeth cleaner,27,B00N6NLWWS,"Brilliant Baby Toothbrush by Baby Buddy - for Ages 4-24 Months, Micro Bristles Clean All-Around Mouth, Kids Love Them, Blue, 1 Count",E,FN,,0.7778,0.7778,0.7778,18894.64
911,1 year baby mouth without teeth cleaner,27,B07JXNL2F5,"FridaBaby Baby's First Toothbrush with Case, 3 Months +",E,FN,,0.7778,0.7778,0.7778,18894.64
915,1 year old frame party favors,2,B07RT1YSF3,"Frametory, Aluminum Frame Includes Ivory Mat for Picture Gallery Wall Display Sawtooth Hanger, Swivel Tabs Collage Set for Weddings, Decorations, Art (Gold, 12x12 Frame for 8x8 Photo, 12-Pack)",I,FP,1,0.5,0.5,0.5,15857.42
915,1 year old frame party favors,2,B07WNGS3B3,MALLMALL6 Toy 4th Monthly Milestone Photos Banner Newborn 12 Month Photo Banner Toys 4th 1st Birthday Decoration Party Supplies Woody Buzz Lightyear Bo Peep Jessie for 1 Year Old Baby Boys Girls,E,TP,2,0.5,0.5,0.5,15857.42
915,1 year old frame party favors,2,B07XW75BM7,MALLMALL6 Frozen 12 Months Photo Banner Frozen 1st Birthday Party Supplies Decoration Princess Monthly Milestone Photos Banner Elsa Anna Snow Queen Stickers Baby Shower Party Favors for 1 Year Old Kids,E,FN,,0.5,0.5,0.5,15857.42
917,1 year old girl gifts,24,B07L9FP71J,"LONDON FOG Girls' Toddler Classic Snow Bib Ski Snowsuit, Grey with Stars & Hearts, 4T",I,FP,1,0.1667,0.1667,0.1667,17032.79
917,1 year old girl gifts,24,0545903335,ABC Flashcards: Scholastic Early Learners (Flashcards),I,FP,2,0.1667,0.1667,0.1667,17032.79
917,1 year old girl gifts,24,B01NACXVWL,Sleeping Lamb Baby Nursery Organizer for Clothing Diapers Toys Hanging Storage bag 5 Pockets Bedside Caddy (White),I,FP,3,0.1667,0.1667,0.1667,17032.79
917,1 year old girl gifts,24,B07ZLVHJWG,"Barbie Color Reveal Doll with 7 Surprises: Water Reveals Doll’s Look & Creates Color Change on Face & Sculpted Hair; 4 Mystery Bags Contain Surprise Wig, Skirt, Shoes & Sponge; Animal-Themed",I,FP,4,0.1667,0.1667,0.1667,17032.79
917,1 year old girl gifts,24,B085Z4DXDF,"Lydaz Magnetic Robots Toy, 28 Pcs Magnetic Blocks Kits for Kids, Fine Motor Skill Toy, STEM Learning Magnet Bots, Christmas Birthday Gifts for 3 4 5 6 Years Old Preschool Toddlers Boys and Girls",I,FP,5,0.1667,0.1667,0.1667,17032.79
917,1 year old girl gifts,24,B0773X4HGH,ekidsbridal White Floral Rose Petals Flower Girl Dress Birthday Girl Dress Junior Flower Girl Dresses 302s 2,I,FP,6,0.1667,0.1667,0.1667,17032.79
917,1 year old girl gifts,24,B07M7YWKXQ,"Infant Baby Girls Floral Pompom Tassels Romper Bodysuit Sleeveless Jumpsuit Outfit with Headband Summer Clothes (12-18 Months, White)",I,FP,7,0.1667,0.1667,0.1667,17032.79
917,1 year old girl gifts,24,B08CRG468R,"(Ship from US) Kids Ride On Bumper Car Toy Rechargeable Remote Control 360 Spin Electric Ride On Car Toy with Light, Safety Belt and Anti-Flat Tires for 1.5-8 Years Old (White)",I,FP,8,0.1667,0.1667,0.1667,17032.79
917,1 year old girl gifts,24,B07WLSCFQG,"Fire Truck Toy with Lights and Sounds, 10.5"" Friction Powered Car Fire Engine Truck with Water Pump, Sirens and Extending Ladder Firefighter Toy Truck for Toddler, 1:16 Scale Toy Car",I,FP,9,0.1667,0.1667,0.1667,17032.79
917,1 year old girl gifts,24,B002EEO68C,"MAM Bottle Nipples Slow Flow Nipple Level 1 (Set of 2), for Newborns and Older, SkinSoft Silicone Nipples for Baby Bottles, Fits All MAM Bottles",I,FP,10,0.1667,0.1667,0.1667,17032.79
917,1 year old girl gifts,24,B07RWWC7TL,Pop Threads Im Extra Avocado Guacamole Cute Funny White 12M Infant Baby Boy Girl Bodysuit,I,FP,11,0.1667,0.1667,0.1667,17032.79
917,1 year old girl gifts,24,B07HM8PD3D,"Wow Cup for Kids 360 Sippy Cup, Green, 10 oz / 296 ml",I,FP,12,0.1667,0.1667,0.1667,17032.79
917,1 year old girl gifts,24,0736430342,Monsters University Little Golden Book (Disney/Pixar Monsters University),I,FP,13,0.1667,0.1667,0.1667,17032.79
917,1 year old girl gifts,24,B088J9LG6D,"Improved Childproof Door Lever Lock (1 Pack) Prevents Toddlers from Opening Doors. Easy One Hand Operation for Adults. Durable ABS with 3M Adhesive Backing. Simple Install (White, 1-Pack)",I,FP,14,0.1667,0.1667,0.1667,17032.79
917,1 year old girl gifts,24,B07TJ79WFJ,Safety Corner Protectors with Thickened Adhesive (16 L-Shaped+ 8 Ball-Shaped) Baby Proofing Corner Guards Prevent Child Head Injuries Desk and Furniture Corner Covers for Kids,I,FP,15,0.1667,0.1667,0.1667,17032.79
917,1 year old girl gifts,24,B07FYT8Z8Z,"TOYVENTIVE Wooden Kids Baby Activity Cube - Girls Gift Set | 1st Birthday Gifts Toys for 1 One, 2 Year Old Girl | Developmental Toddler Educational Learning Girl Toys 12-18 Months | Bead Maze",E,TP,16,0.1667,0.1667,0.1667,17032.79
917,1 year old girl gifts,24,B07H7WX2N6,Night Light for Kids | Baby Nursery Lamp with Touch Controls | Cute Chick Bedside Nightlight for Nursing/Breastfeeding | USB Rechargeable | Newborn or Toddler Bedroom Decor for Boys and Girls,I,FP,17,0.1667,0.1667,0.1667,17032.79
917,1 year old girl gifts,24,B01MQ3YP7Y,VTech Pull and Sing Puppy,E,TP,18,0.1667,0.1667,0.1667,17032.79
917,1 year old girl gifts,24,B07KW5FZMG,"SKYFIELD Wooden Animal Puzzles for Toddlers 1 2 3 Years Old, Boys & Girls Educational Toys Gift with 4 Animal Patterns, Bright Vibrant Color Shapes, Customize Gift Box Ready",E,TP,19,0.1667,0.1667,0.1667,17032.79
917,1 year old girl gifts,24,B07ZVFHHJY,"Kids Alarm Clock, Wake-up Light Clock with Sunrise Simulation, Sleep Training, Color Changing, Touch Night Light, Nursery Lamp, Christmas Gift for Baby, Girls, Toddlers, Children",I,FP,20,0.1667,0.1667,0.1667,17032.79
917,1 year old girl gifts,24,B07QMMRWG2,"Baby Fruit Feeder Pacifier(2 Pack) - Baby Food Feeder - Infant Fruit Teething Toy for Toddlers Pacifier, Feeder, Teether with 6 PCS Silicone Pouches (Cyan)",I,FP,21,0.1667,0.1667,0.1667,17032.79
917,1 year old girl gifts,24,B00OZVG6XA,"Learning Resources New Sprouts Waffle Time, Pretend Play Food Set, 14 Piece Set, Ages 18 mos+",I,FP,22,0.1667,0.1667,0.1667,17032.79
917,1 year old girl gifts,24,B07S591KTL,BriLove Wedding Bridal Dangle Earrings for Women Elegant Crystal Teardrop Chandelier Earrings Champagne Gold-toned,I,FP,23,0.1667,0.1667,0.1667,17032.79
917,1 year old girl gifts,24,B07CRX1BDG,"VTech Sit-to-Stand Learning Walker (Frustration Free Packaging), Pink",E,TP,24,0.1667,0.1667,0.1667,17032.79
917,1 year old girl gifts,24,B0187SV4L0,Amazon eGift Card - Happy For You (Animated) [American Greetings],E,FN,,0.1667,0.1667,0.1667,17032.79
917,1 year old girl gifts,24,B078WM314M,"Learning Resources Spike The Fine Motor Hedgehog - 14 Pieces, Ages 18 months+ Fine Motor and Sensory Toy, Counting & Color Recognition Toys, Educational Toys for Toddlers",E,FN,,0.1667,0.1667,0.1667,17032.79
917,1 year old girl gifts,24,B072M6PVCZ,"Simple Joys by Carter's Girls' Toddler 2-Piece Assorted Rash guard Sets, Navy/Pink, 2T",E,FN,,0.1667,0.1667,0.1667,17032.79
917,1 year old girl gifts,24,B01MSM0UJM,"Simple Joys by Carter's Baby Girls' 6-Piece Little Character Set, Pink/Mint Ruffle, 18 Months",E,FN,,0.1667,0.1667,0.1667,17032.79
917,1 year old girl gifts,24,B07B7319TG,"LeapFrog Shapes & Sharing Picnic Basket, Pink",E,FN,,0.1667,0.1667,0.1667,17032.79
917,1 year old girl gifts,24,B07CCFDZZ1,"VTech Care for Me Learning Carrier, Pink (Frustration Free Packaging)",E,FN,,0.1667,0.1667,0.1667,17032.79
917,1 year old girl gifts,24,B07GKKYHQV,Le Papillon Pink Princess Tent Kids Ball Pit 1st Gift Toddler Girl Easy Pop Up Fold into a Carrying Case Play Tent Indoor & Outdoor Use.(Balls Not Included),E,FN,,0.1667,0.1667,0.1667,17032.79
917,1 year old girl gifts,24,B00V4GDT0C,"Animal Adventure | Sweet Seats | Teal Unicorn Children's Plush Chair, Larger :14"" x 19"" x 20""",E,FN,,0.1667,0.1667,0.1667,17032.79
917,1 year old girl gifts,24,B073CCQZS1,Fisher-Price Laugh & Learn My Smart Purse,E,FN,,0.1667,0.1667,0.1667,17032.79
917,1 year old girl gifts,24,B01CEAA6TS,"HITOP Kids Sprinklers for Outside, Splash Pad for Toddlers & Baby Pool 3-in-1 60"" Water Toys Gifts for 1 2 3 4 5 Year Old Boys Girls Splash Play Mat (Mermaid)",E,FN,,0.1667,0.1667,0.1667,17032.79
917,1 year old girl gifts,24,B07V1RJSFQ,MAGIFIRE Wooden Toddler Puzzles Gifts Toys for 1 2 3 Year Old Boys Girls Baby Infant Kid Learning Educational 6 Animal Shape Jigsaw Eco Friendly Child Kid Montessori Stem Travel Toy,E,FN,,0.1667,0.1667,0.1667,17032.79
917,1 year old girl gifts,24,B01M5AWZKC,"M SANMERSEN Piano Mat, Musical Keyboard Playmat 39.5"" Electronic Music Animal Touch Play Blanket Funny Xmas Gift Toy",E,FN,,0.1667,0.1667,0.1667,17032.79
917,1 year old girl gifts,24,B071ZYMC2Q,"Simple Joys by Carter's Baby Girls 6-Piece Snug Fit Cotton Pajama Set, Bunny/Animals Green, 12 Months",E,FN,,0.1667,0.1667,0.1667,17032.79
917,1 year old girl gifts,24,B07MWZS94P,"Shalofer 1st Birthday Girl Outfit Baby Girl First Birthday Leapard Outfit Wild One Shirt (Black,12-18 Months)",E,FN,,0.1667,0.1667,0.1667,17032.79
917,1 year old girl gifts,24,168052206X,Now You Are One (Little Bird Greetings),E,FN,,0.1667,0.1667,0.1667,17032.79
917,1 year old girl gifts,24,B00DCWM1M8,"LeapFrog Shapes and Sharing Picnic Basket (Frustration Free Packaging), Pink",E,FN,,0.1667,0.1667,0.1667,17032.79
917,1 year old girl gifts,24,B07M79K46H,"Baby Balance Bike - Baby Bicycle for 6-24 Months, Sturdy Balance Bike for 1 Year Old, Perfect as First Bike or Birthday Gift, Safe Riding Toys for 1 Year Old Boy Girl Ideal Baby Bike (Pink)",E,FN,,0.1667,0.1667,0.1667,17032.79
917,1 year old girl gifts,24,B07GN31TZ9,"Conomus Piano Keyboard Toy for Kids, 1 2 3 4 Year Old Girls First Birthday Gift , 24 Keys Multifunctional Musical Electronic Toy Piano for Toddlers …",E,FN,,0.1667,0.1667,0.1667,17032.79
917,1 year old girl gifts,24,B07BPZNM9G,"LeapFrog Scout and Violet 100 Words Book (Amazon Exclusive), Purple",E,FN,,0.1667,0.1667,0.1667,17032.79
917,1 year old girl gifts,24,B00CCIKII2,LeapFrog Musical Rainbow Tea Set,E,FN,,0.1667,0.1667,0.1667,17032.79
927,"1"" sds drill bit",14,B00J9MI3OK,"Cle-Line C20950 Carbide-Tipped Masonry Drill, High Speed Steel with Carbide Tip, Steam Oxide Finish, Reduced Shank, 118-Degree Radial Point, 1"" Drill Diameter",E,TP,1,0.8571,0.8571,0.8571,16772.15
927,"1"" sds drill bit",14,B08BTXFV2C,"VEVOR Go Cart Torque Converter 1Inch Go Cart Clutch Kit CVT Go Kart Mini Bike Drivern Clutch, With 5/8"" Driven Clutch, 10 Tooth Sprocket For #40/41 Chain, 12 Tooth For # 35 Chain, For 4-7HP Engine",I,FP,2,0.8571,0.8571,0.8571,16772.15
927,"1"" sds drill bit",14,B001AHOV3Y,BOSCH HC2163 1 In. x 10 In. SDS-plus Bulldog Rotary Hammer Bit,E,TP,3,0.8571,0.8571,0.8571,16772.15
927,"1"" sds drill bit",14,B0050PUGG8,"IVY Classic 10250 1 x 6-Inch Premium Carbide Masonry Drill Bit, 1/2-Inch Reduced Shank, 1/Card",E,TP,4,0.8571,0.8571,0.8571,16772.15
927,"1"" sds drill bit",14,B00B4ZMY22,"Drill America - DAM6X1 1"" x 6"" Carbide Tipped Masonry Drill Bit, Dam Series",E,TP,5,0.8571,0.8571,0.8571,16772.15
927,"1"" sds drill bit",14,B00004RHBY,DEWALT DW5249 1-Inch x 12-Inch Carbide Hammer Drill Bit,E,TP,6,0.8571,0.8571,0.8571,16772.15
927,"1"" sds drill bit",14,B0000224Z5,DEWALT DW5464 1-Inch by 8-Inch by 10-Inch ROCK CARBIDE SDS Plus Hammer Bit,E,TP,7,0.8571,0.8571,0.8571,16772.15
927,"1"" sds drill bit",14,B0897CJDW6,"Bubble bear Premium Foam Crib Mattress Toddler Mattress 52” x 27.6” x 5”– Hand Crafted Sewing, 3D Stereo, Sturdy Ideal Firmness for Baby,for Standard Crib & Toddler Bed",I,FP,8,0.8571,0.8571,0.8571,16772.15
927,"1"" sds drill bit",14,B00004RHCU,DEWALT DW5466 1-Inch by 16-Inch by 18-Inch Rock Carbide SDS Plus Hammer Bit,E,TP,9,0.8571,0.8571,0.8571,16772.15
927,"1"" sds drill bit",14,B01N1U1MO7,BOSCH LBH016 1 x 12 Round Hammer Drill Bit,E,TP,10,0.8571,0.8571,0.8571,16772.15
927,"1"" sds drill bit",14,B00004RHER,"DEWALT SDS Max Bit for Rotary Hammer, 1-Inch x 16-Inch x 21-1/2-Inch, 4-Cutter (DW5819)",E,TP,11,0.8571,0.8571,0.8571,16772.15
927,"1"" sds drill bit",14,B07SQB5DHZ,"Erie Tools 5 Piece 24"" SDS Masonry Drill Bit Set fits Milwaukee Hilti Bosch Tungsten Carbide Tip 3/8"", 1/2"", 5/8"", 7/8"" & 1""",E,TP,12,0.8571,0.8571,0.8571,16772.15
927,"1"" sds drill bit",14,B0009H5P5Y,"BULLDOG SDS-PLUS SHANK BIT 2 CT 1"" X 16"" X 18""",E,TP,13,0.8571,0.8571,0.8571,16772.15
927,"1"" sds drill bit",14,B000H0XQWW,"DEWALT SDS+ Hammer Bit, Rock Carbide, 1-1/8-Inch x 16-Inch x 18-Inch (DW5469)",E,TP,14,0.8571,0.8571,0.8571,16772.15
927,"1"" sds drill bit",14,B0002YOPGO,Bosch HCBG26 1 In. x 6 In. BlueGranite Carbide Hammer Drill Bit,E,FN,,0.8571,0.8571,0.8571,16772.15
927,"1"" sds drill bit",14,B0000TZX9E,BOSCH HC4051 1 In. x 21 In. Spline Speed-X Rotary Hammer Bit,E,FN,,0.8571,0.8571,0.8571,16772.15
